ONTOLOGY,ID,Description,GeneRatio,BgRatio,RichFactor,FoldEnrichment,zScore,pvalue,p.adjust,qvalue,geneID,Count
MF,GO:0005096,GTPase activator activity,44/1377,257/20660,0.171206226,2.568715049,6.762354394,6.86E-09,5.53E-06,4.96E-06,stxbp5b/stxbp5a/rap1gap2b/arhgap32b/si:ch211-266k8.4/tbc1d5/tbc1d4/arhgap39/prex2/arhgap12b/stard13b/agfg1a/sipa1l3/arhgap44a/depdc5/arhgap17a/tbc1d1/garnl3/myo9aa/rasa1a/arhgap21a/arhgap21b/tsc2/rap1gapa/rgs7a/agfg2/si:dkey-33c9.6/ralgapa2/arhgap15/sgsm1a/syngap1b/acap3b/chn1/ophn1/arhgap10/arhgap27l/tbcd/agap2/elmod1/srgap1a/sipa1l2/dock3/dab2ipb/prex1,44
MF,GO:0008047,enzyme activator activity,61/1377,435/20660,0.140229885,2.103957462,6.21851978,2.73E-08,1.10E-05,9.88E-06,stxbp5b/ppp2r5cb/stxbp5a/rap1gap2b/arhgap32b/si:ch211-266k8.4/tbc1d5/tbc1d4/ccnk/arhgap39/prex2/arhgap12b/stard13b/agfg1a/sipa1l3/arhgap44a/sh3pxd2aa/depdc5/gprc5bb/parp6b/arhgap17a/tbc1d1/garnl3/myo9aa/rasa1a/wdr4/arhgap21a/arhgap21b/tsc2/camk1b/rap1gapa/rgs7a/ccnt2a/agfg2/si:dkey-33c9.6/ralgapa2/arhgap15/nrg1/sgsm1a/syngap1b/naa25/acap3b/chn1/ophn1/psme4b/arhgap10/arhgap27l/tbcd/ncf2/tiprl/adrm1/agap2/elmod1/srgap1a/rictorb/wrnip1/sipa1l2/si:dkey-220o5.5/dock3/dab2ipb/prex1,61
MF,GO:0015276,ligand-gated monoatomic ion channel activity,38/1377,228/20660,0.166666667,2.50060518,6.088534093,1.48E-07,2.99E-05,2.68E-05,ryr2b/tmem63c/chrna11/gabrg2/gabrg1/gria4b/ryr3/kcnh2a/gria1a/grik2/kcnma1a/kcnh7/mcoln1b/ttyh3b/grin2aa/ttyh2/grin3ba/grin1b/gria1b/gria3b/tmem63ba/gabrb4/kcnn2/ttyh1/grik3/grin2bb/gabrd/asic4a/gria2b/ttyh2l/glrbb/kcnt1b/asic1c/chrnb5a/itpr1b/grid1a/asic2/si:ch211-251b21.1,38
MF,GO:0022834,ligand-gated channel activity,38/1377,228/20660,0.166666667,2.50060518,6.088534093,1.48E-07,2.99E-05,2.68E-05,ryr2b/tmem63c/chrna11/gabrg2/gabrg1/gria4b/ryr3/kcnh2a/gria1a/grik2/kcnma1a/kcnh7/mcoln1b/ttyh3b/grin2aa/ttyh2/grin3ba/grin1b/gria1b/gria3b/tmem63ba/gabrb4/kcnn2/ttyh1/grik3/grin2bb/gabrd/asic4a/gria2b/ttyh2l/glrbb/kcnt1b/asic1c/chrnb5a/itpr1b/grid1a/asic2/si:ch211-251b21.1,38
CC,GO:0097060,synaptic membrane,42/1440,280/21740,0.15,2.264583333,5.672370881,5.65E-07,0.00016433,0.000144591,shank2b/grid2ipb/gphna/dmd/chrna11/shisa7b/dbn1/si:ch211-200p22.4/gria4b/gria1a/grik2/adam23a/kcnma1a/lrrc7/adgrl1a/picalma/grin2aa/rims1a/dlg1b/grin3ba/grin1b/gria1b/gria3b/shank3b/clcn2b/snap91a/drd2a/grik3/grin2bb/itsn1/gria2b/glrbb/nlgn3a/dlg3/dbnlb/gpr158b/snap91b/chrnb5a/grid1a/cacng2a/si:ch211-251b21.1/clcn2a,42
MF,GO:0022836,gated channel activity,55/1377,413/20660,0.133171913,1.998062251,5.475031617,7.12E-07,0.000114772,0.000102976,cacnb4b/ryr2b/tmem63c/hcn4/chrna11/gabrg2/gabrg1/gria4b/ryr3/kcnh2a/tmem266/gria1a/grik2/cacna1aa/kcnma1a/kcnh7/mcoln1b/kcnk6/zgc:56235/ttyh3b/cacna1da/grin2aa/ttyh2/grin3ba/grin1b/gria1b/gria3b/tmem63ba/kcnq5a/clcn2b/gabrb4/cacna1ha/kcnn2/ttyh1/grik3/grin2bb/gabrd/asic4a/gria2b/ttyh2l/glrbb/cacna1ab/kcnt1b/cacna1ia/tpcn1/asic1c/cacna1eb/snap25a/chrnb5a/itpr1b/grid1a/cacng2a/asic2/si:ch211-251b21.1/clcn2a,55
CC,GO:0098794,postsynapse,52/1440,384/21740,0.135416667,2.044415509,5.499611061,7.19E-07,0.00016433,0.000144591,camk2g1/shank2b/grid2ipb/gphna/ptk2bb/dmd/chrna11/shisa7b/dbn1/gabrg2/gabrg1/gria4b/ppp1r9ala/ctnnd2a/farp1/arhgap44a/gria1a/grik2/kcnma1a/camk2b1/lrrc7/apba2b/tanc2a/grin2aa/ctnnd2b/si:dkey-33c9.6/dlg1b/grin3ba/grin1b/gria1b/gria3b/clta/shank3b/clcn2b/adgrb1a/grik3/grin2bb/slc8a1b/camk2g2/gria2b/rgs7bpa/glrbb/nlgn3a/dlg3/dbnlb/gpr158b/chrnb5a/camk2d2/grid1a/cacng2a/si:ch211-251b21.1/clcn2a,52
MF,GO:0004169,dolichyl-phosphate-mannose-protein mannosyltransferase activity,7/1377,11/20660,0.636363636,9.547765234,7.577635892,1.50E-06,0.000201098,0.000180429,pomt2/tmtc2a/tmtc4/tmtc1/dpm1/pomt1/tmtc2a,7
CC,GO:0014069,postsynaptic density,28/1440,162/21740,0.172839506,2.609396433,5.476056947,2.69E-06,0.000262541,0.000231004,camk2g1/shank2b/shisa7b/dbn1/gria4b/ppp1r9ala/ctnnd2a/arhgap44a/gria1a/camk2b1/lrrc7/grin2aa/ctnnd2b/dlg1b/grin3ba/gria1b/gria3b/shank3b/adgrb1a/grin2bb/camk2g2/gria2b/dlg3/dbnlb/camk2d2/grid1a/cacng2a/si:ch211-251b21.1,28
CC,GO:0099572,postsynaptic specialization,30/1440,181/21740,0.165745856,2.502302026,5.405492168,2.94E-06,0.000262541,0.000231004,camk2g1/shank2b/gphna/shisa7b/dbn1/gria4b/ppp1r9ala/ctnnd2a/arhgap44a/gria1a/camk2b1/lrrc7/grin2aa/ctnnd2b/dlg1b/grin3ba/gria1b/gria3b/shank3b/adgrb1a/grin2bb/camk2g2/gria2b/nlgn3a/dlg3/dbnlb/camk2d2/grid1a/cacng2a/si:ch211-251b21.1,30
MF,GO:0000030,mannosyltransferase activity,10/1377,26/20660,0.384615385,5.770627339,6.504363003,3.31E-06,0.000381639,0.000342413,pomt2/tmtc2a/tmtc4/alg1/tmtc1/dpm1/pigv/pomt1/tmtc2a/gtdc1,10
CC,GO:0032279,asymmetric synapse,28/1440,164/21740,0.170731707,2.577574526,5.401064335,3.45E-06,0.000262541,0.000231004,camk2g1/shank2b/shisa7b/dbn1/gria4b/ppp1r9ala/ctnnd2a/arhgap44a/gria1a/camk2b1/lrrc7/grin2aa/ctnnd2b/dlg1b/grin3ba/gria1b/gria3b/shank3b/adgrb1a/grin2bb/camk2g2/gria2b/dlg3/dbnlb/camk2d2/grid1a/cacng2a/si:ch211-251b21.1,28
CC,GO:0098984,neuron to neuron synapse,28/1440,164/21740,0.170731707,2.577574526,5.401064335,3.45E-06,0.000262541,0.000231004,camk2g1/shank2b/shisa7b/dbn1/gria4b/ppp1r9ala/ctnnd2a/arhgap44a/gria1a/camk2b1/lrrc7/grin2aa/ctnnd2b/dlg1b/grin3ba/gria1b/gria3b/shank3b/adgrb1a/grin2bb/camk2g2/gria2b/dlg3/dbnlb/camk2d2/grid1a/cacng2a/si:ch211-251b21.1,28
BP,GO:0051056,regulation of small GTPase mediated signal transduction,26/1425,145/21022,0.179310345,2.64523654,5.360652111,4.55E-06,0.012825173,0.012149685,cyth1a/inf2/dennd4a/dennd3a/rap1gap2b/stard13b/sipa1l3/arhgap44a/dock9b/arhgap17a/garnl3/si:dkey-172h23.2/dennd4a/tsc2/rap1gapa/dock10/ralgapa2/dock7/mmd/arhgef28a/cyth3b/madd/chn1/diaph2/arhgef18b/sipa1l2,26
CC,GO:0099023,vesicle tethering complex,16/1440,66/21740,0.242424242,3.65993266,5.764028023,4.58E-06,0.000298794,0.000262903,vps33b/exoc7/cog7/exoc5/vps16/trappc14/cog6/exoc6/cog3/trappc13/cog4/trappc4/exoc1/vps18/vps54/vps8,16
MF,GO:0003727,single-stranded RNA binding,13/1377,47/20660,0.276595745,4.149940512,5.777167996,8.03E-06,0.000809455,0.000726258,rbms3/pan3/ago4/zfr2/ilf3a/pabpc1a/strbp/u2af2b/ago1/khdrbs2/rbms1a/ilf3b/zfr,13
MF,GO:1901981,phosphatidylinositol phosphate binding,21/1377,109/20660,0.19266055,2.890607823,5.288500348,9.09E-06,0.000813935,0.000730277,exoc7/snx14/si:ch211-200p22.4/bbs5/rubcn/farp1/plekha5/dennd1a/washc2c/wdr45b/hip1/zfyve28/zgc:153184/picalma/exoc1/wdr45/snap91a/tecpr1b/wipi1/ttpa/snap91b,21
MF,GO:0005085,guanyl-nucleotide exchange factor activity,36/1377,256/20660,0.140625,2.109885621,4.7750164,1.75E-05,0.001412597,0.001267408,cyth1a/dennd4a/rasgrf1/dennd3a/rapgef4a/trioa/prex2/farp1/dock9b/tiam1a/si:dkey-191g9.5/dennd1a/rap1gds1/dennd4a/arhgef25a/dock10/arhgef12a/si:dkey-33c9.6/dock7/mcf2a/rab3ip/arhgef28a/cyth3b/rapgef1b/madd/rgl2/itsn1/rapgef6/arhgef18b/plekhg5b/mcf2la/sh2d3ca/dennd5a/dock3/rasgrf2b/prex1,36
BP,GO:1905475,regulation of protein localization to membrane,10/1425,31/21022,0.322580645,4.758800226,5.647455908,2.36E-05,0.020908908,0.019807659,camk2g1/c2cd5/camk2b1/cnstb/zdhhc7/mffa/camk2g2/camk2d2/gpc1b/gpc5b,10
BP,GO:0051656,establishment of organelle localization,36/1425,258/21022,0.139534884,2.058457772,4.612827362,2.98E-05,0.020908908,0.019807659,clasp1a/exoc5/spire2/si:ch211-200p22.4/npm1a/bbs5/ift88/ccdc186/dnm1b/exoc6/klhl12/prkcz/rcc2/cadpsb/kif1aa/si:ch211-235m3.5/picalma/antxr2a/dctn1a/cadpsa/rab3ip/abraxas1/kif5c/snap91a/pard3ab/syne1b/dnm3a/wdr11/kif1b/terb1/snapin/diaph2/rhot1b/clasp2/inpp5e/snap91b,36
BP,GO:0016185,synaptic vesicle budding from presynaptic endocytic zone membrane,6/1425,11/21022,0.545454545,8.046698565,6.30373572,3.30E-05,0.020908908,0.019807659,si:ch211-200p22.4/dnm1b/picalma/snap91a/dnm3a/snap91b,6
BP,GO:0051640,organelle localization,44/1425,344/21022,0.127906977,1.886919625,4.472481391,3.71E-05,0.020908908,0.019807659,clasp1a/exoc5/spire2/akap9/si:ch211-200p22.4/npm1a/bbs5/ift88/ccdc186/esyt2b/dnm1b/exoc6/klhl12/prkcz/rcc2/cadpsb/kif1aa/si:ch211-235m3.5/tspan4a/picalma/antxr2a/rims1a/dctn1a/cadpsa/vps18/rab3ip/abraxas1/kif5c/snap91a/pard3ab/syne1b/dnm3a/wdr11/snphb/kif1b/terb1/snapin/diaph2/cep290/rhot1b/clasp2/inpp5e/snap91b/nsfa,44
BP,GO:0007264,small GTPase-mediated signal transduction,45/1425,358/21022,0.125698324,1.85433696,4.396457038,4.66E-05,0.021903295,0.020749672,ralba/cyth1a/inf2/dennd4a/rasgrf1/dennd3a/rap1gap2b/arhgap32b/rapgef4a/arhgap12b/stard13b/sipa1l3/arhgap44a/dock9b/tiam1a/arhgap17a/garnl3/si:dkey-172h23.2/dennd4a/tsc2/rap1gapa/dock10/gnav1/ralgapa2/arhgap15/dock7/mmd/gna13a/arhgef28a/cyth3b/rapgef1b/madd/chn1/rgl2/arhgap27l/rhebl1/diaph2/rapgef6/arhgef18b/rhot1b/sh2d3ca/ksr2/sipa1l2/dock3/rasgrf2b,45
CC,GO:0034704,calcium channel complex,12/1440,48/21740,0.25,3.774305556,5.124814153,5.08E-05,0.00266877,0.002348198,cacnb4b/ryr2b/ryr3/micu3a/cacna1aa/micu1/cacna1da/cacna1ha/cacna1ab/cacna1ia/cacna1eb/cacng2a,12
CC,GO:0034702,monoatomic ion channel complex,47/1440,391/21740,0.120204604,1.814755612,4.329921065,5.58E-05,0.00266877,0.002348198,scn1lab/cacnb4b/ryr2b/hcn4/chrna11/gabrg2/trpc6a/gabrg1/gria4b/dpp6a/ryr3/trpc1/kcnh2a/micu3a/gria1a/cacna1aa/kcnma1a/kcnh7/micu1/ttyh3b/cacna1da/trpc4b/grin2aa/slc17a6a/ttyh2/grin1b/gria1b/gria3b/kcnq5a/clcn2b/gabrb4/cacna1ha/scn8ab/ttyh1/scn8aa/grin2bb/gabrd/kcnip2/gria2b/ttyh2l/cacna1ab/cacna1ia/cacna1eb/chrnb5a/cacng2a/si:ch211-251b21.1/clcn2a,47
BP,GO:0019226,transmission of nerve impulse,10/1425,34/21022,0.294117647,4.338906089,5.254089384,5.78E-05,0.022364438,0.021186528,scn1lab/cdkl5/depdc5/kif2a/cacna1ha/scn8ab/scn8aa/sv2a/cacna1ia/cacng2a,10
CC,GO:0045211,postsynaptic membrane,31/1440,221/21740,0.140271493,2.117709904,4.448024819,6.14E-05,0.00266877,0.002348198,shank2b/grid2ipb/gphna/dmd/chrna11/shisa7b/dbn1/gria4b/gria1a/grik2/kcnma1a/lrrc7/grin2aa/dlg1b/grin3ba/grin1b/gria1b/gria3b/shank3b/grik3/grin2bb/gria2b/glrbb/nlgn3a/dlg3/dbnlb/gpr158b/chrnb5a/grid1a/cacng2a/si:ch211-251b21.1,31
BP,GO:0048813,dendrite morphogenesis,11/1425,41/21022,0.268292683,3.957928969,5.112177201,6.35E-05,0.022364438,0.021186528,dbn1/hecw2a/ctnnd2a/arhgap44a/tanc2a/dock10/ctnnd2b/tenm3/hecw1b/rbpms2b/dbnlb,11
CC,GO:0036477,somatodendritic compartment,45/1440,371/21740,0.121293801,1.831199461,4.30083832,6.42E-05,0.00266877,0.002348198,shank2b/gphna/snx14/ptk2bb/hcn4/sgce/shisa7b/dbn1/gabrg2/gabrg1/gria4b/ppp1r9ala/elavl4/cdkl5/farp1/casc3/arhgap44a/tmem266/gria1a/cacna1aa/kif1aa/apba2b/si:dkey-247m21.3/tanc2a/si:dkey-33c9.6/adcyap1b/smo/gria1b/gria3b/shank3b/strn4/clcn2b/kcnn2/adgrb1a/dscama/gria2b/kif1b/cacna1ab/dbnlb/gigyf2/cacna1eb/pde1a/gpm6aa/si:ch211-251b21.1/clcn2a,45
MF,GO:0005543,phospholipid binding,45/1377,371/20660,0.121293801,1.819847436,4.258179784,7.36E-05,0.0053963,0.004841659,exoc7/syt14a/snx14/dapp1/cpne4b/si:ch211-200p22.4/c2cd2l/arhgap32b/bbs5/rubcn/c2cd5/farp1/aida/sh3pxd2aa/plekha5/dennd1a/syt7a/washc2c/wdr45b/hip1/zfyve28/arhgap21a/zgc:153184/picalma/arhgap21b/exoc1/arfip1/epn3a/wdr45/havcr1/anxa4/pacsin2/mtss1la/snap91a/epn1a/pard3ab/tecpr1b/wipi1/si:rp71-46j2.7/nisch/cpne1/cpne2/ttpa/sgip1b/snap91b,45
BP,GO:0060997,dendritic spine morphogenesis,7/1425,18/21022,0.388888889,5.736998051,5.421603784,0.000106052,0.030666168,0.029051014,dbn1/ctnnd2a/arhgap44a/tanc2a/dock10/ctnnd2b/dbnlb,7
BP,GO:0070142,synaptic vesicle budding,6/1425,13/21022,0.461538462,6.808744939,5.649247664,0.000108784,0.030666168,0.029051014,si:ch211-200p22.4/dnm1b/picalma/snap91a/dnm3a/snap91b,6
BP,GO:0106027,neuron projection organization,8/1425,24/21022,0.333333333,4.917426901,5.177938387,0.000120464,0.030871688,0.02924571,dbn1/ctnnd2a/arhgap44a/tanc2a/dock10/ctnnd2b/kif1b/dbnlb,8
CC,GO:0043197,dendritic spine,17/1440,94/21740,0.180851064,2.7303487,4.477769554,0.00013327,0.004684943,0.004122189,shank2b/ptk2bb/shisa7b/gria4b/farp1/arhgap44a/gria1a/apba2b/tanc2a/si:dkey-33c9.6/gria1b/gria3b/shank3b/clcn2b/gria2b/si:ch211-251b21.1/clcn2a,17
CC,GO:0044309,neuron spine,17/1440,94/21740,0.180851064,2.7303487,4.477769554,0.00013327,0.004684943,0.004122189,shank2b/ptk2bb/shisa7b/gria4b/farp1/arhgap44a/gria1a/apba2b/tanc2a/si:dkey-33c9.6/gria1b/gria3b/shank3b/clcn2b/gria2b/si:ch211-251b21.1/clcn2a,17
MF,GO:0004970,glutamate-gated receptor activity,10/1377,38/20660,0.263157895,3.948323969,4.86111536,0.000141329,0.008762425,0.007861807,gria4b/gria1a/grin2aa/grin3ba/grin1b/gria1b/gria3b/grin2bb/gria2b/si:ch211-251b21.1,10
MF,GO:0030276,clathrin binding,10/1377,38/20660,0.263157895,3.948323969,4.86111536,0.000141329,0.008762425,0.007861807,si:ch211-200p22.4/aftpha/hip1/picalma/epn3a/clta/snap91a/epn1a/gak/snap91b,10
BP,GO:0097061,dendritic spine organization,7/1425,19/21022,0.368421053,5.435050785,5.215237051,0.000158113,0.03648669,0.034564975,dbn1/ctnnd2a/arhgap44a/tanc2a/dock10/ctnnd2b/dbnlb,7
MF,GO:0080025,"phosphatidylinositol-3,5-bisphosphate binding",6/1377,14/20660,0.428571429,6.430127607,5.431132638,0.000163434,0.008827307,0.007920021,snx14/plekha5/wdr45b/hip1/wdr45/wipi1,6
MF,GO:0035091,phosphatidylinositol binding,28/1377,201/20660,0.139303483,2.090058061,4.149920489,0.0001698,0.008827307,0.007920021,exoc7/snx14/si:ch211-200p22.4/c2cd2l/arhgap32b/bbs5/rubcn/farp1/aida/sh3pxd2aa/plekha5/dennd1a/washc2c/wdr45b/hip1/zfyve28/zgc:153184/picalma/exoc1/wdr45/snap91a/pard3ab/tecpr1b/wipi1/si:rp71-46j2.7/nisch/ttpa/snap91b,28
MF,GO:0008066,glutamate receptor activity,12/1377,54/20660,0.222222222,3.33414024,4.589456897,0.000182982,0.008827307,0.007920021,gria4b/gria1a/grin2aa/grin3ba/grin1b/gria1b/gria3b/grm8b/grin2bb/gria2b/grid1a/si:ch211-251b21.1,12
MF,GO:1902936,phosphatidylinositol bisphosphate binding,13/1377,62/20660,0.209677419,3.145922646,4.522011871,0.000186184,0.008827307,0.007920021,exoc7/snx14/si:ch211-200p22.4/plekha5/wdr45b/hip1/picalma/exoc1/wdr45/snap91a/wipi1/ttpa/snap91b,13
BP,GO:0016358,dendrite development,14/1425,70/21022,0.2,2.95045614,4.407697569,0.000216329,0.03648669,0.034564975,dbn1/hecw2a/cdkl5/ctnnd2a/arhgap44a/tanc2a/dock10/ctnnd2b/tenm3/hecw1b/mcf2a/rbpms2b/nbeaa/dbnlb,14
BP,GO:0009743,response to carbohydrate,8/1425,26/21022,0.307692308,4.539163293,4.869207865,0.000226523,0.03648669,0.034564975,abcc8/c2cd2l/hif1ab/lepr/vegfaa/ache/khk/slc39a14,8
BP,GO:0009746,response to hexose,8/1425,26/21022,0.307692308,4.539163293,4.869207865,0.000226523,0.03648669,0.034564975,abcc8/c2cd2l/hif1ab/lepr/vegfaa/ache/khk/slc39a14,8
BP,GO:0009749,response to glucose,8/1425,26/21022,0.307692308,4.539163293,4.869207865,0.000226523,0.03648669,0.034564975,abcc8/c2cd2l/hif1ab/lepr/vegfaa/ache/khk/slc39a14,8
BP,GO:0034284,response to monosaccharide,8/1425,26/21022,0.307692308,4.539163293,4.869207865,0.000226523,0.03648669,0.034564975,abcc8/c2cd2l/hif1ab/lepr/vegfaa/ache/khk/slc39a14,8
MF,GO:0005078,MAP-kinase scaffold activity,5/1377,10/20660,0.5,7.501815541,5.495521782,0.000247878,0.010359052,0.009294331,mapk8ip1a/mapk8ip2/mapk8ip3/si:dkey-172h23.2/si:dkey-17m8.1,5
MF,GO:0032050,clathrin heavy chain binding,5/1377,10/20660,0.5,7.501815541,5.495521782,0.000247878,0.010359052,0.009294331,si:ch211-200p22.4/picalma/clta/snap91a/snap91b,5
BP,GO:0099536,synaptic signaling,54/1425,487/21022,0.110882957,1.635776505,3.827902995,0.000251377,0.03648669,0.034564975,scn1lab/cacnb4b/camk2g1/dmd/chrna11/shisa7b/gabrg2/dtnba/gabrg1/gria4b/caska/slc12a7b/gria1a/nalcn/cacna1aa/camk2b1/rimbp2b/syt7a/cadpsb/grm5a/apba2b/si:dkey-247m21.3/grin2aa/rims1a/slc17a6a/si:ch211-176g13.8/dlg1b/grin3ba/grin1b/gria1b/cadpsa/gria3b/grm8b/gabrb4/nrxn2a/trpm7/drd2a/grin2bb/sv2a/gabrd/camk2g2/gria2b/snapin/glrbb/nlgn3a/cacna1ab/dlg3/cacna1eb/snap25a/chrnb5a/camk2d2/grid1a/cacng2a/si:ch211-251b21.1,54
MF,GO:0019894,kinesin binding,6/1377,15/20660,0.4,6.001452433,5.17807869,0.000257048,0.010359052,0.009294331,ktn1/ift88/mapk8ip3/si:dkey-17m8.1/klc3/klc1a,6
BP,GO:0070593,dendrite self-avoidance,5/1425,10/21022,0.5,7.376140351,5.438304165,0.000268447,0.03648669,0.034564975,robo3/nexn/cntn3a.2/dscaml1/dscama,5
BP,GO:1903076,regulation of protein localization to plasma membrane,6/1425,15/21022,0.4,5.900912281,5.12011674,0.000281958,0.03648669,0.034564975,camk2g1/camk2b1/cnstb/zdhhc7/camk2g2/camk2d2,6
CC,GO:0030425,dendrite,37/1440,306/21740,0.120915033,1.825481118,3.873194017,0.000293858,0.008952884,0.007877466,shank2b/gphna/snx14/ptk2bb/hcn4/sgce/shisa7b/dbn1/gabrg2/gabrg1/gria4b/ppp1r9ala/elavl4/cdkl5/farp1/casc3/arhgap44a/tmem266/gria1a/kif1aa/apba2b/si:dkey-247m21.3/tanc2a/si:dkey-33c9.6/smo/gria1b/gria3b/shank3b/strn4/clcn2b/adgrb1a/gria2b/kif1b/dbnlb/gigyf2/si:ch211-251b21.1/clcn2a,37
CC,GO:0097447,dendritic tree,37/1440,306/21740,0.120915033,1.825481118,3.873194017,0.000293858,0.008952884,0.007877466,shank2b/gphna/snx14/ptk2bb/hcn4/sgce/shisa7b/dbn1/gabrg2/gabrg1/gria4b/ppp1r9ala/elavl4/cdkl5/farp1/casc3/arhgap44a/tmem266/gria1a/kif1aa/apba2b/si:dkey-247m21.3/tanc2a/si:dkey-33c9.6/smo/gria1b/gria3b/shank3b/strn4/clcn2b/adgrb1a/gria2b/kif1b/dbnlb/gigyf2/si:ch211-251b21.1/clcn2a,37
BP,GO:0007411,axon guidance,39/1425,322/21022,0.121118012,1.786766917,3.836437921,0.000312946,0.03648669,0.034564975,dzip1/anos1a/sema4ga/ank3a/evlb/lama4/ppp1r12a/nrcama/robo3/efna2a/hif1ab/nexn/trioa/nrp1a/apc/lamb2l/vegfaa/tenm3/smo/nfasca/cntn3a.2/rbpms2b/dscaml1/nrxn2a/unc5ca/kif5c/sema4c/scn8aa/chn1/lamc1/ahi1/dscama/rtn4a/enah/cdh11/kif1b/nfasca/stat3/col15a1b,39
BP,GO:0097485,neuron projection guidance,39/1425,322/21022,0.121118012,1.786766917,3.836437921,0.000312946,0.03648669,0.034564975,dzip1/anos1a/sema4ga/ank3a/evlb/lama4/ppp1r12a/nrcama/robo3/efna2a/hif1ab/nexn/trioa/nrp1a/apc/lamb2l/vegfaa/tenm3/smo/nfasca/cntn3a.2/rbpms2b/dscaml1/nrxn2a/unc5ca/kif5c/sema4c/scn8aa/chn1/lamc1/ahi1/dscama/rtn4a/enah/cdh11/kif1b/nfasca/stat3/col15a1b,39
BP,GO:0035268,protein mannosylation,7/1425,21/21022,0.333333333,4.917426901,4.843171892,0.000323578,0.03648669,0.034564975,pomt2/tmtc2a/tmtc4/tmtc1/dpm1/pomt1/tmtc2a,7
BP,GO:0035269,protein O-linked mannosylation,7/1425,21/21022,0.333333333,4.917426901,4.843171892,0.000323578,0.03648669,0.034564975,pomt2/tmtc2a/tmtc4/tmtc1/dpm1/pomt1/tmtc2a,7
BP,GO:0097502,mannosylation,7/1425,21/21022,0.333333333,4.917426901,4.843171892,0.000323578,0.03648669,0.034564975,pomt2/tmtc2a/tmtc4/tmtc1/dpm1/pomt1/tmtc2a,7
MF,GO:0032266,phosphatidylinositol-3-phosphate binding,7/1377,22/20660,0.318181818,4.773882617,4.732604817,0.00040318,0.015474429,0.013883939,bbs5/plekha5/wdr45b/zfyve28/wdr45/tecpr1b/wipi1,7
BP,GO:1904375,regulation of protein localization to cell periphery,6/1425,16/21022,0.375,5.532105263,4.890211257,0.000425329,0.041284414,0.039110008,camk2g1/camk2b1/cnstb/zdhhc7/camk2g2/camk2d2,6
BP,GO:0051650,establishment of vesicle localization,21/1425,139/21022,0.151079137,2.228761833,3.919385584,0.000442741,0.041284414,0.039110008,exoc5/si:ch211-200p22.4/bbs5/ccdc186/dnm1b/exoc6/klhl12/cadpsb/kif1aa/si:ch211-235m3.5/picalma/cadpsa/rab3ip/kif5c/snap91a/dnm3a/wdr11/kif1b/snapin/inpp5e/snap91b,21
MF,GO:0050839,cell adhesion molecule binding,28/1377,213/20660,0.131455399,1.972308311,3.811652663,0.00044757,0.016124943,0.014467593,fermt2/nrcama/tjp1b/robo3/nexn/ctnnd2a/ctnnd1/ptprb/pkp4/ctnnd2b/tenm3/nfasca/cntn3a.2/postnb/gna13a/msnb/dscaml1/dscama/itga1/cdh11/tln2a/nisch/nfasca/tjp2b/arvcfb/cdh6/tenm2a/jupb,28
BP,GO:0051345,positive regulation of hydrolase activity,14/1425,75/21022,0.186666667,2.753759064,4.102786955,0.00045698,0.041284414,0.039110008,arhgap44a/tiam1a/si:dkey-191g9.5/arhgap17a/rap1gds1/myo9aa/hip1/becn1/tsc2/si:dkey-33c9.6/ralgapa2/baxa/chn1/hdr,14
MF,GO:0004683,calcium/calmodulin-dependent protein kinase activity,9/1377,36/20660,0.25,3.750907771,4.414435217,0.000460141,0.016124943,0.014467593,camk2g1/eef2k/mknk2b/camk2b1/mapkapk2a/camk1b/camkk1a/camk2g2/camk2d2,9
BP,GO:0006897,endocytosis,43/1425,373/21022,0.115281501,1.700665067,3.681753357,0.000461405,0.041284414,0.039110008,reps1/elmo1/si:ch211-200p22.4/lrp1bb/sh3bp4a/rubcn/pikfyve/megf10/fnbp1a/dnm1b/dennd1a/tyro3/myo1ea/hip1/ghra/heatr5b/sh3gl3a/fnbp1b/picalma/csnk1g1/sh3gl2a/epn3a/havcr1/clta/pacsin2/usp20/adgrb1a/snap91a/epn1a/dnm3a/itsn1/ncf2/nlgn3a/zgc:123238/mib2/tmem175/gak/sgip1b/mib1/snap91b/trip10a/cacng2a/bmp2k,43
BP,GO:0030242,autophagy of peroxisome,5/1425,11/21022,0.454545455,6.705582137,5.104018795,0.000464679,0.041284414,0.039110008,acbd5a/wdr45b/wdr45/pik3r4/wipi1,5
BP,GO:0048488,synaptic vesicle endocytosis,10/1425,43/21022,0.23255814,3.430762954,4.302528612,0.000483287,0.041284414,0.039110008,si:ch211-200p22.4/dnm1b/sh3gl3a/picalma/sh3gl2a/snap91a/dnm3a/itsn1/nlgn3a/snap91b,10
BP,GO:0140238,presynaptic endocytosis,10/1425,43/21022,0.23255814,3.430762954,4.302528612,0.000483287,0.041284414,0.039110008,si:ch211-200p22.4/dnm1b/sh3gl3a/picalma/sh3gl2a/snap91a/dnm3a/itsn1/nlgn3a/snap91b,10
BP,GO:1902414,protein localization to cell junction,10/1425,43/21022,0.23255814,3.430762954,4.302528612,0.000483287,0.041284414,0.039110008,tjp1b/arhgap44a/lrrc7/grip1/zdhhc7/dlg1b/pard3ab/pcloa/dlg3/tjp2b,10
BP,GO:0048489,synaptic vesicle transport,8/1425,29/21022,0.275862069,4.069594676,4.460485183,0.000518576,0.042051371,0.039836571,si:ch211-200p22.4/dnm1b/picalma/kif5c/snap91a/dnm3a/snapin/snap91b,8
BP,GO:0072659,protein localization to plasma membrane,20/1425,131/21022,0.152671756,2.252256596,3.876936458,0.000522099,0.042051371,0.039836571,efr3bb/camk2g1/ank3a/c2cd5/arhgap44a/camk2b1/lrrc7/prkcz/cnstb/ank2b/si:ch211-126j24.1/golga7/arfrp1/grip1/zdhhc7/pacs1a/efr3a/camk2g2/nsfa/camk2d2,20
BP,GO:0051648,vesicle localization,22/1425,151/21022,0.145695364,2.14933891,3.822119632,0.000546576,0.042799914,0.040545689,exoc5/si:ch211-200p22.4/bbs5/ccdc186/dnm1b/exoc6/klhl12/cadpsb/kif1aa/si:ch211-235m3.5/picalma/cadpsa/rab3ip/kif5c/snap91a/dnm3a/wdr11/kif1b/snapin/inpp5e/snap91b/nsfa,22
BP,GO:0060996,dendritic spine development,7/1425,23/21022,0.304347826,4.489824561,4.515517483,0.000605165,0.043888623,0.041577056,dbn1/ctnnd2a/arhgap44a/tanc2a/dock10/ctnnd2b/dbnlb,7
BP,GO:0043087,regulation of GTPase activity,11/1425,52/21022,0.211538462,3.120674764,4.128723953,0.00060987,0.043888623,0.041577056,sh3bp4a/arhgap44a/tiam1a/si:dkey-191g9.5/arhgap17a/rap1gds1/myo9aa/tsc2/si:dkey-33c9.6/ralgapa2/chn1,11
BP,GO:0019228,neuronal action potential,6/1425,17/21022,0.352941176,5.206687307,4.678888229,0.000619781,0.043888623,0.041577056,scn1lab/depdc5/cacna1ha/scn8ab/scn8aa/cacna1ia,6
BP,GO:0050808,synapse organization,30/1425,235/21022,0.127659574,1.883269877,3.671730225,0.000622754,0.043888623,0.041577056,ank3a/tlcd3ba/ppfia3/gphna/ppfibp1b/tjp1b/shisa7b/dbn1/gabrg2/gabrg1/ctnnd2a/arhgap44a/myo9aa/tanc2a/cacna1da/dock10/sdk2b/ctnnd2b/ctbp2a/ache/cntn3a.2/nbeaa/nrxn2a/prkcg/sdk2a/pcloa/nlgn3a/dbnlb/cdh6/ptprsa,30
MF,GO:0005516,calmodulin binding,20/1377,135/20660,0.148148148,2.22276016,3.808911648,0.000625117,0.020993506,0.018835756,camk2g1/eef2k/ryr2b/mknk2b/ryr3/camk2b1/phka2/plcb3/mapkapk2a/camsap2a/kcnq5a/strn4/kcnn2/slc8a1b/camk2g2/camsap3/ppp3cca/camk2d2/camsap1b/rasgrf2b,20
BP,GO:0007268,chemical synaptic transmission,51/1425,472/21022,0.108050847,1.593996432,3.519558955,0.000669605,0.044943259,0.042576147,cacnb4b/camk2g1/chrna11/shisa7b/gabrg2/gabrg1/gria4b/caska/slc12a7b/gria1a/nalcn/cacna1aa/camk2b1/rimbp2b/syt7a/cadpsb/grm5a/apba2b/si:dkey-247m21.3/grin2aa/rims1a/slc17a6a/si:ch211-176g13.8/dlg1b/grin3ba/grin1b/gria1b/cadpsa/gria3b/grm8b/gabrb4/nrxn2a/trpm7/drd2a/grin2bb/sv2a/gabrd/camk2g2/gria2b/snapin/glrbb/nlgn3a/cacna1ab/dlg3/cacna1eb/snap25a/chrnb5a/camk2d2/grid1a/cacng2a/si:ch211-251b21.1,51
BP,GO:0098916,anterograde trans-synaptic signaling,51/1425,472/21022,0.108050847,1.593996432,3.519558955,0.000669605,0.044943259,0.042576147,cacnb4b/camk2g1/chrna11/shisa7b/gabrg2/gabrg1/gria4b/caska/slc12a7b/gria1a/nalcn/cacna1aa/camk2b1/rimbp2b/syt7a/cadpsb/grm5a/apba2b/si:dkey-247m21.3/grin2aa/rims1a/slc17a6a/si:ch211-176g13.8/dlg1b/grin3ba/grin1b/gria1b/cadpsa/gria3b/grm8b/gabrb4/nrxn2a/trpm7/drd2a/grin2bb/sv2a/gabrd/camk2g2/gria2b/snapin/glrbb/nlgn3a/cacna1ab/dlg3/cacna1eb/snap25a/chrnb5a/camk2d2/grid1a/cacng2a/si:ch211-251b21.1,51
MF,GO:0015103,inorganic anion transmembrane transporter activity,25/1377,187/20660,0.13368984,2.005833032,3.692242963,0.0006878,0.021894104,0.019643789,gabrg2/gabrg1/slc4a10a/slc5a5/xpr1a/slc12a7b/slc6a22.1/slc25a24/slc6a6a/slc12a2/slc6a1b/ttyh3b/slc17a6a/ttyh2/slc4a8/clcn2b/gabrb4/slc37a4b/ttyh1/gabrd/ttyh2l/glrbb/slc26a11/slc25a3b/clcn2a,25
CC,GO:0098839,postsynaptic density membrane,13/1440,71/21740,0.183098592,2.764280125,3.965795263,0.00070396,0.019359285,0.017033852,gria4b/gria1a/grin2aa/dlg1b/grin3ba/gria1b/gria3b/grin2bb/gria2b/dlg3/grid1a/cacng2a/si:ch211-251b21.1,13
MF,GO:0005272,sodium channel activity,9/1377,38/20660,0.236842105,3.553491572,4.210126578,0.000706261,0.021894104,0.019643789,scn1lab/hcn4/cacna1ha/scn8ab/scn8aa/asic4a/cacna1ia/asic1c/asic2,9
CC,GO:0030424,axon,35/1440,298/21740,0.117449664,1.773163684,3.579315171,0.000720148,0.019359285,0.017033852,scn1lab/ank3a/nrcama/hcn4/calcr/robo3/nexn/elavl4/nrp1a/myo10l1/syt7a/myo9aa/adgrl1a/apc/kif1aa/slc6a1b/tenm3/si:dkey-33c9.6/dctn1a/nfasca/cntn3a.2/clcn2b/dscaml1/fez2a/scn8ab/scn8aa/dscama/slc8a1b/snphb/kif1b/pcloa/nfasca/nmnat2/gpm6aa/clcn2a,35
MF,GO:0042578,phosphoric ester hydrolase activity,51/1377,482/20660,0.105809129,1.587521131,3.487725277,0.000736099,0.021973906,0.019715389,hddc3/ptprea/cpped1/ptpn21/gpcpd1/eya4/dusp8a/ptprz1b/inpp4ab/ppm1db/tns1b/cdc14ab/plcb4a/plcxd1/ctdspla/impa1/ctdsp2/mtmr14/acp2/tdp1/ptprb/nt5c2b/plcb3/pfkfb4b/ctdp1/lpin1a/ca16b/minpp1b/pde11a/ptpdc1a/pfkfb3/alpl/ptpn22/zgc:112023/ppap2d/smpd4/zfand1/ptpn3/plcd3a/inpp5l/samhd1/dusp7/ppp3cca/inpp5e/ptprsa/pde4bb/dusp12/pde1cb/plch1/tab1/pde1a,51
BP,GO:0099537,trans-synaptic signaling,51/1425,474/21022,0.107594937,1.587270708,3.487241739,0.000736726,0.048298413,0.045754588,cacnb4b/camk2g1/chrna11/shisa7b/gabrg2/gabrg1/gria4b/caska/slc12a7b/gria1a/nalcn/cacna1aa/camk2b1/rimbp2b/syt7a/cadpsb/grm5a/apba2b/si:dkey-247m21.3/grin2aa/rims1a/slc17a6a/si:ch211-176g13.8/dlg1b/grin3ba/grin1b/gria1b/cadpsa/gria3b/grm8b/gabrb4/nrxn2a/trpm7/drd2a/grin2bb/sv2a/gabrd/camk2g2/gria2b/snapin/glrbb/nlgn3a/cacna1ab/dlg3/cacna1eb/snap25a/chrnb5a/camk2d2/grid1a/cacng2a/si:ch211-251b21.1,51
BP,GO:0070588,calcium ion transmembrane transport,26/1425,196/21022,0.132653061,1.956935195,3.629501276,0.000786145,0.050366883,0.047714114,cacnb4b/ryr2b/trpc6a/tmem38a/cbarpb/ryr3/trpc1/micu3a/cacna1aa/plcb3/ryk/micu1/cacna1da/trpc4b/slc24a3/grin1b/cacna1ha/trpm7/slc8a1b/cacna1ab/cacna1ia/cacna1eb/plch1/itpr1b/cacng2a/atp2b3a,26
MF,GO:0004971,AMPA glutamate receptor activity,6/1377,18/20660,0.333333333,5.001210361,4.538225458,0.000801617,0.023075109,0.020703409,gria4b/gria1a/gria1b/gria3b/gria2b/si:ch211-251b21.1,6
CC,GO:0099634,postsynaptic specialization membrane,14/1440,81/21740,0.172839506,2.609396433,3.864909702,0.000812955,0.020640032,0.018160756,gria4b/gria1a/grin2aa/dlg1b/grin3ba/gria1b/gria3b/grin2bb/gria2b/nlgn3a/dlg3/grid1a/cacng2a/si:ch211-251b21.1,14
MF,GO:0015631,tubulin binding,34/1377,288/20660,0.118055556,1.771262003,3.522213386,0.000861324,0.023938858,0.02147838,cenpe/clasp1a/maptb/spire2/trappc14/kif2c/dnm1b/ccdc88aa/eml5/macf1a/kif21a/apc/mid2/kif1aa/ttll11/kifc3/camsap2a/wasla/katna1/cetn3/kif2a/abraxas1/clip1a/si:dkey-12h9.6/kif5c/dnm3a/camsap3/tbcd/kif1b/nisch/clasp2/hook1/ttll4/camsap1b,34
BP,GO:0006486,protein glycosylation,29/1425,229/21022,0.126637555,1.868192753,3.562170006,0.000864993,0.053009032,0.050217104,pomt2/tmtc2a/st3gal1l3/uggt2/gxylt1b/alg6/st6gal1/tmtc4/b4galt1l/alg1/mgat4b/zgc:92907/dpagt1/tmtc1/galnt18b/dpm1/galnt1/aars2/stt3b/pmm2/pomt1/rpn2/b4galt5/st6gal2a/tmtc2a/st3gal3b/st8sia5/fktn/st3gal5,29
BP,GO:0043413,macromolecule glycosylation,29/1425,229/21022,0.126637555,1.868192753,3.562170006,0.000864993,0.053009032,0.050217104,pomt2/tmtc2a/st3gal1l3/uggt2/gxylt1b/alg6/st6gal1/tmtc4/b4galt1l/alg1/mgat4b/zgc:92907/dpagt1/tmtc1/galnt18b/dpm1/galnt1/aars2/stt3b/pmm2/pomt1/rpn2/b4galt5/st6gal2a/tmtc2a/st3gal3b/st8sia5/fktn/st3gal5,29
CC,GO:0005874,microtubule,36/1440,313/21740,0.115015974,1.736421725,3.495192377,0.00089474,0.021520848,0.018935769,cenpe/slain1a/mid1/clasp1a/maptb/tube1/dync2h1/kif2c/dnm1b/radil/macf1a/kif21a/cimip2b/apc/mid2/kif1aa/golga2/kifc3/camsap2a/katna1/klc3/kif2a/dctn1a/disc1/clip1a/kif5c/dnm3a/dnai2b/snphb/klc1a/camsap3/kif1b/clasp2/hook1/nckap5l/camsap1b,36
CC,GO:0044545,NSL complex,5/1440,13/21740,0.384615385,5.806623932,4.617053923,0.00103953,0.023753262,0.020900026,kansl1l/kansl1a/kansl3/kat8/phf20b,5
MF,GO:0008509,monoatomic anion transmembrane transporter activity,23/1377,172/20660,0.13372093,2.006299505,3.541408433,0.001100265,0.028970024,0.025992434,gabrg2/gabrg1/slc4a10a/slc5a5/slc12a7b/slc6a22.1/slc6a6a/zgc:56235/slc12a2/slc6a1b/ttyh3b/slc17a6a/ttyh2/slc4a8/clcn2b/gabrb4/ttyh1/gabrd/ttyh2l/glrbb/slc39a14/slc26a11/clcn2a,23
MF,GO:0008017,microtubule binding,29/1377,237/20660,0.122362869,1.835887348,3.458569229,0.001146114,0.028970024,0.025992434,cenpe/clasp1a/maptb/spire2/kif2c/dnm1b/ccdc88aa/eml5/macf1a/kif21a/apc/mid2/kif1aa/kifc3/camsap2a/wasla/katna1/cetn3/kif2a/abraxas1/clip1a/si:dkey-12h9.6/kif5c/dnm3a/camsap3/kif1b/clasp2/hook1/camsap1b,29
BP,GO:0070085,glycosylation,30/1425,244/21022,0.12295082,1.813805004,3.447884589,0.001150288,0.068238398,0.064644355,pomt2/tmtc2a/st3gal1l3/uggt2/gxylt1b/alg6/st6gal1/tmtc4/b4galt1l/alg1/mgat4b/zgc:92907/dpagt1/tmtc1/galnt18b/dpm1/galnt1/aars2/stt3b/pmm2/pomt1/gbgt1l4/rpn2/b4galt5/st6gal2a/tmtc2a/st3gal3b/st8sia5/fktn/st3gal5,30
BP,GO:0006893,Golgi to plasma membrane transport,9/1425,40/21022,0.225,3.319263158,3.959094841,0.001184018,0.068238398,0.064644355,stxbp5b/exoc5/stxbp5a/exoc6/cnstb/golga7/exoc1/arfrp1/nsfa,9
MF,GO:0022824,transmitter-gated monoatomic ion channel activity,15/1377,93/20660,0.161290323,2.419940497,3.66741843,0.001199794,0.028970024,0.025992434,chrna11/gabrg2/gabrg1/gria4b/gria1a/grin2aa/grin3ba/grin1b/gria1b/gria3b/grin2bb/gria2b/chrnb5a/grid1a/si:ch211-251b21.1,15
MF,GO:0022835,transmitter-gated channel activity,15/1377,93/20660,0.161290323,2.419940497,3.66741843,0.001199794,0.028970024,0.025992434,chrna11/gabrg2/gabrg1/gria4b/gria1a/grin2aa/grin3ba/grin1b/gria1b/gria3b/grin2bb/gria2b/chrnb5a/grid1a/si:ch211-251b21.1,15
BP,GO:0086010,membrane depolarization during action potential,6/1425,19/21022,0.315789474,4.658614958,4.302215513,0.001208275,0.068238398,0.064644355,scn1lab/cacna1ha/scn8ab/scn8aa/slmapa/cacna1ia,6
BP,GO:0043547,positive regulation of GTPase activity,10/1425,48/21022,0.208333333,3.073391813,3.877936453,0.00121033,0.068238398,0.064644355,arhgap44a/tiam1a/si:dkey-191g9.5/arhgap17a/rap1gds1/myo9aa/tsc2/si:dkey-33c9.6/ralgapa2/chn1,10
MF,GO:0016866,intramolecular transferase activity,7/1377,26/20660,0.269230769,4.039439137,4.144028462,0.001229375,0.028970024,0.025992434,mmut/lss/pgm2l1/pgm2/dkc1/pmm2/rpusd4,7
MF,GO:0045296,cadherin binding,10/1377,49/20660,0.204081633,3.061965527,3.861572793,0.001258004,0.028970024,0.025992434,ctnnd2a/ctnnd1/ptprb/pkp4/ctnnd2b/gna13a/cdh11/arvcfb/cdh6/jupb,10
BP,GO:0097479,synaptic vesicle localization,8/1425,33/21022,0.242424242,3.576310473,3.993913154,0.001316433,0.072765176,0.068932713,si:ch211-200p22.4/dnm1b/picalma/kif5c/snap91a/dnm3a/snapin/snap91b,8
MF,GO:0098632,cell-cell adhesion mediator activity,8/1377,34/20660,0.235294118,3.530266137,3.945776414,0.001454022,0.032492386,0.029152761,nrcama/robo3/nexn/nfasca/cntn3a.2/dscaml1/dscama/nfasca,8
CC,GO:1902562,H4 histone acetyltransferase complex,9/1440,42/21740,0.214285714,3.235119048,3.861610447,0.001455377,0.031671773,0.027867367,kansl1l/dmap1/epc1a/kansl1a/kansl3/brd8a/mrgbp/kat8/phf20b,9
BP,GO:1990778,protein localization to cell periphery,20/1425,142/21022,0.14084507,2.077786014,3.474967849,0.001460335,0.079167,0.07499736,efr3bb/camk2g1/ank3a/c2cd5/arhgap44a/camk2b1/lrrc7/prkcz/cnstb/ank2b/si:ch211-126j24.1/golga7/arfrp1/grip1/zdhhc7/pacs1a/efr3a/camk2g2/nsfa/camk2d2,20
MF,GO:0005248,voltage-gated sodium channel activity,6/1377,20/20660,0.3,4.501089325,4.185984924,0.001491586,0.032492386,0.029152761,scn1lab/cacna1ha/scn8ab/scn8aa/asic4a/cacna1ia,6
BP,GO:0008380,RNA splicing,42/1425,384/21022,0.109375,1.613530702,3.271955815,0.001514672,0.080563399,0.076320212,snrpa1/ptbp1a/aqr/cdc40/srpk1a/hnrnpl2/mbnl2/elavl4/rnpc3/casc3/cirbpb/celf3a/zgc:158803/zbtb8os/mbnl3/hnrnpl/hnrnpul1l/ddx17/celf2/prmt7/ythdc1/hnrnph3/rbm17/rbm6/znf638/clk4a/u2af2b/sf3b3/ptbp2b/khdrbs2/hnrnph1/tsen54/rbm5/ilf3b/tsen2/pcbp4/txnl4a/rpusd4/hnrpkl/ddx46/srsf7a/srpk1b,42
BP,GO:0043085,positive regulation of catalytic activity,16/1425,104/21022,0.153846154,2.269581646,3.49990735,0.001671709,0.084502656,0.080051992,arhgap44a/tiam1a/si:dkey-191g9.5/arhgap17a/rap1gds1/myo9aa/hip1/becn1/tsc2/si:dkey-33c9.6/ralgapa2/traf4a/baxa/ube2s/chn1/hdr,16
BP,GO:0099173,postsynapse organization,10/1425,50/21022,0.2,2.95045614,3.723407665,0.001680335,0.084502656,0.080051992,gphna/shisa7b/dbn1/ctnnd2a/arhgap44a/tanc2a/dock10/ctnnd2b/nlgn3a/dbnlb,10
BP,GO:0030277,maintenance of gastrointestinal epithelium,5/1425,14/21022,0.357142857,5.268671679,4.308278188,0.001695944,0.084502656,0.080051992,tcf7l2/ptbp1a/cracd/mllt10/cdipt,5
BP,GO:0070509,calcium ion import,9/1425,42/21022,0.214285714,3.161203008,3.780565689,0.001708638,0.084502656,0.080051992,cacna1aa/plcb3/micu1/cacna1da/cacna1ha/slc8a1b/cacna1ab/cacna1ia/cacna1eb,9
MF,GO:0005230,extracellular ligand-gated monoatomic ion channel activity,18/1377,126/20660,0.142857143,2.143375869,3.440106067,0.001741682,0.036941992,0.033145029,chrna11/gabrg2/gabrg1/gria4b/gria1a/grin2aa/grin3ba/grin1b/gria1b/gria3b/gabrb4/grin2bb/gabrd/gria2b/glrbb/chrnb5a/grid1a/si:ch211-251b21.1,18
CC,GO:0099738,cell cortex region,6/1440,21/21740,0.285714286,4.313492063,4.046026079,0.001910424,0.039684713,0.034917794,clasp1a/rims1a/clta/pcloa/clasp2/phldb2b,6
BP,GO:0022600,digestive system process,8/1425,35/21022,0.228571429,3.371949875,3.787072941,0.001977608,0.096118586,0.091056124,tcf7l2/ptbp1a/tfap2b/cracd/mllt10/cdipt/flna/shank3b,8
BP,GO:0006816,calcium ion transport,27/1425,221/21022,0.122171946,1.802314837,3.233241729,0.002164784,0.103432644,0.097984958,cacnb4b/ryr2b/trpc6a/tmem38a/cbarpb/ryr3/trpc1/micu3a/cacna1aa/plcb3/ryk/micu1/cacna1da/trpc4b/slc24a3/grin1b/cacna1ha/trpm7/slc8a1b/cacna1ab/cacna1ia/slc8b1/cacna1eb/plch1/itpr1b/cacng2a/atp2b3a,27
BP,GO:0034330,cell junction organization,41/1425,380/21022,0.107894737,1.591693444,3.13871578,0.00220233,0.103472828,0.098023026,ank3a/tlcd3ba/ppfia3/gphna/inf2/ppfibp1b/tjp1b/shisa7b/dbn1/gabrg2/gabrg1/ctnnd2a/yes1/arhgap44a/macf1a/myo9aa/tanc2a/cacna1da/dock10/vegfaa/sdk2b/ctnnd2b/ctbp2a/si:dkey-92j12.5/ache/mibp2/cntn3a.2/nbeaa/nrxn2a/fyna/prkcg/patj/cdh11/tbcd/sdk2a/pcloa/nlgn3a/tjp2b/dbnlb/cdh6/ptprsa,41
MF,GO:0008139,nuclear localization sequence binding,5/1377,15/20660,0.333333333,5.001210361,4.142513076,0.002229712,0.046080712,0.041344455,kpnb3/nup58/tnpo2a/tnpo1/kpnb1,5
CC,GO:0005938,cell cortex,25/1440,205/21740,0.12195122,1.841124661,3.222685071,0.002339151,0.046477905,0.04089499,clasp1a/exoc7/exoc5/fermt2/spire2/dbn1/arhgap32b/fryl/fnbp1a/exoc6/myo10l1/macf1a/hip1/fnbp1b/antxr2a/rims1a/exoc1/clta/clip1a/pard3ab/pcloa/clasp2/dbnlb/phldb2b/trip10a,25
BP,GO:0045921,positive regulation of exocytosis,5/1425,15/21022,0.333333333,4.917426901,4.092642737,0.002402937,0.111047218,0.105198481,ptbp1a/cadpsb/cadpsa/cacna1ha/cacna1ia,5
MF,GO:0005261,monoatomic cation channel activity,42/1377,401/20660,0.104738155,1.571452632,3.088003179,0.002494285,0.050259833,0.045094039,scn1lab/cacnb4b/ryr2b/tmem63c/hcn4/chrna11/trpc6a/tmem38a/ryr3/trpc1/kcnh2a/atp6v1ab/nalcn/cacna1aa/kcnma1a/kcnh7/mcoln1b/kcnk6/cacna1da/trpc4b/slc24a3/tmem63ba/kcnq5a/cacna1ha/kcnn2/trpm7/scn8ab/scn8aa/asic4a/kcnt2b/cacna1ab/trpm3/kcnt1b/tmem175/cacna1ia/asic1c/cacna1eb/snap25a/chrnb5a/itpr1b/cacng2a/asic2,42
BP,GO:0036465,synaptic vesicle recycling,10/1425,53/21022,0.188679245,2.783449189,3.505493269,0.002652024,0.120581548,0.114230648,si:ch211-200p22.4/dnm1b/sh3gl3a/picalma/sh3gl2a/snap91a/dnm3a/itsn1/nlgn3a/snap91b,10
MF,GO:0099529,neurotransmitter receptor activity involved in regulation of postsynaptic membrane potential,12/1377,72/20660,0.166666667,2.50060518,3.408473542,0.002707389,0.05195608,0.046615942,chrna11/gria4b/gria1a/grin2aa/grin3ba/gria1b/gria3b/grin2bb/gria2b/chrnb5a/grid1a/si:ch211-251b21.1,12
MF,GO:1904315,transmitter-gated monoatomic ion channel activity involved in regulation of postsynaptic membrane potential,12/1377,72/20660,0.166666667,2.50060518,3.408473542,0.002707389,0.05195608,0.046615942,chrna11/gria4b/gria1a/grin2aa/grin3ba/gria1b/gria3b/grin2bb/gria2b/chrnb5a/grid1a/si:ch211-251b21.1,12
BP,GO:0035329,hippo signaling,8/1425,37/21022,0.216216216,3.189682314,3.594734401,0.002875615,0.126661864,0.11999072,stk3/amot/wwc1/adgrl2a/yap1/frmd6/tead3b/slmapa,8
BP,GO:0045197,establishment or maintenance of epithelial cell apical/basal polarity,8/1425,37/21022,0.216216216,3.189682314,3.594734401,0.002875615,0.126661864,0.11999072,epb41l5/jag2b/lrrc7/myo9aa/dlg1b/traf4a/pard3ab/dlg3,8
MF,GO:0003729,mRNA binding,36/1377,333/20660,0.108108108,1.622014171,3.057877403,0.002903635,0.05276177,0.047338822,ptbp1a/aqr/cdc40/rbms3/msi2b/hnrnpl2/ddx3xb/ncbp3/casc3/celf3a/zgc:158803/samd4a/hnrnpl/ddx17/celf2/ythdc1/znf638/msi1b/rbpms2b/pabpc1a/ddx3xa/ptbp2b/cpeb3/khdrbs2/lrpprc/rbms1a/ilf3b/n4bp1/pcbp4/pcbp2/ythdf1/atxn2/hnrpkl/nudt21/fubp1/srsf7a,36
MF,GO:0015171,amino acid transmembrane transporter activity,20/1377,153/20660,0.130718954,1.961258965,3.189109052,0.00294105,0.05276177,0.047338822,slc25a22a/gria4b/slc38a6/slc6a22.1/slc25a26/gria1a/slc3a2b/slc6a6a/slc6a1b/grin2aa/slc17a6a/grin3ba/grin1b/gria1b/gria3b/grin2bb/slc7a11/gria2b/slc7a5/si:ch211-251b21.1,20
CC,GO:0005891,voltage-gated calcium channel complex,8/1440,38/21740,0.210526316,3.178362573,3.579522477,0.00297475,0.052385085,0.0460926,cacnb4b/cacna1aa/cacna1da/cacna1ha/cacna1ab/cacna1ia/cacna1eb/cacng2a,8
MF,GO:0005545,1-phosphatidylinositol binding,4/1377,10/20660,0.4,6.001452433,4.227371664,0.002979457,0.05276177,0.047338822,si:ch211-200p22.4/picalma/snap91a/snap91b,4
CC,GO:0008328,ionotropic glutamate receptor complex,10/1440,55/21740,0.181818182,2.744949495,3.450940738,0.002980333,0.052385085,0.0460926,gria4b/gria1a/grin2aa/grin1b/gria1b/gria3b/grin2bb/gria2b/cacng2a/si:ch211-251b21.1,10
CC,GO:0098878,neurotransmitter receptor complex,10/1440,55/21740,0.181818182,2.744949495,3.450940738,0.002980333,0.052385085,0.0460926,gria4b/gria1a/grin2aa/grin1b/gria1b/gria3b/grin2bb/gria2b/cacng2a/si:ch211-251b21.1,10
MF,GO:0099095,ligand-gated monoatomic anion channel activity,7/1377,30/20660,0.233333333,3.500847252,3.662962708,0.003011218,0.05276177,0.047338822,gabrg2/gabrg1/ttyh3b/ttyh2/ttyh1/ttyh2l/glrbb,7
BP,GO:0061548,ganglion development,5/1425,16/21022,0.3125,4.610087719,3.895340151,0.00330185,0.138119019,0.13084444,ryr3/reck/kif1b/cdh6/mib1,5
BP,GO:0072329,monocarboxylic acid catabolic process,13/1425,82/21022,0.158536585,2.338776209,3.275411696,0.003356986,0.138119019,0.13084444,ldhd/zgc:85777/acox3/decr1/lpin1a/acadm/ech1/acaa1/phyh/acot7/acad11/hsd17b4/abhd3,13
BP,GO:0051668,localization within membrane,41/1425,389/21022,0.105398458,1.554867632,2.978669541,0.003358165,0.138119019,0.13084444,efr3bb/camk2g1/ank3a/stxbp5b/gphna/exoc5/stxbp5a/shisa7b/c2cd5/arhgap44a/exoc6/camk2b1/lrrc7/dennd1a/prkcz/rab11fip4a/cnstb/ank2b/pex26/zdhhc14/si:ch211-126j24.1/golga7/exoc1/arfrp1/grip1/zdhhc7/dlg1b/smo/mffa/vps50/pacs1a/efr3a/zdhhc18a/camk2g2/dlg3/zgc:113278/nsfa/camk2d2/gpc1b/cacng2a/gpc5b,41
BP,GO:0035088,establishment or maintenance of apical/basal cell polarity,8/1425,38/21022,0.210526316,3.105743306,3.503421656,0.003429703,0.138119019,0.13084444,epb41l5/jag2b/lrrc7/myo9aa/dlg1b/traf4a/pard3ab/dlg3,8
BP,GO:0061245,establishment or maintenance of bipolar cell polarity,8/1425,38/21022,0.210526316,3.105743306,3.503421656,0.003429703,0.138119019,0.13084444,epb41l5/jag2b/lrrc7/myo9aa/dlg1b/traf4a/pard3ab/dlg3,8
BP,GO:0072583,clathrin-dependent endocytosis,8/1425,38/21022,0.210526316,3.105743306,3.503421656,0.003429703,0.138119019,0.13084444,si:ch211-200p22.4/picalma/clta/snap91a/itsn1/gak/snap91b/bmp2k,8
CC,GO:0030136,clathrin-coated vesicle,14/1440,94/21740,0.14893617,2.248522459,3.230907073,0.003490074,0.059072737,0.051976933,atp6v0a1b/si:ch211-200p22.4/sh3bp4a/dennd1a/aftpha/hip1/picalma/epn3a/clta/snap91a/epn1a/dbnlb/gak/snap91b,14
BP,GO:0009062,fatty acid catabolic process,12/1425,73/21022,0.164383562,2.425032444,3.288848406,0.003497874,0.138880375,0.131565696,zgc:85777/acox3/decr1/lpin1a/acadm/ech1/acaa1/phyh/acot7/acad11/hsd17b4/abhd3,12
CC,GO:0030135,coated vesicle,21/1440,168/21740,0.125,1.887152778,3.074403459,0.003747737,0.061168417,0.05382088,sec24c/atp6v0a1b/si:ch211-200p22.4/sh3bp4a/dennd1a/klhl12/aftpha/hip1/sec31a/picalma/epn3a/ergic3/srebf2/clta/slc30a5/snap91a/epn1a/dbnlb/gak/snap91b/copz1,21
BP,GO:0035249,"synaptic transmission, glutamatergic",14/1425,93/21022,0.150537634,2.220773439,3.181571069,0.003882214,0.151999471,0.143993823,gria4b/gria1a/grin2aa/slc17a6a/grin3ba/gria1b/gria3b/grm8b/drd2a/grin2bb/gria2b/grid1a/cacng2a/si:ch211-251b21.1,14
BP,GO:0035418,protein localization to synapse,7/1425,31/21022,0.225806452,3.331160158,3.502480424,0.00403083,0.155656301,0.147458051,tjp1b/arhgap44a/lrrc7/grip1/dlg1b/pcloa/dlg3,7
BP,GO:0043604,amide biosynthetic process,19/1425,145/21022,0.131034483,1.933057471,3.040168622,0.004312776,0.164293443,0.155640285,tlcd3ba/pdk4/st3gal1l3/dlat/pm20d1.2/acsl1a/ugt8/acaca/pla2g6/cers3a/smpd4/pdk2a/ugcg/cers5/acacb/b4galt5/cers6/acss2/ass1,19
MF,GO:0098631,cell adhesion mediator activity,8/1377,40/20660,0.2,3.000726216,3.384602302,0.004317608,0.072977152,0.065476431,nrcama/robo3/nexn/nfasca/cntn3a.2/dscaml1/dscama/nfasca,8
BP,GO:0097553,calcium ion transmembrane import into cytosol,12/1425,75/21022,0.16,2.360364912,3.18247103,0.004388977,0.164967027,0.156278392,ryr2b/tmem38a/ryr3/cacna1aa/plcb3/ryk/cacna1da/slc8a1b/cacna1ab/cacna1eb/plch1/itpr1b,12
MF,GO:0008187,poly-pyrimidine tract binding,4/1377,11/20660,0.363636364,5.455865848,3.950146975,0.004436576,0.072977152,0.065476431,rbms3/pabpc1a/u2af2b/rbms1a,4
MF,GO:0050291,sphingosine N-acyltransferase activity,4/1377,11/20660,0.363636364,5.455865848,3.950146975,0.004436576,0.072977152,0.065476431,tlcd3ba/cers3a/cers5/cers6,4
BP,GO:0006892,post-Golgi vesicle-mediated transport,11/1425,66/21022,0.166666667,2.45871345,3.200568174,0.004550517,0.168788267,0.159898371,stxbp5b/exoc5/stxbp5a/exoc6/cnstb/golga7/exoc1/arfrp1/vps54/dop1a/nsfa,11
CC,GO:0000123,histone acetyltransferase complex,13/1440,87/21740,0.149425287,2.255906769,3.126158531,0.004652523,0.073317352,0.064510488,kansl1l/dmap1/epc1a/kansl1a/kansl3/brd8a/taf6l/brd1a/atxn7l3a/kat7a/mrgbp/kat8/phf20b,13
BP,GO:0016203,muscle attachment,4/1425,11/21022,0.363636364,5.36446571,3.904301871,0.004716031,0.172655737,0.163562146,lama4/dmd/postnb/cemip2,4
MF,GO:0140993,histone modifying activity,21/1377,171/20660,0.122807018,1.842551186,2.956434661,0.00493983,0.079630062,0.071445544,kmt2bb/kdm6a/dmap1/kdm5bb/prmt3/hdac4/prmt7/kdm2ba/kmt2ca/setd4/ash1l/kdm4ab/ezh1/hdac5/kat7a/kat14/cdk10/kdm5c/clocka/kat8/riox2,21
BP,GO:0015698,inorganic anion transport,19/1425,147/21022,0.129251701,1.90675737,2.974923766,0.005011584,0.177258385,0.167922378,gabrg2/gabrg1/slc5a5/xpr1a/slc12a7b/slc12a2/ttyh3b/slc17a6a/ttyh2/clcn2b/gabrb4/slc37a4b/ttyh1/gabrd/ttyh2l/glrbb/slc26a11/slc25a3b/clcn2a,19
CC,GO:0098533,ATPase dependent transmembrane transport complex,9/1440,50/21740,0.18,2.7175,3.238209781,0.005082628,0.075291051,0.066247107,atp6v0a1b/atp1b3a/atp6v1ab/atp6v0a2a/abcg2a/atp6ap1lb/atp6ap1a/atp6v0a2b/atp6v1h,9
BP,GO:0008610,lipid biosynthetic process,47/1425,471/21022,0.099787686,1.472095951,2.79423914,0.005111636,0.177258385,0.167922378,efr3bb/tlcd3ba/tle3a/st3gal1l3/lss/pip5k1ca/impa1/pip4k2aa/acsl1a/ugt8/gpat3/tecrb/prkag2b/pi4kb/acaca/dgat1a/hacd3/apc/pla2g6/cdipt/gal3st4/lpin1a/dgkaa/cers3a/srebf2/slc30a5/cds1/mogat2/smpd4/agps/dpm1/pigv/hmgcll1/gbgt1l4/pcyt2/fdxr/ugcg/cers5/acacb/samhd1/b4galt5/etnk2/cers6/prkaa1/abhd3/sccpdha.1/st3gal5,47
BP,GO:0009101,glycoprotein biosynthetic process,31/1425,281/21022,0.110320285,1.627475807,2.855450408,0.00516771,0.177258385,0.167922378,pomt2/tmtc2a/necab2/st3gal1l3/uggt2/gxylt1b/alg6/st6gal1/tmtc4/b4galt1l/alg1/mgat4b/zgc:92907/dpagt1/tmtc1/galnt18b/fam20b/dpm1/galnt1/aars2/stt3b/pmm2/pomt1/rpn2/b4galt5/st6gal2a/tmtc2a/st3gal3b/st8sia5/fktn/st3gal5,31
CC,GO:0045178,basal part of cell,19/1440,151/21740,0.125827815,1.899650478,2.954602317,0.005259193,0.075291051,0.066247107,clasp1a/slco1c1/caska/slc4a10a/slc3a2b/lrrc7/abcc1/slc12a2/cacna1da/slco1e1/dlg1b/slc4a8/clcn2b/slc16a3a/dlg3/slc39a14/clasp2/phldb2b/clcn2a,19
BP,GO:0050804,modulation of chemical synaptic transmission,23/1425,191/21022,0.120418848,1.77645265,2.906805161,0.005274572,0.177258385,0.167922378,camk2g1/shisa7b/gria4b/caska/gria1a/nalcn/camk2b1/grin2aa/rims1a/grin3ba/gria1b/gria3b/grm8b/trpm7/drd2a/grin2bb/camk2g2/gria2b/nlgn3a/camk2d2/grid1a/cacng2a/si:ch211-251b21.1,23
BP,GO:0099177,regulation of trans-synaptic signaling,23/1425,191/21022,0.120418848,1.77645265,2.906805161,0.005274572,0.177258385,0.167922378,camk2g1/shisa7b/gria4b/caska/gria1a/nalcn/camk2b1/grin2aa/rims1a/grin3ba/gria1b/gria3b/grm8b/trpm7/drd2a/grin2bb/camk2g2/gria2b/nlgn3a/camk2d2/grid1a/cacng2a/si:ch211-251b21.1,23
CC,GO:1904949,ATPase complex,16/1440,119/21740,0.134453782,2.029878618,3.000368811,0.005278837,0.075291051,0.066247107,atp6v0a1b/smarcc1b/dmap1/smarce1/smarcb1b/atp6v1ab/pole3/atp6v0a2a/chd3/chd5/smarca4a/atp6ap1lb/atp6ap1a/atp6v0a2b/atp6v1h/suz12b,16
MF,GO:0022839,monoatomic ion-gated channel activity,5/1377,18/20660,0.277777778,4.167675301,3.592819021,0.005380672,0.083570503,0.074980979,tmem63c/kcnma1a/tmem63ba/kcnn2/kcnt1b,5
MF,GO:0050660,flavin adenine dinucleotide binding,14/1377,98/20660,0.142857143,2.143375869,3.031821999,0.005391645,0.083570503,0.074980979,aox6/ldhd/zgc:85777/porb/acox3/aifm4/ero1a/acadm/mtrr/agps/dhcr24/mthfr/mical3a/acad11,14
BP,GO:0010038,response to metal ion,12/1425,77/21022,0.155844156,2.299056733,3.079446195,0.005453119,0.177258385,0.167922378,entpd1/tcf7l2/cpne4b/slc25a24/abcc1/slc30a5/baxa/mtf1/atp13a2/cpne1/khk/cpne2,12
BP,GO:0010669,epithelial structure maintenance,6/1425,25/21022,0.24,3.540547368,3.427346387,0.00555785,0.177258385,0.167922378,tcf7l2/ptbp1a/cracd/mllt10/cdipt/fras1,6
BP,GO:0045022,early endosome to late endosome transport,6/1425,25/21022,0.24,3.540547368,3.427346387,0.00555785,0.177258385,0.167922378,map2k1/becn1/aktip/msnb/map2k2a/hook1,6
BP,GO:0098927,vesicle-mediated transport between endosomal compartments,6/1425,25/21022,0.24,3.540547368,3.427346387,0.00555785,0.177258385,0.167922378,map2k1/becn1/aktip/msnb/map2k2a/hook1,6
BP,GO:0050801,monoatomic ion homeostasis,36/1425,341/21022,0.105571848,1.557425529,2.798450301,0.005582111,0.177258385,0.167922378,atp6v0a1b/ryr2b/wnk1a/trpc6a/tmem38a/ryr3/cherp/trpc1/slc12a7b/micu3a/atp1b3a/htt/wnk2/plcb3/ryk/micu1/atp6v0a2a/slc12a2/trpc4b/slc24a3/asph/slc4a8/slc30a5/trpm7/stc2a/fyna/atp13a2/atp6ap1lb/atp6ap1a/tmem175/slc39a14/atp6v0a2b/ca5a/plch1/itpr1b/atp2b3a,36
BP,GO:0007586,digestion,8/1425,41/21022,0.195121951,2.878493795,3.246593564,0.005596309,0.177258385,0.167922378,tcf7l2/ptbp1a/tfap2b/cracd/mllt10/cdipt/flna/shank3b,8
BP,GO:0097120,receptor localization to synapse,8/1425,41/21022,0.195121951,2.878493795,3.246593564,0.005596309,0.177258385,0.167922378,gphna/arhgap44a/lrrc7/grip1/dlg1b/kif5c/dlg3/cacng2a,8
CC,GO:0031248,protein acetyltransferase complex,14/1440,99/21740,0.141414141,2.134960718,3.014482547,0.005601522,0.075291051,0.066247107,kansl1l/dmap1/epc1a/kansl1a/kansl3/brd8a/taf6l/brd1a/naa25/atxn7l3a/kat7a/mrgbp/kat8/phf20b,14
CC,GO:1902493,acetyltransferase complex,14/1440,99/21740,0.141414141,2.134960718,3.014482547,0.005601522,0.075291051,0.066247107,kansl1l/dmap1/epc1a/kansl1a/kansl3/brd8a/taf6l/brd1a/naa25/atxn7l3a/kat7a/mrgbp/kat8/phf20b,14
BP,GO:0048268,clathrin coat assembly,5/1425,18/21022,0.277777778,4.09785575,3.545567526,0.00578197,0.18110414,0.171565581,si:ch211-200p22.4/hip1/picalma/snap91a/snap91b,5
MF,GO:0005262,calcium channel activity,17/1377,130/20660,0.130769231,1.962013295,2.940306425,0.005801037,0.088219543,0.079152182,cacnb4b/ryr2b/trpc6a/ryr3/trpc1/cacna1aa/mcoln1b/cacna1da/trpc4b/slc24a3/cacna1ha/trpm7/cacna1ab/cacna1ia/cacna1eb/itpr1b/cacng2a,17
BP,GO:0043484,regulation of RNA splicing,17/1425,128/21022,0.1328125,1.959287281,2.935500764,0.005857016,0.181438775,0.171882591,ptbp1a/hnrnpl2/mbnl2/cirbpb/celf3a/mbnl3/hnrnpl/celf2/ythdc1/hnrnph3/znf638/clk4a/ptbp2b/khdrbs2/hnrnph1/pcbp4/hnrpkl,17
CC,GO:0000407,phagophore assembly site,6/1440,26/21740,0.230769231,3.483974359,3.375334932,0.00609959,0.079643223,0.070076497,atg13/atg16l1/wdr45b/becn1/wdr45/wipi1,6
BP,GO:0032880,regulation of protein localization,15/1425,108/21022,0.138888889,2.048927875,2.946987371,0.006176119,0.186037781,0.176239372,camk2g1/c2cd2l/c2cd5/uhmk1/nkd1/camk2b1/cnstb/adcyap1b/zdhhc7/mffa/msnb/camk2g2/camk2d2/gpc1b/gpc5b,15
BP,GO:0006873,intracellular monoatomic ion homeostasis,30/1425,273/21022,0.10989011,1.621129747,2.785507867,0.006203459,0.186037781,0.176239372,atp6v0a1b/ryr2b/trpc6a/tmem38a/ryr3/cherp/trpc1/micu3a/atp1b3a/htt/plcb3/ryk/micu1/atp6v0a2a/trpc4b/slc24a3/asph/slc4a8/slc30a5/stc2a/fyna/atp13a2/atp6ap1lb/atp6ap1a/tmem175/slc39a14/atp6v0a2b/plch1/itpr1b/atp2b3a,30
BP,GO:0030003,intracellular monoatomic cation homeostasis,30/1425,273/21022,0.10989011,1.621129747,2.785507867,0.006203459,0.186037781,0.176239372,atp6v0a1b/ryr2b/trpc6a/tmem38a/ryr3/cherp/trpc1/micu3a/atp1b3a/htt/plcb3/ryk/micu1/atp6v0a2a/trpc4b/slc24a3/asph/slc4a8/slc30a5/stc2a/fyna/atp13a2/atp6ap1lb/atp6ap1a/tmem175/slc39a14/atp6v0a2b/plch1/itpr1b/atp2b3a,30
MF,GO:0004972,NMDA glutamate receptor activity,4/1377,12/20660,0.333333333,5.001210361,3.704907157,0.006306895,0.094136252,0.084460762,grin2aa/grin3ba/grin1b/grin2bb,4
MF,GO:0008514,organic anion transmembrane transporter activity,32/1377,302/20660,0.105960265,1.589788724,2.759095284,0.006438066,0.094346925,0.084649781,slc25a22a/slco1c1/gria4b/slc35b3/slc38a6/slc6a22.1/slc25a24/slc25a26/gria1a/slc3a2b/abcc1/slc6a6a/slc6a1b/abcg2a/grin2aa/slc17a6a/slc23a1/slco1e1/grin3ba/grin1b/gria1b/slc4a8/gria3b/slc37a4b/grin2bb/slc7a11/gria2b/slc16a3a/sfxn5b/slc7a5/slc16a6b/si:ch211-251b21.1,32
BP,GO:0031503,protein-containing complex localization,16/1425,119/21022,0.134453782,1.983499926,2.901234439,0.006553097,0.194454535,0.184212825,dzip1/gphna/npm1a/epb41l5/ttc21b/ift88/mak/dync2h1/arhgap44a/lrrc7/rcc2/grip1/dlg1b/kif5c/dlg3/cacng2a,16
BP,GO:0098876,vesicle-mediated transport to the plasma membrane,15/1425,109/21022,0.137614679,2.030130372,2.907612947,0.006725113,0.196022829,0.185698518,stxbp5b/exoc5/stxbp5a/arhgap44a/exoc6/lrrc7/dennd1a/rab11fip4a/cnstb/golga7/exoc1/arfrp1/grip1/vps50/nsfa,15
BP,GO:0006900,vesicle budding from membrane,9/1425,51/21022,0.176470588,2.603343653,3.091302157,0.006745021,0.196022829,0.185698518,sec24c/si:ch211-200p22.4/dnm1b/klhl12/sec31a/picalma/snap91a/dnm3a/snap91b,9
BP,GO:0071248,cellular response to metal ion,6/1425,26/21022,0.230769231,3.40437247,3.307953991,0.006818004,0.196121968,0.185792436,cpne4b/slc25a24/mtf1/atp13a2/cpne1/cpne2,6
MF,GO:0008143,poly(A) binding,5/1377,19/20660,0.263157895,3.948323969,3.435745244,0.006907352,0.099416527,0.089198321,rbms3/pan3/pabpc1a/khdrbs2/rbms1a,5
BP,GO:0006820,monoatomic anion transport,19/1425,152/21022,0.125,1.844035088,2.816179888,0.007172896,0.202203926,0.191554064,gabrg2/gabrg1/slc4a10a/slc5a5/slc12a7b/zgc:56235/slc12a2/ttyh3b/slc17a6a/ttyh2/slc4a8/clcn2b/gabrb4/ttyh1/gabrd/ttyh2l/glrbb/slc26a11/clcn2a,19
BP,GO:0006874,intracellular calcium ion homeostasis,19/1425,152/21022,0.125,1.844035088,2.816179888,0.007172896,0.202203926,0.191554064,ryr2b/trpc6a/tmem38a/ryr3/cherp/trpc1/micu3a/plcb3/ryk/micu1/trpc4b/slc24a3/asph/stc2a/fyna/atp13a2/plch1/itpr1b/atp2b3a,19
BP,GO:0046467,membrane lipid biosynthetic process,17/1425,131/21022,0.129770992,1.914418106,2.831001974,0.007374887,0.205839673,0.19499832,tlcd3ba/st3gal1l3/ugt8/hacd3/pla2g6/gal3st4/cers3a/slc30a5/smpd4/dpm1/pigv/ugcg/cers5/b4galt5/cers6/sccpdha.1/st3gal5,17
MF,GO:0035591,signaling adaptor activity,11/1377,72/20660,0.152777778,2.292221415,2.935150806,0.007836227,0.108361581,0.097223986,shank2b/mapk8ip1a/mapk8ip2/mapk8ip3/si:dkey-172h23.2/abi3a/si:dkey-17m8.1/shank3b/traf4a/socs7/abi1a,11
MF,GO:0071949,FAD binding,8/1377,44/20660,0.181818182,2.727932924,3.066093063,0.007862337,0.108361581,0.097223986,aox6/ldhd/acox3/ero1a/agps/dhcr24/mthfr/mical3a,8
MF,GO:0016706,2-oxoglutarate-dependent dioxygenase activity,12/1377,82/20660,0.146341463,2.195653329,2.898978133,0.007932175,0.108361581,0.097223986,p4ha1a/kdm6a/tet2/hif1an/kdm5bb/asph/kdm2ba/phyh/kdm4ab/p4ha1b/kdm5c/riox2,12
BP,GO:0046486,glycerolipid metabolic process,30/1425,278/21022,0.107913669,1.591972738,2.679274276,0.00797141,0.220307897,0.208704518,efr3bb/gpcpd1/pip5k1ca/pikfyve/impa1/pip4k2aa/gpat3/pi4kb/dgat1a/plcb3/pla2g6/cdipt/lpin1a/dgki/dgkaa/slc30a5/cds1/lpgat1/mogat2/smpd4/dpm1/pigv/inpp5l/pcyt2/dgkh/inpp5e/etnk2/abhd3/plch1/mtmr11,30
BP,GO:0061951,establishment of protein localization to plasma membrane,7/1425,35/21022,0.2,2.95045614,3.114112887,0.008137753,0.222103631,0.210405673,arhgap44a/lrrc7/cnstb/golga7/arfrp1/grip1/nsfa,7
BP,GO:0006397,mRNA processing,40/1425,398/21022,0.100502513,1.482641277,2.621312926,0.008257086,0.222103631,0.210405673,snrpa1/ptbp1a/aqr/cdc40/srpk1a/hnrnpl2/elavl4/rnpc3/pan3/ncbp3/casc3/cirbpb/celf3a/zgc:158803/hnrnpl/hnrnpul1l/ddx17/celf2/prmt7/ythdc1/rbm17/rbm6/gpatch1/ptcd2/pabpc1a/u2af2b/tent2/sf3b3/ptbp2b/khdrbs2/rbm5/ilf3b/pcbp4/txnl4a/rpusd4/hnrpkl/nudt21/ddx46/srsf7a/srpk1b,40
BP,GO:0043113,receptor clustering,6/1425,27/21022,0.222222222,3.2782846,3.194267179,0.00827275,0.222103631,0.210405673,gphna/shisa7b/lrrc7/dlg1b/smo/dlg3,6
CC,GO:0016010,dystrophin-associated glycoprotein complex,4/1440,13/21740,0.307692308,4.645299145,3.501531004,0.00844962,0.101975396,0.089726134,dmd/sgce/sgcb/sgcd,4
CC,GO:0090665,glycoprotein complex,4/1440,13/21740,0.307692308,4.645299145,3.501531004,0.00844962,0.101975396,0.089726134,dmd/sgce/sgcb/sgcd,4
CC,GO:0034703,cation channel complex,22/1440,192/21740,0.114583333,1.729890046,2.70556256,0.008557997,0.101975396,0.089726134,scn1lab/cacnb4b/ryr2b/hcn4/trpc6a/dpp6a/ryr3/trpc1/micu3a/cacna1aa/micu1/cacna1da/trpc4b/kcnq5a/cacna1ha/scn8ab/scn8aa/kcnip2/cacna1ab/cacna1ia/cacna1eb/cacng2a,22
MF,GO:0035255,ionotropic glutamate receptor binding,4/1377,13/20660,0.307692308,4.616501871,3.485509002,0.00863483,0.113263891,0.101622428,shank2b/dlg1b/shank3b/dlg3,4
MF,GO:0051117,ATPase binding,4/1377,13/20660,0.307692308,4.616501871,3.485509002,0.00863483,0.113263891,0.101622428,atp6v0a1b/atp6v0a2a/pex26/atp6v0a2b,4
CC,GO:0090533,cation-transporting ATPase complex,8/1440,45/21740,0.177777778,2.683950617,3.011679754,0.008702495,0.101975396,0.089726134,atp6v0a1b/atp1b3a/atp6v1ab/atp6v0a2a/atp6ap1lb/atp6ap1a/atp6v0a2b/atp6v1h,8
MF,GO:0008331,high voltage-gated calcium channel activity,5/1377,20/20660,0.25,3.750907771,3.289050175,0.008712607,0.113263891,0.101622428,cacnb4b/cacna1aa/cacna1da/cacna1ab/cacna1eb,5
BP,GO:0048193,Golgi vesicle transport,25/1425,222/21022,0.112612613,1.661292872,2.671025186,0.008740416,0.232445581,0.220202924,sec24c/cog7/stxbp5b/exoc5/stxbp5a/spire2/zw10/cog6/exoc6/klhl12/cnstb/cog3/sec31a/cog4/trappc4/golga7/exoc1/arfrp1/ergic3/vps54/dop1a/sec22a/mia3/copz1/nsfa,25
MF,GO:0015085,calcium ion transmembrane transporter activity,19/1377,158/20660,0.120253165,1.804234117,2.711734954,0.009038745,0.115638549,0.103753015,cacnb4b/ryr2b/trpc6a/ryr3/trpc1/cacna1aa/mcoln1b/cacna1da/trpc4b/slc24a3/cacna1ha/trpm7/slc8a1b/cacna1ab/cacna1ia/cacna1eb/itpr1b/cacng2a/atp2b3a,19
BP,GO:0060729,intestinal epithelial structure maintenance,4/1425,13/21022,0.307692308,4.539163293,3.441984486,0.00916177,0.237794428,0.225270053,tcf7l2/ptbp1a/mllt10/cdipt,4
BP,GO:0061001,regulation of dendritic spine morphogenesis,4/1425,13/21022,0.307692308,4.539163293,3.441984486,0.00916177,0.237794428,0.225270053,dbn1/arhgap44a/tanc2a/dbnlb,4
BP,GO:0044093,positive regulation of molecular function,17/1425,134/21022,0.126865672,1.871557999,2.729226535,0.009194605,0.237794428,0.225270053,fli1/arhgap44a/tiam1a/si:dkey-191g9.5/arhgap17a/rap1gds1/myo9aa/hip1/becn1/tsc2/si:dkey-33c9.6/ralgapa2/traf4a/baxa/ube2s/chn1/hdr,17
BP,GO:0031399,regulation of protein modification process,15/1425,113/21022,0.132743363,1.95826735,2.754219847,0.009324075,0.238950622,0.226365351,prkg1b/yes1/aida/zfyve28/vegfaa/usp44/smo/traf4a/fyna/ube2s/ccny/n4bp1/mib2/mib1/fktn,15
BP,GO:0008045,motor neuron axon guidance,10/1425,63/21022,0.158730159,2.341631857,2.875793383,0.009426002,0.239386472,0.226778246,ppp1r12a/hif1ab/nrp1a/vegfaa/nrxn2a/scn8aa/chn1/kif1b/stat3/col15a1b,10
BP,GO:0072114,pronephros morphogenesis,7/1425,36/21022,0.194444444,2.868499025,3.02564948,0.009524219,0.239721195,0.227095339,camk2g1/bbs5/pi4kb/hdac4/nek8/camk2g2/hdac5,7
BP,GO:0016197,endosomal transport,25/1425,224/21022,0.111607143,1.6464599,2.6229749,0.009741783,0.241497187,0.228777791,zgc:162698/reps1/map2k1/vps16/tbc1d5/arhgap44a/chmp3/washc4/lrrc7/dennd1a/rab11fip4a/washc2c/becn1/heatr5b/zgc:153184/aktip/grip1/vps50/msnb/vps54/map2k2a/itsn1/vps4b/hook1/dennd5a,25
CC,GO:0033176,proton-transporting V-type ATPase complex,7/1440,37/21740,0.189189189,2.856231231,3.009719767,0.009821019,0.112205143,0.098727086,atp6v0a1b/atp6v1ab/atp6v0a2a/atp6ap1lb/atp6ap1a/atp6v0a2b/atp6v1h,7
BP,GO:0001508,action potential,13/1425,93/21022,0.139784946,2.062146765,2.768159357,0.009836898,0.241497187,0.228777791,scn1lab/cdkl5/kcnh2a/depdc5/kcnh7/tsc2/cacna1ha/scn8ab/scn8aa/sv2a/slmapa/cacna1ia/tmem161b,13
BP,GO:0051047,positive regulation of secretion,6/1425,28/21022,0.214285714,3.161203008,3.085789553,0.009937451,0.241497187,0.228777791,ptbp1a/c2cd2l/cadpsb/cadpsa/cacna1ha/cacna1ia,6
BP,GO:1903532,positive regulation of secretion by cell,6/1425,28/21022,0.214285714,3.161203008,3.085789553,0.009937451,0.241497187,0.228777791,ptbp1a/c2cd2l/cadpsb/cadpsa/cacna1ha/cacna1ia,6
MF,GO:0032934,sterol binding,9/1377,55/20660,0.163636364,2.455139632,2.887579978,0.009972391,0.125589805,0.112681463,osbpl6/osbpl1a/osbpl3b/osbpl5/osbpl9/smo/prom1a/osbp/osbpl11,9
MF,GO:0098960,postsynaptic neurotransmitter receptor activity,13/1377,95/20660,0.136842105,2.053128464,2.749242912,0.010234052,0.126902242,0.113859006,chrna11/gria4b/gria1a/grin2aa/grin3ba/gria1b/gria3b/drd2a/grin2bb/gria2b/chrnb5a/grid1a/si:ch211-251b21.1,13
BP,GO:1902532,negative regulation of intracellular signal transduction,25/1425,225/21022,0.111111111,1.6391423,2.599128769,0.010276353,0.244701109,0.231812966,mapkbp1/dusp8a/sh3bp4a/adgrl2a/kcnh2a/deptor/aida/spred1/arhgap44a/depdc5/si:dkey-237i9.1/arhgap17a/tnip1/chuk/mgrn1b/tsc2/pde11a/arnt/tp53bp2b/akt1s1/slmapa/mkrn2/dusp7/araf/prkaa1,25
BP,GO:0055082,intracellular chemical homeostasis,32/1425,307/21022,0.104234528,1.537697011,2.559196678,0.010280274,0.244701109,0.231812966,atp6v0a1b/ryr2b/abcc8/trpc6a/c2cd2l/tmem38a/ryr3/cherp/trpc1/micu3a/atp1b3a/htt/plcb3/ryk/micu1/atp6v0a2a/trpc4b/slc24a3/asph/slc4a8/slc30a5/stc2a/fyna/atp13a2/atp6ap1lb/atp6ap1a/tmem175/slc39a14/atp6v0a2b/plch1/itpr1b/atp2b3a,32
BP,GO:0009100,glycoprotein metabolic process,34/1425,331/21022,0.102719033,1.515340012,2.548334545,0.010329703,0.244701109,0.231812966,pomt2/man2a2/tmtc2a/necab2/st3gal1l3/uggt2/gxylt1b/alg6/st6gal1/tmtc4/b4galt1l/alg1/mgat4b/zgc:92907/cog4/prkcsh/dpagt1/tmtc1/galnt18b/fam20b/dpm1/galnt1/aars2/stt3b/pmm2/pomt1/rpn2/b4galt5/st6gal2a/tmtc2a/st3gal3b/st8sia5/fktn/st3gal5,34
BP,GO:0007033,vacuole organization,17/1425,136/21022,0.125,1.844035088,2.66281896,0.010594988,0.24889392,0.235784946,atg13/ubxn2a/vps16/pikfyve/atg16l1/wdr45b/becn1/aktip/wdr45/vps18/vps4b/snapin/wipi1/atp13a2/tmem175/atg4b/hook1,17
BP,GO:0072657,protein localization to membrane,32/1425,308/21022,0.103896104,1.532704488,2.539621823,0.010750777,0.249038029,0.235921465,efr3bb/camk2g1/ank3a/gphna/shisa7b/c2cd5/arhgap44a/camk2b1/lrrc7/prkcz/cnstb/ank2b/pex26/zdhhc14/si:ch211-126j24.1/golga7/arfrp1/grip1/zdhhc7/dlg1b/smo/mffa/pacs1a/efr3a/zdhhc18a/camk2g2/dlg3/zgc:113278/nsfa/camk2d2/gpc1b/gpc5b,32
BP,GO:0055080,monoatomic cation homeostasis,33/1425,320/21022,0.103125,1.521328947,2.534078121,0.010777808,0.249038029,0.235921465,atp6v0a1b/ryr2b/trpc6a/tmem38a/ryr3/cherp/trpc1/slc12a7b/micu3a/atp1b3a/htt/plcb3/ryk/micu1/atp6v0a2a/slc12a2/trpc4b/slc24a3/asph/slc4a8/slc30a5/trpm7/stc2a/fyna/atp13a2/atp6ap1lb/atp6ap1a/tmem175/slc39a14/atp6v0a2b/plch1/itpr1b/atp2b3a,33
MF,GO:0070717,poly-purine tract binding,5/1377,21/20660,0.238095238,3.572293115,3.151520195,0.010819175,0.132125083,0.118545033,rbms3/pan3/pabpc1a/khdrbs2/rbms1a,5
BP,GO:0099072,regulation of postsynaptic membrane neurotransmitter receptor levels,7/1425,37/21022,0.189189189,2.790972025,2.940183929,0.01107556,0.253014731,0.239688718,gphna/arhgap44a/lrrc7/grip1/dlg1b/dlg3/cacng2a,7
BP,GO:0042391,regulation of membrane potential,24/1425,215/21022,0.111627907,1.646766218,2.570402565,0.011129417,0.253014731,0.239688718,scn1lab/hcn4/chrna11/gabrg2/gabrg1/cdkl5/kcnh2a/depdc5/kcnh7/grin2aa/tsc2/grin1b/gabrb4/cacna1ha/scn8ab/scn8aa/grin2bb/sv2a/gabrd/glrbb/slmapa/cacna1ia/tmem161b/chrnb5a,24
BP,GO:0060560,developmental growth involved in morphogenesis,23/1425,204/21022,0.112745098,1.663247334,2.566908668,0.011404262,0.255317899,0.241870581,ppp1r12a/dbn1/robo3/cdkl5/nrp1a/ctnnd1/klhl12/myo10l1/mapk8ip3/myo9aa/ryk/katna1/gna13a/traf4a/nrxn2a/pard3ab/dscama/kif1b/grnb/stat3/casp9/smad2/dbnlb,23
BP,GO:0006650,glycerophospholipid metabolic process,25/1425,227/21022,0.110132159,1.624700518,2.551788372,0.011416862,0.255317899,0.241870581,efr3bb/gpcpd1/pip5k1ca/pikfyve/impa1/pip4k2aa/gpat3/pi4kb/plcb3/pla2g6/cdipt/dgkaa/slc30a5/cds1/lpgat1/smpd4/dpm1/pigv/inpp5l/pcyt2/inpp5e/etnk2/abhd3/plch1/mtmr11,25
BP,GO:0019725,cellular homeostasis,38/1425,382/21022,0.09947644,1.467504363,2.486576502,0.011503928,0.255317899,0.241870581,atp6v0a1b/ryr2b/abcc8/trpc6a/c2cd2l/tmem38a/ryr3/cherp/trpc1/slc12a7b/micu3a/atp1b3a/mtmr14/htt/plcb3/ryk/micu1/atp6v0a2a/slc12a2/trpc4b/slc24a3/asph/flncb/slc4a8/slc30a5/stc2a/fyna/ube2s/prdx4/atp13a2/atp6ap1lb/atp6ap1a/tmem175/slc39a14/atp6v0a2b/plch1/itpr1b/atp2b3a,38
BP,GO:0007214,gamma-aminobutyric acid signaling pathway,5/1425,21/21022,0.238095238,3.512447786,3.106175764,0.011593009,0.255317899,0.241870581,gabbr1b/shisa7b/gabrg2/gabrg1/foxp2,5
CC,GO:0030427,site of polarized growth,9/1440,57/21740,0.157894737,2.38377193,2.786090811,0.012073428,0.134574554,0.118409489,dbn1/elavl4/fryl/myo10l1/myo9aa/apc/snphb/dbnlb/gpm6aa,9
BP,GO:0032252,secretory granule localization,4/1425,14/21022,0.285714286,4.214937343,3.244766867,0.0121481,0.263233052,0.249368852,cadpsb/kif1aa/cadpsa/kif1b,4
BP,GO:0032253,dense core granule localization,4/1425,14/21022,0.285714286,4.214937343,3.244766867,0.0121481,0.263233052,0.249368852,cadpsb/kif1aa/cadpsa/kif1b,4
BP,GO:0036269,swimming behavior,14/1425,106/21022,0.132075472,1.948414432,2.639678847,0.012264825,0.263233052,0.249368852,scn1lab/dmd/nrcama/vps16/cdkl5/depdc5/myo9aa/kif2a/foxp2/syngap1b/disc1/sv2a/cacna1ab/samhd1,14
BP,GO:0006487,protein N-linked glycosylation,9/1425,56/21022,0.160714286,2.370902256,2.770014457,0.012419296,0.263233052,0.249368852,uggt2/alg6/b4galt1l/mgat4b/zgc:92907/dpagt1/dpm1/pmm2/rpn2,9
BP,GO:0031290,retinal ganglion cell axon guidance,9/1425,56/21022,0.160714286,2.370902256,2.770014457,0.012419296,0.263233052,0.249368852,dzip1/nrp1a/apc/tenm3/smo/rbpms2b/lamc1/ahi1/cdh11,9
MF,GO:0015108,chloride transmembrane transporter activity,17/1377,141/20660,0.120567376,1.808948428,2.575648613,0.012736695,0.153053183,0.137322106,gabrg2/gabrg1/slc12a7b/slc6a22.1/slc6a6a/slc12a2/slc6a1b/ttyh3b/slc17a6a/ttyh2/clcn2b/gabrb4/ttyh1/gabrd/ttyh2l/glrbb/clcn2a,17
BP,GO:0008038,neuron recognition,7/1425,38/21022,0.184210526,2.717525392,2.85752572,0.012802044,0.268717163,0.25456412,anos1a/robo3/nexn/nrp1a/cntn3a.2/dscaml1/dscama,7
MF,GO:0141052,histone H3 demethylase activity,6/1377,30/20660,0.2,3.000726216,2.930441079,0.012912675,0.153053183,0.137322106,kdm6a/kdm5bb/kdm2ba/kdm4ab/kdm5c/riox2,6
BP,GO:0009247,glycolipid biosynthetic process,10/1425,66/21022,0.151515152,2.235194046,2.710143483,0.012964006,0.268717163,0.25456412,st3gal1l3/ugt8/gal3st4/slc30a5/dpm1/pigv/ugcg/b4galt5/sccpdha.1/st3gal5,10
BP,GO:0046513,ceramide biosynthetic process,10/1425,66/21022,0.151515152,2.235194046,2.710143483,0.012964006,0.268717163,0.25456412,tlcd3ba/st3gal1l3/ugt8/pla2g6/cers3a/smpd4/ugcg/cers5/b4galt5/cers6,10
MF,GO:0035250,UDP-galactosyltransferase activity,5/1377,22/20660,0.227272727,3.409916155,3.022134486,0.013248421,0.153250767,0.137499382,ugt8/b4galt1l/aars2/b4galt5/colgalt1b,5
MF,GO:0046943,carboxylic acid transmembrane transporter activity,25/1377,234/20660,0.106837607,1.602952039,2.478753556,0.013406505,0.153250767,0.137499382,slc25a22a/gria4b/slc38a6/slc6a22.1/slc25a26/gria1a/slc3a2b/slc6a6a/slc6a1b/grin2aa/slc17a6a/slc23a1/slco1e1/grin3ba/grin1b/gria1b/gria3b/grin2bb/slc7a11/gria2b/slc16a3a/sfxn5b/slc7a5/slc16a6b/si:ch211-251b21.1,25
MF,GO:0015296,monoatomic anion:monoatomic cation symporter activity,7/1377,39/20660,0.179487179,2.692959425,2.827862633,0.013499757,0.153250767,0.137499382,slc5a5/slc12a7b/slc6a22.1/slc6a6a/slc12a2/slc6a1b/slc39a14,7
CC,GO:0019898,extrinsic component of membrane,17/1440,143/21740,0.118881119,1.79477467,2.539617612,0.013733282,0.149431187,0.131481546,si:ch211-200p22.4/trioa/apc/becn1/picalma/gnao1a/gnav1/mcf2a/gna13a/snap91a/pik3r1/cdh11/pik3r4/mcf2la/cdh6/snap91b/jupb,17
BP,GO:0001932,regulation of protein phosphorylation,9/1425,57/21022,0.157894737,2.329307479,2.709909358,0.013886342,0.28190145,0.267054006,prkg1b/yes1/aida/zfyve28/vegfaa/smo/traf4a/fyna/ccny,9
BP,GO:0019395,fatty acid oxidation,9/1425,57/21022,0.157894737,2.329307479,2.709909358,0.013886342,0.28190145,0.267054006,zgc:85777/acox3/decr1/acadm/ech1/acaa1/phyh/acad11/hsd17b4,9
BP,GO:0060341,regulation of cellular localization,17/1425,140/21022,0.121428571,1.791348371,2.533290571,0.013900072,0.28190145,0.267054006,camk2g1/map2k1/c2cd2l/c2cd5/uhmk1/nkd1/camk2b1/cnstb/adcyap1b/zdhhc7/mffa/msnb/map2k2a/camk2g2/camk2d2/gpc1b/gpc5b,17
MF,GO:0005342,organic acid transmembrane transporter activity,25/1377,235/20660,0.106382979,1.596130966,2.456003027,0.014084922,0.157672876,0.141466979,slc25a22a/gria4b/slc38a6/slc6a22.1/slc25a26/gria1a/slc3a2b/slc6a6a/slc6a1b/grin2aa/slc17a6a/slc23a1/slco1e1/grin3ba/grin1b/gria1b/gria3b/grin2bb/slc7a11/gria2b/slc16a3a/sfxn5b/slc7a5/slc16a6b/si:ch211-251b21.1,25
BP,GO:0006887,exocytosis,23/1425,208/21022,0.110576923,1.631261808,2.467190758,0.014156674,0.285054733,0.270041208,exoc7/stxbp5b/ptbp1a/exoc5/stxbp5a/stxbp5l/cbarpb/exoc6/syt7a/cadpsb/rims1a/exoc1/cadpsa/vps18/rab3ip/cacna1ha/snapin/sybl1/mical3a/cacna1ia/snap25a/sytl1/il1rapl1a,23
BP,GO:0007040,lysosome organization,7/1425,39/21022,0.179487179,2.647845254,2.777501235,0.014713701,0.292098049,0.27671356,vps16/pikfyve/aktip/vps18/snapin/tmem175/hook1,7
BP,GO:0080171,lytic vacuole organization,7/1425,39/21022,0.179487179,2.647845254,2.777501235,0.014713701,0.292098049,0.27671356,vps16/pikfyve/aktip/vps18/snapin/tmem175/hook1,7
MF,GO:0005225,volume-sensitive anion channel activity,4/1377,15/20660,0.266666667,4.000968289,3.106947462,0.014816331,0.162608901,0.14589567,ttyh3b/ttyh2/ttyh1/ttyh2l,4
BP,GO:0019220,regulation of phosphate metabolic process,13/1425,98/21022,0.132653061,1.956935195,2.560427788,0.014934674,0.292366995,0.276968341,scn1lab/prkg1b/pdk4/yes1/aida/prkag2b/zfyve28/vegfaa/smo/traf4a/fyna/ccny/pdk2a,13
BP,GO:0051174,regulation of phosphorus metabolic process,13/1425,98/21022,0.132653061,1.956935195,2.560427788,0.014934674,0.292366995,0.276968341,scn1lab/prkg1b/pdk4/yes1/aida/prkag2b/zfyve28/vegfaa/smo/traf4a/fyna/ccny/pdk2a,13
CC,GO:0032281,AMPA glutamate receptor complex,7/1440,40/21740,0.175,2.642013889,2.768407157,0.014974037,0.156195643,0.137433458,gria4b/gria1a/gria1b/gria3b/gria2b/cacng2a/si:ch211-251b21.1,7
CC,GO:0032580,Golgi cisterna membrane,10/1440,69/21740,0.144927536,2.188003221,2.632423115,0.01503853,0.156195643,0.137433458,st3gal1l3/st6gal1/b4galnt4a/hace1/b4galt1l/golga2/slc30a5/galnt1/b4galt5/st6gal2a,10
MF,GO:0032452,histone demethylase activity,6/1377,31/20660,0.193548387,2.903928597,2.834828127,0.015131101,0.162608901,0.14589567,kdm6a/kdm5bb/kdm2ba/kdm4ab/kdm5c/riox2,6
MF,GO:0140457,protein demethylase activity,6/1377,31/20660,0.193548387,2.903928597,2.834828127,0.015131101,0.162608901,0.14589567,kdm6a/kdm5bb/kdm2ba/kdm4ab/kdm5c/riox2,6
MF,GO:0022832,voltage-gated channel activity,24/1377,225/20660,0.106666667,1.600387315,2.419745905,0.015441946,0.163765901,0.146933752,cacnb4b/hcn4/kcnh2a/tmem266/cacna1aa/kcnh7/kcnk6/zgc:56235/cacna1da/grin2aa/grin3ba/grin1b/kcnq5a/clcn2b/cacna1ha/grin2bb/cacna1ab/kcnt1b/cacna1ia/tpcn1/cacna1eb/snap25a/cacng2a/clcn2a,24
CC,GO:0001518,voltage-gated sodium channel complex,5/1440,23/21740,0.217391304,3.282004831,2.916309215,0.015630741,0.158738855,0.139671179,scn1lab/cacna1ha/scn8ab/scn8aa/cacna1ia,5
BP,GO:0035330,regulation of hippo signaling,4/1425,15/21022,0.266666667,3.93394152,3.065168734,0.015691795,0.303543707,0.287556388,wwc1/adgrl2a/frmd6/slmapa,4
BP,GO:0006821,chloride transport,15/1425,120/21022,0.125,1.844035088,2.500325353,0.015720958,0.303543707,0.287556388,gabrg2/gabrg1/slc12a7b/slc12a2/ttyh3b/slc17a6a/ttyh2/clcn2b/gabrb4/ttyh1/gabrd/ttyh2l/glrbb/slc26a11/clcn2a,15
MF,GO:0016791,phosphatase activity,36/1377,372/20660,0.096774194,1.451964298,2.35066261,0.015868558,0.166104645,0.149032116,ptprea/cpped1/ptpn21/eya4/dusp8a/ptprz1b/inpp4ab/ppm1db/tns1b/cdc14ab/ctdspla/impa1/ctdsp2/mtmr14/acp2/ptprb/nt5c2b/pfkfb4b/ctdp1/lpin1a/ca16b/minpp1b/ptpdc1a/pfkfb3/alpl/ptpn22/ppap2d/zfand1/ptpn3/inpp5l/dusp7/ppp3cca/inpp5e/ptprsa/dusp12/tab1,36
BP,GO:0010975,regulation of neuron projection development,20/1425,176/21022,0.113636364,1.676395534,2.429881087,0.016128758,0.309299103,0.293008653,camk2g1/dbn1/hecw2a/cdkl5/nrp1a/pak1/arhgap44a/tiam1a/tanc2a/tenm3/hecw1b/rbpms2b/rufy3/pard3ab/dscama/camk2g2/ddr2b/casp9/col15a1b/dbnlb,20
MF,GO:0005254,chloride channel activity,12/1377,90/20660,0.133333333,2.000484144,2.541842498,0.016145185,0.166833576,0.149686126,gabrg2/gabrg1/ttyh3b/slc17a6a/ttyh2/clcn2b/gabrb4/ttyh1/gabrd/ttyh2l/glrbb/clcn2a,12
BP,GO:0000245,spliceosomal complex assembly,7/1425,40/21022,0.175,2.581649123,2.699951862,0.016820256,0.319163697,0.30235369,srpk1a/celf3a/zgc:158803/celf2/u2af2b/ddx46/srpk1b,7
BP,GO:0045017,glycerolipid biosynthetic process,17/1425,143/21022,0.118881119,1.753767636,2.43887746,0.016869596,0.319163697,0.30235369,efr3bb/pip5k1ca/impa1/pip4k2aa/gpat3/pi4kb/dgat1a/cdipt/lpin1a/dgkaa/slc30a5/cds1/mogat2/dpm1/pigv/pcyt2/etnk2,17
CC,GO:0005795,Golgi stack,13/1440,102/21740,0.12745098,1.924155773,2.491665374,0.017110835,0.169992422,0.149572971,st3gal1l3/st6gal1/b4galnt4a/hace1/b4galt1l/golga2/mgat4b/golga7/slc30a5/galnt1/b4galt5/st6gal2a/nsfa,13
BP,GO:0044804,nucleophagy,5/1425,23/21022,0.217391304,3.207017544,2.855681175,0.017133763,0.322000521,0.305041101,atg13/wdr45b/wdr45/wipi1/atg4b,5
MF,GO:0032451,demethylase activity,7/1377,41/20660,0.170731707,2.561595551,2.674613358,0.017586687,0.17942873,0.160986728,kdm6a/tet2/kdm5bb/kdm2ba/kdm4ab/kdm5c/riox2,7
CC,GO:0034045,phagophore assembly site membrane,4/1440,16/21740,0.25,3.774305556,2.956632825,0.018348898,0.171633169,0.151016632,atg16l1/wdr45b/wdr45/wipi1,4
CC,GO:0097038,perinuclear endoplasmic reticulum,4/1440,16/21740,0.25,3.774305556,2.956632825,0.018348898,0.171633169,0.151016632,osbpl6/osbpl1a/osbpl3b/osbp,4
BP,GO:0006635,fatty acid beta-oxidation,8/1425,50/21022,0.16,2.360364912,2.596927476,0.018385174,0.33706552,0.319312644,zgc:85777/acox3/decr1/acadm/ech1/acaa1/acad11/hsd17b4,8
BP,GO:0051338,regulation of transferase activity,8/1425,50/21022,0.16,2.360364912,2.596927476,0.018385174,0.33706552,0.319312644,yes1/aida/zfyve28/usp44/traf4a/fyna/ube2s/ccny,8
BP,GO:0051899,membrane depolarization,8/1425,50/21022,0.16,2.360364912,2.596927476,0.018385174,0.33706552,0.319312644,scn1lab/hcn4/cacna1ha/scn8ab/scn8aa/slmapa/cacna1ia/chrnb5a,8
CC,GO:0034707,chloride channel complex,9/1440,61/21740,0.147540984,2.227459016,2.556850313,0.018402681,0.171633169,0.151016632,gabrg2/gabrg1/ttyh3b/slc17a6a/ttyh2/gabrb4/ttyh1/gabrd/ttyh2l,9
BP,GO:0055074,calcium ion homeostasis,19/1425,167/21022,0.113772455,1.678403194,2.373451405,0.018465103,0.33706552,0.319312644,ryr2b/trpc6a/tmem38a/ryr3/cherp/trpc1/micu3a/plcb3/ryk/micu1/trpc4b/slc24a3/asph/stc2a/fyna/atp13a2/plch1/itpr1b/atp2b3a,19
BP,GO:0006814,sodium ion transport,21/1425,190/21022,0.110526316,1.630515235,2.354215551,0.018540234,0.33706552,0.319312644,scn1lab/wnk1a/hcn4/slc5a5/slc38a6/slc6a22.1/atp1b3a/commd3/wnk2/slc6a6a/slc12a2/slc6a1b/slc17a6a/cacna1ha/scn8ab/scn8aa/slc8a1b/asic4a/cacna1ia/asic1c/asic2,21
MF,GO:0005227,calcium-activated cation channel activity,4/1377,16/20660,0.25,3.750907771,2.941530891,0.018732846,0.181608527,0.162942481,tmem63c/kcnma1a/tmem63ba/kcnn2,4
MF,GO:0015278,intracellularly gated calcium channel activity,4/1377,16/20660,0.25,3.750907771,2.941530891,0.018732846,0.181608527,0.162942481,ryr2b/ryr3/mcoln1b/itpr1b,4
MF,GO:0035254,glutamate receptor binding,4/1377,16/20660,0.25,3.750907771,2.941530891,0.018732846,0.181608527,0.162942481,shank2b/dlg1b/shank3b/dlg3,4
MF,GO:0005245,voltage-gated calcium channel activity,8/1377,51/20660,0.156862745,2.353510758,2.586143729,0.018755294,0.181608527,0.162942481,cacnb4b/cacna1aa/cacna1da/cacna1ha/cacna1ab/cacna1ia/cacna1eb/cacng2a,8
BP,GO:0048675,axon extension,13/1425,101/21022,0.128712871,1.898808407,2.441607864,0.018838625,0.33706552,0.319312644,dbn1/robo3/cdkl5/nrp1a/myo10l1/mapk8ip3/myo9aa/katna1/nrxn2a/dscama/kif1b/grnb/dbnlb,13
MF,GO:0030594,neurotransmitter receptor activity,20/1377,182/20660,0.10989011,1.648750668,2.349113822,0.019061741,0.181608527,0.162942481,chrna11/gabrg2/gabrg1/gria4b/gria1a/si:dkey-247m21.3/grin2aa/grin3ba/grin1b/gria1b/gria3b/gabrb4/drd2a/grin2bb/gabrd/gria2b/glrbb/chrnb5a/grid1a/si:ch211-251b21.1,20
BP,GO:0099003,vesicle-mediated transport in synapse,17/1425,145/21022,0.117241379,1.729577737,2.377173339,0.019106825,0.33706552,0.319312644,si:ch211-200p22.4/dnm1b/syt7a/cadpsb/sh3gl3a/picalma/rims1a/slc17a6a/sh3gl2a/cadpsa/snap91a/dnm3a/itsn1/snapin/nlgn3a/snap25a/snap91b,17
BP,GO:0099504,synaptic vesicle cycle,17/1425,145/21022,0.117241379,1.729577737,2.377173339,0.019106825,0.33706552,0.319312644,si:ch211-200p22.4/dnm1b/syt7a/cadpsb/sh3gl3a/picalma/rims1a/slc17a6a/sh3gl2a/cadpsa/snap91a/dnm3a/itsn1/snapin/nlgn3a/snap25a/snap91b,17
BP,GO:0032868,response to insulin,10/1425,70/21022,0.142857143,2.107468672,2.502689946,0.019124983,0.33706552,0.319312644,pdk4/prkcz/lpin1a/tsc2/znf106a/pik3r1/socs7/khk/rps6kb1b/slc39a14,10
BP,GO:0046328,regulation of JNK cascade,7/1425,41/21022,0.170731707,2.518682071,2.624732352,0.019131069,0.33706552,0.319312644,mapkbp1/ankrd6b/mapk8ip1a/aida/mapk8ip2/mapk8ip3/traf4a,7
MF,GO:0005315,phosphate transmembrane transporter activity,5/1377,24/20660,0.208333333,3.125756475,2.784458114,0.019152264,0.181608527,0.162942481,xpr1a/slc25a24/slc17a6a/slc37a4b/slc25a3b,5
BP,GO:0060627,regulation of vesicle-mediated transport,20/1425,180/21022,0.111111111,1.6391423,2.322220422,0.020128453,0.351700773,0.333177073,ptbp1a/map2k1/rubcn/cbarpb/c2cd5/syt7a/cnstb/cadpsb/rims1a/cadpsa/pacsin2/msnb/cacna1ha/map2k2a/mib2/cacna1ia/sgip1b/mib1/il1rapl1a/bmp2k,20
CC,GO:0005871,kinesin complex,8/1440,52/21740,0.153846154,2.322649573,2.543253927,0.020231055,0.184911847,0.162700278,kif2c/kif21a/kif1aa/klc3/kif2a/kif5c/klc1a/kif1b,8
MF,GO:0008373,sialyltransferase activity,6/1377,33/20660,0.181818182,2.727932924,2.654606373,0.020332378,0.190556942,0.170971163,st3gal1l3/st6gal1/st6gal2a/st3gal3b/st8sia5/st3gal5,6
BP,GO:0031400,negative regulation of protein modification process,5/1425,24/21022,0.208333333,3.073391813,2.740547643,0.02046458,0.351700773,0.333177073,aida/zfyve28/usp44/smo/n4bp1,5
BP,GO:0046777,protein autophosphorylation,5/1425,24/21022,0.208333333,3.073391813,2.740547643,0.02046458,0.351700773,0.333177073,camk2g1/yes1/dclk2a/fyna/dyrk1b,5
BP,GO:0035725,sodium ion transmembrane transport,16/1425,135/21022,0.118518519,1.748418454,2.352408067,0.020547123,0.351700773,0.333177073,scn1lab/hcn4/slc5a5/slc6a22.1/atp1b3a/slc6a6a/slc12a2/slc6a1b/cacna1ha/scn8ab/scn8aa/slc8a1b/asic4a/cacna1ia/asic1c/asic2,16
BP,GO:0043434,response to peptide hormone,14/1425,113/21022,0.123893805,1.827716193,2.378994095,0.020585537,0.351700773,0.333177073,pdk4/prkcz/ghra/agtrap/lpin1a/tsc2/znf106a/pik3r1/socs7/khk/rps6kb1b/stat3/slc39a14/akt3a,14
BP,GO:0032869,cellular response to insulin stimulus,9/1425,61/21022,0.147540984,2.176566005,2.481501468,0.021053242,0.357524636,0.3386942,pdk4/prkcz/lpin1a/tsc2/znf106a/pik3r1/socs7/rps6kb1b/slc39a14,9
BP,GO:0030148,sphingolipid biosynthetic process,12/1425,92/21022,0.130434783,1.924210526,2.395628836,0.021334042,0.360123747,0.341156418,tlcd3ba/st3gal1l3/ugt8/hacd3/pla2g6/cers3a/smpd4/ugcg/cers5/b4galt5/cers6/st3gal5,12
BP,GO:0060973,cell migration involved in heart development,6/1425,33/21022,0.181818182,2.682232855,2.607873546,0.021912545,0.367687284,0.348321592,sdc2/pdgfra/vegfaa/gna13a/cemip2/smarca4a,6
BP,GO:0007034,vacuolar transport,15/1425,125/21022,0.12,1.770273684,2.329149782,0.022050936,0.36782005,0.348447365,pikfyve/chmp3/becn1/mon1bb/mgrn1b/aktip/vps13d/vps18/vps54/vps8/pik3r4/snapin/sybl1/hook1/cacng2a,15
BP,GO:0016482,cytosolic transport,11/1425,82/21022,0.134146341,1.978964484,2.395106591,0.022236066,0.368726288,0.349305873,zgc:162698/tbc1d5/washc2c/kif1aa/heatr5b/zgc:153184/vps50/vps54/dop1a/kif1b/dennd5a,11
MF,GO:0005253,monoatomic anion channel activity,13/1377,105/20660,0.123809524,1.85759242,2.354242307,0.022285422,0.204297879,0.183299782,gabrg2/gabrg1/zgc:56235/ttyh3b/slc17a6a/ttyh2/clcn2b/gabrb4/ttyh1/gabrd/ttyh2l/glrbb/clcn2a,13
CC,GO:0005905,clathrin-coated pit,8/1440,53/21740,0.150943396,2.278825996,2.482576611,0.022489282,0.200057945,0.17602703,si:ch211-200p22.4/sh3bp4a/sgip1a/picalma/clta/snap91a/sgip1b/snap91b,8
CC,GO:0044295,axonal growth cone,4/1440,17/21740,0.235294118,3.552287582,2.803800929,0.022763705,0.200057945,0.17602703,myo10l1/myo9aa/snphb/gpm6aa,4
MF,GO:0099094,ligand-gated monoatomic cation channel activity,16/1377,139/20660,0.115107914,1.727036671,2.298257967,0.022860615,0.204297879,0.183299782,ryr2b/tmem63c/chrna11/ryr3/kcnh2a/kcnma1a/kcnh7/mcoln1b/tmem63ba/kcnn2/asic4a/kcnt1b/asic1c/chrnb5a/itpr1b/asic2,16
MF,GO:0016879,"ligase activity, forming carbon-nitrogen bonds",9/1377,63/20660,0.142857143,2.143375869,2.428799303,0.02314537,0.204297879,0.183299782,adssl/pfas/ctps1a/ttll11/ctps1b/hlcs/mthfd1l/ttll4/ass1,9
MF,GO:0070679,"inositol 1,4,5 trisphosphate binding",4/1377,17/20660,0.235294118,3.530266137,2.788936172,0.023232579,0.204297879,0.183299782,trpc6a/trpc1/trpc4b/itpr1b,4
MF,GO:0099604,ligand-gated calcium channel activity,4/1377,17/20660,0.235294118,3.530266137,2.788936172,0.023232579,0.204297879,0.183299782,ryr2b/ryr3/mcoln1b/itpr1b,4
MF,GO:0016757,glycosyltransferase activity,38/1377,408/20660,0.093137255,1.397397013,2.166481762,0.023319361,0.204297879,0.183299782,pomt2/tmtc2a/st3gal1l3/uggt2/mphosph8/gxylt1b/alg6/st6gal1/b4galnt4a/parp6b/ugt8/hprt1l/tmtc4/b4galt1l/alg1/mgat4b/zgc:92907/dpagt1/tmtc1/galnt18b/tnksa/dpm1/pigv/galnt1/aars2/stt3b/pomt1/gbgt1l4/ugcg/b4galt5/colgalt1b/st6gal2a/tmtc2a/st3gal3b/st8sia5/gtdc1/pygl/st3gal5,38
BP,GO:0022603,regulation of anatomical structure morphogenesis,35/1425,365/21022,0.095890411,1.414602259,2.154685026,0.024341619,0.394259291,0.37349408,prkd1/fermt2/parvaa/ppp1r12a/ptprz1b/elmo1/adgrb3/dbn1/hecw2a/hif1ab/cdkl5/tnika/nrp1a/pak1/arhgap44a/tiam1a/tanc2a/hdac4/vegfaa/hecw1b/mffa/reck/disc1/msnb/rufy3/adgrb1a/pard3ab/dscama/cemip2/fmnl1a/mia3/stat3/casp9/dbnlb/camsap1b,35
BP,GO:0008333,endosome to lysosome transport,7/1425,43/21022,0.162790698,2.401534068,2.480760379,0.024400716,0.394259291,0.37349408,mgrn1b/aktip/vps18/snapin/sybl1/hook1/cacng2a,7
CC,GO:0017146,NMDA selective glutamate receptor complex,3/1440,10/21740,0.3,4.529166667,2.97300277,0.024474716,0.208117232,0.183118237,grin2aa/grin1b/grin2bb,3
BP,GO:0043271,negative regulation of monoatomic ion transport,4/1425,17/21022,0.235294118,3.471124871,2.748508798,0.024560976,0.394259291,0.37349408,wnk1a/cbarpb/wnk2/plcb3,4
BP,GO:0048892,lateral line nerve development,4/1425,17/21022,0.235294118,3.471124871,2.748508798,0.024560976,0.394259291,0.37349408,gna13a/kif1b/mib1/nsfa,4
BP,GO:0071277,cellular response to calcium ion,4/1425,17/21022,0.235294118,3.471124871,2.748508798,0.024560976,0.394259291,0.37349408,cpne4b/slc25a24/cpne1/cpne2,4
CC,GO:0030662,coated vesicle membrane,12/1440,96/21740,0.125,1.887152778,2.320161837,0.024591533,0.208117232,0.183118237,sec24c/atp6v0a1b/klhl12/aftpha/sec31a/epn3a/srebf2/clta/slc30a5/epn1a/dbnlb/copz1,12
BP,GO:0046488,phosphatidylinositol metabolic process,16/1425,138/21022,0.115942029,1.710409357,2.257775187,0.024721378,0.394259291,0.37349408,efr3bb/pip5k1ca/pikfyve/impa1/pip4k2aa/pi4kb/plcb3/cdipt/slc30a5/lpgat1/dpm1/pigv/inpp5l/inpp5e/plch1/mtmr11,16
BP,GO:0048915,posterior lateral line system development,13/1425,105/21022,0.123809524,1.826472849,2.289353535,0.025179425,0.394259291,0.37349408,anos1a/eya4/yap1/sh3pxd2aa/ctnnd1/apc/gna13a/rtn4a/kif1b/itchb/stat3/mib1/nsfa,13
MF,GO:0003725,double-stranded RNA binding,7/1377,44/20660,0.159090909,2.386941309,2.461027894,0.025238456,0.218733282,0.196251488,sidt2/zfr2/ilf3a/strbp/adar/ilf3b/zfr,7
BP,GO:0098609,cell-cell adhesion,44/1425,480/21022,0.091666667,1.352292398,2.105435055,0.025735239,0.394259291,0.37349408,cd99/nrcama/tjp1b/robo3/nexn/pdgfra/ctnnd2a/adgrl2a/tet2/ctnnd1/jag2b/lrrc7/htt/pcdh10a/pecam1b/pkp4/cadm2b/sdk2b/fgb/ctnnd2b/igsf9ba/tenm3/svep1/dlg1b/ptpn22/nfasca/cntn3a.2/gna13a/dscaml1/dscama/itga1/cdh11/sdk2a/nlgn3a/tln2a/dlg3/nfasca/pvrl2l/tjp2b/arvcfb/si:dkey-70p6.1/cdh6/ptprsa/jupb,44
CC,GO:0099568,cytoplasmic region,14/1440,119/21740,0.117647059,1.776143791,2.261157365,0.025813512,0.210866433,0.185537205,clasp1a/ift88/cdkl5/uhmk1/wdr54/cimip2b/rims1a/cfap36/clta/wdr11/pcloa/clasp2/inpp5e/phldb2b,14
CC,GO:1990752,microtubule end,5/1440,26/21740,0.192307692,2.903311966,2.586305025,0.025940281,0.210866433,0.185537205,slain1a/camsap2a/clip1a/nckap5l/camsap1b,5
BP,GO:0001839,neural plate morphogenesis,3/1425,10/21022,0.3,4.425684211,2.921816598,0.026013561,0.394259291,0.37349408,nkd1/htt/smo,3
BP,GO:0003197,endocardial cushion development,3/1425,10/21022,0.3,4.425684211,2.921816598,0.026013561,0.394259291,0.37349408,apc/mmd/cemip2,3
BP,GO:0006388,"tRNA splicing, via endonucleolytic cleavage and ligation",3/1425,10/21022,0.3,4.425684211,2.921816598,0.026013561,0.394259291,0.37349408,zbtb8os/tsen54/tsen2,3
BP,GO:0038179,neurotrophin signaling pathway,3/1425,10/21022,0.3,4.425684211,2.921816598,0.026013561,0.394259291,0.37349408,kidins220a/kidins220b/akt1s1,3
BP,GO:0045299,otolith mineralization,3/1425,10/21022,0.3,4.425684211,2.921816598,0.026013561,0.394259291,0.37349408,coch/cep290/atg4b,3
BP,GO:0061550,cranial ganglion development,3/1425,10/21022,0.3,4.425684211,2.921816598,0.026013561,0.394259291,0.37349408,kif1b/cdh6/mib1,3
BP,GO:0150105,protein localization to cell-cell junction,3/1425,10/21022,0.3,4.425684211,2.921816598,0.026013561,0.394259291,0.37349408,tjp1b/zdhhc7/tjp2b,3
BP,GO:1905477,positive regulation of protein localization to membrane,3/1425,10/21022,0.3,4.425684211,2.921816598,0.026013561,0.394259291,0.37349408,c2cd5/cnstb/mffa,3
CC,GO:0005925,focal adhesion,11/1440,86/21740,0.127906977,1.931040052,2.304101102,0.026300627,0.210866433,0.185537205,fermt2/evlb/ptk2bb/map2k1/parvaa/tns1b/nexn/nrp1a/map2k2a/enah/tln2a,11
MF,GO:0004712,protein serine/threonine/tyrosine kinase activity,6/1377,35/20660,0.171428571,2.572051043,2.487356322,0.026628121,0.22832197,0.204854634,map2k1/clk4a/map2k2a/dyrk1b/tesk1b/tesk2,6
MF,GO:0019887,protein kinase regulator activity,16/1377,142/20660,0.112676056,1.690549981,2.206510988,0.027292062,0.230128715,0.206475679,atg13/kidins220a/kidins220b/prkg1b/ccni2/ccnk/gprc5bb/parp6b/prkag2b/apc/ccnl1a/camk1b/ccnt2a/nrg1/rictorb/si:dkey-220o5.5,16
BP,GO:0035384,thioester biosynthetic process,7/1425,44/21022,0.159090909,2.346953748,2.4117723,0.027375925,0.404045717,0.382765065,pdk4/dlat/acsl1a/acaca/pdk2a/acacb/acss2,7
BP,GO:0051209,release of sequestered calcium ion into cytosol,7/1425,44/21022,0.159090909,2.346953748,2.4117723,0.027375925,0.404045717,0.382765065,ryr2b/tmem38a/ryr3/plcb3/ryk/plch1/itpr1b,7
BP,GO:0051293,establishment of spindle localization,7/1425,44/21022,0.159090909,2.346953748,2.4117723,0.027375925,0.404045717,0.382765065,clasp1a/spire2/ift88/antxr2a/dctn1a/diaph2/clasp2,7
BP,GO:0051653,spindle localization,7/1425,44/21022,0.159090909,2.346953748,2.4117723,0.027375925,0.404045717,0.382765065,clasp1a/spire2/ift88/antxr2a/dctn1a/diaph2/clasp2,7
BP,GO:0071616,acyl-CoA biosynthetic process,7/1425,44/21022,0.159090909,2.346953748,2.4117723,0.027375925,0.404045717,0.382765065,pdk4/dlat/acsl1a/acaca/pdk2a/acacb/acss2,7
MF,GO:0008081,phosphoric diester hydrolase activity,13/1377,108/20660,0.12037037,1.80599263,2.244141413,0.027409872,0.230128715,0.206475679,gpcpd1/plcb4a/plcxd1/tdp1/plcb3/pde11a/zgc:112023/smpd4/plcd3a/pde4bb/pde1cb/plch1/pde1a,13
BP,GO:0042325,regulation of phosphorylation,9/1425,64/21022,0.140625,2.074539474,2.321543176,0.027943702,0.408844866,0.387311449,prkg1b/yes1/aida/zfyve28/vegfaa/smo/traf4a/fyna/ccny,9
BP,GO:0001667,ameboidal-type cell migration,26/1425,258/21022,0.100775194,1.486663947,2.120912925,0.027991153,0.408844866,0.387311449,sema4ga/ankrd6b/amot/tns1b/lmln/hif1ab/pdgfra/nrp1a/pak1/sh3pxd2aa/ctnnd1/radil/pax6b/ryk/rcc2/pcdh10a/hdac4/nrg1/gna13a/disc1/pard3ab/sema4c/wdr11/dscama/diaph2/stat3,26
BP,GO:0006493,protein O-linked glycosylation,11/1425,85/21022,0.129411765,1.909118679,2.264707609,0.028228059,0.410179895,0.388576163,pomt2/tmtc2a/gxylt1b/tmtc4/tmtc1/galnt18b/dpm1/galnt1/aars2/pomt1/tmtc2a,11
MF,GO:0061608,nuclear import signal receptor activity,4/1377,18/20660,0.222222222,3.33414024,2.647412584,0.028333124,0.234162752,0.210095091,kpnb3/tnpo2a/tnpo1/kpnb1,4
MF,GO:0004721,phosphoprotein phosphatase activity,23/1377,226/20660,0.101769912,1.526918207,2.128408811,0.028471402,0.234162752,0.210095091,ptprea/cpped1/ptpn21/eya4/dusp8a/ptprz1b/ppm1db/tns1b/cdc14ab/ctdspla/ctdsp2/mtmr14/ptprb/ctdp1/ca16b/ptpdc1a/ptpn22/ptpn3/dusp7/ppp3cca/ptprsa/dusp12/tab1,23
BP,GO:0006479,protein methylation,6/1425,35/21022,0.171428571,2.528962406,2.441152833,0.028643576,0.41136223,0.389696226,setd6/pcmt/prmt3/prmt7/mettl22/setd4,6
BP,GO:0008213,protein alkylation,6/1425,35/21022,0.171428571,2.528962406,2.441152833,0.028643576,0.41136223,0.389696226,setd6/pcmt/prmt3/prmt7/mettl22/setd4,6
BP,GO:0071375,cellular response to peptide hormone stimulus,12/1425,96/21022,0.125,1.844035088,2.235076175,0.028747201,0.41136223,0.389696226,pdk4/prkcz/ghra/agtrap/lpin1a/tsc2/znf106a/pik3r1/socs7/rps6kb1b/stat3/slc39a14,12
BP,GO:0016049,cell growth,18/1425,164/21022,0.109756098,1.61915276,2.146459644,0.029472616,0.414556187,0.39272196,dbn1/robo3/sh3bp4a/cdkl5/nrp1a/osgn1/myo10l1/mapk8ip3/myo9aa/katna1/gna13a/nrxn2a/pard3ab/dscama/kif1b/grnb/casp9/dbnlb,18
MF,GO:0019207,kinase regulator activity,17/1377,155/20660,0.109677419,1.645559538,2.155790639,0.029476537,0.239980696,0.215315056,atg13/kidins220a/kidins220b/prkg1b/ccni2/ccnk/gprc5bb/parp6b/prkag2b/apc/ccnl1a/camk1b/ccnt2a/nrg1/pik3r1/rictorb/si:dkey-220o5.5,17
BP,GO:0003157,endocardium development,4/1425,18/21022,0.222222222,3.2782846,2.607549397,0.029926406,0.414556187,0.39272196,smarce1/apc/smo/tal1,4
BP,GO:0006488,dolichol-linked oligosaccharide biosynthetic process,4/1425,18/21022,0.222222222,3.2782846,2.607549397,0.029926406,0.414556187,0.39272196,alg6/zgc:92907/dpagt1/dpm1,4
BP,GO:0036010,protein localization to endosome,4/1425,18/21022,0.222222222,3.2782846,2.607549397,0.029926406,0.414556187,0.39272196,lrrc7/washc2c/zgc:153184/msnb,4
BP,GO:0048814,regulation of dendrite morphogenesis,4/1425,18/21022,0.222222222,3.2782846,2.607549397,0.029926406,0.414556187,0.39272196,dbn1/hecw2a/hecw1b/dbnlb,4
BP,GO:1904951,positive regulation of establishment of protein localization,4/1425,18/21022,0.222222222,3.2782846,2.607549397,0.029926406,0.414556187,0.39272196,c2cd2l/c2cd5/cnstb/mffa,4
CC,GO:0005777,peroxisome,13/1440,110/21740,0.118181818,1.784217172,2.196126937,0.029962058,0.226674028,0.199445995,fndc5b/eci2/acbd5a/pex11g/acox3/pex26/acaa1/mffa/scp2a/agps/zgc:154046/nudt12/hsd17b4,13
CC,GO:0042579,microbody,13/1440,110/21740,0.118181818,1.784217172,2.196126937,0.029962058,0.226674028,0.199445995,fndc5b/eci2/acbd5a/pex11g/acox3/pex26/acaa1/mffa/scp2a/agps/zgc:154046/nudt12/hsd17b4,13
CC,GO:0016323,basolateral plasma membrane,15/1440,133/21740,0.112781955,1.702694236,2.164950564,0.030183587,0.226674028,0.199445995,slco1c1/caska/slc4a10a/slc3a2b/lrrc7/abcc1/slc12a2/slco1e1/dlg1b/slc4a8/clcn2b/slc16a3a/dlg3/slc39a14/clcn2a,15
CC,GO:0031965,nuclear membrane,10/1440,77/21740,0.12987013,1.960678211,2.249142704,0.030256271,0.226674028,0.199445995,osbpl6/tmem38a/osbpl3b/nav3/tmem120aa/nup107/tmem120b/si:dkey-12h9.6/syne1b/terb1,10
BP,GO:0065009,regulation of molecular function,32/1425,334/21022,0.095808383,1.413392163,2.053598511,0.03054171,0.414556187,0.39272196,setd6/shisa7b/sh3bp4a/cbarpb/yes1/aida/fli1/dapk1/arhgap44a/tiam1a/si:dkey-191g9.5/arhgap17a/rap1gds1/myo9aa/hip1/zfyve28/becn1/cast/tsc2/usp44/si:dkey-33c9.6/ralgapa2/reck/traf4a/baxa/fyna/ube2s/chn1/ccny/hdr/irak1/prkaa1,32
BP,GO:0034440,lipid oxidation,9/1425,65/21022,0.138461538,2.042623482,2.270172954,0.030556027,0.414556187,0.39272196,zgc:85777/acox3/decr1/acadm/ech1/acaa1/phyh/acad11/hsd17b4,9
BP,GO:0051208,sequestering of calcium ion,7/1425,45/21022,0.155555556,2.29479922,2.344640805,0.030588041,0.414556187,0.39272196,ryr2b/tmem38a/ryr3/plcb3/ryk/plch1/itpr1b,7
BP,GO:0051282,regulation of sequestering of calcium ion,7/1425,45/21022,0.155555556,2.29479922,2.344640805,0.030588041,0.414556187,0.39272196,ryr2b/tmem38a/ryr3/plcb3/ryk/plch1/itpr1b,7
BP,GO:0051283,negative regulation of sequestering of calcium ion,7/1425,45/21022,0.155555556,2.29479922,2.344640805,0.030588041,0.414556187,0.39272196,ryr2b/tmem38a/ryr3/plcb3/ryk/plch1/itpr1b,7
MF,GO:0004725,protein tyrosine phosphatase activity,14/1377,121/20660,0.115702479,1.735957315,2.169651503,0.030630302,0.246285349,0.220971706,ptprea/ptpn21/eya4/dusp8a/ptprz1b/cdc14ab/ptprb/ca16b/ptpdc1a/ptpn22/ptpn3/dusp7/ptprsa/dusp12,14
CC,GO:0009925,basal plasma membrane,16/1440,145/21740,0.110344828,1.665900383,2.142740953,0.03080904,0.227092443,0.19981415,slco1c1/caska/slc4a10a/slc3a2b/lrrc7/abcc1/slc12a2/cacna1da/slco1e1/dlg1b/slc4a8/clcn2b/slc16a3a/dlg3/slc39a14/clcn2a,16
MF,GO:0015373,monoatomic anion:sodium symporter activity,5/1377,27/20660,0.185185185,2.7784502,2.471022609,0.03086206,0.246285349,0.220971706,slc5a5/slc6a22.1/slc6a6a/slc12a2/slc6a1b,5
BP,GO:0007163,establishment or maintenance of cell polarity,16/1425,142/21022,0.112676056,1.662228811,2.135139812,0.031237958,0.421338769,0.399147311,parvaa/amot/epb41l5/ift88/sipa1l3/jag2b/lrrc7/prkcz/myo9aa/antxr2a/dlg1b/dctn1a/traf4a/pard3ab/dlg3/stat3,16
MF,GO:0001727,lipid kinase activity,7/1377,46/20660,0.152173913,2.283161252,2.328162736,0.031445351,0.24847993,0.222940724,pip5k1ca/pikfyve/pip4k2aa/pi4kb/dgki/dgkaa/dgkh,7
BP,GO:0006631,fatty acid metabolic process,25/1425,249/21022,0.100401606,1.481152681,2.059549787,0.031917421,0.424372153,0.40202093,mmut/zgc:85777/pdk4/acbd5a/pm20d1.2/hpgd/acsl1a/acox3/tecrb/decr1/prkag2b/acaca/hacd3/lpin1a/acadm/ech1/acaa1/phyh/pparab/pdk2a/acacb/acot7/acad11/hsd17b4/abhd3,25
BP,GO:0050790,regulation of catalytic activity,25/1425,249/21022,0.100401606,1.481152681,2.059549787,0.031917421,0.424372153,0.40202093,sh3bp4a/yes1/aida/arhgap44a/tiam1a/si:dkey-191g9.5/arhgap17a/rap1gds1/myo9aa/hip1/zfyve28/becn1/cast/tsc2/usp44/si:dkey-33c9.6/ralgapa2/reck/traf4a/baxa/fyna/ube2s/chn1/ccny/hdr,25
CC,GO:0030688,"preribosome, small subunit precursor",3/1440,11/21740,0.272727273,4.117424242,2.754389723,0.032025774,0.232313952,0.204408452,riok1/nob1/rrp1,3
BP,GO:0040001,establishment of mitotic spindle localization,6/1425,36/21022,0.166666667,2.45871345,2.362086109,0.032467447,0.424372153,0.40202093,clasp1a/ift88/antxr2a/dctn1a/diaph2/clasp2,6
BP,GO:0048920,posterior lateral line neuromast primordium migration,6/1425,36/21022,0.166666667,2.45871345,2.362086109,0.032467447,0.424372153,0.40202093,anos1a/sh3pxd2aa/ctnnd1/apc/itchb/mib1,6
BP,GO:0070201,regulation of establishment of protein localization,6/1425,36/21022,0.166666667,2.45871345,2.362086109,0.032467447,0.424372153,0.40202093,c2cd2l/c2cd5/uhmk1/nkd1/cnstb/mffa,6
MF,GO:0016868,intramolecular phosphotransferase activity,3/1377,11/20660,0.272727273,4.091899386,2.740984002,0.03254445,0.254668217,0.228492968,pgm2l1/pgm2/pmm2,3
BP,GO:0007030,Golgi organization,11/1425,87/21022,0.126436782,1.865230893,2.180692768,0.032817088,0.424372153,0.40202093,cog7/ubxn2a/map2k1/hace1/cog3/golga2/cog4/arhgef28a/map2k2a/clasp2/vcpip1,11
BP,GO:0006688,glycosphingolipid biosynthetic process,5/1425,27/21022,0.185185185,2.731903834,2.428214444,0.032885707,0.424372153,0.40202093,st3gal1l3/ugt8/ugcg/b4galt5/st3gal5,5
BP,GO:0018279,protein N-linked glycosylation via asparagine,5/1425,27/21022,0.185185185,2.731903834,2.428214444,0.032885707,0.424372153,0.40202093,uggt2/alg6/zgc:92907/dpagt1/dpm1,5
BP,GO:0050773,regulation of dendrite development,5/1425,27/21022,0.185185185,2.731903834,2.428214444,0.032885707,0.424372153,0.40202093,dbn1/hecw2a/cdkl5/hecw1b/dbnlb,5
BP,GO:0048881,mechanosensory lateral line system development,13/1425,109/21022,0.119266055,1.759446322,2.143588831,0.032968252,0.424372153,0.40202093,anos1a/eya4/yap1/sh3pxd2aa/ctnnd1/apc/gna13a/rtn4a/kif1b/itchb/stat3/mib1/nsfa,13
CC,GO:0016471,vacuolar proton-transporting V-type ATPase complex,4/1440,19/21740,0.210526316,3.178362573,2.529997358,0.033380754,0.233664403,0.205596688,atp6v0a1b/atp6v0a2a/atp6v0a2b/atp6v1h,4
BP,GO:0048588,developmental cell growth,15/1425,132/21022,0.113636364,1.676395534,2.102121428,0.033909776,0.425983908,0.403547796,dbn1/robo3/cdkl5/nrp1a/myo10l1/mapk8ip3/myo9aa/katna1/nrxn2a/pard3ab/dscama/kif1b/grnb/casp9/dbnlb,15
BP,GO:0007274,neuromuscular synaptic transmission,3/1425,11/21022,0.272727273,4.023349282,2.704584947,0.034000135,0.425983908,0.403547796,rimbp2b/si:ch211-176g13.8/cacna1ab,3
BP,GO:0008090,retrograde axonal transport,3/1425,11/21022,0.272727273,4.023349282,2.704584947,0.034000135,0.425983908,0.403547796,mapk8ip3/kif1aa/kif1b,3
BP,GO:0045956,positive regulation of calcium ion-dependent exocytosis,3/1425,11/21022,0.272727273,4.023349282,2.704584947,0.034000135,0.425983908,0.403547796,ptbp1a/cacna1ha/cacna1ia,3
BP,GO:0098900,regulation of action potential,3/1425,11/21022,0.272727273,4.023349282,2.704584947,0.034000135,0.425983908,0.403547796,depdc5/tsc2/tmem161b,3
BP,GO:1903307,positive regulation of regulated secretory pathway,3/1425,11/21022,0.272727273,4.023349282,2.704584947,0.034000135,0.425983908,0.403547796,ptbp1a/cacna1ha/cacna1ia,3
MF,GO:0005244,voltage-gated monoatomic ion channel activity,22/1377,218/20660,0.100917431,1.514127907,2.039257417,0.03426392,0.265545379,0.238252156,cacnb4b/hcn4/kcnh2a/cacna1aa/kcnh7/kcnk6/zgc:56235/cacna1da/grin2aa/grin3ba/grin1b/kcnq5a/clcn2b/cacna1ha/grin2bb/cacna1ab/kcnt1b/cacna1ia/cacna1eb/snap25a/cacng2a/clcn2a,22
BP,GO:0050770,regulation of axonogenesis,10/1425,77/21022,0.12987013,1.915880611,2.171117696,0.03466946,0.427361978,0.404853284,dbn1/cdkl5/nrp1a/pak1/tiam1a/rufy3/pard3ab/dscama/casp9/dbnlb,10
CC,GO:0031252,cell leading edge,19/1440,183/21740,0.103825137,1.56747116,2.053185492,0.03467488,0.233664403,0.205596688,fermt2/carmil2/shisa7b/amot/dbn1/gabrg2/gabrg1/arhgap44a/nav3/cdc42bpb/abi3a/pacsin2/clcn2b/carmil3/tln2a/clasp2/dbnlb/abi1a/clcn2a,19
CC,GO:0034706,sodium channel complex,5/1440,28/21740,0.178571429,2.69593254,2.391611769,0.034768445,0.233664403,0.205596688,scn1lab/cacna1ha/scn8ab/scn8aa/cacna1ia,5
CC,GO:0035267,NuA4 histone acetyltransferase complex,5/1440,28/21740,0.178571429,2.69593254,2.391611769,0.034768445,0.233664403,0.205596688,dmap1/epc1a/brd8a/mrgbp/kat8,5
CC,GO:0043189,H4/H2A histone acetyltransferase complex,5/1440,28/21740,0.178571429,2.69593254,2.391611769,0.034768445,0.233664403,0.205596688,dmap1/epc1a/brd8a/mrgbp/kat8,5
MF,GO:0046332,SMAD binding,7/1377,47/20660,0.14893617,2.234583353,2.26429528,0.034900897,0.267905934,0.240370089,ldlrad4a/smad9/smurf1/smurf2/skia/araf/smad2,7
MF,GO:0017124,SH3 domain binding,5/1377,28/20660,0.178571429,2.679219836,2.376020724,0.035576233,0.26798546,0.24044144,evlb/elmo1/abi3a/enah/abi1a,5
MF,GO:0140142,nucleocytoplasmic carrier activity,5/1377,28/20660,0.178571429,2.679219836,2.376020724,0.035576233,0.26798546,0.24044144,kpnb3/tnpo2a/tnpo1/xpo4/kpnb1,5
BP,GO:0032787,monocarboxylic acid metabolic process,36/1425,389/21022,0.092544987,1.365249628,1.960752222,0.035916368,0.427361978,0.404853284,scn1lab/mmut/tle3a/ldhd/zgc:85777/pdk4/dlat/acbd5a/pfkpa/hagh/pm20d1.2/hpgd/acsl1a/acox3/tecrb/decr1/prkag2b/acaca/hacd3/apc/lpin1a/acadm/ech1/acaa1/phyh/me2/pparab/gad1b/pdk2a/acacb/hyi/acot7/acad11/hsd17b4/acss2/abhd3,36
BP,GO:0000272,polysaccharide catabolic process,4/1425,19/21022,0.210526316,3.105743306,2.476172437,0.035929333,0.427361978,0.404853284,wdr45b/wdr45/wipi1/pygl,4
BP,GO:0005980,glycogen catabolic process,4/1425,19/21022,0.210526316,3.105743306,2.476172437,0.035929333,0.427361978,0.404853284,wdr45b/wdr45/wipi1/pygl,4
BP,GO:0009067,aspartate family amino acid biosynthetic process,4/1425,19/21022,0.210526316,3.105743306,2.476172437,0.035929333,0.427361978,0.404853284,aass/mtrr/mthfr/apip,4
BP,GO:0009251,glucan catabolic process,4/1425,19/21022,0.210526316,3.105743306,2.476172437,0.035929333,0.427361978,0.404853284,wdr45b/wdr45/wipi1/pygl,4
BP,GO:0010458,exit from mitosis,4/1425,19/21022,0.210526316,3.105743306,2.476172437,0.035929333,0.427361978,0.404853284,cdc14ab/ube2s/ppp2r2d/clasp2,4
BP,GO:0032786,"positive regulation of DNA-templated transcription, elongation",4/1425,19/21022,0.210526316,3.105743306,2.476172437,0.035929333,0.427361978,0.404853284,ccnk/ccnt2a/gtf2f1/ell2,4
BP,GO:0043001,Golgi to plasma membrane protein transport,4/1425,19/21022,0.210526316,3.105743306,2.476172437,0.035929333,0.427361978,0.404853284,cnstb/golga7/arfrp1/nsfa,4
BP,GO:0043114,regulation of vascular permeability,4/1425,19/21022,0.210526316,3.105743306,2.476172437,0.035929333,0.427361978,0.404853284,tjp1b/adgrl2a/plcb3/tjp2b,4
BP,GO:0045773,positive regulation of axon extension,4/1425,19/21022,0.210526316,3.105743306,2.476172437,0.035929333,0.427361978,0.404853284,dbn1/cdkl5/dscama/dbnlb,4
BP,GO:0060974,cell migration involved in heart formation,4/1425,19/21022,0.210526316,3.105743306,2.476172437,0.035929333,0.427361978,0.404853284,pdgfra/vegfaa/gna13a/cemip2,4
MF,GO:0043178,alcohol binding,9/1377,68/20660,0.132352941,1.985774702,2.175791008,0.035947772,0.268276892,0.240702919,trpc6a/osbpl6/xpr1a/osbpl1a/trpc1/osbpl3b/trpc4b/prom1a/itpr1b,9
MF,GO:0015081,sodium ion transmembrane transporter activity,19/1377,183/20660,0.103825137,1.557754047,2.025207034,0.036544816,0.270230475,0.242455709,scn1lab/hcn4/slc5a5/slc6a22.1/slc6a6a/slc12a2/slc6a1b/slc17a6a/slc24a3/slc23a1/slc4a8/cacna1ha/scn8ab/scn8aa/slc8a1b/asic4a/cacna1ia/asic1c/asic2,19
BP,GO:0007169,cell surface receptor protein tyrosine kinase signaling pathway,38/1425,415/21022,0.091566265,1.350811245,1.946388324,0.036595479,0.431788383,0.409046555,ptk2bb/pdk4/phf14/efna2a/pdgfra/yes1/nrp1a/spred1/tyro3/htt/ryk/mapkapk2a/zfyve28/hif1an/rasa1a/ghra/tsc2/vegfaa/yrk/nrg1/znf106a/anks1ab/cbl/abl1/fyna/epha2b/chn1/pik3r1/socs7/akt1s1/cemip2/ddr2b/rerea/stat3/gigyf2/fgfr2/si:dkey-220o5.5/gpc1b,38
BP,GO:0048883,neuromast primordium migration,6/1425,37/21022,0.162162162,2.392261735,2.285633456,0.036607813,0.431788383,0.409046555,anos1a/sh3pxd2aa/ctnnd1/apc/itchb/mib1,6
BP,GO:0035023,regulation of Rho protein signal transduction,8/1425,57/21022,0.140350877,2.070495537,2.182298617,0.037430169,0.438045843,0.414974442,inf2/stard13b/dock9b/si:dkey-172h23.2/dock10/dock7/arhgef28a/arhgef18b,8
BP,GO:0051651,maintenance of location in cell,10/1425,78/21022,0.128205128,1.891318039,2.126618094,0.037449113,0.438045843,0.414974442,ryr2b/akap9/tmem38a/ryr3/plcb3/ryk/vps13d/snphb/plch1/itpr1b,10
MF,GO:0030295,protein kinase activator activity,8/1377,58/20660,0.137931034,2.069466356,2.179519453,0.037617864,0.275636347,0.247305956,ccnk/gprc5bb/parp6b/camk1b/ccnt2a/nrg1/rictorb/si:dkey-220o5.5,8
BP,GO:0008589,regulation of smoothened signaling pathway,7/1425,47/21022,0.14893617,2.19714819,2.215568487,0.03774925,0.43973197,0.416571762,dzip1/ift88/smo/wdr11/rerea/sufu/prkaa1,7
CC,GO:0030055,cell-substrate junction,11/1440,91/21740,0.120879121,1.82493895,2.100277084,0.037834859,0.247295127,0.217590092,fermt2/evlb/ptk2bb/map2k1/parvaa/tns1b/nexn/nrp1a/map2k2a/enah/tln2a,11
CC,GO:0099513,polymeric cytoskeletal fiber,41/1440,465/21740,0.088172043,1.331152927,1.922530767,0.037878903,0.247295127,0.217590092,cenpe/slain1a/mid1/clasp1a/maptb/dbn1/tube1/dync2h1/kif2c/dnm1b/radil/macf1a/kif21a/cimip2b/myo9aa/apc/mid2/kif1aa/golga2/kifc3/camsap2a/katna1/klc3/kif2a/dctn1a/disc1/clip1a/kif5c/dnm3a/dnai2b/snphb/klc1a/camsap3/kif1b/diaph2/clasp2/hook1/dbnlb/iffo1a/nckap5l/camsap1b,41
BP,GO:0016236,macroautophagy,16/1425,146/21022,0.109589041,1.616688296,2.016312358,0.038938839,0.451722586,0.427930845,atg13/snx14/ubxn2a/rubcn/acbd5a/atg16l1/wdr45b/becn1/wdr45/retreg3/tecpr1b/pik3r4/wipi1/atp13a2/atg4b/tex264a,16
MF,GO:0003777,microtubule motor activity,9/1377,69/20660,0.130434783,1.956995359,2.127795935,0.038993838,0.283144447,0.25404236,cenpe/dync2h1/kif2c/kif21a/kif1aa/kifc3/kif2a/kif5c/kif1b,9
CC,GO:0032590,dendrite membrane,5/1440,29/21740,0.172413793,2.602969349,2.30057985,0.039798847,0.252612126,0.222268414,shisa7b/gabrg2/gabrg1/clcn2b/clcn2a,5
CC,GO:0034451,centriolar satellite,5/1440,29/21740,0.172413793,2.602969349,2.30057985,0.039798847,0.252612126,0.222268414,dzip1/bbs5/ofd1/cep290/mib1,5
MF,GO:0004435,phosphatidylinositol phospholipase C activity,4/1377,20/20660,0.2,3.000726216,2.392115426,0.040380177,0.286896402,0.257408683,plcb4a/plcb3/plcd3a/plch1,4
MF,GO:0004629,phospholipase C activity,4/1377,20/20660,0.2,3.000726216,2.392115426,0.040380177,0.286896402,0.257408683,plcb4a/plcb3/plcd3a/plch1,4
BP,GO:0098661,inorganic anion transmembrane transport,12/1425,101/21022,0.118811881,1.752746222,2.044830779,0.040430037,0.455468349,0.431479323,gabrg2/gabrg1/slc5a5/slc12a7b/slc12a2/gabrb4/slc37a4b/gabrd/glrbb/slc26a11/slc25a3b/clcn2a,12
MF,GO:0016917,GABA receptor activity,5/1377,29/20660,0.172413793,2.586832945,2.285095659,0.040710369,0.286896402,0.257408683,gabbr1b/gabrg2/gabrg1/gabrb4/gabrd,5
BP,GO:0031017,exocrine pancreas development,8/1425,58/21022,0.137931034,2.034797338,2.12799962,0.040942573,0.455468349,0.431479323,tcf7l2/ppp1r12a/jag2b/apc/smo/trpm7/nup54/ddx46,8
BP,GO:0035272,exocrine system development,8/1425,58/21022,0.137931034,2.034797338,2.12799962,0.040942573,0.455468349,0.431479323,tcf7l2/ppp1r12a/jag2b/apc/smo/trpm7/nup54/ddx46,8
BP,GO:0048484,enteric nervous system development,8/1425,58/21022,0.137931034,2.034797338,2.12799962,0.040942573,0.455468349,0.431479323,tfap2b/dennd3a/ryr3/nrg1/elp1/dscama/slc8a1b/tbata,8
CC,GO:0031985,Golgi cisterna,10/1440,81/21740,0.12345679,1.863854595,2.074516842,0.040970355,0.256485648,0.22567665,st3gal1l3/st6gal1/b4galnt4a/hace1/b4galt1l/golga2/slc30a5/galnt1/b4galt5/st6gal2a,10
BP,GO:0031122,cytoplasmic microtubule organization,6/1425,38/21022,0.157894737,2.329307479,2.211629783,0.041071394,0.455468349,0.431479323,slain1a/ccdc88aa/camsap2a/katna1/clip1a/hook1,6
BP,GO:0043549,regulation of kinase activity,6/1425,38/21022,0.157894737,2.329307479,2.211629783,0.041071394,0.455468349,0.431479323,yes1/aida/zfyve28/traf4a/fyna/ccny,6
BP,GO:0045859,regulation of protein kinase activity,6/1425,38/21022,0.157894737,2.329307479,2.211629783,0.041071394,0.455468349,0.431479323,yes1/aida/zfyve28/traf4a/fyna/ccny,6
BP,GO:0051262,protein tetramerization,6/1425,38/21022,0.157894737,2.329307479,2.211629783,0.041071394,0.455468349,0.431479323,evlb/stk3/trpm7/trpm3/samhd1/nudt21,6
MF,GO:0019209,kinase activator activity,8/1377,59/20660,0.13559322,2.034390655,2.126183583,0.041078824,0.286896402,0.257408683,ccnk/gprc5bb/parp6b/camk1b/ccnt2a/nrg1/rictorb/si:dkey-220o5.5,8
MF,GO:0015280,ligand-gated sodium channel activity,3/1377,12/20660,0.25,3.750907771,2.547193716,0.041290301,0.286896402,0.257408683,asic4a/asic1c/asic2,3
BP,GO:0030705,cytoskeleton-dependent intracellular transport,14/1425,124/21022,0.112903226,1.665580079,2.004463337,0.041361364,0.455468349,0.431479323,ttc21b/ift88/mak/dync2h1/ccdc186/ccdc88aa/mapk8ip3/kif1aa/si:ch211-235m3.5/kif5c/dync1i1b/kif1b/rhot1b/hook1,14
BP,GO:0046474,glycerophospholipid biosynthetic process,14/1425,124/21022,0.112903226,1.665580079,2.004463337,0.041361364,0.455468349,0.431479323,efr3bb/pip5k1ca/impa1/pip4k2aa/gpat3/pi4kb/cdipt/dgkaa/slc30a5/cds1/dpm1/pigv/pcyt2/etnk2,14
MF,GO:0016853,isomerase activity,20/1377,198/20660,0.101010101,1.515518291,1.947766766,0.041676434,0.287104326,0.257595236,mmut/ddx11/pdia3/lss/eci2/pgm2l1/enox1/pgm2/top1a/fkbp5/pdia8/dkc1/ech1/katna1/fkbp10a/ppib/pmm2/galm/hyi/rpusd4,20
BP,GO:0006898,receptor-mediated endocytosis,13/1425,113/21022,0.115044248,1.697165036,2.003768343,0.042356525,0.455468349,0.431479323,si:ch211-200p22.4/dnm1b/picalma/clta/snap91a/dnm3a/itsn1/mib2/gak/mib1/snap91b/cacng2a/bmp2k,13
BP,GO:0001755,neural crest cell migration,15/1425,136/21022,0.110294118,1.627089783,1.978385246,0.042476174,0.455468349,0.431479323,sema4ga/hif1ab/pdgfra/nrp1a/pak1/sh3pxd2aa/radil/pax6b/rcc2/hdac4/nrg1/disc1/pard3ab/sema4c/wdr11,15
MF,GO:0016758,hexosyltransferase activity,26/1377,273/20660,0.095238095,1.428917246,1.906393234,0.042490877,0.290234293,0.260403499,pomt2/tmtc2a/uggt2/alg6/b4galnt4a/ugt8/tmtc4/b4galt1l/alg1/mgat4b/zgc:92907/tmtc1/galnt18b/dpm1/pigv/galnt1/aars2/stt3b/pomt1/gbgt1l4/ugcg/b4galt5/colgalt1b/tmtc2a/gtdc1/pygl,26
BP,GO:0008625,extrinsic apoptotic signaling pathway via death domain receptors,4/1425,20/21022,0.2,2.95045614,2.353207271,0.042575517,0.455468349,0.431479323,dedd/tnfrsfa/hdr/rnf34a,4
BP,GO:0010594,regulation of endothelial cell migration,4/1425,20/21022,0.2,2.95045614,2.353207271,0.042575517,0.455468349,0.431479323,nrp1a/prkcz/reck/abl1,4
BP,GO:0000394,"RNA splicing, via endonucleolytic cleavage and ligation",3/1425,12/21022,0.25,3.688070175,2.511640753,0.043100864,0.455468349,0.431479323,zbtb8os/tsen54/tsen2,3
BP,GO:0006000,fructose metabolic process,3/1425,12/21022,0.25,3.688070175,2.511640753,0.043100864,0.455468349,0.431479323,pfkfb4b/pfkfb3/khk,3
BP,GO:0035459,vesicle cargo loading,3/1425,12/21022,0.25,3.688070175,2.511640753,0.043100864,0.455468349,0.431479323,sec24c/sec31a/mia3,3
BP,GO:0035999,tetrahydrofolate interconversion,3/1425,12/21022,0.25,3.688070175,2.511640753,0.043100864,0.455468349,0.431479323,mthfr/mthfd1l/mthfd2,3
BP,GO:0038203,TORC2 signaling,3/1425,12/21022,0.25,3.688070175,2.511640753,0.043100864,0.455468349,0.431479323,deptor/otud5b/rictorb,3
BP,GO:0043124,negative regulation of canonical NF-kappaB signal transduction,3/1425,12/21022,0.25,3.688070175,2.511640753,0.043100864,0.455468349,0.431479323,mapkbp1/tnip1/chuk,3
BP,GO:0002027,regulation of heart rate,5/1425,29/21022,0.172413793,2.543496673,2.242883756,0.043300999,0.455468349,0.431479323,kcnh2a/sorbs2b/kcnh7/trpm7/tmem161b,5
BP,GO:0006541,glutamine metabolic process,5/1425,29/21022,0.172413793,2.543496673,2.242883756,0.043300999,0.455468349,0.431479323,pfas/ctps1a/zgc:171566/ctps1b/glsa,5
BP,GO:0007215,glutamate receptor signaling pathway,5/1425,29/21022,0.172413793,2.543496673,2.242883756,0.043300999,0.455468349,0.431479323,grm5a/grin3ba/grin1b/grm8b/cacng2a,5
BP,GO:0019933,cAMP-mediated signaling,5/1425,29/21022,0.172413793,2.543496673,2.242883756,0.043300999,0.455468349,0.431479323,cap2/mgrn1b/pde11a/pde4bb/pde1a,5
BP,GO:0043266,regulation of potassium ion transport,5/1425,29/21022,0.172413793,2.543496673,2.242883756,0.043300999,0.455468349,0.431479323,wnk1a/dpp6a/wnk2/drd2a/kcnip2,5
CC,GO:0098791,Golgi apparatus subcompartment,22/1440,226/21740,0.097345133,1.469641101,1.890221695,0.045358106,0.280116952,0.246469367,st3gal1l3/scamp3/st6gal1/b4galnt4a/ccdc186/cnstb/aftpha/hace1/b4galt1l/golga2/mgat4b/golga7/arfip1/slc30a5/dop1a/galnt1/wdr11/b4galt5/clasp2/st6gal2a/nsfa/dennd5a,22
BP,GO:0031110,regulation of microtubule polymerization or depolymerization,7/1425,49/21022,0.142857143,2.107468672,2.092852076,0.045930143,0.481327408,0.455976414,slain1a/clasp1a/apc/camsap2a/clip1a/clasp2/camsap1b,7
MF,GO:0052745,inositol phosphate phosphatase activity,5/1377,30/20660,0.166666667,2.50060518,2.197919449,0.046269907,0.313391138,0.281180243,impa1/minpp1b/zfand1/inpp5l/inpp5e,5
BP,GO:0090497,mesenchymal cell migration,15/1425,138/21022,0.108695652,1.603508772,1.918030946,0.047291488,0.492975428,0.467010945,sema4ga/hif1ab/pdgfra/nrp1a/pak1/sh3pxd2aa/radil/pax6b/rcc2/hdac4/nrg1/disc1/pard3ab/sema4c/wdr11,15
BP,GO:0060485,mesenchyme development,29/1425,309/21022,0.093851133,1.384518254,1.836174789,0.047473077,0.492975428,0.467010945,sema4ga/ptpn21/tle3a/hif1ab/pdgfra/tgfbr3/nrp1a/pak1/sh3pxd2aa/olfm2a/radil/klhl12/pax6b/apc/rcc2/hdac4/nrg1/smo/mmd/tal1/disc1/pard3ab/sema4c/wdr11/hspg2/cemip2/smarca4a/stat3/fgfr2,29
CC,GO:0005813,centrosome,25/1440,265/21740,0.094339623,1.424266247,1.850750357,0.047516977,0.289536779,0.254757687,dzip1/clasp1a/lrrc45/map2k1/ddx11/akap9/npm1a/bbs5/yes1/kif2c/ccdc88aa/apc/ofd1/kiz/katna1/kif2a/mzt2b/usp20/cep43/cep290/odf2a/clasp2/hook1/mib1/rps7,25
BP,GO:1990138,neuron projection extension,13/1425,115/21022,0.113043478,1.667649123,1.935934526,0.047692651,0.492975428,0.467010945,dbn1/robo3/cdkl5/nrp1a/myo10l1/mapk8ip3/myo9aa/katna1/nrxn2a/dscama/kif1b/grnb/dbnlb,13
BP,GO:0051050,positive regulation of transport,12/1425,104/21022,0.115384615,1.702186235,1.935745346,0.048849097,0.492975428,0.467010945,ptbp1a/wnk1a/c2cd2l/c2cd5/syt7a/cnstb/wnk2/cadpsb/cadpsa/msnb/cacna1ha/cacna1ia,12
BP,GO:0048570,notochord morphogenesis,5/1425,30/21022,0.166666667,2.45871345,2.155971561,0.049169997,0.492975428,0.467010945,crim1/ttll11/col27a1b/lamc1/stat3,5
BP,GO:0098703,calcium ion import across plasma membrane,5/1425,30/21022,0.166666667,2.45871345,2.155971561,0.049169997,0.492975428,0.467010945,cacna1aa/cacna1da/slc8a1b/cacna1ab/cacna1eb,5
BP,GO:1902656,calcium ion import into cytosol,5/1425,30/21022,0.166666667,2.45871345,2.155971561,0.049169997,0.492975428,0.467010945,cacna1aa/cacna1da/slc8a1b/cacna1ab/cacna1eb,5
BP,GO:0043280,positive regulation of cysteine-type endopeptidase activity involved in apoptotic process,4/1425,21/21022,0.19047619,2.809958229,2.237677701,0.049865518,0.492975428,0.467010945,hip1/becn1/baxa/hdr,4
BP,GO:0048168,regulation of neuronal synaptic plasticity,4/1425,21/21022,0.19047619,2.809958229,2.237677701,0.049865518,0.492975428,0.467010945,camk2g1/camk2b1/camk2g2/camk2d2,4
BP,GO:0050921,positive regulation of chemotaxis,4/1425,21/21022,0.19047619,2.809958229,2.237677701,0.049865518,0.492975428,0.467010945,vegfaa/oxsr1b/akirin1/dscama,4
BP,GO:0051592,response to calcium ion,4/1425,21/21022,0.19047619,2.809958229,2.237677701,0.049865518,0.492975428,0.467010945,cpne4b/slc25a24/cpne1/cpne2,4
BP,GO:1901379,regulation of potassium ion transmembrane transport,4/1425,21/21022,0.19047619,2.809958229,2.237677701,0.049865518,0.492975428,0.467010945,wnk1a/dpp6a/wnk2/kcnip2,4
BP,GO:2001056,positive regulation of cysteine-type endopeptidase activity,4/1425,21/21022,0.19047619,2.809958229,2.237677701,0.049865518,0.492975428,0.467010945,hip1/becn1/baxa/hdr,4
