ONTOLOGY,ID,Description,GeneRatio,BgRatio,RichFactor,FoldEnrichment,zScore,pvalue,p.adjust,qvalue,geneID,Count
CC,GO:0005840,ribosome,90/3989,177/19331,0.508474576,2.464106802,9.977841618,3.61E-19,1.87E-16,1.49E-16,mrpl10/mrpl33/mrpl30/mrpl20/mrpl44/ptcd3/mrps21/eif2a/mrps35/rpl15/rpsa/rps16/mrps24/mrps15/rpl6/mrpl21/rpl10/rps6/rpl4/rps4x/mrps18b/faua/rack1/mrpl4/mrpl43/rplp1/rpl28/rps3/rpl13/mrps14/rplp0/rplp2/rps8b/rps19/mrpl14/rpl32/rpl34/mrps34/rps14/rpl18/rpl3/rpl22/mrpl51/mrpl53/rpl5a/hspa14/mrpl19/mrpl27/rpl24/mrpl48/rpl22l1/mrpl17/mrps17/rpl30/mrpl58/rps7/rpl10a/mrps22/zgc:171772/mrps16/mrps31/mrpl54/rpl21/rps17/rpl7/rpl7a/mrpl1/mrps18a/gadd45gip1/rps10/rps27a/mrpl52/rps5/rps27.2/rpl12/rps26/kgd4/rpl7l1/dap3/mrpl47/mrpl32/mrpl41/uba52/rpl11/mrps18c/mrps10/mrpl28/mrpl22/rpl8/mrps11,90
BP,GO:0006412,translation,176/3864,473/18773,0.372093023,1.807790457,9.058438038,2.60E-17,8.13E-14,6.98E-14,eif4e3/dap1b/msi1b/igf2bp2a/mrpl10/rbm24a/lrrc47/mrpl33/mrpl30/farsa/eif2ak2/mrpl20/gcn1/mrpl44/ptcd3/kbtbd8/mrps21/eif2a/mrps35/mettl17/igf2bp3/eif4a2/rpl15/rpsa/rps16/eif4ebp2/gfm1/coa3a/ddx6/si:ch211-256m1.8/eif3ha/secisbp2/mrps24/fxr2/ybx1/mknk1/mrps15/rpl6/rpl10/rps6/rpl4/rps4x/larp4b/mrps18b/eef1a1b/faua/tnrc6c1/eef2b/trmt10c/eif3d/rack1/mrpl4/caprin1b/mrpl43/rplp1/rpl28/rps3/mif4gdb/rpl13/rida/mrps14/rplp0/rplp2/eif4e1c/rps8b/yars1/kars1/dhx29/nanos1/eefsec/rps19/eif3ea/mrpl14/eif4enif1/gtdc1/rpl32/wars2/rpl34/gspt1l/mrps34/eif1/rps14/rpl18/dars1/eif3s6ip/rpl3/eif5b/rpl22/paip1/eif2s3/eif4g1a/eif6/mrpl51/ncbp2/drg1/rpl5a/gtpbp1l/mrpl19/mrpl27/eif5/gfm2/rpl24/tars1/rpl22l1/mrpl17/farsb/eif2ak1/mrps17/rmnd1/uhmk1/mars2/mrpl58/rps7/rpl10a/eif3ba/ascc3/eif3ja/elof1/eif4h/mettl3/ogfod1/trim3b/tsfm/zgc:171772/mrps16/rpl21/eif4ebp1/rps17/casc3/nars2/mtg1/eif3s10/mrps18a/ltn1/rps27a/mrpl52/ngdn/iars1/rps5/rps27.2/eif4eb/rars1/eef1b2/rpl12/rps26/eif3k/rnf14/eif1ad/mrpl47/eif5a/mrpl32/mrpl41/serbp1a/eif3m/uba52/ddx61/rpl11/eif4a1a/mrps18c/mrps10/mars1/mtrfr/eif2ak4/mrpl22/rpl8/eif2d/znf598/lars2/gtpbp2b/eif2s2/tcea3/eif2b3/aars2/zar1l/caprin1a/mrps11,176
MF,GO:0003735,structural constituent of ribosome,78/3742,154/18430,0.506493506,2.494568499,9.400632063,4.19E-17,3.82E-14,3.35E-14,mrpl10/mrpl33/mrpl30/mrpl20/mrps21/mrps35/rpl15/rpsa/rps16/mrps24/mrps15/rpl6/mrpl21/rpl10/rps6/rpl4/rps4x/mrps18b/faua/mrpl4/mrpl43/rplp1/rpl28/rps3/rpl13/mrps14/rplp0/rplp2/rps8b/rps19/mrpl14/rpl32/rpl34/mrps34/rps14/rpl18/rpl3/rpl22/mrpl51/rpl5a/mrpl19/mrpl27/rpl24/rpl22l1/mrpl17/mrps17/rpl30/rps7/rpl10a/mrps22/zgc:171772/mrps16/mrps31/mrpl54/rpl21/rps17/rpl7/mrps18a/rps10/rps27a/mrpl52/rps5/rps27.2/rpl12/rps26/rpl7l1/dap3/mrpl47/mrpl32/mrpl41/uba52/rpl11/mrps18c/mrps10/mrpl28/mrpl22/rpl8/mrps11,78
CC,GO:0044391,ribosomal subunit,73/3989,141/19331,0.517730496,2.508961701,9.169744652,2.29E-16,5.93E-14,4.74E-14,mrpl10/mrpl30/mrpl44/eif2a/mrps35/rpl15/rpsa/rps16/mrps24/mrps15/rpl6/mrpl21/rpl10/rpl4/rps4x/faua/mrpl4/mrpl43/rplp1/rpl28/rps3/rpl13/mrps14/rplp0/rplp2/rps8b/rps19/mrpl14/rpl32/rpl34/mrps34/rps14/rpl18/rpl3/mrpl51/mrpl53/rpl5a/mrpl19/mrpl27/rpl24/mrpl17/mrps17/rpl30/mrpl58/rps7/rpl10a/mrps22/zgc:171772/mrps16/mrps31/mrpl54/rpl21/rpl7/rpl7a/mrps18a/rps10/mrpl52/rps5/rps27.2/rpl12/rps26/rpl7l1/dap3/mrpl47/mrpl32/mrpl41/rpl11/mrps18c/mrps10/mrpl28/mrpl22/rpl8/mrps11,73
CC,GO:0005740,mitochondrial envelope,165/3989,457/19331,0.361050328,1.749677587,8.270039954,8.06E-15,1.39E-12,1.11E-12,uqcr10/slc25a55a/yme1l1a/marchf5l/abcb6a/spata18/ndufs6/uqcrq/atad1b/si:dkey-237i9.1/cpt2/etfdh/slc25a24/cox17/cox15/ndufb6/ndufa6/atp5meb/cox19/coq6/micos10/zgc:112052/ndufa7/dnm1l/tamm41/tmem65/smdt1b/acad9/atp5mea/prelid3b/dhodh/slc44a2/atpsckmt/tomm7/myoc/grpel1/mcu/timm8a/uqcrh/coa8/ndufb10/pet100/coa3a/coa7/slc25a46/hccsb/slc25a42/bcl2l16/uqcrb/sh3glb1a/sdhdb/bnip3lb/ndufaf5/uqcc6/sdhb/alas2/chchd6a/prelid1a/ndufc2/micu2/ndufb8/apoob/gpam/cyc1/tomm22/cpt1b/phb2a/acad11/cox4i2/sfxn4/bcl2b/tomm20b/zdhhc8b/rps3/ndufs5/coq2/slc25a55b/atp5f1c/tafazzin/vdac2/slc25a1a/zgc:172295/chchd4a/timm21/slc25a16/tigara/ndufa8/cibar1/mcl1b/antkmt/sdha/slc30a9/ndufb2/slc25a12/slc25a19/bida/atp5pf/zgc:56235/afg3l1/cyp11c1/acadvl/vdac1/mix23/micos13/ndufv1/tomm40/apooa/sfxn3/ifi27.6/lpin1a/timm10b/ndufa11/gper1/opa1/timm13/fundc1/ciapin1/ndufs4/atp5pd/timm17a/slc25a28/yme1l1b/mpc1/coq10b/mtx2/spg7/cox6c/timm23a/endog/mtg1/surf1/smpd5/tspo/atad1a/prelid1b/zgc:110843/mao/slc25a3b/tmem160/cox20/rhot1a/gatm/ndufb7/cox4i1/bcs1l/cox8a/slc25a43/timm44/coq8b/becn1/prkcaa/abcb8/rps6kb1b/eral1/cox7c/pink1/cox18/chchd7/sord/flvcr2a/coq5/src/immt/ndufb4/bcl2l10,165
CC,GO:0031966,mitochondrial membrane,154/3989,426/19331,0.361502347,1.751868107,8.001383342,5.68E-14,7.36E-12,5.88E-12,uqcr10/slc25a55a/yme1l1a/marchf5l/abcb6a/spata18/ndufs6/uqcrq/atad1b/cpt2/etfdh/slc25a24/cox15/ndufb6/ndufa6/atp5meb/coq6/micos10/zgc:112052/ndufa7/dnm1l/tamm41/tmem65/smdt1b/acad9/atp5mea/dhodh/slc44a2/atpsckmt/tomm7/myoc/grpel1/mcu/timm8a/uqcrh/coa8/ndufb10/pet100/coa3a/slc25a46/hccsb/slc25a42/bcl2l16/uqcrb/sh3glb1a/sdhdb/bnip3lb/ndufaf5/uqcc6/sdhb/alas2/chchd6a/ndufc2/micu2/ndufb8/apoob/gpam/cyc1/tomm22/cpt1b/phb2a/acad11/cox4i2/sfxn4/bcl2b/tomm20b/zdhhc8b/rps3/ndufs5/coq2/slc25a55b/atp5f1c/tafazzin/vdac2/slc25a1a/zgc:172295/timm21/slc25a16/tigara/ndufa8/cibar1/mcl1b/antkmt/sdha/slc30a9/ndufb2/slc25a12/slc25a19/bida/atp5pf/zgc:56235/afg3l1/cyp11c1/acadvl/vdac1/micos13/ndufv1/tomm40/apooa/sfxn3/ifi27.6/lpin1a/timm10b/ndufa11/gper1/opa1/timm13/fundc1/ndufs4/atp5pd/timm17a/slc25a28/yme1l1b/mpc1/coq10b/mtx2/spg7/cox6c/timm23a/endog/mtg1/surf1/smpd5/tspo/atad1a/zgc:110843/mao/slc25a3b/tmem160/cox20/rhot1a/gatm/ndufb7/cox4i1/bcs1l/cox8a/slc25a43/timm44/coq8b/becn1/prkcaa/abcb8/rps6kb1b/eral1/cox7c/pink1/cox18/sord/flvcr2a/coq5/src/immt/ndufb4/bcl2l10,154
CC,GO:0005743,mitochondrial inner membrane,107/3989,266/19331,0.402255639,1.949361684,7.949889083,1.87E-13,1.94E-11,1.55E-11,uqcr10/slc25a55a/yme1l1a/ndufs6/uqcrq/cpt2/etfdh/slc25a24/cox15/ndufb6/ndufa6/atp5meb/coq6/micos10/ndufa7/tamm41/tmem65/smdt1b/acad9/atp5mea/dhodh/myoc/grpel1/mcu/timm8a/uqcrh/coa8/ndufb10/pet100/coa3a/hccsb/slc25a42/uqcrb/sdhdb/ndufaf5/uqcc6/sdhb/alas2/chchd6a/ndufc2/micu2/ndufb8/apoob/cyc1/phb2a/cox4i2/sfxn4/rps3/ndufs5/coq2/slc25a55b/atp5f1c/tafazzin/slc25a1a/timm21/slc25a16/ndufa8/cibar1/sdha/ndufb2/slc25a12/slc25a19/atp5pf/afg3l1/cyp11c1/acadvl/micos13/ndufv1/apooa/sfxn3/timm10b/ndufa11/opa1/timm13/ndufs4/atp5pd/timm17a/slc25a28/yme1l1b/mpc1/coq10b/spg7/cox6c/timm23a/endog/mtg1/surf1/smpd5/slc25a3b/tmem160/cox20/gatm/ndufb7/cox4i1/bcs1l/cox8a/slc25a43/timm44/abcb8/eral1/cox7c/pink1/cox18/coq5/src/immt/ndufb4,107
CC,GO:1990204,oxidoreductase complex,53/3989,99/19331,0.535353535,2.5943643,8.109608513,4.91E-13,4.24E-11,3.38E-11,ndufs6/ndufs3/uqcrq/ndufb6/ndufa6/ndufa7/coa6/uqcrh/ndufb10/uqcrb/abhd11/sdhdb/ndufs8a/ndufv2/dldh/rrm1/sdhb/ndufc2/gcsha/ndufab1b/ndufb8/ogdha/cyc1/cox4i2/ogdhb/ndufs5/ndufa8/sdha/ndufa10/ndufb2/kat2a/cyba/ndufv1/ndufc1/dlst/ndufa11/gmpr/ncf2/ndufa4l2a/ndufs4/ndufb11/ndufb5/kgd4/dlat/bckdha/ndufb7/cox4i1/cox8a/cybb/cox7c/pdhx/cox6b1/ndufb4,53
CC,GO:0019866,organelle inner membrane,110/3989,283/19331,0.38869258,1.883634057,7.635683679,1.22E-12,9.04E-11,7.22E-11,uqcr10/slc25a55a/tmem120b/yme1l1a/ndufs6/uqcrq/sirt1/cpt2/etfdh/slc25a24/cox15/ndufb6/ndufa6/atp5meb/coq6/micos10/ndufa7/tamm41/tmem65/smdt1b/acad9/atp5mea/nemp1/dhodh/myoc/grpel1/mcu/timm8a/uqcrh/coa8/ndufb10/pet100/coa3a/hccsb/slc25a42/uqcrb/sdhdb/ndufaf5/uqcc6/sdhb/alas2/chchd6a/ndufc2/micu2/ndufb8/apoob/cyc1/phb2a/cox4i2/sfxn4/rps3/ndufs5/coq2/slc25a55b/atp5f1c/tafazzin/slc25a1a/timm21/slc25a16/ndufa8/cibar1/sdha/ndufb2/slc25a12/slc25a19/atp5pf/afg3l1/cyp11c1/acadvl/micos13/ndufv1/apooa/sfxn3/timm10b/ndufa11/opa1/timm13/ndufs4/atp5pd/timm17a/slc25a28/yme1l1b/mpc1/coq10b/spg7/cox6c/timm23a/endog/mtg1/surf1/smpd5/slc25a3b/tmem160/cox20/gatm/ndufb7/cox4i1/bcs1l/cox8a/slc25a43/timm44/abcb8/eral1/cox7c/pink1/cox18/coq5/src/immt/ndufb4,110
BP,GO:0061061,muscle structure development,152/3864,437/18773,0.347826087,1.689891079,7.42879753,2.25E-12,3.52E-09,3.02E-09,mylpfb/col6a2/col6a1/tpm3/vcla/chrna1/klhl41a/tnni2a.4/tnnt1/dok7b/si:dkeyp-69b9.3/igfn1.3/myorg/dyrk3/smyd2a/lmod3/fhod3a/myom2a/rbm24a/mybpc2b/lgals2a/lurap1/homer1b/apobec2b/ryr1a/myf5/myom1b/mef2aa/col22a1/myo18ab/ctsd/cct5/cmlc1/six1b/itgb1a/sox6/chchd10/zgc:112052/actn2b/mybpha/desma/dock5/tcap/postnb/inpp5ka/smpx/pdlim3b/dag1/atp1a2a/smyhc2/mybpc1/thrab/adss1/rbx1/lama4/dnajb6b/cxcr4a/hsp90ab1/tgfbi/pdlim7/myl2b/pip4k2aa/pdlim4/nrap/hspg2/rbfox1l/ddx39ab/mapk14b/dmrt2a/mrtfbb/smyd1b/ltbp3/tardbpa/csrp1a/lmna/lamb2/csrp3/hmgcra/kif5ba/ryr3/mymk/apobec2a/mybpc2a/igf2b/mef2cb/dmd/alpk2/septin15/akap12b/ache/lamc1/selenon/klhl40a/b3galnt2/arhgef28a/cert1a/megf10/disp1/ldb3b/pdlim5a/sgcb/tnnt2c/pleca/icam3/spega/vcp/fer1l6/ctcf/axin1/nexn/fermt2/ilk/hsp90aa1.1/smad4a/crk/tpcn2/jam3b/rbfox2/opa1/arrb2b/mrtfab/cemip2/naca/tln1/mylk5/ttn.1/hdgfl2/noc3l/smo/ngly1/ttn.2/mybphb/lmod2b/flncb/ppp2r3a/b4gat1/lamb1a/carm1/nr2f1a/mbnl2/tmem182a/plekho1b/foxc1a/myo9aa/unc45b/kmt5b/dpf3/grk3/neu1/rbfox1/mat2aa/gli2a,152
CC,GO:0005759,mitochondrial matrix,74/3989,169/19331,0.437869822,2.121950749,7.469709001,8.10E-12,5.24E-10,4.19E-10,acss3/lyrm7/mrpl10/aldh4a1/foxo3b/acadl/mrpl20/got2a/mrpl44/mrps35/ak3/clpxa/grpel1/mrps24/abhd11/pptc7a/mrps15/mrpl21/pdk2a/alas2/fastkd2/mterf2/sdhaf2/mrpl4/dhx30/mrpl43/mrps14/sirt4/ndufa10/mrpl14/wars2/mrps34/mrpl51/mrpl53/mrpl19/mrpl27/mrpl48/mrpl17/dlst/mrps17/mrpl58/mrps22/mrps16/mrps31/mrpl54/tfb1m/cs/pdk3a/mrps18a/mrpl52/dmgdh/pitrm1/tbrg4/ccnb1/ak4/dap3/dlat/mrpl47/mrpl32/mrpl41/hadh/nags/mrps18c/mrps10/mrpl28/mrpl22/glrx5/eral1/pdhx/foxo3a/tfam/fastkd3/supv3l1/mrps11,74
BP,GO:0043632,modification-dependent macromolecule catabolic process,147/3864,426/18773,0.345070423,1.676502858,7.190208413,1.02E-11,1.07E-08,9.15E-09,asb2a.1/fbxl22/zgc:136908/kbtbd2/ube2l3b/klhl41a/psmd4a/zranb1b/psmc6/ube2d4/psmd14/cul4b/ube3a/ubxn2a/hectd3/kbtbd12/cul2/tollip/anapc1/tent4a/si:ch211-59o9.10/chfr/rc3h1b/kbtbd8/ube2g1b/psmc1a/csnk1e/psmd11b/psmc3/znrf2b/usp14/zfand2a/nccrp1/plaa/usp38/fbxw5/ube3c/arih2/rbx1/hsp90ab1/ubxn1/vps37a/sh3rf1/rbbp6/fbxo31/psma1/vps36/vps37d/ccnf/psmc4/ubr1/cul3b/gsk3aa/fbxl18/arih1/ube2al/psmb6/keap1a/ivns1abpa/ddb1/dis3l2/psmd7/ufd1l/ube2h/cdc34a/mylipa/ubr2/rnf34b/klhl40a/sirt2/pcyox1/ube2s/fzr1a/desi1a/ubb/ube4a/vps25/psmc2/ubr4/cdc23/vcp/fem1b/spopla/dda1/axin1/hectd1/psmc5/ube2d2/psmd8/spop/psmb3/amfra/rnf8/bap1/keap1b/prmt6/ascc3/ccdc22/shrprbck1r/ube2d3/rad23b/trim3b/ankib1a/herpud1/uchl5/psma2a/ndfip2/trim71/axin2/vps37c/nsfl1c/uchl3/rnf146/maea/rmnd5b/ltn1/rps27a/ecrg4a/uba7/klhl30/ankib1b/fbxo4/hace1/fbxl4/klhl3/spsb3a/rnf11a/rnf14/ark2n/rc3h2/itcha/fbxo2/psmd13/dcaf11/uba52/ube4b/psmd6/herc56.1/klhl18/vps28/znf598/ndfip1/pdcd7/ubap1lb/psmb4/smurf1/nedd4a,147
CC,GO:0098798,mitochondrial protein-containing complex,55/3989,113/19331,0.486725664,2.358709904,7.386161922,2.64E-11,1.40E-09,1.12E-09,mrpl10/micos10/mrpl44/smdt1b/mrps35/tomm7/grpel1/mcu/mrps24/mrps15/mrpl21/chchd6a/micu2/apoob/mrpl4/mrpl43/tomm20b/mrps14/timm21/mrpl14/mrps34/afg3l1/micos13/mrpl51/tomm40/apooa/mrpl53/mrpl19/mrpl27/mrpl17/timm10b/mrps17/mrpl58/mrps22/timm13/mrps16/mrps31/mrpl54/timm17a/mtx2/spg7/timm23a/mrps18a/mrpl52/dap3/mrpl47/mrpl32/mrpl41/mrps18c/mrps10/mrpl28/mrpl22/immt/supv3l1/mrps11,55
CC,GO:0015934,large ribosomal subunit,45/3989,84/19331,0.535714286,2.596112524,7.475299218,2.70E-11,1.40E-09,1.12E-09,mrpl10/mrpl30/mrpl44/rpl15/rpl6/mrpl21/rpl10/rpl4/mrpl4/mrpl43/rplp1/rpl28/rpl13/rplp0/rplp2/mrpl14/rpl32/rpl34/rpl18/rpl3/mrpl51/mrpl53/rpl5a/mrpl19/mrpl27/rpl24/mrpl17/rpl30/mrpl58/rpl10a/zgc:171772/mrpl54/rpl21/rpl7/rpl7a/mrpl52/rpl12/rpl7l1/mrpl47/mrpl32/mrpl41/rpl11/mrpl28/mrpl22/rpl8,45
BP,GO:0019941,modification-dependent protein catabolic process,145/3864,424/18773,0.341981132,1.661493735,7.013778358,2.99E-11,2.34E-08,2.01E-08,asb2a.1/fbxl22/zgc:136908/kbtbd2/ube2l3b/klhl41a/psmd4a/zranb1b/psmc6/ube2d4/psmd14/cul4b/ube3a/ubxn2a/hectd3/kbtbd12/cul2/tollip/anapc1/si:ch211-59o9.10/chfr/rc3h1b/kbtbd8/ube2g1b/psmc1a/csnk1e/psmd11b/psmc3/znrf2b/usp14/zfand2a/nccrp1/plaa/usp38/fbxw5/ube3c/arih2/rbx1/hsp90ab1/ubxn1/vps37a/sh3rf1/rbbp6/fbxo31/psma1/vps36/vps37d/ccnf/psmc4/ubr1/cul3b/gsk3aa/fbxl18/arih1/ube2al/psmb6/keap1a/ivns1abpa/ddb1/psmd7/ufd1l/ube2h/cdc34a/mylipa/ubr2/rnf34b/klhl40a/sirt2/pcyox1/ube2s/fzr1a/desi1a/ubb/ube4a/vps25/psmc2/ubr4/cdc23/vcp/fem1b/spopla/dda1/axin1/hectd1/psmc5/ube2d2/psmd8/spop/psmb3/amfra/rnf8/bap1/keap1b/prmt6/ascc3/ccdc22/shrprbck1r/ube2d3/rad23b/trim3b/ankib1a/herpud1/uchl5/psma2a/ndfip2/trim71/axin2/vps37c/nsfl1c/uchl3/rnf146/maea/rmnd5b/ltn1/rps27a/ecrg4a/uba7/klhl30/ankib1b/fbxo4/hace1/fbxl4/klhl3/spsb3a/rnf11a/rnf14/ark2n/rc3h2/itcha/fbxo2/psmd13/dcaf11/uba52/ube4b/psmd6/herc56.1/klhl18/vps28/znf598/ndfip1/pdcd7/ubap1lb/psmb4/smurf1/nedd4a,145
BP,GO:0006511,ubiquitin-dependent protein catabolic process,141/3864,414/18773,0.34057971,1.654685015,6.857370812,7.79E-11,4.87E-08,4.18E-08,asb2a.1/fbxl22/zgc:136908/kbtbd2/ube2l3b/klhl41a/psmd4a/zranb1b/psmc6/ube2d4/psmd14/cul4b/ube3a/ubxn2a/hectd3/kbtbd12/cul2/tollip/anapc1/si:ch211-59o9.10/chfr/rc3h1b/kbtbd8/ube2g1b/psmc1a/csnk1e/psmd11b/psmc3/znrf2b/usp14/zfand2a/nccrp1/plaa/usp38/fbxw5/ube3c/arih2/rbx1/hsp90ab1/ubxn1/vps37a/sh3rf1/rbbp6/fbxo31/psma1/vps36/vps37d/ccnf/psmc4/ubr1/cul3b/gsk3aa/fbxl18/arih1/ube2al/psmb6/keap1a/ivns1abpa/ddb1/psmd7/ufd1l/ube2h/cdc34a/mylipa/ubr2/rnf34b/klhl40a/sirt2/ube2s/fzr1a/desi1a/ube4a/vps25/psmc2/ubr4/cdc23/vcp/fem1b/spopla/dda1/axin1/hectd1/psmc5/ube2d2/psmd8/spop/psmb3/amfra/rnf8/bap1/keap1b/prmt6/ascc3/ccdc22/shrprbck1r/ube2d3/rad23b/trim3b/ankib1a/herpud1/uchl5/psma2a/ndfip2/trim71/axin2/vps37c/nsfl1c/uchl3/rnf146/maea/rmnd5b/ltn1/ecrg4a/uba7/klhl30/ankib1b/fbxo4/hace1/fbxl4/klhl3/spsb3a/rnf11a/rnf14/ark2n/rc3h2/itcha/fbxo2/psmd13/dcaf11/ube4b/psmd6/herc56.1/klhl18/vps28/znf598/ndfip1/pdcd7/ubap1lb/psmb4/smurf1/nedd4a,141
BP,GO:0055002,striated muscle cell development,82/3864,210/18773,0.39047619,1.897103914,6.655457137,5.87E-10,3.05E-07,2.62E-07,col6a1/tpm3/vcla/chrna1/klhl41a/tnni2a.4/tnnt1/dok7b/igfn1.3/myorg/smyd2a/lmod3/fhod3a/myom2a/rbm24a/mybpc2b/lgals2a/ryr1a/myf5/myom1b/mef2aa/myo18ab/cct5/cmlc1/six1b/chchd10/zgc:112052/actn2b/mybpha/desma/tcap/inpp5ka/smpx/dag1/smyhc2/mybpc1/thrab/adss1/dnajb6b/cxcr4a/nrap/rbfox1l/dmrt2a/smyd1b/csrp1a/csrp3/ryr3/mymk/mybpc2a/mef2cb/dmd/alpk2/septin15/ache/selenon/klhl40a/megf10/tnnt2c/icam3/vcp/nexn/ilk/hsp90aa1.1/tpcn2/rbfox2/opa1/naca/tln1/ttn.1/smo/ttn.2/mybphb/lmod2b/flncb/ppp2r3a/carm1/tmem182a/myo9aa/unc45b/neu1/mat2aa/gli2a,82
CC,GO:0000313,organellar ribosome,35/3989,62/19331,0.564516129,2.735688466,6.979832325,6.42E-10,2.77E-08,2.21E-08,mrpl10/mrpl20/mrpl44/mrps35/mrps24/mrps15/mrpl21/mrpl4/mrpl43/mrps14/mrpl14/mrps34/mrpl51/mrpl53/mrpl19/mrpl27/mrpl48/mrpl17/mrps17/mrpl58/mrps22/mrps16/mrps31/mrpl54/mrps18a/mrpl52/dap3/mrpl47/mrpl32/mrpl41/mrps18c/mrps10/mrpl28/mrpl22/mrps11,35
CC,GO:0005761,mitochondrial ribosome,35/3989,62/19331,0.564516129,2.735688466,6.979832325,6.42E-10,2.77E-08,2.21E-08,mrpl10/mrpl20/mrpl44/mrps35/mrps24/mrps15/mrpl21/mrpl4/mrpl43/mrps14/mrpl14/mrps34/mrpl51/mrpl53/mrpl19/mrpl27/mrpl48/mrpl17/mrps17/mrpl58/mrps22/mrps16/mrps31/mrpl54/mrps18a/mrpl52/dap3/mrpl47/mrpl32/mrpl41/mrps18c/mrps10/mrpl28/mrpl22/mrps11,35
BP,GO:0042692,muscle cell differentiation,107/3864,303/18773,0.353135314,1.715685621,6.393810093,1.54E-09,6.60E-07,5.66E-07,col6a2/col6a1/tpm3/vcla/chrna1/klhl41a/tnni2a.4/tnnt1/dok7b/si:dkeyp-69b9.3/igfn1.3/myorg/dyrk3/smyd2a/lmod3/fhod3a/myom2a/rbm24a/mybpc2b/lgals2a/ryr1a/myf5/myom1b/mef2aa/myo18ab/cct5/cmlc1/six1b/sox6/chchd10/zgc:112052/actn2b/mybpha/desma/dock5/tcap/inpp5ka/smpx/dag1/smyhc2/mybpc1/thrab/adss1/dnajb6b/cxcr4a/tgfbi/myl2b/nrap/rbfox1l/ddx39ab/mapk14b/dmrt2a/mrtfbb/smyd1b/ltbp3/csrp1a/csrp3/ryr3/mymk/mybpc2a/igf2b/mef2cb/dmd/alpk2/septin15/akap12b/ache/selenon/klhl40a/b3galnt2/megf10/disp1/tnnt2c/icam3/vcp/axin1/nexn/ilk/hsp90aa1.1/crk/tpcn2/jam3b/rbfox2/opa1/mrtfab/naca/tln1/ttn.1/smo/ttn.2/mybphb/lmod2b/flncb/ppp2r3a/b4gat1/carm1/nr2f1a/mbnl2/tmem182a/plekho1b/foxc1a/myo9aa/unc45b/grk3/neu1/mat2aa/gli2a,107
BP,GO:0007517,muscle organ development,86/3864,228/18773,0.377192982,1.832568287,6.439074399,1.69E-09,6.60E-07,5.66E-07,mylpfb/col6a2/col6a1/chrna1/klhl41a/dok7b/myorg/smyd2a/lmod3/rbm24a/lgals2a/lurap1/apobec2b/ryr1a/myf5/col22a1/myo18ab/six1b/itgb1a/sox6/zgc:112052/actn2b/desma/tcap/postnb/inpp5ka/smpx/dag1/atp1a2a/mybpc1/adss1/rbx1/lama4/dnajb6b/hsp90ab1/pip4k2aa/hspg2/rbfox1l/dmrt2a/smyd1b/tardbpa/lmna/lamb2/hmgcra/kif5ba/ryr3/mymk/apobec2a/dmd/lamc1/selenon/klhl40a/arhgef28a/cert1a/megf10/disp1/sgcb/pleca/spega/fer1l6/ctcf/fermt2/ilk/hsp90aa1.1/smad4a/rbfox2/arrb2b/cemip2/tln1/ttn.1/hdgfl2/noc3l/smo/ngly1/ttn.2/lamb1a/carm1/mbnl2/tmem182a/myo9aa/unc45b/kmt5b/dpf3/neu1/rbfox1/gli2a,86
BP,GO:0140694,non-membrane-bounded organelle assembly,95/3864,261/18773,0.363984674,1.768396556,6.36397649,2.14E-09,7.21E-07,6.19E-07,tpm3/vcla/klhl41a/tnni2a.4/tnnt1/igfn1.3/smyd2a/lmod3/fhod3a/myom2a/rbm24a/mybpc2b/myom1b/mef2aa/myo18ab/cct5/cmlc1/chchd10/lsm14aa/actn2b/alms1/mybpha/desma/tcap/aup1/smyhc2/mybpc1/thrab/g3bp2a/bccip/dnajb6b/cxcr4a/rpsa/cep63/nrap/ddx6/fitm2/smyd1b/csrp1a/tubgcp5/csrp3/ddx28/mybpc2a/dmd/rab11fip5b/septin15/ache/mdn1/kifc1/sbds/megf10/pan3/rps19/ccsapb/nop53/mapre3b/tnnt2c/cep76/rps14/lzts2a/tubgcp4/rab11fip5a/vcp/eif6/kntc1/rpl5a/hsp90aa1.1/si:dkey-243i1.1/tpcn2/naca/tln1/ttn.1/tubgcp2/cp110/smo/c2cd3/clasp2/ttn.2/plk4/mybphb/lmod2b/kif23/rps5/rps27.2/haus3/flncb/ppp2r3a/tubgcp3/ddx61/atxn2/mterf3/eral1/unc45b/edc3/kif11,95
BP,GO:0055001,muscle cell development,91/3864,247/18773,0.368421053,1.78995042,6.362196159,2.31E-09,7.21E-07,6.19E-07,col6a2/col6a1/tpm3/vcla/chrna1/klhl41a/tnni2a.4/tnnt1/dok7b/igfn1.3/myorg/dyrk3/smyd2a/lmod3/fhod3a/myom2a/rbm24a/mybpc2b/lgals2a/ryr1a/myf5/myom1b/mef2aa/myo18ab/cct5/cmlc1/six1b/chchd10/zgc:112052/actn2b/mybpha/desma/tcap/inpp5ka/smpx/dag1/smyhc2/mybpc1/thrab/adss1/dnajb6b/cxcr4a/tgfbi/nrap/rbfox1l/dmrt2a/smyd1b/csrp1a/csrp3/ryr3/mymk/mybpc2a/mef2cb/dmd/alpk2/septin15/akap12b/ache/selenon/klhl40a/b3galnt2/megf10/tnnt2c/icam3/vcp/axin1/nexn/ilk/hsp90aa1.1/tpcn2/rbfox2/opa1/naca/tln1/ttn.1/smo/ttn.2/mybphb/lmod2b/flncb/ppp2r3a/b4gat1/carm1/mbnl2/tmem182a/myo9aa/unc45b/grk3/neu1/mat2aa/gli2a,91
BP,GO:0010498,proteasomal protein catabolic process,113/3864,333/18773,0.339339339,1.648658752,6.080055096,7.36E-09,1.98E-06,1.70E-06,asb2a.1/fbxl22/zgc:136908/kbtbd2/klhl41a/psmd4a/psmc6/psmd14/ubxn2a/hectd3/kbtbd12/cul2/anapc1/psme4b/faf1/kbtbd8/ube2g1b/psmc1a/csnk1e/psmc3/znrf2b/usp14/zfand2a/nccrp1/plaa/aup1/dnajb9a/fbxw5/tmub1/hsp90ab1/faf2/ubxn1/sh3rf1/fbxo31/ddi2/psma1/ccnf/psmc4/calr/ubr1/ecpas/gsk3aa/fbxl18/ube2al/derl1/psmb6/keap1a/ivns1abpa/ddb1/psmd7/ufd1l/selenos/derl2/ubr2/jkamp/rnf34b/klhl40a/sirt2/rnft2/ube2s/fzr1a/desi1a/ube4a/psmc2/cdc23/vcp/fem1b/spopla/dda1/axin1/hectd1/psmc5/os9/psmd8/spop/psmb3/usp19/keap1b/ascc3/shrprbck1r/tmem259/rad23b/trim3b/herpud1/psma2a/traf7/marchf6/trim71/axin2/nsfl1c/maea/rmnd5b/ltn1/edem2/ecrg4a/klhl30/fbxo4/fbxl4/klhl3/spsb3a/erlec1/man1a2/itcha/fbxo2/dcaf11/calr3a/ube4b/psmd6/psme2/klhl18/znf598/psmb4/smurf1,113
BP,GO:0051146,striated muscle cell differentiation,89/3864,245/18773,0.363265306,1.764901551,6.135131655,7.63E-09,1.98E-06,1.70E-06,col6a1/tpm3/vcla/chrna1/klhl41a/tnni2a.4/tnnt1/dok7b/igfn1.3/myorg/smyd2a/lmod3/fhod3a/myom2a/rbm24a/mybpc2b/lgals2a/ryr1a/myf5/myom1b/mef2aa/myo18ab/cct5/cmlc1/six1b/chchd10/zgc:112052/actn2b/mybpha/desma/dock5/tcap/inpp5ka/smpx/dag1/smyhc2/mybpc1/thrab/adss1/dnajb6b/cxcr4a/nrap/rbfox1l/ddx39ab/mapk14b/dmrt2a/smyd1b/csrp1a/csrp3/ryr3/mymk/mybpc2a/mef2cb/dmd/alpk2/septin15/ache/selenon/klhl40a/megf10/tnnt2c/icam3/vcp/nexn/ilk/hsp90aa1.1/crk/tpcn2/jam3b/rbfox2/opa1/naca/tln1/ttn.1/smo/ttn.2/mybphb/lmod2b/flncb/ppp2r3a/carm1/nr2f1a/tmem182a/plekho1b/myo9aa/unc45b/neu1/mat2aa/gli2a,89
BP,GO:0015980,energy derivation by oxidation of organic compounds,72/3864,186/18773,0.387096774,1.880685233,6.145003172,9.88E-09,2.37E-06,2.04E-06,uqcr10/slc25a55a/ppp1r3cb/gbe1b/ndufs6/ppp1r3db/uqcrq/etfdh/ndufb6/gyg1b/ndufa7/ppp1cb/tcap/mdh2/inpp5ka/coa6/pm20d1.2/phkg2/ugp2a/atpsckmt/aco1/uqcrh/uqcrb/sdhdb/ndufs8a/ndufv2/idh1/aco2/sdhb/ndufc2/ndufb8/ogdha/cyc1/idh3b/sdhaf2/lyrm5a/cox4i2/ogdhb/ppp1r3aa/sfxn4/pygl/ppp1caa/slc25a55b/gyg1a/coq10a/sucla2/epm2a/ndufa8/antkmt/sdha/ndufa10/slc25a12/wdr45b/ndufv1/ugp2b/dlst/reep1/ndufaf1/phka2/atg2a/cs/coq10b/cox6c/wdr45/cox4i1/cox8a/phka1a/smpd1/cox7c/mdh1aa/agla/atp5f1b,72
CC,GO:0022626,cytosolic ribosome,39/3989,79/19331,0.493670886,2.392366984,6.323190874,1.20E-08,4.61E-07,3.68E-07,eif2a/rpl15/rpsa/rps16/rpl6/rpl10/rpl4/rps4x/faua/rplp1/rpl28/rps3/rpl13/rplp0/rplp2/rps8b/rps19/rpl32/rpl34/rps14/rpl18/rpl3/rpl5a/rpl24/rpl30/rps7/rpl10a/zgc:171772/rpl21/rpl7/rpl7a/rps10/rps5/rps27.2/rpl12/rps26/rpl7l1/rpl11/rpl8,39
CC,GO:0030017,sarcomere,58/3989,139/19331,0.417266187,2.022103951,6.166650084,1.24E-08,4.61E-07,3.68E-07,tnni2a.2/rtn2b/klhl41a/tnni2a.4/tnnt1/tnni2a.3/igfn1.3/abrab/lmod3/myom2a/capza1a/mybpc2b/myoz3a/tnnc1a/fhl5/ryr1a/casq1a/myom1b/casq2/tnni1d/actn2b/mybpha/desma/tcap/smpx/pdlim3b/mybpc1/pdlim7/pdlim4/nrap/parvb/fhl2a/smyd1b/csrp1a/csrp3/ryr3/mybpc2a/klhl40a/myoz2a/ldb3b/pdlim5a/tnnt2c/ppp1r12a/spega/nexn/fermt2/ilk/hsp90aa1.1/ttn.1/ttn.2/mybphb/lmod2b/myoz1a/mmp2/tnnc2.1/unc45b/tnni4b.2/tnni1b,58
BP,GO:0003015,heart process,74/3864,196/18773,0.37755102,1.834307791,5.977452295,2.15E-08,4.80E-06,4.12E-06,fbxl22/tnni2a.2/vcla/adrb2a/tnni2a.4/trim55a/tnni2a.3/smyd2a/trdn/tnnc1a/casq2/tnni1d/cmlc1/tbx2b/desma/tcap/tmem65/atp1a2a/smyhc2/bin1b/emd/mcu/myl2b/rangrf/rbfox1l/parvb/dspb/bnip3lb/dldh/vegfaa/myzap/smyd1b/scn4ba/ank2b/adma/lmna/csrp3/ogdha/wtip/spen/ankhd1/ogdhb/tmem161b/alpk2/septin15/adrb2b/tafazzin/vdac2/plcg1/si:ch211-225p5.8/tnnt2c/atp2a2b/atp2a2a/icam3/vcp/erp44/vapb/ilk/sgcg/dlst/gper1/dsc2l/si:dkey-28b4.8/kcne4/ttn.2/surf1/atp1a1a.1/melk/tnni4b.2/tnni1b/grk3/chga/skia/rbfox1,74
CC,GO:0030016,myofibril,61/3989,151/19331,0.40397351,1.957686618,6.02413294,2.27E-08,7.85E-07,6.27E-07,tnni2a.2/rtn2b/klhl41a/tnni2a.4/tnnt1/tnni2a.3/igfn1.3/abrab/lmod3/myom2a/capza1a/mybpc2b/myoz3a/tnnc1a/fhl5/ryr1a/casq1a/myom1b/casq2/tnni1d/twf2b/actn2b/mybpha/desma/tcap/smpx/pdlim3b/mybpc1/pdlim7/myl2b/pdlim4/nrap/parvb/fhl2a/smyd1b/csrp1a/csrp3/prx/ryr3/mybpc2a/klhl40a/myoz2a/ldb3b/pdlim5a/tnnt2c/ppp1r12a/spega/nexn/fermt2/ilk/hsp90aa1.1/ttn.1/ttn.2/mybphb/lmod2b/myoz1a/mmp2/tnnc2.1/unc45b/tnni4b.2/tnni1b,61
BP,GO:0060047,heart contraction,72/3864,192/18773,0.375,1.82191382,5.827629456,4.58E-08,9.53E-06,8.18E-06,fbxl22/tnni2a.2/vcla/adrb2a/tnni2a.4/trim55a/tnni2a.3/smyd2a/trdn/tnnc1a/casq2/tnni1d/cmlc1/tbx2b/desma/tcap/tmem65/atp1a2a/smyhc2/bin1b/emd/mcu/myl2b/rangrf/parvb/dspb/bnip3lb/dldh/vegfaa/myzap/smyd1b/scn4ba/ank2b/adma/lmna/csrp3/ogdha/wtip/spen/ankhd1/ogdhb/tmem161b/alpk2/septin15/adrb2b/tafazzin/vdac2/plcg1/si:ch211-225p5.8/tnnt2c/atp2a2b/atp2a2a/icam3/vcp/erp44/vapb/ilk/sgcg/dlst/gper1/dsc2l/si:dkey-28b4.8/kcne4/ttn.2/surf1/atp1a1a.1/melk/tnni4b.2/tnni1b/grk3/skia/rbfox1,72
CC,GO:0043292,contractile muscle fiber,61/3989,154/19331,0.396103896,1.919549866,5.841875103,5.36E-08,1.74E-06,1.39E-06,tnni2a.2/rtn2b/klhl41a/tnni2a.4/tnnt1/tnni2a.3/igfn1.3/abrab/lmod3/myom2a/capza1a/mybpc2b/myoz3a/tnnc1a/fhl5/ryr1a/casq1a/myom1b/casq2/tnni1d/twf2b/actn2b/mybpha/desma/tcap/smpx/pdlim3b/mybpc1/pdlim7/myl2b/pdlim4/nrap/parvb/fhl2a/smyd1b/csrp1a/csrp3/prx/ryr3/mybpc2a/klhl40a/myoz2a/ldb3b/pdlim5a/tnnt2c/ppp1r12a/spega/nexn/fermt2/ilk/hsp90aa1.1/ttn.1/ttn.2/mybphb/lmod2b/myoz1a/mmp2/tnnc2.1/unc45b/tnni4b.2/tnni1b,61
CC,GO:0000502,proteasome complex,32/3989,62/19331,0.516129032,2.501200883,6.036872778,6.32E-08,1.92E-06,1.54E-06,psmd4a/psmc6/psmd14/psmd12/adrm1/ube3a/psme4b/psmc1a/psmd2/psmd11b/psmc3/usp14/psmg3/psma1/psmc4/ecpas/psmb6/psmd7/psmb1/psmg4/psmd5/psmc2/psmd9/psmc5/psmd8/psmb3/rad23b/psma2a/psmd13/psmd6/psme2/psmb4,32
CC,GO:0098803,respiratory chain complex,43/3989,96/19331,0.447916667,2.170638527,5.862991846,8.24E-08,2.37E-06,1.89E-06,ndufs6/ndufs3/uqcrq/ndufb6/ndufa6/atp5meb/ndufa7/atp5mea/coa6/uqcrh/ndufb10/uqcrb/sdhdb/ndufs8a/ndufv2/sdhb/ndufc2/ndufab1b/ndufb8/cyc1/cox4i2/ndufs5/atp5f1c/ndufa8/sdha/ndufa10/ndufb2/atp5pf/ndufv1/ndufc1/ndufa11/ndufa4l2a/ndufs4/atp5pd/ndufb11/ndufb5/ndufb7/cox4i1/cox8a/cox7c/cox6b1/ndufb4/atp5f1b,43
BP,GO:0030239,myofibril assembly,50/3864,119/18773,0.420168067,2.041360022,5.801468919,8.65E-08,1.69E-05,1.45E-05,tpm3/vcla/klhl41a/tnni2a.4/tnnt1/igfn1.3/smyd2a/lmod3/fhod3a/myom2a/rbm24a/mybpc2b/myom1b/mef2aa/myo18ab/cct5/cmlc1/chchd10/actn2b/mybpha/desma/tcap/smyhc2/mybpc1/thrab/dnajb6b/cxcr4a/nrap/smyd1b/csrp1a/csrp3/mybpc2a/dmd/septin15/ache/megf10/tnnt2c/vcp/hsp90aa1.1/tpcn2/naca/tln1/ttn.1/smo/ttn.2/mybphb/lmod2b/flncb/ppp2r3a/unc45b,50
MF,GO:0008237,metallopeptidase activity,67/3742,181/18430,0.370165746,1.823130598,5.617071372,1.36E-07,6.21E-05,5.44E-05,adamts9/zgc:152830/yme1l1a/ece1/xpnpep2/psmd14/adamts2a/anpepa/aebp1b/agbl5/mmp15b/pm20d1.2/pmpcb/lnpep/pappa2/mmp15a/uqcrc2b/mmp9/phex/mmp14b/stambpl1/eif3ha/cpda/adamts12/cpxm1a/psmd7/anpeplb/npsn/adam8a/stambpa/adam12b/cpz/afg3l1/mmp19/adamts17/aopep/adam10a/mmp11b/dpep1/enpep/pmpca/erap2/agtpbp1/kel/cops5/bmp1a/ybey/yme1l1b/cpxm1b/spg7/cndp2/pitrm1/naaladl1/mmp14a/dnpep/xpnpep3/mysm1/mmp2/pepd/adam22/naalad2/brcc3/trabd2b/adamts1/xpnpep1/mep1a.1/cpe,67
BP,GO:0022613,ribonucleoprotein complex biogenesis,105/3864,319/18773,0.329153605,1.599172005,5.494790912,1.43E-07,2.45E-05,2.10E-05,snrpe/sart1/riok3/eri1/mrpl44/mtg2/dimt1l/clp1/srfbp1/bud23/rpsa/rps16/znhit6/nop16/c1d/xpo1a/rsrp1/eif3ha/yju2/mphosph10/sart3/rps4x/wdr36/xpo1b/ddx28/eif3d/ddx31/gnl3l/mdn1/rplp0/sbds/rps8b/xab2/lsm6/rps19/eif3ea/ptges3a/si:dkey-251i10.3/nop53/mrm3a/luc7l3/exosc10/bop1/exosc7/rps14/prpf31/eif3s6ip/eif2s3/eif6/bms1/si:ch211-220i18.4/rpl5a/nmd3/nop2/nop56/nop10/eif5/celf2/srpk1a/rpf1/tsr2/tsr1/nopchap1/rps7/gemin6/eif3ba/ncl/eif3ja/khdc4/riok2/ddx10/ybey/tfb1m/esf1/sde2/nol9/rpl7/rpl7a/ltv1/eif3s10/ngdn/rps5/rps27.2/clns1a/eif3k/las1l/ddx18/rpl7l1/noc4l/krr1/lsg1/eif3m/wdr74/prpf6/mterf3/mettl16/nop14/urb2/nup88/eral1/eif2d/nob1/prmt7/eif2s2/gtpbp4,105
BP,GO:0030198,extracellular matrix organization,70/3864,190/18773,0.368421053,1.78995042,5.571450744,1.56E-07,2.45E-05,2.10E-05,col1a2/col1a1a/col5a2a/col5a1/col5a3a/adamts9/col2a1a/col18a1a/postna/adamts2a/col16a1/col15a1b/col4a1/abi3bpb/lum/col22a1/col11a1a/col10a1b/fras1/runx1/has2/plod1a/loxl2b/postnb/itga5/ccdc80/loxl5b/plce1/tgfbi/mmp15a/mmp9/mmp14b/hmcn2/sulf2b/col4a2/p4htmb/scara3/adamts12/col11a2/lamb2/creb3l2/dpt/p4ha1a/colq/col5a2b/comp/col10a1a/serpinh1b/adamtsl7/col4a5/adamts17/mmp11b/kank2/hapln1a/fbln1/myh9a/cpamd8/cemip2/hpse2/col8a1b/spint1a/zgc:113232/mmp14a/atp1a1a.1/mmp2/hmcn1/lamb1a/coq8b/adamts1/col7a1,70
BP,GO:0043062,extracellular structure organization,70/3864,190/18773,0.368421053,1.78995042,5.571450744,1.56E-07,2.45E-05,2.10E-05,col1a2/col1a1a/col5a2a/col5a1/col5a3a/adamts9/col2a1a/col18a1a/postna/adamts2a/col16a1/col15a1b/col4a1/abi3bpb/lum/col22a1/col11a1a/col10a1b/fras1/runx1/has2/plod1a/loxl2b/postnb/itga5/ccdc80/loxl5b/plce1/tgfbi/mmp15a/mmp9/mmp14b/hmcn2/sulf2b/col4a2/p4htmb/scara3/adamts12/col11a2/lamb2/creb3l2/dpt/p4ha1a/colq/col5a2b/comp/col10a1a/serpinh1b/adamtsl7/col4a5/adamts17/mmp11b/kank2/hapln1a/fbln1/myh9a/cpamd8/cemip2/hpse2/col8a1b/spint1a/zgc:113232/mmp14a/atp1a1a.1/mmp2/hmcn1/lamb1a/coq8b/adamts1/col7a1,70
BP,GO:0006941,striated muscle contraction,35/3864,73/18773,0.479452055,2.329387532,5.793510554,1.57E-07,2.45E-05,2.10E-05,fbxl22/tnni2a.2/tnni2a.4/tnnt1/tnni2a.3/tnnc1a/ryr1a/casq1a/casq2/tnni1d/desma/tcap/stac/smyhc2/bin1b/myl2b/scn4ba/ank2b/csrp3/wtip/ryr3/tmem161b/septin15/si:ch211-225p5.8/tnnt2c/atp2a2b/atp2a2a/icam3/erp44/si:dkey-28b4.8/kcne4/zgc:153184/tnnc2.1/tnni4b.2/tnni1b,35
BP,GO:0045229,external encapsulating structure organization,70/3864,191/18773,0.366492147,1.780578951,5.519971891,1.98E-07,2.94E-05,2.52E-05,col1a2/col1a1a/col5a2a/col5a1/col5a3a/adamts9/col2a1a/col18a1a/postna/adamts2a/col16a1/col15a1b/col4a1/abi3bpb/lum/col22a1/col11a1a/col10a1b/fras1/runx1/has2/plod1a/loxl2b/postnb/itga5/ccdc80/loxl5b/plce1/tgfbi/mmp15a/mmp9/mmp14b/hmcn2/sulf2b/col4a2/p4htmb/scara3/adamts12/col11a2/lamb2/creb3l2/dpt/p4ha1a/colq/col5a2b/comp/col10a1a/serpinh1b/adamtsl7/col4a5/adamts17/mmp11b/kank2/hapln1a/fbln1/myh9a/cpamd8/cemip2/hpse2/col8a1b/spint1a/zgc:113232/mmp14a/atp1a1a.1/mmp2/hmcn1/lamb1a/coq8b/adamts1/col7a1,70
CC,GO:0005838,proteasome regulatory particle,16/3989,22/19331,0.727272727,3.524419426,6.040875965,2.17E-07,5.92E-06,4.73E-06,psmd4a/psmc6/psmd14/psmd12/adrm1/psmc1a/psmd2/psmd11b/psmc3/psmc4/psmd7/psmc2/psmc5/psmd8/psmd13/psmd6,16
BP,GO:0003013,circulatory system process,98/3864,295/18773,0.33220339,1.613989192,5.411203005,2.26E-07,3.21E-05,2.75E-05,fbxl22/tnni2a.2/vcla/adrb2a/tnni2a.4/nos1/trim55a/tnni2a.3/smyd2a/trdn/tnnc1a/casq2/tnni1d/tjp1b/cmlc1/tbx2b/desma/tcap/tmem65/atp1a2a/agtr1b/smyhc2/bin1b/ccdc80/emd/lnpep/mcu/myl2b/rangrf/rbfox1l/parvb/dspb/bnip3lb/dldh/vegfaa/myzap/smyd1b/scn4ba/ank2b/adma/lmna/csrp3/ogdha/wtip/spen/ankhd1/ogdhb/tmem161b/alpk2/septin15/adrb2b/tafazzin/vdac2/vcana/disp1/plcg1/si:ch211-225p5.8/notch3/tnnt2c/npc2.1/atp2a2b/atp2a2a/icam3/vcp/pawr/erp44/pitx2/vapb/mfsd2ab/ilk/sgcg/dlst/npc1/enpep/gper1/dsc2l/ednrba/tjp2a/si:dkey-28b4.8/gclc/kcne4/ttn.2/surf1/unc45a/atp1a1a.1/plvapb/foxc1a/melk/avpr2ab/tnni4b.2/tnni1b/grk3/chga/skia/rbfox1/flvcr2a/gli2a/src,98
BP,GO:0045333,cellular respiration,52/3864,129/18773,0.403100775,1.958439662,5.560830525,2.39E-07,3.25E-05,2.79E-05,uqcr10/slc25a55a/ndufs6/uqcrq/etfdh/ndufb6/ndufa7/tcap/mdh2/coa6/pm20d1.2/atpsckmt/aco1/uqcrh/uqcrb/sdhdb/ndufs8a/ndufv2/idh1/aco2/sdhb/ndufc2/ndufb8/ogdha/cyc1/idh3b/sdhaf2/lyrm5a/cox4i2/ogdhb/sfxn4/slc25a55b/coq10a/sucla2/ndufa8/antkmt/sdha/ndufa10/slc25a12/ndufv1/dlst/reep1/ndufaf1/cs/coq10b/cox6c/cox4i1/cox8a/smpd1/cox7c/mdh1aa/atp5f1b,52
CC,GO:0022625,cytosolic large ribosomal subunit,25/3989,45/19331,0.555555556,2.692264839,5.795093705,2.74E-07,7.09E-06,5.66E-06,rpl15/rpl6/rpl10/rpl4/rplp1/rpl28/rpl13/rplp0/rplp2/rpl32/rpl34/rpl18/rpl3/rpl5a/rpl24/rpl30/rpl10a/zgc:171772/rpl21/rpl7/rpl7a/rpl12/rpl7l1/rpl11/rpl8,25
BP,GO:0006091,generation of precursor metabolites and energy,86/3864,251/18773,0.342629482,1.664643703,5.396738681,2.76E-07,3.59E-05,3.08E-05,uqcr10/slc25a55a/ppp1r3cb/gbe1b/prkag2b/ndufs6/ppp1r3db/uqcrq/etfdh/ndufb6/pfkma/gyg1b/ndufa7/ppp1cb/tcap/mdh2/inpp5ka/coa6/pm20d1.2/phkg2/eno1a/ugp2a/atpsckmt/aco1/uqcrh/fdx1/uqcrb/sdhdb/ndufs8a/ndufv2/idh1/gpib/aco2/sdhb/ndufc2/ndufb8/ogdha/cyc1/idh3b/sdhaf2/lyrm5a/cox4i2/ogdhb/ppp1r3aa/sfxn4/pygl/ppp1caa/slc25a55b/gyg1a/coq10a/sucla2/tigara/epm2a/ndufa8/antkmt/sdha/ndufa10/slc25a12/bpgm/wdr45b/ndufv1/ugp2b/aldob/dlst/reep1/ndufaf1/phka2/atg2a/ndufs4/cs/coq10b/cox6c/wdr45/slc38a9/nnt/prkag3b/cox4i1/cox8a/phka1a/rpe/smpd1/gck/cox7c/mdh1aa/agla/atp5f1b,86
CC,GO:0031672,A band,18/3989,27/19331,0.666666667,3.230717807,5.914388078,2.99E-07,7.39E-06,5.90E-06,klhl41a/igfn1.3/lmod3/myom2a/mybpc2b/myom1b/mybpha/smpx/mybpc1/smyd1b/mybpc2a/klhl40a/ppp1r12a/hsp90aa1.1/ttn.1/ttn.2/mybphb/unc45b,18
BP,GO:0060538,skeletal muscle organ development,63/3864,168/18773,0.375,1.82191382,5.447731077,3.09E-07,3.87E-05,3.32E-05,mylpfb/col6a1/chrna1/klhl41a/dok7b/myorg/smyd2a/lmod3/rbm24a/lgals2a/apobec2b/ryr1a/myf5/col22a1/myo18ab/six1b/sox6/zgc:112052/actn2b/desma/tcap/postnb/inpp5ka/smpx/dag1/atp1a2a/mybpc1/adss1/lama4/dnajb6b/hspg2/rbfox1l/dmrt2a/smyd1b/tardbpa/lmna/lamb2/hmgcra/kif5ba/ryr3/mymk/apobec2a/dmd/lamc1/selenon/klhl40a/disp1/pleca/fer1l6/ctcf/ilk/smad4a/rbfox2/cemip2/tln1/ttn.1/smo/ngly1/ttn.2/carm1/myo9aa/unc45b/neu1,63
CC,GO:0030964,NADH dehydrogenase complex,23/3989,40/19331,0.575,2.786494109,5.767148967,3.55E-07,7.99E-06,6.38E-06,ndufs6/ndufs3/ndufb6/ndufa6/ndufa7/ndufb10/ndufs8a/ndufv2/ndufc2/ndufab1b/ndufb8/ndufs5/ndufa8/ndufa10/ndufb2/ndufv1/ndufc1/ndufa11/ndufs4/ndufb11/ndufb5/ndufb7/ndufb4,23
CC,GO:0045271,respiratory chain complex I,23/3989,40/19331,0.575,2.786494109,5.767148967,3.55E-07,7.99E-06,6.38E-06,ndufs6/ndufs3/ndufb6/ndufa6/ndufa7/ndufb10/ndufs8a/ndufv2/ndufc2/ndufab1b/ndufb8/ndufs5/ndufa8/ndufa10/ndufb2/ndufv1/ndufc1/ndufa11/ndufs4/ndufb11/ndufb5/ndufb7/ndufb4,23
CC,GO:0022624,proteasome accessory complex,17/3989,25/19331,0.68,3.295332163,5.855666735,4.19E-07,9.05E-06,7.23E-06,psmd4a/psmc6/psmd14/psmd12/adrm1/psmc1a/psmd2/psmd11b/psmc3/psmc4/psmd7/psmc2/psmc5/psmd8/psmd13/psmd6/psme2,17
BP,GO:0051253,negative regulation of RNA metabolic process,119/3864,382/18773,0.311518325,1.513492109,5.161932929,5.96E-07,7.05E-05,6.05E-05,pparaa/tgif1/igf2bp2a/smyd2a/rbm24a/kcnip3b/znf703/hdac4/cbx7a/foxo3b/sox11a/id4/sirt1/gatad2b/zbtb1/zbtb2b/loxl2b/sap18/hexim1/macroh2a1/gdnfa/thrab/igf2bp3/mbd3b/cbfa2t2/dnajb4/ddit3/ciarta/ehmt1b/per3/mideasa/nr1d4b/ybx1/zc3h4/cops2/scmh1/smarce1/l3mbtl1b/bhlhe40/bhlhe41/ccnd1/nr1d4a/cbfa2t3/dnmt3aa/id2a/zbtb38/sin3b/atxn1a/nr1h4/syncripl/cbx8b/gatad2ab/sirt2/bend3/scaf4a/cbx2/bcor/mta2/zbtb16a/gata2a/zbtb34/gata1a/pcbp4/zeb2b/smad9/runx1t1/znf503/eaf1/rargb/hdac5/sox10/sox4b/cipcb/cry2/lin37/nr2f6b/kank2/mier2/zbtb20/rest/kctd15a/smad1/mycb/rnf8/nr1d2b/bap1/nfil3/prmt6/dr1/mier1b/per2/chd8/cbx4/atf4a/dmap1/ncor2/gclc/mideasb/bmi1a/si:ch211-230g15.5/ldb2a/tegt/foxd3/smad2/elavl1a/cry1a/nr2f1a/zfpm2a/ppardb/cbx7b/phc1/si:ch211-132b12.7/sox8a/prdm5/cry1b/skia/gli2a/zeb1b/tent5ab,119
BP,GO:0010927,cellular component assembly involved in morphogenesis,51/3864,129/18773,0.395348837,1.92077736,5.342315283,6.32E-07,7.05E-05,6.05E-05,tpm3/vcla/klhl41a/tnni2a.4/tnnt1/igfn1.3/smyd2a/lmod3/fhod3a/myom2a/rbm24a/mybpc2b/myom1b/mef2aa/myo18ab/cct5/cmlc1/chchd10/actn2b/mybpha/desma/tcap/smyhc2/mybpc1/thrab/dnajb6b/cxcr4a/nrap/smyd1b/csrp1a/csrp3/mybpc2a/dmd/septin15/ache/megf10/tnnt2c/vcp/adgrg6/hsp90aa1.1/tpcn2/naca/tln1/ttn.1/smo/ttn.2/mybphb/lmod2b/flncb/ppp2r3a/unc45b,51
BP,GO:0032989,cellular anatomical entity morphogenesis,51/3864,129/18773,0.395348837,1.92077736,5.342315283,6.32E-07,7.05E-05,6.05E-05,tpm3/vcla/klhl41a/tnni2a.4/tnnt1/igfn1.3/smyd2a/lmod3/fhod3a/myom2a/rbm24a/mybpc2b/myom1b/mef2aa/myo18ab/cct5/cmlc1/chchd10/actn2b/mybpha/desma/tcap/smyhc2/mybpc1/thrab/dnajb6b/cxcr4a/nrap/smyd1b/csrp1a/csrp3/mybpc2a/dmd/septin15/ache/megf10/tnnt2c/vcp/adgrg6/hsp90aa1.1/tpcn2/naca/tln1/ttn.1/smo/ttn.2/mybphb/lmod2b/flncb/ppp2r3a/unc45b,51
BP,GO:0008015,blood circulation,94/3864,287/18773,0.327526132,1.591265032,5.138676091,8.08E-07,8.70E-05,7.46E-05,fbxl22/tnni2a.2/vcla/adrb2a/tnni2a.4/nos1/trim55a/tnni2a.3/smyd2a/trdn/tnnc1a/casq2/tnni1d/tjp1b/cmlc1/tbx2b/desma/tcap/tmem65/atp1a2a/agtr1b/smyhc2/bin1b/ccdc80/emd/lnpep/mcu/myl2b/rangrf/parvb/dspb/bnip3lb/dldh/vegfaa/myzap/smyd1b/scn4ba/ank2b/adma/lmna/csrp3/ogdha/wtip/spen/ankhd1/ogdhb/tmem161b/alpk2/septin15/adrb2b/tafazzin/vdac2/vcana/disp1/plcg1/si:ch211-225p5.8/notch3/tnnt2c/npc2.1/atp2a2b/atp2a2a/icam3/vcp/pawr/erp44/pitx2/vapb/ilk/sgcg/dlst/npc1/enpep/gper1/dsc2l/ednrba/tjp2a/si:dkey-28b4.8/gclc/kcne4/ttn.2/surf1/unc45a/atp1a1a.1/plvapb/foxc1a/melk/avpr2ab/tnni4b.2/tnni1b/grk3/skia/rbfox1/gli2a/src,94
BP,GO:0006914,autophagy,80/3864,235/18773,0.340425532,1.65393595,5.135553759,9.48E-07,9.55E-05,8.20E-05,zgc:136908/mtmr3/dap1b/mtcl3a/rubcn/dram2b/hspa8/spata18/ubxn2a/tollip/tbc1d14/ulk2/atg9b/atg4b/dnajc16l/hdac10/atg4da/ufc1/gabarapl2/retreg3/usp10/atg16l1/atg4c/arl8ba/bcas3/gsk3aa/nprl2/rptor/keap1a/sesn1/rragd/sirt2/tafazzin/atg7/atp6v0a1a/ap3d1/tigara/epm2a/gfap/spns1/usp13/atp2a2b/atp2a2a/wdr45b/vcp/rimoc1/waca/stx12/emc6/plekhm1/scoca/atg13/vmp1/keap1b/map1lc3c/atg2a/fundc1/si:dkey-28b4.8/nsfl1c/wdr45/ei24/zgc:110843/rab3gap2/rab1ba/vps13a/map1lc3b/pik3c3/smcr8a/becn1/lamp2/rb1cc1/sting1/pink1/ulk3/asah1b/si:ch211-260e23.9/atp13a2/lix1l/tex264a/atg101,80
BP,GO:0061919,process utilizing autophagic mechanism,80/3864,235/18773,0.340425532,1.65393595,5.135553759,9.48E-07,9.55E-05,8.20E-05,zgc:136908/mtmr3/dap1b/mtcl3a/rubcn/dram2b/hspa8/spata18/ubxn2a/tollip/tbc1d14/ulk2/atg9b/atg4b/dnajc16l/hdac10/atg4da/ufc1/gabarapl2/retreg3/usp10/atg16l1/atg4c/arl8ba/bcas3/gsk3aa/nprl2/rptor/keap1a/sesn1/rragd/sirt2/tafazzin/atg7/atp6v0a1a/ap3d1/tigara/epm2a/gfap/spns1/usp13/atp2a2b/atp2a2a/wdr45b/vcp/rimoc1/waca/stx12/emc6/plekhm1/scoca/atg13/vmp1/keap1b/map1lc3c/atg2a/fundc1/si:dkey-28b4.8/nsfl1c/wdr45/ei24/zgc:110843/rab3gap2/rab1ba/vps13a/map1lc3b/pik3c3/smcr8a/becn1/lamp2/rb1cc1/sting1/pink1/ulk3/asah1b/si:ch211-260e23.9/atp13a2/lix1l/tex264a/atg101,80
CC,GO:0015935,small ribosomal subunit,28/3989,56/19331,0.5,2.423038355,5.437764335,9.70E-07,2.01E-05,1.60E-05,eif2a/mrps35/rpsa/rps16/mrps24/mrps15/rps4x/faua/rps3/mrps14/rps8b/rps19/mrps34/rps14/mrps17/rps7/mrps22/mrps16/mrps31/mrps18a/rps10/rps5/rps27.2/rps26/dap3/mrps18c/mrps10/mrps11,28
BP,GO:0007033,vacuole organization,46/3864,114/18773,0.403508772,1.960421888,5.236243891,1.12E-06,0.000109258,9.38E-05,ubxn2a/srpx/tbc1d14/tmem175/ulk2/atg9b/atg4b/atg4da/gabarapl2/atg16l1/atg4c/gnptab/vps4b/pikfyve/atg7/atp6v0a1a/aktip/atp2a2b/atp2a2a/wdr45b/rab7a/si:dkey-13a21.4/stx12/emc6/vps4a/atg13/vmp1/map1lc3c/atg2a/si:dkey-28b4.8/cln3/nsfl1c/wdr45/cav1/rab1ba/map1lc3b/pik3c3/becn1/rb1cc1/sting1/ulk3/snapin/si:ch211-260e23.9/rab32a/atp13a2/atg101,46
CC,GO:1905368,peptidase complex,40/3989,94/19331,0.425531915,2.062160303,5.263713904,1.19E-06,2.36E-05,1.89E-05,psmd4a/psmc6/psmd14/psmd12/adrm1/ube3a/psme4b/psmc1a/psmd2/psmd11b/psmc3/usp14/psmg3/psma1/psmc4/ecpas/taf6l/psmb6/eny2/psmd7/psmb1/psmg4/psmd5/trrap/taf5l/psmc2/atxn7l3b/afg3l1/psmd9/psmc5/psmd8/psmb3/rad23b/psma2a/spg7/psmd13/psmd6/psme2/psmb4/atxn7l3a,40
BP,GO:0006457,protein folding,58/3864,156/18773,0.371794872,1.806341907,5.148447108,1.24E-06,0.000117354,0.000100707,ahsa1a/dnajb12a/hspa8/cct4/dnaja2a/hspb1/cct2/cct5/hspb9/cct3/fkbp10b/clpxa/grpel1/dnajb4/cct8/dnajb6b/hsp90ab1/ppifb/pfdn6/cdc37l1/fkbp10a/calr/ppie/pfdn1/pfdn2/chchd4a/nudcd3/hspa13/ptges3a/dnajc2/dnaja1/fkbp5/dnajc25/tbcc/cct6a/erp44/hspa14/hsp90aa1.1/tbce/tbca/cct7/nudcd2/dnajb5/si:dkey-1k23.3/txndc5/ranbp2/ahsa1b/unc45a/ppih/hspa4b/dnlz/dnaja3a/calr3a/ppig/unc45b/dnajb13/fkbp2/ppib,58
BP,GO:0140053,mitochondrial gene expression,30/3864,63/18773,0.476190476,2.313541359,5.316510879,1.42E-06,0.000129407,0.000111051,mrpl44/ptcd3/mrps35/gfm1/coa3a/mrps24/mrps18b/fastkd2/mterf2/trmt10c/mrpl43/cdk5rap1/wars2/mrps34/gfm2/rmnd1/mrpl58/tsfm/tfb1m/mtg1/mrpl52/tbrg4/trmu/trnt1/mrpl47/mterf3/lars2/tfam/fastkd3/supv3l1,30
BP,GO:0060048,cardiac muscle contraction,28/3864,57/18773,0.49122807,2.386600559,5.337425853,1.45E-06,0.000129407,0.000111051,fbxl22/tnni2a.2/tnni2a.4/tnni2a.3/tnnc1a/casq2/tnni1d/desma/tcap/smyhc2/bin1b/myl2b/scn4ba/ank2b/csrp3/wtip/tmem161b/septin15/si:ch211-225p5.8/tnnt2c/atp2a2b/atp2a2a/icam3/erp44/si:dkey-28b4.8/kcne4/tnni4b.2/tnni1b,28
BP,GO:0016236,macroautophagy,50/3864,129/18773,0.387596899,1.883115059,5.123800042,1.62E-06,0.000140313,0.00012041,zgc:136908/rubcn/ubxn2a/tbc1d14/ulk2/atg9b/atg4b/hdac10/atg4da/ufc1/gabarapl2/retreg3/atg16l1/atg4c/arl8ba/sesn1/tafazzin/atg7/atp6v0a1a/spns1/atp2a2b/atp2a2a/wdr45b/vcp/rimoc1/stx12/emc6/scoca/atg13/vmp1/map1lc3c/atg2a/si:dkey-28b4.8/nsfl1c/wdr45/ei24/rab3gap2/rab1ba/map1lc3b/pik3c3/becn1/lamp2/rb1cc1/sting1/ulk3/si:ch211-260e23.9/atp13a2/lix1l/tex264a/atg101,50
BP,GO:0045892,negative regulation of DNA-templated transcription,108/3864,346/18773,0.312138728,1.516506301,4.936690832,1.75E-06,0.000143873,0.000123464,pparaa/tgif1/smyd2a/kcnip3b/znf703/hdac4/cbx7a/foxo3b/sox11a/id4/sirt1/gatad2b/zbtb1/zbtb2b/loxl2b/sap18/hexim1/macroh2a1/thrab/mbd3b/cbfa2t2/dnajb4/ddit3/ciarta/ehmt1b/per3/mideasa/nr1d4b/zc3h4/cops2/scmh1/smarce1/l3mbtl1b/bhlhe40/bhlhe41/ccnd1/nr1d4a/cbfa2t3/dnmt3aa/id2a/zbtb38/sin3b/atxn1a/nr1h4/cbx8b/gatad2ab/sirt2/bend3/scaf4a/cbx2/bcor/mta2/zbtb16a/gata2a/zbtb34/gata1a/zeb2b/smad9/runx1t1/znf503/eaf1/rargb/hdac5/sox10/sox4b/cipcb/cry2/lin37/nr2f6b/kank2/mier2/zbtb20/rest/kctd15a/smad1/mycb/rnf8/nr1d2b/bap1/nfil3/prmt6/dr1/mier1b/per2/chd8/cbx4/atf4a/dmap1/ncor2/gclc/mideasb/bmi1a/si:ch211-230g15.5/ldb2a/foxd3/smad2/cry1a/nr2f1a/zfpm2a/ppardb/cbx7b/phc1/si:ch211-132b12.7/sox8a/prdm5/cry1b/skia/zeb1b,108
BP,GO:1902679,negative regulation of RNA biosynthetic process,108/3864,346/18773,0.312138728,1.516506301,4.936690832,1.75E-06,0.000143873,0.000123464,pparaa/tgif1/smyd2a/kcnip3b/znf703/hdac4/cbx7a/foxo3b/sox11a/id4/sirt1/gatad2b/zbtb1/zbtb2b/loxl2b/sap18/hexim1/macroh2a1/thrab/mbd3b/cbfa2t2/dnajb4/ddit3/ciarta/ehmt1b/per3/mideasa/nr1d4b/zc3h4/cops2/scmh1/smarce1/l3mbtl1b/bhlhe40/bhlhe41/ccnd1/nr1d4a/cbfa2t3/dnmt3aa/id2a/zbtb38/sin3b/atxn1a/nr1h4/cbx8b/gatad2ab/sirt2/bend3/scaf4a/cbx2/bcor/mta2/zbtb16a/gata2a/zbtb34/gata1a/zeb2b/smad9/runx1t1/znf503/eaf1/rargb/hdac5/sox10/sox4b/cipcb/cry2/lin37/nr2f6b/kank2/mier2/zbtb20/rest/kctd15a/smad1/mycb/rnf8/nr1d2b/bap1/nfil3/prmt6/dr1/mier1b/per2/chd8/cbx4/atf4a/dmap1/ncor2/gclc/mideasb/bmi1a/si:ch211-230g15.5/ldb2a/foxd3/smad2/cry1a/nr2f1a/zfpm2a/ppardb/cbx7b/phc1/si:ch211-132b12.7/sox8a/prdm5/cry1b/skia/zeb1b,108
MF,GO:0003743,translation initiation factor activity,32/3742,71/18430,0.450704225,2.219796599,5.197727729,2.13E-06,0.000575795,0.000504308,eif4e3/eif2a/eif4a2/eif4ebp2/eif3ha/eif3d/eif4e1c/dhx29/eif3ea/eif4enif1/eif1/eif3s6ip/eif5b/eif2s3/eif4g1a/eif6/eif5/eif2ak1/eif3ba/eif3ja/eif4h/eif4ebp1/eif3s10/eif4eb/eif3k/eif1ad/eif5a/eif3m/eif4a1a/eif2d/eif2s2/eif2b3,32
BP,GO:0003012,muscle system process,54/3864,145/18773,0.372413793,1.809348897,4.980652475,2.68E-06,0.000214643,0.000184196,hhatla/fbxl22/tpm3/tnni2a.2/tnni2a.4/tnnt1/tnni2a.3/lmod3/tnnc1a/lsp1a/ryr1a/casq1a/tpm1/casq2/hspb1/tnni1d/col22a1/desma/tcap/stac/myhb/smyhc2/bin1b/gdnfa/myl2b/sulf2b/ltbp3/scn4ba/ank2b/csrp3/wtip/ryr3/mymk/dmd/tmem161b/septin15/si:ch211-225p5.8/tnnt2c/atp2a1/atp2a2b/atp2a2a/icam3/erp44/shroom4/tpcn2/si:dkey-28b4.8/kcne4/p2ry1/lmod2b/zgc:153184/tnnc2.1/tnni4b.2/tnni1b/chga,54
MF,GO:0016887,ATP hydrolysis activity,99/3742,318/18430,0.311320755,1.533308795,4.842064223,2.83E-06,0.000575795,0.000504308,zgc:136908/yme1l1a/psmc6/abcb6a/kif2c/hspa8/cct4/atad1b/abcc4/cct2/tor3a/cct5/abcb10/psmc1a/cct3/srp54/psmc3/atp1a2a/clpxa/cct8/hsp90ab1/kif5c/abcf2a/kif3a/clpb/helz2a/psmc4/afg1lb/nsfa/atp6v1ab/kif5ba/rad54l2/kif13a/kif1aa/kif13ba/get3/kif1b/mdn1/vps4b/kifc1/abcf1/hspa13/afg2b/smarcad1b/ola1/atp2a1/smc2/atp2a2b/atp2a2a/psmc2/tor4aa/afg3l1/vcp/chd4a/cct6a/pex1/afg1la/psmc5/hspa14/abca1a/srcap/vps4a/hsp90aa1.1/tdrd9/chd4b/ascc3/cct7/nav3/chd8/si:dkey-28b4.8/atp8b1/atp2a1l/yme1l1b/spg7/nav1b/kif21b/ercc6l/atad1a/kif23/abca1b/atp8a2/atp1a3a/atp1a1a.1/ighmbp2/mcm4/orc4/chd5/kif20a/bcs1l/atp6v1g1/stard9/wu:fb13g09/abcb8/katna1/ercc3/atp13a2/supv3l1/atp5f1b/smc4,99
BP,GO:0009968,negative regulation of signal transduction,138/3864,470/18773,0.293617021,1.426519757,4.767344281,3.08E-06,0.000240707,0.000206562,nfkbiaa/deptor/stk3/tle3a/foxo3b/sox11a/si:dkey-237i9.1/tollip/gatad2b/ddit4/errfi1a/ptpn2a/dusp8a/dusp1/otud4/inpp5ka/socs7/strn3/si:ch211-195b15.8/nlk1/bcl6aa/tle3b/usp4/gpc1b/amer1/si:ch211-284o19.8/chrdl2/si:ch211-247j9.1/yju2/nkd1/sulf2b/dusp4/rerea/nup62l/dlg5a/fsta/gsk3aa/nprl2/grb10a/chac1/kptn/arhgap29b/sesn1/tcf7l1a/jupa/arnt/rack1/tsc1b/nlrx1/dact3a/cdk5rap3/gpr155a/akap12b/arr3a/si:ch211-121a2.2/rnf34b/spartb/mapkapk5/bcor/ajuba/pitpnc1a/grb10b/vhl/crtc3/stambpa/ptbp1a/tns2a/rargb/tp53bp2b/arhgap24/tnfaip8l1/lzts2a/nkd2b/nkd2a/spred2b/insig1/sox4b/nf1a/dusp6/il17rd/nog3/faim2b/arhgap45b/axin1/btk/ube2d2/zgc:113531/arhgap17a/kank2/lgr4/rest/aida/cisha/arrb2b/eya1/ldlrad4a/tmem88b/chd8/rasa2/mettl3/si:ch211-223p8.8/socs3b/herpud1/parp14rs1/cdon/axin2/nfkbiab/numbl/kics2/pnpla6/dusp2/tnip1/rspo3/bloc1s2/zgc:92045/tmem127/ldb2a/arhgap22b/phactr4a/tegt/ddias/chuk/lgals3a/phlda3/trabd2b/foxc1a/tsc2/chrd/gpatch3/igfbp3/dusp10/skia/dusp16/smurf1/nedd4a/arhgap25/src/akt1s1,138
MF,GO:0003712,transcription coregulator activity,94/3742,299/18430,0.314381271,1.548382368,4.825359145,3.16E-06,0.000575795,0.000504308,si:dkeyp-69b9.3/tob1b/tbl1xr1a/hipk2/tle3a/fhl5/id4/sirt1/zmiz2/rereb/wbp2nl/net1/ncoa4/sap18/cited4a/cbfa2t2/rybpb/tle3b/arid5b/pbxip1a/mideasa/ctnnb1/cdca4/ppargc1b/rerea/fhl2a/mrtfbb/thrap3b/jmjd1cb/taf6l/ccnd1/cbfa2t3/pbxip1b/wtip/jupa/eny2/id2a/rad54l2/crebbpa/sin3b/phf2/taf5l/bcor/mta2/ajuba/si:dkey-177p2.6/crtc3/yap1/arglu1a/pias2/runx1t1/eaf1/kat2a/zmp:0000001236/bcl9/hcfc1a/atxn7l3b/mtdhb/atf7ip/kdm3b/med19a/mier2/lpin1a/kctd15a/med13a/prkcbp1l/tdrd3/mrtfab/mier1b/ep300b/med8/dyrk1ab/dmap1/ncor2/parp14rs1/mideasb/cdyl/ccdc124/kdm7ab/ncoa2/si:ch211-13c6.2/ncoa1/mysm1/yaf2/casp8ap2/cry1a/prkcbb/ss18l2/carm1/zgc:123305/maml1/ss18/zgc:136929/atxn7l3a,94
BP,GO:0045214,sarcomere organization,30/3864,65/18773,0.461538462,2.242355471,5.107853689,3.22E-06,0.000245213,0.00021043,vcla/klhl41a/tnnt1/igfn1.3/smyd2a/fhod3a/myom2a/rbm24a/mybpc2b/myom1b/cmlc1/actn2b/mybpha/desma/smyhc2/mybpc1/thrab/nrap/smyd1b/csrp1a/csrp3/mybpc2a/dmd/tnnt2c/tln1/ttn.1/ttn.2/mybphb/flncb/ppp2r3a,30
BP,GO:0060537,muscle tissue development,84/3864,257/18773,0.326848249,1.587971578,4.83168801,3.33E-06,0.000247507,0.000212398,mylpfb/col6a1/chrna1/klhl41a/dok7b/myorg/smyd2a/lmod3/fhod3a/rbm24a/mybpc2b/lgals2a/ryr1a/myf5/myo18ab/cmlc1/six1b/sox6/runx1/zgc:112052/actn2b/desma/tcap/inpp5ka/smpx/dag1/atp1a2a/mybpc1/adss1/rbx1/dnajb6b/nrap/hspg2/rbfox1l/ddx39ab/dmrt2a/cdk9/smyd1b/ltbp3/tardbpa/csrp1a/lmna/csrp3/hmgcra/kif5ba/ryr3/mymk/mef2cb/dmd/alpk2/septin15/lamc1/selenon/klhl40a/megf10/disp1/pleca/icam3/vcp/fer1l6/ctcf/nexn/fermt2/ilk/smad4a/sgcg/rbfox2/opa1/cemip2/tln1/ttn.1/smo/ngly1/ttn.2/cav1/carm1/nr2f1a/myo9aa/unc45b/dpf3/neu1/npr1a/rbfox1/mat2aa,84
BP,GO:0002183,cytoplasmic translational initiation,17/3864,28/18773,0.607142857,2.949765232,5.256155311,4.22E-06,0.000306261,0.000262818,eif4a2/eif3ha/eif3d/eif3ea/eif3s6ip/eif2s3/eif5/eif3ba/eif3ja/mettl3/eif3s10/eif3k/eif3m/eif4a1a/eif2d/eif2s2/eif2b3,17
BP,GO:0001666,response to hypoxia,34/3864,79/18773,0.430379747,2.090972823,4.946818004,5.11E-06,0.000362461,0.000311045,vegfab/cct4/foxo3b/ndufa9a/ddit4/atp5meb/camk2g2/hif1al/loxl2b/egln1b/ddit3/igfbp1a/vegfaa/alas2/arnt/sirt2/ajuba/vhl/crtc3/egln1a/hmox1a/epas1b/ldha/rest/npc1/fundc1/nr3c1/tet1/slc38a9/mmp14a/dap3/mmp2/cox4i1/ndrg1a,34
BP,GO:0007519,skeletal muscle tissue development,55/3864,152/18773,0.361842105,1.757987019,4.776740367,5.98E-06,0.000415153,0.000356264,mylpfb/col6a1/chrna1/klhl41a/dok7b/myorg/smyd2a/lmod3/rbm24a/lgals2a/ryr1a/myf5/myo18ab/six1b/sox6/zgc:112052/actn2b/desma/tcap/inpp5ka/smpx/dag1/atp1a2a/mybpc1/adss1/dnajb6b/hspg2/rbfox1l/dmrt2a/smyd1b/tardbpa/lmna/hmgcra/kif5ba/ryr3/mymk/dmd/lamc1/selenon/klhl40a/disp1/pleca/fer1l6/ctcf/smad4a/rbfox2/tln1/ttn.1/smo/ngly1/ttn.2/carm1/myo9aa/unc45b/neu1,55
CC,GO:0045240,alpha-ketoacid dehydrogenase complex,10/3989,12/19331,0.833333333,4.038397259,5.368461135,6.05E-06,0.000116104,9.27E-05,abhd11/dldh/ogdha/ogdhb/kat2a/dlst/kgd4/dlat/bckdha/pdhx,10
BP,GO:0045934,negative regulation of nucleobase-containing compound metabolic process,126/3864,427/18773,0.295081967,1.433637104,4.614442649,6.24E-06,0.000423692,0.000363591,pparaa/tgif1/igf2bp2a/smyd2a/rbm24a/kcnip3b/znf703/hdac4/cbx7a/foxo3b/sox11a/id4/sirt1/si:ch211-103n10.5/gatad2b/zbtb1/zbtb2b/loxl2b/sap18/hexim1/macroh2a1/gdnfa/thrab/igf2bp3/mbd3b/cbfa2t2/rnf169/dnajb4/ddit3/ciarta/ehmt1b/per3/mideasa/nr1d4b/ybx1/zc3h4/cops2/scmh1/smarce1/l3mbtl1b/bhlhe40/bhlhe41/ccnd1/nr1d4a/cbfa2t3/dnmt3aa/id2a/zbtb38/sin3b/atxn1a/nr1h4/syncripl/cbx8b/gatad2ab/sirt2/bend3/scaf4a/cbx2/bcor/mta2/zbtb16a/gata2a/tigara/zbtb34/gata1a/pcbp4/zeb2b/smad9/runx1t1/znf503/eaf1/rargb/hdac5/sox10/rmi2/sox4b/cipcb/cry2/h1-0/timeless/lin37/recql5/nr2f6b/kank2/mier2/zbtb20/rest/kctd15a/smad1/mycb/rnf8/nr1d2b/bap1/nfil3/prmt6/dr1/mier1b/per2/chd8/cbx4/atf4a/dmap1/ncor2/gclc/mideasb/bmi1a/si:ch211-230g15.5/ldb2a/tegt/foxd3/smad2/elavl1a/cry1a/nr2f1a/zfpm2a/ppardb/cbx7b/phc1/si:ch211-132b12.7/sox8a/prdm5/cry1b/skia/gli2a/zeb1b/tent5ab,126
BP,GO:0070482,response to oxygen levels,35/3864,83/18773,0.421686747,2.048738432,4.874736589,6.50E-06,0.000431992,0.000370714,vegfab/cct4/foxo3b/ndufa9a/ddit4/atp5meb/camk2g2/hif1al/loxl2b/egln1b/ddit3/igfbp1a/vegfaa/alas2/arnt/sirt2/ajuba/vhl/crtc3/egln1a/hmox1a/epas1b/ldha/rest/npc1/fundc1/nr3c1/tet1/slc38a9/mmp14a/dap3/mmp2/cox4i1/ndrg1a/atp6v0d1,35
CC,GO:0000314,organellar small ribosomal subunit,14/3989,21/19331,0.666666667,3.230717807,5.215189584,6.55E-06,0.000116965,9.34E-05,mrps35/mrps24/mrps15/mrps14/mrps34/mrps17/mrps22/mrps16/mrps31/mrps18a/dap3/mrps18c/mrps10/mrps11,14
CC,GO:0005763,mitochondrial small ribosomal subunit,14/3989,21/19331,0.666666667,3.230717807,5.215189584,6.55E-06,0.000116965,9.34E-05,mrps35/mrps24/mrps15/mrps14/mrps34/mrps17/mrps22/mrps16/mrps31/mrps18a/dap3/mrps18c/mrps10/mrps11,14
MF,GO:0003713,transcription coactivator activity,46/3742,122/18430,0.37704918,1.857032708,4.793782271,6.72E-06,0.001021056,0.000894286,si:dkeyp-69b9.3/hipk2/zmiz2/wbp2nl/net1/ncoa4/cited4a/arid5b/ctnnb1/cdca4/ppargc1b/mrtfbb/taf6l/jupa/eny2/crebbpa/phf2/taf5l/mta2/si:dkey-177p2.6/crtc3/yap1/arglu1a/kat2a/zmp:0000001236/bcl9/hcfc1a/atxn7l3b/lpin1a/med13a/tdrd3/mrtfab/ep300b/dyrk1ab/ccdc124/ncoa2/ncoa1/mysm1/prkcbb/ss18l2/carm1/zgc:123305/maml1/ss18/zgc:136929/atxn7l3a,46
CC,GO:0031674,I band,31/3989,70/19331,0.442857143,2.146119686,4.898312996,6.83E-06,0.000117964,9.42E-05,rtn2b/capza1a/myoz3a/fhl5/ryr1a/casq1a/casq2/actn2b/desma/tcap/pdlim3b/pdlim7/pdlim4/nrap/parvb/fhl2a/csrp1a/csrp3/ryr3/klhl40a/myoz2a/ldb3b/pdlim5a/ppp1r12a/spega/nexn/fermt2/ilk/hsp90aa1.1/myoz1a/unc45b,31
BP,GO:0036293,response to decreased oxygen levels,34/3864,80/18773,0.425,2.064835663,4.858896548,7.14E-06,0.000464295,0.000398434,vegfab/cct4/foxo3b/ndufa9a/ddit4/atp5meb/camk2g2/hif1al/loxl2b/egln1b/ddit3/igfbp1a/vegfaa/alas2/arnt/sirt2/ajuba/vhl/crtc3/egln1a/hmox1a/epas1b/ldha/rest/npc1/fundc1/nr3c1/tet1/slc38a9/mmp14a/dap3/mmp2/cox4i1/ndrg1a,34
BP,GO:0006413,translational initiation,39/3864,97/18773,0.402061856,1.953392137,4.792532586,7.90E-06,0.000503286,0.000431894,eif4e3/eif2ak2/eif2a/eif4a2/eif4ebp2/eif3ha/ybx1/eif3d/mif4gdb/eif4e1c/dhx29/eif3ea/eif4enif1/eif1/eif3s6ip/eif5b/paip1/eif2s3/eif4g1a/eif6/eif5/eif2ak1/uhmk1/eif3ba/eif3ja/eif4h/mettl3/eif4ebp1/eif3s10/eif4eb/eif3k/eif1ad/eif5a/eif3m/eif4a1a/eif2ak4/eif2d/eif2s2/eif2b3,39
BP,GO:1905037,autophagosome organization,32/3864,74/18773,0.432432432,2.100945666,4.83083417,8.50E-06,0.000530986,0.000455666,ubxn2a/tbc1d14/ulk2/atg9b/atg4b/atg4da/gabarapl2/atg16l1/atg4c/atg7/atp2a2b/atp2a2a/wdr45b/stx12/emc6/atg13/vmp1/map1lc3c/atg2a/si:dkey-28b4.8/nsfl1c/wdr45/rab1ba/map1lc3b/pik3c3/becn1/rb1cc1/sting1/ulk3/si:ch211-260e23.9/atp13a2/atg101,32
BP,GO:0022900,electron transport chain,35/3864,84/18773,0.416666667,2.024348689,4.790093615,8.95E-06,0.000548314,0.000470536,uqcr10/slc25a55a/ndufs6/uqcrq/etfdh/ndufb6/ndufa7/coa6/pm20d1.2/uqcrh/fdx1/uqcrb/sdhdb/ndufs8a/ndufv2/sdhb/ndufc2/ndufb8/cyc1/sdhaf2/lyrm5a/cox4i2/slc25a55b/ndufa8/sdha/ndufa10/slc25a12/ndufv1/ndufaf1/ndufs4/cox6c/cox4i1/cox8a/smpd1/cox7c,35
BP,GO:0010648,negative regulation of cell communication,139/3864,484/18773,0.287190083,1.395294881,4.485371982,1.01E-05,0.000594239,0.000509945,nfkbiaa/deptor/stk3/tle3a/foxo3b/sox11a/si:dkey-237i9.1/tollip/gatad2b/ddit4/errfi1a/ptpn2a/dusp8a/dusp1/otud4/inpp5ka/socs7/strn3/si:ch211-195b15.8/nlk1/bcl6aa/tle3b/usp4/gpc1b/amer1/si:ch211-284o19.8/chrdl2/si:ch211-247j9.1/yju2/nkd1/sulf2b/dusp4/rerea/nup62l/dlg5a/fsta/gsk3aa/nprl2/grb10a/chac1/kptn/arhgap29b/sesn1/tcf7l1a/jupa/arnt/rack1/tsc1b/nlrx1/dact3a/cdk5rap3/gpr155a/akap12b/arr3a/si:ch211-121a2.2/rnf34b/spartb/mapkapk5/bcor/ajuba/pitpnc1a/grb10b/vhl/crtc3/stambpa/ptbp1a/tns2a/rargb/tp53bp2b/arhgap24/tnfaip8l1/lzts2a/nkd2b/nkd2a/spred2b/insig1/sox4b/nf1a/dusp6/il17rd/nog3/faim2b/arhgap45b/axin1/btk/ube2d2/zgc:113531/arhgap17a/kank2/lgr4/rest/aida/cisha/arrb2b/eya1/ldlrad4a/tmem88b/chd8/rasa2/mettl3/si:ch211-223p8.8/socs3b/herpud1/parp14rs1/cdon/axin2/nfkbiab/numbl/kics2/pnpla6/dusp2/tnip1/rspo3/bloc1s2/zgc:92045/tmem127/ldb2a/arhgap22b/phactr4a/tegt/ddias/chuk/lgals3a/phlda3/trabd2b/foxc1a/tsc2/chrd/gpatch3/igfbp3/chga/dusp10/skia/dusp16/smurf1/nedd4a/arhgap25/src/akt1s1,139
BP,GO:0023057,negative regulation of signaling,139/3864,484/18773,0.287190083,1.395294881,4.485371982,1.01E-05,0.000594239,0.000509945,nfkbiaa/deptor/stk3/tle3a/foxo3b/sox11a/si:dkey-237i9.1/tollip/gatad2b/ddit4/errfi1a/ptpn2a/dusp8a/dusp1/otud4/inpp5ka/socs7/strn3/si:ch211-195b15.8/nlk1/bcl6aa/tle3b/usp4/gpc1b/amer1/si:ch211-284o19.8/chrdl2/si:ch211-247j9.1/yju2/nkd1/sulf2b/dusp4/rerea/nup62l/dlg5a/fsta/gsk3aa/nprl2/grb10a/chac1/kptn/arhgap29b/sesn1/tcf7l1a/jupa/arnt/rack1/tsc1b/nlrx1/dact3a/cdk5rap3/gpr155a/akap12b/arr3a/si:ch211-121a2.2/rnf34b/spartb/mapkapk5/bcor/ajuba/pitpnc1a/grb10b/vhl/crtc3/stambpa/ptbp1a/tns2a/rargb/tp53bp2b/arhgap24/tnfaip8l1/lzts2a/nkd2b/nkd2a/spred2b/insig1/sox4b/nf1a/dusp6/il17rd/nog3/faim2b/arhgap45b/axin1/btk/ube2d2/zgc:113531/arhgap17a/kank2/lgr4/rest/aida/cisha/arrb2b/eya1/ldlrad4a/tmem88b/chd8/rasa2/mettl3/si:ch211-223p8.8/socs3b/herpud1/parp14rs1/cdon/axin2/nfkbiab/numbl/kics2/pnpla6/dusp2/tnip1/rspo3/bloc1s2/zgc:92045/tmem127/ldb2a/arhgap22b/phactr4a/tegt/ddias/chuk/lgals3a/phlda3/trabd2b/foxc1a/tsc2/chrd/gpatch3/igfbp3/chga/dusp10/skia/dusp16/smurf1/nedd4a/arhgap25/src/akt1s1,139
BP,GO:0002181,cytoplasmic translation,29/3864,65/18773,0.446153846,2.167610288,4.800544336,1.07E-05,0.000606361,0.000520349,rbm24a/eif4a2/rpl15/rpsa/eif3ha/rpl6/eif3d/rplp1/rplp0/rplp2/eif3ea/eif3s6ip/rpl22/eif2s3/drg1/eif5/rpl24/rpl22l1/eif3ba/eif3ja/mettl3/eif3s10/eif3k/eif3m/eif4a1a/rpl8/eif2d/eif2s2/eif2b3,29
BP,GO:0043161,proteasome-mediated ubiquitin-dependent protein catabolic process,85/3864,268/18773,0.317164179,1.540922136,4.540536603,1.08E-05,0.000606361,0.000520349,asb2a.1/fbxl22/zgc:136908/kbtbd2/klhl41a/psmd4a/psmc6/psmd14/ubxn2a/hectd3/kbtbd12/cul2/anapc1/kbtbd8/ube2g1b/psmc1a/csnk1e/psmc3/znrf2b/usp14/zfand2a/nccrp1/plaa/fbxw5/hsp90ab1/ubxn1/sh3rf1/fbxo31/psma1/ccnf/psmc4/ubr1/gsk3aa/fbxl18/ube2al/psmb6/keap1a/ivns1abpa/ddb1/psmd7/ubr2/rnf34b/klhl40a/sirt2/ube2s/fzr1a/desi1a/psmc2/cdc23/vcp/fem1b/spopla/dda1/axin1/hectd1/psmc5/psmd8/spop/psmb3/keap1b/ascc3/shrprbck1r/rad23b/trim3b/psma2a/trim71/axin2/nsfl1c/maea/rmnd5b/ltn1/ecrg4a/klhl30/fbxo4/fbxl4/klhl3/spsb3a/itcha/fbxo2/dcaf11/psmd6/klhl18/znf598/psmb4/smurf1,85
BP,GO:0022904,respiratory electron transport chain,33/3864,78/18773,0.423076923,2.055492515,4.755424584,1.09E-05,0.000606361,0.000520349,uqcr10/slc25a55a/ndufs6/uqcrq/etfdh/ndufb6/ndufa7/coa6/pm20d1.2/uqcrh/uqcrb/sdhdb/ndufs8a/ndufv2/sdhb/ndufc2/ndufb8/cyc1/sdhaf2/lyrm5a/cox4i2/slc25a55b/ndufa8/sdha/ndufa10/slc25a12/ndufv1/ndufaf1/cox6c/cox4i1/cox8a/smpd1/cox7c,33
CC,GO:0030018,Z disc,29/3989,65/19331,0.446153846,2.162095763,4.78530666,1.12E-05,0.000185211,0.000147913,rtn2b/capza1a/myoz3a/fhl5/ryr1a/casq1a/casq2/actn2b/desma/tcap/pdlim3b/pdlim7/pdlim4/nrap/parvb/fhl2a/csrp1a/csrp3/ryr3/myoz2a/ldb3b/pdlim5a/ppp1r12a/spega/nexn/ilk/hsp90aa1.1/myoz1a/unc45b,29
CC,GO:0062023,collagen-containing extracellular matrix,71/3989,214/19331,0.331775701,1.607810498,4.559027051,1.14E-05,0.000185211,0.000147913,col6a2/col1a2/col1a1a/col5a2a/col6a1/col5a1/sparc/col5a3a/elnb/col2a1a/tncb/col18a1a/col12a1b/angptl4/col16a1/col15a1b/tnxba/col4a1/abi3bpb/col22a1/col11a1a/col10a1b/fras1/nid2a/bcan/fibcd1b/plod1a/loxl2b/prg4b/dag1/ccdc80/loxl5b/lama4/slc35c2/gpc1b/hspg2/fgl1/col4a2/lama1/matn4/vcanb/scara3/col11a2/lamb2/ncanb/fn1a/tnn/thbs2a/lamc2/colq/lamc1/col5a2b/col10a1a/vcana/angptl5/lamc3/col4a5/frem1b/thbs1b/hapln1a/hapln1b/colec12/mgp/vtna/col8a1b/vwa1/anxa2a/zgc:113232/ntn1a/lamb1a/col7a1,71
BP,GO:0042254,ribosome biogenesis,74/3864,226/18773,0.327433628,1.590815607,4.549031214,1.16E-05,0.000633358,0.000543516,sart1/riok3/eri1/mrpl44/mtg2/dimt1l/srfbp1/bud23/rpsa/rps16/znhit6/nop16/c1d/xpo1a/mphosph10/rps4x/wdr36/xpo1b/ddx28/ddx31/gnl3l/mdn1/rplp0/sbds/rps8b/lsm6/rps19/si:dkey-251i10.3/nop53/mrm3a/exosc10/bop1/exosc7/rps14/eif6/bms1/rpl5a/nmd3/nop2/nop56/nop10/rpf1/tsr2/tsr1/rps7/ncl/riok2/ddx10/ybey/tfb1m/esf1/sde2/nol9/rpl7/rpl7a/ltv1/ngdn/rps5/rps27.2/las1l/ddx18/rpl7l1/noc4l/krr1/lsg1/wdr74/mterf3/mettl16/nop14/urb2/nup88/eral1/nob1/gtpbp4,74
MF,GO:0051082,unfolded protein binding,32/3742,76/18430,0.421052632,2.073757349,4.734444462,1.23E-05,0.001448506,0.001268666,cct4/dnaja2a/hspb1/cct2/cct5/hspb9/cct3/clpxa/grpel1/dnajb4/cct8/dnajb6b/hsp90ab1/pet100/pfdn6/cdc37l1/calr/pfdn1/pfdn2/nudcd3/dnaja1/cct6a/hsp90aa1.1/ndufaf1/cct7/nudcd2/naca/dnajb5/si:dkey-1k23.3/dnaja3a/calr3a/dnajb13,32
CC,GO:1905369,endopeptidase complex,32/3989,75/19331,0.426666667,2.067659397,4.723754033,1.26E-05,0.000197919,0.000158061,psmd4a/psmc6/psmd14/psmd12/adrm1/ube3a/psme4b/psmc1a/psmd2/psmd11b/psmc3/usp14/psmg3/psma1/psmc4/ecpas/psmb6/psmd7/psmb1/psmg4/psmd5/psmc2/psmd9/psmc5/psmd8/psmb3/rad23b/psma2a/psmd13/psmd6/psme2/psmb4,32
MF,GO:0045182,translation regulator activity,53/3742,150/18430,0.353333333,1.740228042,4.594566185,1.27E-05,0.001448506,0.001268666,eif4e3/dap1b/eif2a/eif4a2/eif4ebp2/gfm1/eif3ha/fxr2/rpl10/eef1a1b/eef2b/eif3d/rack1/mif4gdb/eif4e1c/dhx29/nanos1/eefsec/eif3ea/eif4enif1/gspt1l/eif1/eif3s6ip/eif5b/paip1/eif2s3/eif4g1a/eif6/gtpbp1l/eif5/eif2ak1/mrpl58/eif3ba/eif3ja/elof1/eif4h/trim3b/tsfm/eif4ebp1/eif3s10/eif4eb/eef1b2/eif3k/eif1ad/eif5a/eif3m/eif4a1a/mtrfr/eif2d/gtpbp2b/eif2s2/tcea3/eif2b3,53
BP,GO:0016567,protein ubiquitination,125/3864,429/18773,0.291375291,1.415628454,4.433395447,1.32E-05,0.000710796,0.000609969,asb2a.1/ube2l3b/asb10/ube2d4/asb14b/marchf5l/cul4b/ube3a/rnf115b/cul2/anapc1/dtx4b/mkrn1/si:ch211-59o9.10/chfr/rc3h1b/kbtbd8/ube2g1b/socs7/znrf2b/fbxw5/ube3c/rnf19a/arih2/rnf169/rbx1/rnf20/kcmf1/ubxn1/sh3rf1/rbbp6/fbxo31/ccnf/pdzrn3b/asb12b/ubr1/cul3b/arih1/ube2al/keap1a/ddb1/ube2h/wdr32/cdc34a/xiap/mylipa/ubr2/rnf38/klhl40a/rnf40/zbtb16a/vhl/tiparp/ube2s/fzr1a/dtx2/ubb/ube4a/peli3/ubac1/ube2v1/marchf8/wsb2/anapc16/cdc23/vcp/kctd6b/wdsub1/si:ch73-335l21.2/spopla/dda1/hectd1/ube2d2/fbxw9/spop/amfra/rnf8/keap1b/cisha/ube2kb/shrprbck1r/ube2d3/med8/toporsa/trim3b/socs3b/ankib1a/ndfip2/traf7/trim71/vcpip1/dtx3lb.2/rnf146/ltn1/rps27a/uba7/btr26/ankib1b/cand2/mdm4/hace1/rnf220a/trim37/asb13a.1/klhl3/spsb3a/rnf14/asb5b/asb16/dtx3lb.3/rc3h2/asb13a.2/ubr5/mycbp2/dcaf11/uba52/ube4b/herc56.1/rnf181/ube2z/znf598/ndfip1/smurf1/inavab/nedd4a,125
CC,GO:0005758,mitochondrial intermembrane space,21/3989,41/19331,0.512195122,2.482136852,4.844188967,1.36E-05,0.000200845,0.000160399,si:dkey-237i9.1/cox17/cox19/prelid3b/myoc/coa7/prelid1a/micu2/ndufs5/chchd4a/ndufa8/mix23/timm10b/opa1/timm13/ciapin1/smpd5/prelid1b/gatm/ndufb7/chchd7,21
CC,GO:0031970,organelle envelope lumen,21/3989,41/19331,0.512195122,2.482136852,4.844188967,1.36E-05,0.000200845,0.000160399,si:dkey-237i9.1/cox17/cox19/prelid3b/myoc/coa7/prelid1a/micu2/ndufs5/chchd4a/ndufa8/mix23/timm10b/opa1/timm13/ciapin1/smpd5/prelid1b/gatm/ndufb7/chchd7,21
BP,GO:0006520,amino acid metabolic process,75/3864,231/18773,0.324675325,1.577414563,4.495365504,1.41E-05,0.000748455,0.000642286,gls2a/nos1/upb1/aldh4a1/gls2b/lrrc47/cdo1/glulb/farsa/odc1/got2a/gpt/pm20d1.2/gcat/si:ch211-256m1.8/got1/bcat2/ilvbl/gfpt2/si:ch211-217a12.1/oat/aldh6a1/mccc2/gcsha/cad/glsa/bhmt/shmt2/yars1/aldh18a1/ctps1b/kars1/aass/apip/adi1/wars2/asrgl1/blmh/dars1/cps1/aldh5a1/tars1/dlst/farsb/amt/mars2/ivd/gclc/pycr3/pycr1a/nars2/sephs3/slc38a9/iars1/otc/acy1/rars1/gnmt/sephs1/uroc1/aasdh/agmat/bckdha/enoph1/azin1b/nags/mars1/asnsd1/cnr2/lgsn/lars2/tph2/aars2/zgc:172121/ftcd,75
CC,GO:0031430,M band,14/3989,22/19331,0.636363636,3.083866998,4.986644427,1.46E-05,0.000209729,0.000167493,klhl41a/igfn1.3/lmod3/myom2a/mybpc2b/myom1b/mybpha/smpx/mybpc1/smyd1b/mybpc2a/ttn.1/ttn.2/mybphb,14
BP,GO:0031032,actomyosin structure organization,59/3864,171/18773,0.34502924,1.676302774,4.522816607,1.52E-05,0.000790491,0.00067836,tpm3/vcla/klhl41a/tnni2a.4/tnnt1/igfn1.3/smyd2a/lmod3/fhod3a/myom2a/rbm24a/mybpc2b/myom1b/mef2aa/myo18ab/cct5/cmlc1/chchd10/actn2b/mybpha/desma/tcap/smyhc2/mybpc1/thrab/rhoab/tesk1b/dnajb6b/cxcr4a/nrap/smyd1b/csrp1a/csrp3/mybpc2a/dmd/septin15/ache/rtkna/megf10/tnnt2c/vcp/fam171a1/atrn/hsp90aa1.1/cnn3b/tpcn2/naca/tln1/ttn.1/smo/ttn.2/mybphb/lmod2b/ppm1e/flncb/ppp2r3a/cdc42bpb/ect2/unc45b,59
BP,GO:0014706,striated muscle tissue development,79/3864,247/18773,0.319838057,1.553913002,4.461170073,1.56E-05,0.000798665,0.000685374,mylpfb/col6a1/chrna1/klhl41a/dok7b/myorg/smyd2a/lmod3/fhod3a/rbm24a/lgals2a/ryr1a/myf5/myo18ab/cmlc1/six1b/sox6/runx1/zgc:112052/actn2b/desma/tcap/inpp5ka/smpx/dag1/atp1a2a/mybpc1/adss1/rbx1/dnajb6b/nrap/hspg2/rbfox1l/ddx39ab/dmrt2a/cdk9/smyd1b/tardbpa/lmna/hmgcra/kif5ba/ryr3/mymk/mef2cb/dmd/alpk2/septin15/lamc1/selenon/klhl40a/disp1/pleca/icam3/vcp/fer1l6/ctcf/nexn/fermt2/ilk/smad4a/sgcg/rbfox2/opa1/cemip2/tln1/ttn.1/smo/ngly1/ttn.2/cav1/carm1/nr2f1a/myo9aa/unc45b/dpf3/neu1/npr1a/rbfox1/mat2aa,79
MF,GO:0030020,extracellular matrix structural constituent conferring tensile strength,23/3742,48/18430,0.479166667,2.359979066,4.761874069,1.65E-05,0.001674219,0.001466356,col1a2/col1a1a/col5a2a/col5a1/col5a3a/col2a1a/col18a1a/col16a1/col15a1b/col4a1/col22a1/col11a1a/col10a1b/col4a2/scara3/col11a2/colq/col5a2b/col10a1a/col4a5/col8a1b/zgc:113232/col7a1,23
BP,GO:0000045,autophagosome assembly,31/3864,73/18773,0.424657534,2.063171814,4.633334507,1.82E-05,0.000916394,0.000786403,ubxn2a/tbc1d14/ulk2/atg9b/atg4b/atg4da/gabarapl2/atg16l1/atg4c/atg7/atp2a2b/atp2a2a/wdr45b/stx12/emc6/atg13/vmp1/map1lc3c/atg2a/si:dkey-28b4.8/nsfl1c/wdr45/rab1ba/map1lc3b/pik3c3/becn1/rb1cc1/sting1/ulk3/si:ch211-260e23.9/atg101,31
BP,GO:0006325,chromatin organization,111/3864,375/18773,0.296,1.438097308,4.36265114,1.87E-05,0.000926793,0.000795327,hmgn3/smyd2a/brd2a/hdac4/sirt1/brd4/nap1l1/loxl2b/hdac10/nsd1a/macroh2a1/h2ax1/mbd3b/kansl2/cfdp1/jarid2a/rnf20/hdac6/ehmt1b/anp32e/banf1/ddx39ab/kmt2bb/sart3/smyd1b/babam2/l3mbtl1b/ppm1db/emsy/lmna/eny2/glyr1/rad54l2/baz1a/cbx1a/phf2/ubn2a/trrap/sirt2/bend3/rnf40/sirt4/smarcad1b/kdm4c/dnajc2/kat2a/pbrm1/prdm9/hdac5/hcfc1a/h2ax/atxn7l3b/chaf1a/atf7ip/psip1a/chd4a/ezh1/waca/nsd2/h1-0/spty2d1/ep400/srcap/yeats2/tdrd9/dot1l/rnf8/chd4b/bap1/tdrd3/prmt6/phf1/lmnb1/ash1l/epc1a/smarca5/chd8/lmnl3/dmap1/nr3c1/usp22/hdgfl2/ssrp1b/tet1/atrx/bmi1a/kdm7ab/supt4h1/brd9/hira/h2az2a/si:ch211-13c6.2/nsd3/smarca2/uimc1/mysm1/chd5/tspy/prkcbb/tasorb/carm1/setd2/prmt7/kmt5b/dpf3/prdm14/lmnb2/tasor2/atxn7l3a/brd3b/pou5f3,111
MF,GO:0008135,"translation factor activity, RNA binding",45/3742,123/18430,0.365853659,1.801892819,4.503827348,2.06E-05,0.001879709,0.001646333,eif4e3/eif2a/eif4a2/eif4ebp2/gfm1/eif3ha/eef1a1b/eef2b/eif3d/eif4e1c/dhx29/eefsec/eif3ea/eif4enif1/gspt1l/eif1/eif3s6ip/eif5b/eif2s3/eif4g1a/eif6/gtpbp1l/eif5/eif2ak1/mrpl58/eif3ba/eif3ja/elof1/eif4h/tsfm/eif4ebp1/eif3s10/eif4eb/eef1b2/eif3k/eif1ad/eif5a/eif3m/eif4a1a/mtrfr/eif2d/gtpbp2b/eif2s2/tcea3/eif2b3,45
BP,GO:0009628,response to abiotic stimulus,112/3864,381/18773,0.293963255,1.42820191,4.298789532,2.39E-05,0.001167547,0.001001929,col1a2/nyx/ucp3/bmal2/vegfab/cct4/foxo3b/dnaja2a/hspb1/ndufa9a/ddit4/atp5meb/hspb9/camk2g2/metrnla/hif1al/cahz/tcap/loxl2b/smpx/rad9a/egln1b/hsp90ab1/ddit3/synj1/per3/pkd2l1/igfbp1a/ddx6/sema4d/mapk14b/lsm7/vegfaa/lama1/ift88/babam2/alas2/aanat1/kcnma1a/bhlhe41/rgrb/chm/csrp3/tnfrsf11b/arnt/dnmt3aa/hikeshi/dhx30/cirbpb/lamc1/stra6l/sirt2/ajuba/npas2/vhl/xrcc5/crtc3/egln1a/hmox1a/wfs1a/atp2a1/epas1b/dnaja1/inip/ldha/ctsk/brat1/nabp1a/cry2/sumo1/ipo13b/rest/hsp90aa1.1/si:dkey-74k8.3/npc1/asic1c/rnf8/tmem132e/cacna1da/fundc1/per2/mettl3/stx4/nr3c1/nfatc1/gclc/tet1/si:dkey-1k23.3/pcdh15a/slc38a9/parietopsin/si:dkey-9i23.15/mmp14a/trnt1/dap3/dlat/mmp2/cry1a/rgra/cox4i1/dnaja3a/ddx61/ndrg1a/lamb1a/pim1/parapinopsina/bglap/wee1/clocka/atp6v0d1/cry1b/hsf1,112
BP,GO:0008016,regulation of heart contraction,34/3864,84/18773,0.404761905,1.966510155,4.519627127,2.49E-05,0.001198402,0.001028408,fbxl22/adrb2a/trdn/casq2/tbx2b/desma/tmem65/emd/mcu/parvb/bnip3lb/vegfaa/scn4ba/ank2b/adma/lmna/wtip/tmem161b/adrb2b/tafazzin/vdac2/plcg1/si:ch211-225p5.8/atp2a2b/atp2a2a/erp44/vapb/ilk/si:dkey-28b4.8/kcne4/atp1a1a.1/melk/grk3/skia,34
BP,GO:0070646,protein modification by small protein removal,36/3864,91/18773,0.395604396,1.922018975,4.488471225,2.64E-05,0.001246561,0.001069735,zranb1b/psmd14/senp3b/usp47/usp2a/usp14/usp38/cops8/ubxn1/usp4/stambpl1/usp10/cops2/usp5/usp34/usp33/usp1/stambpa/usp2b/usp13/usp18/otub1a/usp40/bap1/usp19/usp42/uchl5/cops5/usp22/usp7/uchl3/usp49/usp3/usp43b/brcc3/senp8,36
BP,GO:0006936,muscle contraction,49/3864,137/18773,0.357664234,1.737689093,4.411709114,2.67E-05,0.001246561,0.001069735,fbxl22/tpm3/tnni2a.2/tnni2a.4/tnnt1/tnni2a.3/lmod3/tnnc1a/lsp1a/ryr1a/casq1a/tpm1/casq2/tnni1d/col22a1/desma/tcap/stac/myhb/smyhc2/bin1b/gdnfa/myl2b/sulf2b/ltbp3/scn4ba/ank2b/csrp3/wtip/ryr3/dmd/tmem161b/septin15/si:ch211-225p5.8/tnnt2c/atp2a1/atp2a2b/atp2a2a/icam3/erp44/shroom4/tpcn2/si:dkey-28b4.8/kcne4/lmod2b/zgc:153184/tnnc2.1/tnni4b.2/tnni1b,49
MF,GO:0090079,"translation regulator activity, nucleic acid binding",47/3742,132/18430,0.356060606,1.753660334,4.386137651,3.07E-05,0.00254054,0.002225119,eif4e3/eif2a/eif4a2/eif4ebp2/gfm1/eif3ha/eef1a1b/eef2b/eif3d/mif4gdb/eif4e1c/dhx29/eefsec/eif3ea/eif4enif1/gspt1l/eif1/eif3s6ip/eif5b/paip1/eif2s3/eif4g1a/eif6/gtpbp1l/eif5/eif2ak1/mrpl58/eif3ba/eif3ja/elof1/eif4h/tsfm/eif4ebp1/eif3s10/eif4eb/eef1b2/eif3k/eif1ad/eif5a/eif3m/eif4a1a/mtrfr/eif2d/gtpbp2b/eif2s2/tcea3/eif2b3,47
CC,GO:0000315,organellar large ribosomal subunit,19/3989,37/19331,0.513513514,2.488525879,4.621181971,3.33E-05,0.000453251,0.000361975,mrpl10/mrpl44/mrpl21/mrpl4/mrpl43/mrpl14/mrpl51/mrpl53/mrpl19/mrpl27/mrpl17/mrpl58/mrpl54/mrpl52/mrpl47/mrpl32/mrpl41/mrpl28/mrpl22,19
CC,GO:0005762,mitochondrial large ribosomal subunit,19/3989,37/19331,0.513513514,2.488525879,4.621181971,3.33E-05,0.000453251,0.000361975,mrpl10/mrpl44/mrpl21/mrpl4/mrpl43/mrpl14/mrpl51/mrpl53/mrpl19/mrpl27/mrpl17/mrpl58/mrpl54/mrpl52/mrpl47/mrpl32/mrpl41/mrpl28/mrpl22,19
BP,GO:0009060,aerobic respiration,40/3864,106/18773,0.377358491,1.833372397,4.380305036,3.55E-05,0.001628773,0.00139773,uqcr10/ndufs6/uqcrq/ndufb6/ndufa7/mdh2/coa6/atpsckmt/aco1/uqcrh/uqcrb/sdhdb/ndufs8a/ndufv2/idh1/aco2/sdhb/ndufc2/ndufb8/ogdha/cyc1/idh3b/sdhaf2/cox4i2/ogdhb/sucla2/ndufa8/antkmt/sdha/ndufa10/ndufv1/dlst/ndufaf1/cs/cox6c/cox4i1/cox8a/cox7c/mdh1aa/atp5f1b,40
MF,GO:0043021,ribonucleoprotein complex binding,30/3742,73/18430,0.410958904,2.024043988,4.424871193,3.99E-05,0.003031302,0.002654951,dap1b/ptcd3/eif2a/ddx17/secisbp2/pqbp1/derl1/eef2b/rack1/rplp1/derl2/bop1/dnajc2/ola1/eif1/eif6/nmd3/uhmk1/nopchap1/tmco1/gtpbp6/ltn1/sec61a1a/tmem147/rbm39b/eif3k/eif5a/mtrfr/eral1/znf598,30
BP,GO:0006942,regulation of striated muscle contraction,11/3864,16/18773,0.6875,3.340175336,4.767341625,4.29E-05,0.001942574,0.001667018,fbxl22/casq1a/casq2/desma/ank2b/wtip/tmem161b/atp2a2b/atp2a2a/erp44/si:dkey-28b4.8,11
BP,GO:1902532,negative regulation of intracellular signal transduction,62/3864,188/18773,0.329787234,1.602250452,4.224977013,4.49E-05,0.002001478,0.001717566,nfkbiaa/deptor/si:dkey-237i9.1/ddit4/ptpn2a/dusp8a/dusp1/inpp5ka/strn3/si:ch211-195b15.8/bcl6aa/si:ch211-247j9.1/yju2/dusp4/dlg5a/gsk3aa/nprl2/kptn/arhgap29b/sesn1/arnt/tsc1b/nlrx1/akap12b/si:ch211-121a2.2/mapkapk5/bcor/ajuba/vhl/stambpa/tp53bp2b/arhgap24/tnfaip8l1/spred2b/insig1/nf1a/dusp6/il17rd/arhgap45b/arhgap17a/kank2/aida/rasa2/si:ch211-223p8.8/herpud1/nfkbiab/kics2/dusp2/tnip1/tmem127/arhgap22b/ddias/chuk/phlda3/foxc1a/tsc2/gpatch3/dusp10/dusp16/arhgap25/src/akt1s1,62
BP,GO:0014904,myotube cell development,33/3864,83/18773,0.397590361,1.931667664,4.330569296,5.00E-05,0.002201204,0.001888962,col6a1/chrna1/klhl41a/dok7b/myorg/lmod3/lgals2a/ryr1a/myf5/myo18ab/six1b/zgc:112052/actn2b/tcap/inpp5ka/smpx/dag1/mybpc1/adss1/rbfox1l/dmrt2a/smyd1b/ryr3/mymk/dmd/selenon/klhl40a/rbfox2/smo/carm1/tmem182a/myo9aa/neu1,33
BP,GO:0014902,myotube differentiation,39/3864,104/18773,0.375,1.82191382,4.27889864,5.19E-05,0.002253145,0.001933534,col6a1/chrna1/klhl41a/dok7b/myorg/lmod3/rbm24a/lgals2a/ryr1a/myf5/myo18ab/six1b/zgc:112052/actn2b/dock5/tcap/inpp5ka/smpx/dag1/mybpc1/adss1/rbfox1l/mapk14b/dmrt2a/smyd1b/ryr3/mymk/dmd/selenon/klhl40a/crk/jam3b/rbfox2/smo/carm1/tmem182a/plekho1b/myo9aa/neu1,39
BP,GO:0072594,establishment of protein localization to organelle,62/3864,189/18773,0.328042328,1.593772936,4.176680711,5.35E-05,0.002289771,0.001964966,hspa8/nutf2/ipo9/nup93/tnpo3/srp54/zfand2a/pmpcb/zgc:56596/rpain/tomm7/grpel1/ipo7/vps37a/nkd1/vps36/vps37d/nup62l/scrib/gnptab/sgtb/hikeshi/get3/tomm20b/kpna4/ap3d1/cse1l/chchd4a/timm21/nup133/vps25/pex13/kpna2/tomm40/pex1/ipo13b/pmpca/kpnb3/timm13/timm17a/vps37c/timm23a/ranbp2/sec62/srprb/sec61a1a/rab3gap2/vps13a/dzip1/ipo8/dnlz/bcs1l/pex19/timm44/lamp2/nup88/vps28/tomm34/tram2/lamp1b/cox18/nipblb,62
BP,GO:0061448,connective tissue development,69/3864,216/18773,0.319444444,1.552000661,4.153958602,5.44E-05,0.002296981,0.001971152,chrna1/sparc/notch2/rflnb/sec23a/col11a1a/rflna/sox6/faf1/runx1/runx3/mafbb/loxl2b/itga5/jag1b/rbms3/lrp5/pappa2/dcn/arid5b/mmp9/pmm2/mmp14b/tgfb3/msmo1/sulf2b/tapt1b/rerea/nup62l/disc1/gnptab/fgfrl1a/col11a2/creb3l2/kif5ba/fn1a/dlx3b/trrap/comp/yap1/kat2a/crispld2/ctsk/sox5/nog3/nsd2/acvr2aa/ilk/atg13/aldh7a1/ncl/marcksl1a/mgp/irx5a/sec23b/smo/vwa1/ltv1/furina/itgav/rspo3/mmp14a/unc45a/foxd3/tfap2a/foxc1a/skia/htt/cnmd,69
CC,GO:0048471,perinuclear region of cytoplasm,49/3989,140/19331,0.35,1.696126849,4.215125944,5.46E-05,0.000724946,0.000578955,pde4ba/prkra/rapgef2b/rtraf/twf2b/myo16/epcam/hsp90ab1/pdlim7/rangrf/pdlim4/sh3rf1/optn/ccnf/pick1/upf1/usp33/pde4ca/akap12b/sirt2/osbp2b/s100v1/pikfyve/nanos1/osbpl2b/pleca/exoc8/dnaja1/pde4bb/hsp90aa1.1/ptges/gper1/tlk2/osbpl1a/eif4h/pde4d/cops5/ndfip2/casc3/cav2/cherp/cav1/lamb1a/dgat2/sting1/unc45b/ndfip1/src/zftraf1,49
BP,GO:0042775,mitochondrial ATP synthesis coupled electron transport,26/3864,60/18773,0.433333333,2.105322636,4.365586069,5.56E-05,0.002317208,0.001988511,uqcr10/ndufs6/uqcrq/ndufb6/ndufa7/coa6/uqcrh/uqcrb/sdhdb/ndufs8a/ndufv2/sdhb/ndufc2/ndufb8/cyc1/sdhaf2/cox4i2/ndufa8/sdha/ndufa10/ndufv1/ndufaf1/cox6c/cox4i1/cox8a/cox7c,26
BP,GO:0071826,protein-RNA complex organization,45/3864,126/18773,0.357142857,1.735156019,4.215119375,5.82E-05,0.002370511,0.002034252,snrpe/dyrk3/clp1/rpsa/znhit6/rsrp1/eif3ha/yju2/sart3/ddx28/eif3d/mdn1/xab2/rps19/eif3ea/tfip11/ptges3a/nop53/luc7l3/rps14/prpf31/eif3s6ip/eif2s3/eif6/si:ch211-220i18.4/rpl5a/eif5/celf2/srpk1a/nopchap1/gemin6/eif3ba/eif3ja/khdc4/eif3s10/rps5/rps27.2/clns1a/eif3k/eif3m/prpf6/eral1/eif2d/prmt7/eif2s2,45
BP,GO:0051216,cartilage development,65/3864,201/18773,0.323383085,1.571136296,4.144365273,5.84E-05,0.002370511,0.002034252,chrna1/sparc/notch2/rflnb/sec23a/col11a1a/rflna/sox6/faf1/runx1/runx3/mafbb/loxl2b/itga5/jag1b/rbms3/lrp5/pappa2/dcn/mmp9/pmm2/mmp14b/tgfb3/msmo1/sulf2b/tapt1b/rerea/nup62l/disc1/gnptab/fgfrl1a/col11a2/creb3l2/kif5ba/fn1a/dlx3b/trrap/yap1/kat2a/crispld2/ctsk/sox5/nog3/nsd2/acvr2aa/atg13/aldh7a1/ncl/marcksl1a/mgp/irx5a/sec23b/smo/vwa1/ltv1/furina/itgav/mmp14a/unc45a/foxd3/tfap2a/foxc1a/skia/htt/cnmd,65
BP,GO:0055117,regulation of cardiac muscle contraction,10/3864,14/18773,0.714285714,3.470312038,4.707177391,5.94E-05,0.002376848,0.00203969,fbxl22/casq2/desma/ank2b/wtip/tmem161b/atp2a2b/atp2a2a/erp44/si:dkey-28b4.8,10
BP,GO:0001501,skeletal system development,122/3864,430/18773,0.28372093,1.378440223,4.041530952,6.16E-05,0.002435566,0.002090079,col1a2/col1a1a/ahsa1a/chrna1/sparc/plxna3/col2a1a/notch2/ece1/rbm24a/rflnb/tinagl1/vgll2a/hdac4/pkn2a/sec23a/col11a1a/rflna/sox6/faf1/fras1/runx1/bcan/runx3/mafbb/loxl2b/itga5/jag1b/ccdc57/rbms3/lrp5/cxcr4a/pappa2/dcn/mmp9/pmm2/mmp14b/tgfb3/hspg2/msmo1/pkdccb/hoxc3a/sulf2b/ilvbl/tapt1b/rerea/nup62l/disc1/gnptab/vcanb/fgfrl1a/fsta/col11a2/bicra/creb3l2/kif5ba/ncanb/fn1a/ucmab/kdm6a/sin3b/dlx3b/trrap/rpl13/vcana/disp1/eif3ea/yap1/pard3ab/kat2a/crispld2/bcl9/pak1/spi1b/ctsk/hoxa3a/hoxa4a/sox5/mia2/nog3/nsd2/pitx2/acvr2aa/hapln1a/hapln1b/atg13/aldh7a1/ncl/marcksl1a/shrprbck1r/tp73/ep300b/tln1/mgp/nr3c1/bmp1a/irx5a/sec23b/smo/vwa1/uts2r3/ltv1/furina/hoxb3a/itgav/mmp14a/unc45a/foxd3/chd5/tfap2a/bglap/hoxd3a/foxc1a/prdm5/spp1/igfbp3/cog4/skia/htt/cnmd/nipblb/hoxd4a,122
MF,GO:0019783,ubiquitin-like protein peptidase activity,39/3742,106/18430,0.367924528,1.812092212,4.232233118,6.18E-05,0.004328661,0.003791236,fbxl22/zranb1b/psmd14/senp3b/usp47/usp2a/otud4/usp14/usp38/usp4/stambpl1/usp10/otud7a/usp5/usp34/usp33/usp1/stambpa/usp2b/usp13/usp18/otub1a/usp40/bap1/usp19/usp42/uchl5/cops5/usp22/usp7/vcpip1/ufsp2/uchl3/usp49/mysm1/usp3/usp43b/brcc3/senp8,39
BP,GO:0016579,protein deubiquitination,31/3864,77/18773,0.402597403,1.955994058,4.279330016,6.32E-05,0.002465576,0.002115832,zranb1b/psmd14/usp47/usp2a/usp14/usp38/ubxn1/usp4/stambpl1/usp10/usp5/usp34/usp33/usp1/stambpa/usp2b/usp13/usp18/otub1a/usp40/bap1/usp19/usp42/uchl5/usp22/usp7/uchl3/usp49/usp3/usp43b/brcc3,31
BP,GO:0032446,protein modification by small protein conjugation,132/3864,472/18773,0.279661017,1.358715391,4.018215032,6.50E-05,0.002507169,0.002151525,asb2a.1/ube2l3b/asb10/ube2d4/asb14b/marchf5l/cul4b/ube3a/rnf115b/zmiz2/cul2/anapc1/dtx4b/mkrn1/si:ch211-59o9.10/chfr/rc3h1b/kbtbd8/ube2g1b/uba3/socs7/znrf2b/fbxw5/ube3c/rnf19a/arih2/rnf169/rbx1/rnf20/ufc1/kcmf1/ubxn1/sh3rf1/rbbp6/fbxo31/ccnf/pdzrn3b/asb12b/ubr1/cul3b/arih1/ube2al/keap1a/ddb1/ube2h/wdr32/cdc34a/xiap/mylipa/ubr2/rnf38/klhl40a/rnf40/zbtb16a/vhl/tiparp/ube2s/fzr1a/pias2/dtx2/ubb/ube4a/peli3/ubac1/ube2v1/aktip/marchf8/wsb2/anapc16/cdc23/vcp/kctd6b/wdsub1/si:ch73-335l21.2/spopla/dda1/hectd1/ube2d2/sumo1/fbxw9/spop/amfra/rnf8/keap1b/cisha/ube2kb/shrprbck1r/ube2d3/med8/cbx4/toporsa/trim3b/socs3b/ankib1a/ndfip2/traf7/trim71/vcpip1/dtx3lb.2/rnf146/ltn1/rps27a/uba7/btr26/ankib1b/cand2/mdm4/hace1/rnf220a/trim37/asb13a.1/klhl3/spsb3a/rnf14/asb5b/asb16/dtx3lb.3/rc3h2/asb13a.2/ubr5/mycbp2/dcaf11/uba52/ube4b/herc56.1/rnf181/ube2z/znf598/ndfip1/smurf1/inavab/nedd4a,132
BP,GO:0006099,tricarboxylic acid cycle,15/3864,27/18773,0.555555556,2.699131585,4.497841664,6.71E-05,0.002554035,0.002191743,mdh2/aco1/sdhdb/idh1/aco2/sdhb/ogdha/idh3b/sdhaf2/ogdhb/sucla2/sdha/dlst/cs/mdh1aa,15
BP,GO:0170034,L-amino acid biosynthetic process,23/3864,51/18773,0.450980392,2.191059757,4.336028151,6.96E-05,0.00258661,0.002219698,gls2a/gls2b/glulb/got1/bcat2/ilvbl/oat/glsa/bhmt/shmt2/aldh18a1/aass/apip/adi1/pycr3/pycr1a/sephs3/sephs1/enoph1/nags/asnsd1/lgsn/zgc:172121,23
BP,GO:0170038,proteinogenic amino acid biosynthetic process,23/3864,51/18773,0.450980392,2.191059757,4.336028151,6.96E-05,0.00258661,0.002219698,gls2a/gls2b/glulb/got1/bcat2/ilvbl/oat/glsa/bhmt/shmt2/aldh18a1/aass/apip/adi1/pycr3/pycr1a/sephs3/sephs1/enoph1/nags/asnsd1/lgsn/zgc:172121,23
BP,GO:0051246,regulation of protein metabolic process,126/3864,448/18773,0.28125,1.366435365,3.996354177,7.20E-05,0.002643861,0.002268827,eif4e3/serpinf1/dap1b/msi1b/igf2bp2a/dok7b/si:dkey-7n6.2/rbm24a/ube3a/rtraf/a2ml/runx1/eif2ak2/gcn1/abcb10/ptcd3/kbtbd8/eif2a/csnk1e/hdac10/psmd2/usp14/oaz1b/igf2bp3/hsp90ab1/hdac6/eif4ebp2/serpine1/ubxn1/ccny/dok7a/sh3rf1/coa3a/ddx6/serpinb1l1/eif3ha/bcl2l16/secisbp2/fxr2/ybx1/mknk1/svbp/vegfaa/rpl10/gsk3aa/larp4b/pi15a/chac1/tnrc6c1/trmt10c/rack1/caprin1b/xiap/rps3/mif4gdb/rida/klhl40a/sirt2/rnft2/serpinb1/dhx29/nanos1/rabl3/adam8a/gfap/eefsec/mcl1b/ube2s/eif4enif1/fzr1a/aurkaip1/serpinh1b/gtdc1/desi1a/timp2a/appa/paip1/vcp/brat1/spopla/ncbp2/dda1/axin1/prnpb/prkg1b/spop/eif2ak1/diabloa/rmnd1/uhmk1/casp8/gper1/aida/prmt6/ccdc22/cpamd8/tmem259/mettl3/ogfod1/trim3b/herpud1/ndfip2/traf7/axin2/smo/eif4ebp1/casc3/necab1/ngdn/necab3/eif3k/yes1/asb5b/eif5a/serbp1a/azin1b/ddx61/becn1/eif2ak4/psme2/znf598/c3b.2/ndfip1/inavab/zar1l/caprin1a,126
BP,GO:0016203,muscle attachment,9/3864,12/18773,0.75,3.64382764,4.66385827,7.85E-05,0.002851746,0.002447224,col22a1/postnb/dag1/lama4/dnajb6b/lamb2/dmd/ilk/cemip2,9
CC,GO:0030312,external encapsulating structure,98/3989,333/19331,0.294294294,1.426172726,4.000007294,7.93E-05,0.001002449,0.000800574,col6a2/col1a2/col1a1a/col5a2a/col6a1/col5a1/sparc/col5a3a/elnb/adamts9/col2a1a/tncb/col18a1a/postna/col12a1b/adamts2a/angptl4/col16a1/spon1a/col15a1b/tnxba/col4a1/abi3bpb/spon2b/apoeb/col22a1/col11a1a/fbn2b/col10a1b/fras1/nid2a/bcan/fibcd1b/plod1a/loxl2b/postnb/mfap5/prg4b/mmp15b/dag1/ccdc80/loxl5b/lama4/tgfbi/mmp15a/mmp9/slc35c2/mmp14b/gpc1b/hspg2/fgl1/col4a2/lama1/matn4/vcanb/scara3/col11a2/lamb2/ncanb/fn1a/ucmab/tnn/thbs2a/lingo3a/lamc2/colq/lamc1/col5a2b/col10a1a/vcana/timp2a/angptl5/lamc3/ccn5/mmp19/col4a5/adamts17/frem1b/thbs1b/mmp11b/hapln1a/hapln1b/colec12/mgp/hpse2/vtna/col8a1b/vwa1/anxa2a/zgc:113232/ntn1a/mmp14a/sspo/mmp2/lamb1a/adamts1/ccn2a/col7a1,98
CC,GO:0031012,extracellular matrix,98/3989,333/19331,0.294294294,1.426172726,4.000007294,7.93E-05,0.001002449,0.000800574,col6a2/col1a2/col1a1a/col5a2a/col6a1/col5a1/sparc/col5a3a/elnb/adamts9/col2a1a/tncb/col18a1a/postna/col12a1b/adamts2a/angptl4/col16a1/spon1a/col15a1b/tnxba/col4a1/abi3bpb/spon2b/apoeb/col22a1/col11a1a/fbn2b/col10a1b/fras1/nid2a/bcan/fibcd1b/plod1a/loxl2b/postnb/mfap5/prg4b/mmp15b/dag1/ccdc80/loxl5b/lama4/tgfbi/mmp15a/mmp9/slc35c2/mmp14b/gpc1b/hspg2/fgl1/col4a2/lama1/matn4/vcanb/scara3/col11a2/lamb2/ncanb/fn1a/ucmab/tnn/thbs2a/lingo3a/lamc2/colq/lamc1/col5a2b/col10a1a/vcana/timp2a/angptl5/lamc3/ccn5/mmp19/col4a5/adamts17/frem1b/thbs1b/mmp11b/hapln1a/hapln1b/colec12/mgp/hpse2/vtna/col8a1b/vwa1/anxa2a/zgc:113232/ntn1a/mmp14a/sspo/mmp2/lamb1a/adamts1/ccn2a/col7a1,98
BP,GO:0034976,response to endoplasmic reticulum stress,47/3864,135/18773,0.348148148,1.691455793,4.104698139,8.31E-05,0.002982709,0.002559609,zgc:136908/psmc6/faf1/usp14/nccrp1/aup1/dnajb9a/tmub1/dnajb6b/faf2/ddit3/ufc1/calr/ecpas/derl1/creb3l2/ufd1l/selenos/derl2/jkamp/rnft2/wfs1a/ube4a/vcp/mia2/trappc11/os9/amfra/usp19/serp2/tmem259/atf4a/herpud2/herpud1/marchf6/map3k5/tmco1/parp16/edem2/erlec1/man1a2/fbxo2/calr3a/dgat2/ube4b/tmtc4/parp6b,47
BP,GO:0061515,myeloid cell development,31/3864,78/18773,0.397435897,1.930917211,4.194161994,8.43E-05,0.002982709,0.002559609,bdh2/hif1al/ak3/nemp1/stat5a/clpxa/sptb/adnp2b/alas2/jmjd1cb/flt3/gata2a/klf9/rps19/gata1a/smad9/rps14/rpl18/spi1b/slc48a1b/npc1/smad1/nfil3/arhgef3/sec23b/maea/rpl11/adnpb/melk/pink1/csf3b,31
MF,GO:0101005,deubiquitinase activity,35/3742,93/18430,0.376344086,1.853559996,4.165170935,8.49E-05,0.00552593,0.004839858,fbxl22/zranb1b/psmd14/usp47/usp2a/otud4/usp14/usp38/usp4/stambpl1/usp10/otud7a/usp5/usp34/usp33/usp1/stambpa/usp2b/usp13/usp18/otub1a/usp40/bap1/usp19/usp42/uchl5/usp22/usp7/vcpip1/uchl3/usp49/mysm1/usp3/usp43b/brcc3,35
BP,GO:0016053,organic acid biosynthetic process,55/3864,165/18773,0.333333333,1.619478951,4.068817886,8.50E-05,0.002982709,0.002559609,abhd2a/csad/gls2a/upb1/gls2b/prkag2b/tle3a/dcaf5/cdo1/glulb/tecrb/fasn/ccdc57/got1/bcat2/ilvbl/oat/mcat/ndufab1b/glsa/bhmt/shmt2/aldh18a1/aass/apip/ptges3a/lpla/adi1/cyp7b1/ugdh/scdb/rpp14/mecr/olah/ptges/fasn2/elovl1a/acsbg2/aclya/pycr3/pycr1a/cyp7a1/sephs3/ptgis/otc/gatm/prkag3b/sephs1/lipg/enoph1/nags/asnsd1/lgsn/elovl7a/zgc:172121,55
BP,GO:0000122,negative regulation of transcription by RNA polymerase II,71/3864,227/18773,0.31277533,1.519599192,4.00964425,9.03E-05,0.003132249,0.002687937,pparaa/tgif1/smyd2a/kcnip3b/hdac4/foxo3b/sox11a/id4/gatad2b/zbtb1/zbtb2b/loxl2b/hexim1/macroh2a1/thrab/mbd3b/dnajb4/ddit3/ehmt1b/per3/nr1d4b/cops2/ccnd1/nr1d4a/id2a/zbtb38/sin3b/atxn1a/nr1h4/cbx8b/gatad2ab/sirt2/bend3/scaf4a/cbx2/bcor/mta2/zbtb16a/gata2a/zbtb34/gata1a/zeb2b/eaf1/rargb/hdac5/sox10/sox4b/lin37/nr2f6b/kank2/mier2/zbtb20/mycb/nr1d2b/dr1/mier1b/per2/cbx4/atf4a/dmap1/ncor2/bmi1a/ldb2a/smad2/nr2f1a/zfpm2a/ppardb/cbx7b/sox8a/skia/zeb1b,71
BP,GO:0044283,small molecule biosynthetic process,91/3864,307/18773,0.296416938,1.440122976,3.958278863,9.57E-05,0.00328402,0.00281818,abhd2a/csad/gls2a/pcxb/upb1/gls2b/itpka/prkag2b/tle3a/dcaf5/ndufa9a/cdo1/glulb/pck1/coq6/sc5d/tecrb/sptlc2a/fasn/ccdc57/adka/ip6k2a/pdss1/msmo1/got1/sptlc2b/hprt1/bcat2/ilvbl/pptc7a/gpib/oat/impa1/pptc7b/mcat/ndufab1b/glsa/bhmt/shmt2/coq2/cyp27b1/aldh18a1/aass/hsd17b7/apip/ptges3a/lpla/adi1/cyp7b1/ugdh/insig1/srebf2/bpnt2/scdb/rpp14/pcbd1/mvda/mecr/olah/ptges/fasn2/elovl1a/acsbg2/aclya/hprt1l/pycr3/pycr1a/cyp7a1/sephs3/slc38a9/dnph1/ptgis/otc/gnmt/gatm/prkag3b/dhcr7/sephs1/lipg/enoph1/ippk/coq8b/nags/asnsd1/lgsn/elovl7a/srd5a3/coq5/nus1/coq8aa/zgc:172121,91
BP,GO:0048741,skeletal muscle fiber development,32/3864,82/18773,0.390243902,1.895975357,4.13938953,9.87E-05,0.003351055,0.002875705,col6a1/chrna1/klhl41a/dok7b/myorg/lmod3/lgals2a/ryr1a/myf5/myo18ab/six1b/zgc:112052/actn2b/tcap/inpp5ka/smpx/dag1/mybpc1/adss1/rbfox1l/dmrt2a/smyd1b/ryr3/mymk/dmd/selenon/klhl40a/rbfox2/smo/carm1/myo9aa/neu1,32
BP,GO:0022618,protein-RNA complex assembly,43/3864,122/18773,0.352459016,1.712399874,4.018854312,0.000118821,0.003930838,0.003373246,snrpe/clp1/rpsa/znhit6/rsrp1/eif3ha/yju2/sart3/ddx28/eif3d/mdn1/xab2/rps19/eif3ea/ptges3a/nop53/luc7l3/rps14/prpf31/eif3s6ip/eif2s3/eif6/si:ch211-220i18.4/rpl5a/eif5/celf2/srpk1a/nopchap1/gemin6/eif3ba/eif3ja/khdc4/eif3s10/rps5/rps27.2/clns1a/eif3k/eif3m/prpf6/eral1/eif2d/prmt7/eif2s2,43
BP,GO:0051056,regulation of small GTPase mediated signal transduction,43/3864,122/18773,0.352459016,1.712399874,4.018854312,0.000118821,0.003930838,0.003373246,abrab/dock11/net1/iqsec1b/stard13b/rhoab/dock9b/diaph2/arfgef2/dennd4a/si:ch211-247j9.1/sipa1l2/arhgap29b/cyth1a/dennd4b/sipa1l3/akap12b/arhgef28a/rabl3/stambpa/gbf1/arhgap24/arhgef49/akap13/arhgap45b/arhgap17a/f2rl1.1/kank2/iqsec2b/git1/fbxo8/rasa2/arhgef3l/arhgef3/rap1gapa/si:dkey-29b11.3/dock7/git2b/arhgap22b/arhgef2b/tsc2/arhgap25/arhgef18b,43
BP,GO:0019646,aerobic electron transport chain,25/3864,59/18773,0.423728814,2.058659683,4.146184673,0.000119574,0.003930838,0.003373246,uqcr10/ndufs6/uqcrq/ndufb6/ndufa7/uqcrh/uqcrb/sdhdb/ndufs8a/ndufv2/sdhb/ndufc2/ndufb8/cyc1/sdhaf2/cox4i2/ndufa8/sdha/ndufa10/ndufv1/ndufaf1/cox6c/cox4i1/cox8a/cox7c,25
BP,GO:0036503,ERAD pathway,30/3864,76/18773,0.394736842,1.917804021,4.081505278,0.000126188,0.00404278,0.003469308,zgc:136908/psmc6/faf1/usp14/nccrp1/aup1/dnajb9a/tmub1/faf2/calr/ecpas/derl1/ufd1l/selenos/derl2/jkamp/rnft2/ube4a/vcp/os9/usp19/tmem259/herpud1/marchf6/edem2/erlec1/man1a2/fbxo2/calr3a/ube4b,30
BP,GO:0006913,nucleocytoplasmic transport,41/3864,115/18773,0.356521739,1.732138356,4.009212816,0.000126863,0.00404278,0.003469308,nutf2/ipo9/nup93/tnpo3/ddx19b/rpain/ddx39b/ipo7/xpo1a/nkd1/ddx39ab/nup62l/nxt2/xpo1b/eny2/poldip3/sarnp/hikeshi/zc3h11a/kpna4/mdn1/xpo6/nup160/cse1l/thoc7/desi1a/nup133/lzts2a/eif6/kpna2/ncbp2/nmd3/ipo13b/uhmk1/kpnb3/ranbp2/ltv1/dzip1/ipo8/lsg1/nup88,41
BP,GO:0051169,nuclear transport,41/3864,115/18773,0.356521739,1.732138356,4.009212816,0.000126863,0.00404278,0.003469308,nutf2/ipo9/nup93/tnpo3/ddx19b/rpain/ddx39b/ipo7/xpo1a/nkd1/ddx39ab/nup62l/nxt2/xpo1b/eny2/poldip3/sarnp/hikeshi/zc3h11a/kpna4/mdn1/xpo6/nup160/cse1l/thoc7/desi1a/nup133/lzts2a/eif6/kpna2/ncbp2/nmd3/ipo13b/uhmk1/kpnb3/ranbp2/ltv1/dzip1/ipo8/lsg1/nup88,41
BP,GO:1901607,alpha-amino acid biosynthetic process,24/3864,56/18773,0.428571429,2.082187223,4.128838251,0.000131281,0.00414131,0.003553862,gls2a/gls2b/glulb/got1/bcat2/ilvbl/oat/glsa/bhmt/shmt2/aldh18a1/aass/apip/adi1/pycr3/pycr1a/sephs3/otc/sephs1/enoph1/nags/asnsd1/lgsn/zgc:172121,24
BP,GO:0009266,response to temperature stimulus,23/3864,53/18773,0.433962264,2.108378257,4.113604975,0.00014336,0.004477148,0.003842061,ucp3/dnaja2a/hspb1/hspb9/metrnla/hsp90ab1/ddx6/bhlhe41/dnmt3aa/hikeshi/dhx30/cirbpb/dnaja1/cry2/sumo1/hsp90aa1.1/per2/gclc/si:dkey-1k23.3/dnaja3a/ddx61/clocka/hsf1,23
MF,GO:0008238,exopeptidase activity,33/3742,88/18430,0.375,1.846940139,4.019686211,0.000144746,0.008346083,0.007309875,zgc:152830/xpnpep2/anpepa/tpp2/aebp1b/agbl5/pm20d1.2/lnpep/cpda/scrn2/cpxm1a/anpeplb/blmh/cpz/aopep/fap/dpep1/enpep/scrn3/erap2/agtpbp1/cpxm1b/cndp2/cndp1/dpp6a/naaladl1/dnpep/xpnpep3/pepd/naalad2/xpnpep1/ctsz/cpe,33
MF,GO:0051087,protein-folding chaperone binding,24/3742,57/18430,0.421052632,2.073757349,4.098028593,0.000146583,0.008346083,0.007309875,ahsa1a/dnajb12a/dnaja2a/zgc:56596/dnajb9a/grpel1/dnajb4/dnajb6b/pfdn6/cdc37l1/hikeshi/bag1/fnip1/ptges3a/dnajc2/dnaja1/sacs/dnajb5/ahsa1b/dnlz/timm44/hscb/dnajb13/bag2,24
BP,GO:0042773,ATP synthesis coupled electron transport,26/3864,63/18773,0.412698413,2.005069177,4.067980944,0.000148744,0.004599279,0.003946868,uqcr10/ndufs6/uqcrq/ndufb6/ndufa7/coa6/uqcrh/uqcrb/sdhdb/ndufs8a/ndufv2/sdhb/ndufc2/ndufb8/cyc1/sdhaf2/cox4i2/ndufa8/sdha/ndufa10/ndufv1/ndufaf1/cox6c/cox4i1/cox8a/cox7c,26
CC,GO:0005776,autophagosome,22/3989,50/19331,0.44,2.132273753,4.08769629,0.000161854,0.001996194,0.001594197,tbc1d14/ulk2/ncoa4/atg9b/atg4b/gabarapl2/optn/atg16l1/snap29/rab24/atg13/map1lc3c/tmem230a/rab3gap2/map1lc3b/becn1/lamp2/sting1/ulk3/si:ch211-260e23.9/atp6ap2/tex264a,22
MF,GO:0008235,metalloexopeptidase activity,23/3742,54/18430,0.425925926,2.09775917,4.077555746,0.000162629,0.008714985,0.007632975,zgc:152830/xpnpep2/aebp1b/agbl5/pm20d1.2/lnpep/cpda/cpxm1a/anpeplb/cpz/aopep/dpep1/enpep/erap2/agtpbp1/cpxm1b/cndp2/naaladl1/xpnpep3/pepd/naalad2/xpnpep1/cpe,23
BP,GO:0030099,myeloid cell differentiation,74/3864,243/18773,0.304526749,1.47952398,3.830234216,0.000166222,0.00508932,0.004367396,sparc/mturn/bdh2/pbx1a/brd2a/casp3a/brd4/ncoa4/runx1/abcb10/hif1al/mafbb/srp54/ak3/nemp1/stat5a/clpxa/slc4a1a/bcl6aa/hax1/tle3b/kdsr/sptb/adnp2b/cdk9/p4htmb/alas2/jmjd1cb/flt3/tfr1a/rplp1/sfxn4/kif1b/rps3/sbds/vhl/gata2a/klf9/rps19/gata1a/smad9/plcg1/rps14/asxl1/rpl18/p2ry12/spi1b/arpc1b/mastl/slc48a1b/npc1/smad1/nfil3/cisha/gfi1b/gp9/numb/ncor2/arhgef3/sec23b/tspo/maea/ncoa2/numbl/ddx18/elavl1a/fam210b/rpl11/adnpb/melk/pink1/csf3b/ash2l/tcta,74
BP,GO:0032543,mitochondrial translation,19/3864,41/18773,0.463414634,2.251470737,4.083853244,0.000188746,0.005722844,0.004911054,mrpl44/ptcd3/mrps35/gfm1/coa3a/mrps24/mrps18b/trmt10c/mrpl43/wars2/mrps34/gfm2/rmnd1/mrpl58/tsfm/mtg1/mrpl52/mrpl47/lars2,19
BP,GO:0050879,multicellular organismal movement,17/3864,35/18773,0.485714286,2.359812186,4.099216988,0.000201234,0.005985285,0.005136267,tnni2a.2/tnni2a.4/tnnt1/tnni2a.3/tnnc1a/ryr1a/casq1a/tnni1d/tcap/stac/smyhc2/opa3/reep1/zgc:153184/tnnc2.1/tnni4b.2/tnni1b,17
BP,GO:0050881,musculoskeletal movement,17/3864,35/18773,0.485714286,2.359812186,4.099216988,0.000201234,0.005985285,0.005136267,tnni2a.2/tnni2a.4/tnnt1/tnni2a.3/tnnc1a/ryr1a/casq1a/tnni1d/tcap/stac/smyhc2/opa3/reep1/zgc:153184/tnnc2.1/tnni4b.2/tnni1b,17
BP,GO:0002042,cell migration involved in sprouting angiogenesis,11/3864,18/18773,0.611111111,2.969044744,4.254836513,0.000206938,0.006096867,0.005232021,sirt1/itga5/cxcr4a/rab5c/arfgef2/fn1a/srpx2/egfl6/syk/cdc42/efnb2a,11
BP,GO:0033365,protein localization to organelle,98/3864,342/18773,0.286549708,1.39218366,3.726298765,0.000210795,0.006123241,0.005254654,hspa8/nutf2/ipo9/nup93/msnb/tnpo3/srp54/arl5c/zfand2a/pmpcb/zgc:56596/aup1/fam83d/rpain/tomm7/ezrb/grpel1/bcap29/ipo7/vps37a/optn/nkd1/vps36/vps37d/nup62l/cdk9/scrib/bcap31/gnptab/ank2b/sgtb/lmna/ankrd13c/arl8/hikeshi/get3/tomm20b/kpna4/ap3d1/cse1l/chchd4a/timm21/dclk3/mapre3b/nup133/vps25/pex13/insig1/vcp/kntc1/kpna2/arf6a/tomm40/pex1/kdelr3/ipo13b/emc6/si:dkey-243i1.1/pmpca/kpnb3/lmnb1/timm13/lmnl3/fam83ha/get4/timm17a/vps37c/tmco1/c2cd3/timm23a/ranbp2/sec62/kdelr2b/srprb/sec61a1a/tmem147/zgc:153184/kics2/rab3gap2/glmp/vps13a/dzip1/ipo8/tasorb/dnlz/bcs1l/pex19/timm44/lamp2/nup88/vps28/tomm34/tram2/lamp1b/cox18/ttk/lmnb2/nipblb,98
BP,GO:0031101,fin regeneration,34/3864,92/18773,0.369565217,1.795509272,3.893934783,0.000211755,0.006123241,0.005254654,col1a1a/hspa8/sirt1/col22a1/faf1/nid2a/has2/notch1b/anxa1a/jag1b/lrp5/mmp9/dspb/il1b/igf2b/vdac2/mta2/col10a1a/yap1/serpinh1b/plcg1/inhbaa/tubb5/chd4a/axin1/prdx5/hapln1a/bmpr2b/scn8ab/lamb1a/bglap/ttk/lfng/pou5f3,34
CC,GO:0045239,tricarboxylic acid cycle heteromeric enzyme complex,9/3989,13/19331,0.692307692,3.354976185,4.330958984,0.000212743,0.002562816,0.002046711,abhd11/dldh/ogdha/ogdhb/sucla2/kat2a/dlst/kgd4/bckdha,9
BP,GO:0031099,regeneration,69/3864,225/18773,0.306666667,1.489920635,3.763726194,0.000215991,0.006188436,0.005310602,col1a1a/tgif1/adamts9/notch2/tncb/col12a1b/hspa8/apobec2b/b3gat1a/sirt1/col22a1/faf1/runx1/nid2a/alms1/has2/notch1b/cebpd/anxa1a/jag1b/lrp5/mmp9/igfbp1a/fitm2/dspb/sema4d/clcf1/cdk9/il1b/csrp1a/thada/apobec2a/igf2b/vdac2/mta2/col10a1a/yap1/serpinh1b/plcg1/inhbaa/tubb5/chd4a/dusp6/six3b/axin1/prdx5/hapln1a/mycb/hapln1b/top2a/apoda.2/sfpq/cav1/dusp2/il6st/pepd/mycbp2/bmpr2b/m17/scn8ab/lamb1a/becn1/bglap/tmem182a/gck/ccn2a/ttk/lfng/pou5f3,69
BP,GO:0048821,erythrocyte development,22/3864,51/18773,0.431372549,2.09579629,3.989223488,0.000220797,0.00626863,0.00537942,bdh2/hif1al/nemp1/stat5a/clpxa/sptb/adnp2b/alas2/gata2a/klf9/rps19/gata1a/rps14/rpl18/spi1b/slc48a1b/sec23b/maea/rpl11/adnpb/melk/pink1,22
BP,GO:0051604,protein maturation,101/3864,355/18773,0.284507042,1.382259499,3.701696453,0.000226859,0.006382712,0.00547732,ahsa1a/yme1l1a/ece1/dnajb12a/hspa8/cct4/dnaja2a/hspb1/cct2/isca2/cct5/runx1/hspb9/aebp1b/atg4b/dhps/cct3/pmpcb/nfu1/fkbp10b/clpxa/lmf2a/grpel1/dnajb4/cct8/dnajb6b/hsp90ab1/atg4da/pmm2/phex/serpine1/mmp14b/ppifb/pfdn6/ddi2/cpda/cdc37l1/fkbp10a/atg4c/calr/ppie/pgap3/chac1/naa20/naa10/pfdn1/pfdn2/lipt1/chchd4a/nudcd3/hspa13/ptges3a/dnajc2/cpz/dnaja1/afg3l1/fkbp5/dnajc25/tbcc/cct6a/erp44/pigf/zgc:110329/hspa14/mms19/hsp90aa1.1/lipt2/tbce/pmpca/tbca/cct7/nudcd2/naa30/kel/bmp1a/yme1l1b/dnajb5/si:dkey-1k23.3/spg7/isca1/txndc5/ranbp2/ercc6l/ahsa1b/furina/dohh/pitrm1/mmp14a/unc45a/hm13/ppih/hspa4b/dnlz/dnaja3a/calr3a/ppig/unc45b/dnajb13/fkbp2/ppib/cpe,101
BP,GO:0046394,carboxylic acid biosynthetic process,53/3864,163/18773,0.325153374,1.579737136,3.784437269,0.000230434,0.006425398,0.00551395,abhd2a/gls2a/upb1/gls2b/prkag2b/tle3a/dcaf5/glulb/tecrb/fasn/ccdc57/got1/bcat2/ilvbl/oat/mcat/ndufab1b/glsa/bhmt/shmt2/aldh18a1/aass/apip/ptges3a/lpla/adi1/cyp7b1/ugdh/scdb/rpp14/mecr/olah/ptges/fasn2/elovl1a/acsbg2/aclya/pycr3/pycr1a/cyp7a1/sephs3/ptgis/otc/gatm/prkag3b/sephs1/lipg/enoph1/nags/asnsd1/lgsn/elovl7a/zgc:172121,53
MF,GO:0008330,protein tyrosine/threonine phosphatase activity,8/3742,11/18430,0.727272727,3.581944512,4.323462217,0.000261499,0.012538212,0.01098153,dusp8a/dusp1/si:ch211-195b15.8/dusp4/dusp6/dusp2/dusp10/dusp16,8
MF,GO:0033550,MAP kinase tyrosine phosphatase activity,8/3742,11/18430,0.727272727,3.581944512,4.323462217,0.000261499,0.012538212,0.01098153,dusp8a/dusp1/si:ch211-195b15.8/dusp4/dusp6/dusp2/dusp10/dusp16,8
MF,GO:1901681,sulfur compound binding,38/3742,109/18430,0.348623853,1.717033034,3.789651475,0.000277212,0.012627026,0.011059317,col5a1/col5a3a/lancl1/vegfab/slit2/apoeb/col11a1a/ilvbl/fstl1b/vegfaa/col11a2/ogdha/sod3b/fn1a/mdkb/ogdhb/thbs2a/colq/lpla/appa/ccn5/acadvl/vasna/thbs1b/gstr/eci2/ptprfb/lrrc15/hacl1/eva1c/mettl3/aplp2/gnmt/rspo3/lipg/nrp2a/ccn2a/kmt5b,38
BP,GO:0019725,cellular homeostasis,91/3864,316/18773,0.287974684,1.399106815,3.642517974,0.000289314,0.007995818,0.006861605,stc2a/slc39a7/bdh2/homer1b/ryr1a/casq1a/fth1a/casq2/atp1b1a/prdx6/atp1b1b/tmem175/pck1/ncoa4/slc12a7b/smdt1b/plaa/atp1a2a/cax2/slc4a1a/adss1/plce1/stc2b/mcu/kdsr/itpr1b/txnrd2.2/prdx4/ptprn2/atp6ap1a/ccnd1/micu2/slc35g1/ryr3/gprc6a/tfr1a/slc4a4a/cyb561a3a/asph/selenon/atp6v0a1a/ube2s/plcg1/slc30a9/atp2a1/gclm/atp2a2b/atp2a2a/slc4a2b/wwox/slc9a6a/ormdl2/toe1/prdx5/npc1/fgf23/prdx2/fthl27/si:dkey-28b4.8/cln3/herpud1/atp2a1l/gclc/tmco1/cyp7a1/cav2/slc39a10/cherp/cav1/dmxl2/tmem203/zgc:110843/slc12a2/rhot1a/atp1a3a/scara5/clns1a/flncb/atp1a1a.1/txn2/atp6v1g1/sod1/gck/plcd1a/atp6v0d1/asah1b/atp13a2/htt/nipblb/bcl2l10/anxa6,91
CC,GO:0008540,"proteasome regulatory particle, base subcomplex",8/3989,11/19331,0.727272727,3.524419426,4.270328167,0.000294584,0.003468063,0.002769658,psmd4a/psmc6/psmc1a/psmd2/psmc3/psmc4/psmc2/psmc5,8
BP,GO:0003171,atrioventricular valve development,14/3864,27/18773,0.518518519,2.519189479,4.021509456,0.000310195,0.008497715,0.007292307,vcla/prss23/id4/llgl1/itgb1a/has2/pdlim7/jupa/gata2a/ugdh/npnta/cemip2/nfatc1/hace1,14
BP,GO:1901605,alpha-amino acid metabolic process,52/3864,161/18773,0.322981366,1.569184574,3.69248816,0.00031531,0.008532969,0.00732256,gls2a/nos1/aldh4a1/gls2b/cdo1/glulb/odc1/got2a/gpt/gcat/si:ch211-256m1.8/got1/bcat2/ilvbl/gfpt2/si:ch211-217a12.1/oat/aldh6a1/mccc2/gcsha/cad/glsa/bhmt/shmt2/aldh18a1/ctps1b/aass/apip/adi1/asrgl1/blmh/cps1/dlst/amt/ivd/gclc/pycr3/pycr1a/sephs3/otc/gnmt/sephs1/uroc1/agmat/enoph1/azin1b/nags/asnsd1/cnr2/lgsn/zgc:172121/ftcd,52
BP,GO:0032922,circadian regulation of gene expression,16/3864,33/18773,0.484848485,2.355605747,3.967849145,0.000316947,0.008532969,0.00732256,nfil3-6/ppp1cb/ciarta/per3/bhlhe40/bhlhe41/npas2/nfil3-5/cry2/nampt1/per2/mycbp2/cry1a/clocka/cry1b/nr1d2a,16
MF,GO:0005539,glycosaminoglycan binding,37/3742,106/18430,0.349056604,1.719164406,3.747938192,0.000322139,0.013569148,0.01188447,col5a1/col5a3a/vegfab/slit2/apoeb/col11a1a/bcan/tnfaip6/sulf2b/fstl1b/vegfaa/vcanb/col11a2/sod3b/ncanb/fn1a/mdkb/thbs2a/colq/vcana/lpla/appa/ccn5/vasna/thbs1b/hapln1a/hapln1b/ptprfb/lrrc15/pglyrp6/eva1c/aplp2/rspo3/lipg/nrp2a/ccn2a/pglyrp2,37
MF,GO:0005201,extracellular matrix structural constituent,29/3742,77/18430,0.376623377,1.854935551,3.794430929,0.000327685,0.013569148,0.01188447,col1a2/col1a1a/col5a2a/col5a1/col5a3a/elnb/col2a1a/col18a1a/col16a1/col15a1b/col4a1/col22a1/col11a1a/fbn2b/col10a1b/lama4/col4a2/lama1/scara3/col11a2/lamb2/colq/col5a2b/col10a1a/col4a5/col8a1b/zgc:113232/lamb1a/col7a1,29
BP,GO:0007005,mitochondrion organization,67/3864,221/18773,0.303167421,1.47291977,3.600292725,0.000377964,0.010088734,0.008657639,lyrm7/yme1l1a/marchf5l/rrm2b/spata18/cox17/chchd10/cox19/dnm1l/pet100/coa3a/ppifb/slc25a46/slc25a42/bcl2l16/dnajc11a/ndufs8a/bnip3lb/ndufaf5/uqcc6/tmem126a/uqcc1/chchd6a/ndufb8/apoob/sdhaf2/phb2a/bcl2b/ndufs5/tafazzin/slc25a1a/chchd4a/cibar1/mcl1b/slc30a9/ndufb2/higd1a/bida/micos13/apooa/ifi27.6/adgrg6/ndufaf2/dlst/ndufa11/ndufaf1/lyrm2/opa1/timm13/agtpbp1/yme1l1b/mtx2/surf1/cox20/rhot1a/cluha/rab5if/dnaja3a/bcs1l/pink1/cox18/chchd7/tfam/atp13a2/immt/supv3l1/bcl2l10,67
BP,GO:1903522,regulation of blood circulation,36/3864,102/18773,0.352941176,1.714742419,3.684812791,0.000397403,0.010517715,0.009025769,fbxl22/adrb2a/trdn/casq2/tbx2b/desma/tmem65/agtr1b/emd/mcu/parvb/bnip3lb/vegfaa/scn4ba/ank2b/adma/lmna/wtip/tmem161b/adrb2b/tafazzin/vdac2/plcg1/si:ch211-225p5.8/atp2a2b/atp2a2a/erp44/vapb/ilk/si:dkey-28b4.8/kcne4/atp1a1a.1/melk/avpr2ab/grk3/skia,36
CC,GO:0005667,transcription regulator complex,79/3989,269/19331,0.293680297,1.42319725,3.564032864,0.000397525,0.004575952,0.003654438,bmal2/six2a/six4a/tle3a/gatad2b/six1b/hif1al/taf2/stat5a/thrab/smad6b/tle3b/ddit3/gtf2e2/mideasa/jun/gtf3c5/jund/rxraa/nr4a2a/taf6l/ccnd1/tcf7l1a/gtf2f1/arnt/tead3a/crebbpa/e2f3/nr1h4/tcf7l2/gatad2ab/tcf3b/taf5l/mta2/ajuba/npas2/nr4a1/smad3a/smad9/bcl9/nr4a3/atf7ip/chd4a/tfdp1a/six3b/nfat5a/cry2/lin37/gtf2h4/crema/si:dkey-219c3.2/smad4a/gtf2a1/smad1/tcf7l1b/chd4b/dr1/tp73/ep300b/med8/atf4a/nfatc1/mideasb/stat4/stat1a/si:ch211-13c6.2/yy1a/tcf12/ldb2a/tead1a/chd5/smad2/cry1a/zgc:162472/gtf3c3/snapc3/clocka/skia/ercc3,79
MF,GO:0050840,extracellular matrix binding,12/3742,22/18430,0.545454545,2.686458384,3.994892627,0.000400978,0.015882234,0.013910374,sparc/lgals2a/cd248b/itgb1a/dag1/rpsa/smoc1/cd248a/adgrg6/vtna/lgals3a/lgals2b,12
BP,GO:0008652,amino acid biosynthetic process,25/3864,63/18773,0.396825397,1.927951132,3.755848461,0.000407783,0.010701744,0.009183693,gls2a/upb1/gls2b/glulb/got1/bcat2/ilvbl/oat/glsa/bhmt/shmt2/aldh18a1/aass/apip/adi1/pycr3/pycr1a/sephs3/otc/sephs1/enoph1/nags/asnsd1/lgsn/zgc:172121,25
BP,GO:1903050,regulation of proteolysis involved in protein catabolic process,22/3864,53/18773,0.41509434,2.016709637,3.773388547,0.000426443,0.01109819,0.009523903,ube3a/csnk1e/usp14/hsp90ab1/ubxn1/sh3rf1/gsk3aa/klhl40a/sirt2/rnft2/fzr1a/desi1a/vcp/dda1/axin1/prmt6/ccdc22/tmem259/herpud1/traf7/axin2/psme2,22
BP,GO:0009894,regulation of catabolic process,87/3864,303/18773,0.287128713,1.39499672,3.528831572,0.000430504,0.011111272,0.009535129,mtmr3/dap1b/pnpla3/igf2bp2a/mtcl3a/rubcn/dram2b/prkag2b/rbm24a/ube3a/ulk2/dcp1a/rc3h1b/csnk1e/psmd2/zfp36l2/usp14/oaz1b/gdnfa/igf2bp3/hsp90ab1/ubxn1/sh3rf1/usp10/fxr2/ybx1/gsk3aa/nprl2/upf1/rptor/fastkd2/tnrc6c1/keap1a/sesn1/rragd/dis3l2/syncripl/klhl40a/sirt2/rnft2/ap3d1/adam8a/tigara/epm2a/pan3/gfap/fzr1a/desi1a/timp2a/usp13/vcp/waca/dda1/axin1/carhsp1/scoca/atg13/keap1b/prmt6/ccdc22/tmem259/mettl3/herpud1/traf7/axin2/wdr45/slc38a9/zgc:110843/prkag3b/tbrg4/pum1/asb5b/si:ch1073-406l10.2/rc3h2/zgc:114130/elavl1a/azin1b/becn1/mettl16/psme2/sting1/ulk3/asah1b/gli2a/fastkd3/supv3l1/tent5ab,87
MF,GO:0008201,heparin binding,27/3742,71/18430,0.38028169,1.87295338,3.719779179,0.000433778,0.016465477,0.014421205,col5a1/col5a3a/vegfab/slit2/apoeb/col11a1a/fstl1b/vegfaa/col11a2/sod3b/fn1a/mdkb/thbs2a/colq/lpla/appa/ccn5/vasna/thbs1b/ptprfb/lrrc15/eva1c/aplp2/rspo3/lipg/nrp2a/ccn2a,27
CC,GO:0000779,"condensed chromosome, centromeric region",27/3989,70/19331,0.385714286,1.869201017,3.714811542,0.000436517,0.004915562,0.003925657,kif2c/plk3/ncapd2/cfdp1/phf2/septin15/plk1/plk2a/nup133/si:dkey-6i22.5/anapc16/kntc1/gpatch11/ndel1b/dynlt3/septin7a/firrm/ckap5/ncapd3/cenpo/zw10/incenp/clasp2/seh1l/ercc6l/ttk/spout1,27
BP,GO:0090287,regulation of cellular response to growth factor stimulus,53/3864,167/18773,0.317365269,1.541899121,3.580962294,0.000448005,0.011468188,0.009841416,tgif1/sp9/hspa8/znf703/extl3/has2/rbms3/hsp90ab1/rab5c/mmp9/gpc1b/chrdl2/sulf2b/dusp4/rerea/fstl1b/nup62l/fsta/sfrp1a/rin2a/gpr155a/cad/smoc1/spartb/vhl/smad9/rargb/lzts2a/ppp1r12a/tsc22d3/mgaa/dusp6/il17rd/nog3/cd63/zgc:113531/smad4a/ncl/ldlrad4a/cemip2/ngly1/pnpla6/ldb2a/dzip1/mmp2/twsg1a/nrp2a/foxc1a/pink1/chrd/igfbp3/skia/smurf1,53
BP,GO:1901698,response to nitrogen compound,78/3864,267/18773,0.292134831,1.419318631,3.513120817,0.000472342,0.011992869,0.010291671,zgc:136908/chrna1/akt3a/nos1/psmc6/chrnb1/p2rx5/irs2b/znf106a/pck1/faf1/gna11a/inpp5ka/socs7/si:ch73-335l21.1/usp14/nccrp1/aup1/stat5a/fasn/dnajb9a/slc2a1b/tmub1/faf2/ghra/ddi2/calr/ecpas/il1b/gsk3aa/nr4a2a/grb10a/derl1/sesn1/ufd1l/selenos/cpt1b/pik3r1/igf2b/derl2/ache/jkamp/rnft2/grb10b/crtc3/nr4a1/lpla/panx1a/ube4a/tns2a/il12a/nr4a3/insig1/cyp11c1/vcp/os9/lpin1a/usp19/tmem259/herpud1/marchf6/cav2/stat4/stat1a/edem2/zgc:92045/pik3r2/erlec1/man1a2/fbxo2/calr3a/dgat2/ube4b/bglap/zgc:123305/rps6kb1b/tsc2/chrm4a,78
BP,GO:0003009,skeletal muscle contraction,15/3864,31/18773,0.483870968,2.350856542,3.832054567,0.000499948,0.012391577,0.010633822,tnni2a.2/tnni2a.4/tnnt1/tnni2a.3/tnnc1a/ryr1a/casq1a/tnni1d/tcap/stac/smyhc2/zgc:153184/tnnc2.1/tnni4b.2/tnni1b,15
BP,GO:0009408,response to heat,15/3864,31/18773,0.483870968,2.350856542,3.832054567,0.000499948,0.012391577,0.010633822,dnaja2a/hspb1/hspb9/hsp90ab1/ddx6/hikeshi/dhx30/dnaja1/sumo1/hsp90aa1.1/gclc/si:dkey-1k23.3/dnaja3a/ddx61/hsf1,15
BP,GO:0071383,cellular response to steroid hormone stimulus,15/3864,31/18773,0.483870968,2.350856542,3.832054567,0.000499948,0.012391577,0.010633822,abhd2a/esrrga/ar/pck1/strn3/anxa1a/esr2a/paqr7b/arnt/vhl/kank2/sstr5/nr3c1/carm1/src,15
MF,GO:0003714,transcription corepressor activity,34/3742,97/18430,0.350515464,1.726349546,3.620230407,0.000505869,0.018433879,0.01614522,tob1b/tbl1xr1a/hipk2/tle3a/id4/sirt1/rereb/sap18/cbfa2t2/tle3b/mideasa/rerea/ccnd1/cbfa2t3/wtip/id2a/sin3b/bcor/mta2/ajuba/runx1t1/eaf1/mier2/kctd15a/prkcbp1l/mier1b/dmap1/ncor2/parp14rs1/mideasb/cdyl/casp8ap2/cry1a/zgc:136929,34
BP,GO:0006417,regulation of translation,52/3864,164/18773,0.317073171,1.540479978,3.539073567,0.000516605,0.012703599,0.010901583,eif4e3/dap1b/msi1b/igf2bp2a/rbm24a/eif2ak2/gcn1/ptcd3/kbtbd8/eif2a/igf2bp3/eif4ebp2/coa3a/ddx6/eif3ha/secisbp2/fxr2/ybx1/mknk1/rpl10/larp4b/tnrc6c1/trmt10c/rack1/caprin1b/rps3/mif4gdb/rida/dhx29/nanos1/eefsec/eif4enif1/gtdc1/paip1/ncbp2/eif2ak1/rmnd1/uhmk1/mettl3/ogfod1/trim3b/eif4ebp1/casc3/ngdn/eif3k/eif5a/serbp1a/ddx61/eif2ak4/znf598/zar1l/caprin1a,52
BP,GO:0032869,cellular response to insulin stimulus,20/3864,47/18773,0.425531915,2.067419937,3.730021234,0.000522953,0.01271954,0.010915263,irs2b/znf106a/pck1/inpp5ka/socs7/si:ch73-335l21.1/gsk3aa/grb10a/pik3r1/igf2b/grb10b/tns2a/insig1/lpin1a/cav2/pik3r2/bglap/zgc:123305/rps6kb1b/tsc2,20
BP,GO:0048872,homeostasis of number of cells,53/3864,168/18773,0.31547619,1.53272115,3.530931704,0.000525399,0.01271954,0.010915263,sparc/tnfsf13b/kif2c/bdh2/casp3a/ncoa4/abcb10/hif1al/nemp1/stat5a/clpxa/slc4a1a/sptb/adnp2b/sart3/ift88/p4htmb/alas2/polr3h/nr4a2a/tfr1a/rplp1/sfxn4/rps3/vhl/gata2a/klf9/rps19/gata1a/nr4a3/rps14/sox10/rpl18/p2ry12/spi1b/slc48a1b/cisha/gfi1b/numb/sec23b/clasp2/tspo/maea/numbl/crcp/elavl1a/fam210b/rpl11/adnpb/melk/pink1/ash2l/ftcd,53
BP,GO:0030218,erythrocyte differentiation,42/3864,126/18773,0.333333333,1.619478951,3.551868803,0.000551855,0.013212885,0.011338627,sparc/bdh2/casp3a/ncoa4/abcb10/hif1al/nemp1/stat5a/clpxa/slc4a1a/sptb/adnp2b/p4htmb/alas2/tfr1a/rplp1/sfxn4/rps3/vhl/gata2a/klf9/rps19/gata1a/rps14/rpl18/p2ry12/spi1b/slc48a1b/cisha/gfi1b/numb/sec23b/tspo/maea/numbl/elavl1a/fam210b/rpl11/adnpb/melk/pink1/ash2l,42
BP,GO:0001503,ossification,38/3864,111/18773,0.342342342,1.663248652,3.567864458,0.000554239,0.013212885,0.011338627,col1a1a/ppp2r3b/rflnb/hdac4/rflna/runx1/runx3/ankhb/myoc/lrp5/cfdp1/phospho1/mmp14b/mst1rb/tgfb3/clec3ba/tapt1b/vcanb/ucmab/sin3b/nog3/fap/adgrg6/lgr4/rest/fgf23/ncl/atf4a/mgp/nr3c1/bmp1a/gdf10a/mmp14a/mst1/bglap/foxc1a/spp1/mapk7,38
BP,GO:0006986,response to unfolded protein,22/3864,54/18773,0.407407407,1.979363162,3.669010009,0.00058112,0.013748776,0.011798501,derl1/chac1/creb3l2/selenos/derl2/jkamp/hspb8/wfs1a/vapb/os9/crebrf/amfra/serp2/atf4a/herpud2/herpud1/parp16/edem2/erlec1/tegt/tmtc4/parp6b,22
BP,GO:0170039,proteinogenic amino acid metabolic process,45/3864,138/18773,0.326086957,1.584272887,3.507035421,0.000612474,0.014344297,0.012309547,gls2a/nos1/aldh4a1/gls2b/cdo1/glulb/got2a/gpt/gcat/si:ch211-256m1.8/got1/bcat2/ilvbl/gfpt2/si:ch211-217a12.1/oat/mccc2/gcsha/cad/glsa/bhmt/shmt2/aldh18a1/ctps1b/aass/apip/adi1/asrgl1/cps1/dlst/amt/ivd/gclc/pycr3/pycr1a/sephs3/sephs1/uroc1/enoph1/nags/asnsd1/cnr2/lgsn/zgc:172121/ftcd,45
MF,GO:0000287,magnesium ion binding,38/3742,113/18430,0.336283186,1.656253104,3.531871256,0.000622353,0.020241143,0.017728103,rps6ka2/farsa/thtpa/pgm1/ppa2/mtg2/ydjc/eno1a/adss1/map3k7/hprt1/ilvbl/idh1/matn4/nt5c3a/idh3b/prps1a/sucla2/adprh/mast2/mast3b/ppa1b/farsb/thg1l/hprt1l/hacl1/rps6kal/atp8b1/gclc/adssl/atp8a2/comtb/nt5c1aa/prpsap2/enoph1/irak4/wee1/rnaseh1,38
BP,GO:0001732,formation of cytoplasmic translation initiation complex,10/3864,17/18773,0.588235294,2.857904031,3.901460371,0.000624664,0.014344297,0.012309547,eif3ha/eif3d/eif3ea/eif3s6ip/eif5/eif3ba/eif3ja/eif3s10/eif3k/eif3m,10
BP,GO:0006595,polyamine metabolic process,10/3864,17/18773,0.588235294,2.857904031,3.901460371,0.000624664,0.014344297,0.012309547,odc1/dhps/hdac10/oaz1b/srm/amd1/sat1a.2/sms/agmat/azin1b,10
BP,GO:0009084,glutamine family amino acid biosynthetic process,10/3864,17/18773,0.588235294,2.857904031,3.901460371,0.000624664,0.014344297,0.012309547,gls2a/gls2b/glulb/oat/glsa/aldh18a1/pycr3/pycr1a/nags/lgsn,10
BP,GO:0170033,L-amino acid metabolic process,46/3864,142/18773,0.323943662,1.573859826,3.494471361,0.000630016,0.014361616,0.012324409,gls2a/nos1/aldh4a1/gls2b/cdo1/glulb/got2a/gpt/gcat/si:ch211-256m1.8/got1/bcat2/ilvbl/gfpt2/si:ch211-217a12.1/oat/mccc2/gcsha/cad/glsa/bhmt/shmt2/aldh18a1/ctps1b/aass/apip/adi1/asrgl1/cps1/dlst/amt/ivd/gclc/pycr3/pycr1a/sephs3/gnmt/sephs1/uroc1/enoph1/nags/asnsd1/cnr2/lgsn/zgc:172121/ftcd,46
MF,GO:0004843,cysteine-type deubiquitinase activity,31/3742,87/18430,0.356321839,1.754946952,3.56256112,0.000637434,0.020241143,0.017728103,fbxl22/zranb1b/usp47/usp2a/otud4/usp14/usp38/usp4/usp10/otud7a/usp5/usp34/usp33/usp1/usp2b/usp13/usp18/otub1a/usp40/bap1/usp19/usp42/uchl5/usp22/usp7/vcpip1/uchl3/usp49/usp3/usp43b/brcc3,31
MF,GO:0003995,acyl-CoA dehydrogenase activity,8/3742,12/18430,0.666666667,3.283449136,3.993761955,0.000644339,0.020241143,0.017728103,acad8/acadl/acad9/acadsb/acad11/acadvl/ivd/zgc:85777,8
MF,GO:0052890,"oxidoreductase activity, acting on the CH-CH group of donors, with a flavin as acceptor",8/3742,12/18430,0.666666667,3.283449136,3.993761955,0.000644339,0.020241143,0.017728103,acad8/acadl/acad9/acadsb/acad11/acadvl/ivd/zgc:85777,8
BP,GO:0006119,oxidative phosphorylation,29/3864,79/18773,0.367088608,1.783476819,3.552533258,0.00068008,0.015390512,0.013207356,uqcr10/ndufs6/uqcrq/ndufb6/ndufa7/coa6/atpsckmt/uqcrh/uqcrb/sdhdb/ndufs8a/ndufv2/sdhb/ndufc2/ndufb8/cyc1/sdhaf2/cox4i2/ndufa8/antkmt/sdha/ndufa10/ndufv1/ndufaf1/cox6c/cox4i1/cox8a/cox7c/atp5f1b,29
BP,GO:0000054,ribosomal subunit export from nucleus,8/3864,12/18773,0.666666667,3.238957902,3.949645646,0.000710208,0.015717097,0.013487615,xpo1a/xpo1b/mdn1/eif6/nmd3/ltv1/lsg1/nup88,8
BP,GO:0033750,ribosome localization,8/3864,12/18773,0.666666667,3.238957902,3.949645646,0.000710208,0.015717097,0.013487615,xpo1a/xpo1b/mdn1/eif6/nmd3/ltv1/lsg1/nup88,8
BP,GO:2000026,regulation of multicellular organismal development,120/3864,446/18773,0.269058296,1.307202741,3.34269229,0.000712813,0.015717097,0.013487615,serpinf1/mturn/plxna3/tncb/her6/irf7/lgals2a/rflnb/rnf10/slit2/sirt1/brd4/tnmd/ulk2/itgb1a/rflna/sox6/errfi1a/runx1/bcan/ankhb/mafbb/atoh7/loxl2b/gdnfa/nlk1/stat5a/igf2bp3/rbms3/bcl6aa/lrp5/lama4/phospho1/mmp9/serpine1/sh3rf1/tgfb3/msmo1/fxr2/tiam1b/swap70b/tapt1b/plxnb3/nup62l/cdk9/disc1/vegfaa/lama1/p4htmb/vcanb/bhlhe40/bhlhe41/lrp1ab/rin2a/rack1/ncanb/thbs2a/dlx3b/srpx2/sirt2/zbtb16a/vhl/vcana/gata2a/rps19/ccsapb/gata1a/plcg1/egfl6/kat2a/notch3/arhgap18/sox10/asxl1/mtdhb/p2ry12/spi1b/hey1/dusp6/sox5/thbs1b/fap/adgrg6/tars1/hapln1a/mvda/hapln1b/atg13/gper1/musk/opa1/cisha/fgf23/ncl/numb/per2/cemip2/mettl3/plxna2/irx5a/yjefn3/vwa1/iars1/numbl/grna/ntn1a/gbx1/elavl1a/ephb3a/becn1/adnpb/foxc1a/csf3b/foxo3a/ptpn13/tfam/gli2a/cnmd/nipblb/zeb1b,120
BP,GO:0008380,RNA splicing,90/3864,320/18773,0.28125,1.366435365,3.365801143,0.000722186,0.015717097,0.013487615,snrpe/sart1/rbm24a/zbtb8os/rtraf/bud31/tnpo3/rbm17/ints5/ddx17/clp1/ddx39b/si:ch211-107m4.1/rbfox1l/snrnp27/rsrp1/yju2/ybx1/ddx39ab/srsf5b/lsm7/pqbp1/sart3/tardbpa/prx/mbnl1/cirbpb/trpt1/zgc:103692/xab2/thoc7/lsm6/tfip11/arglu1a/pcbp4/ptbp1a/luc7l3/clk4a/zmat5/rbm12bb/cdc40/txnl4a/prpf31/rpl22/smndc1/ncbp2/si:ch211-220i18.4/rbm41/clk2a/rest/rpl22l1/sf3b5/rsrc1/cdk12/celf2/srpk1a/rbfox2/sf3a3/gemin6/snrpa1/khdc4/snrpa/dyrk1ab/hnrnpa3/snrnp35/rbm15/sde2/casc3/znf638/prpf3/hnrnpl/clns1a/tsen2/scnm1/lgals3a/prpf6/rbm4.3/mbnl2/mettl16/rnf113a/mbnl3/snapc3/prmt7/rbm6/cwc25/hnrnph3/snrnp25/ddx23/virma/rbfox1,90
BP,GO:0035622,intrahepatic bile duct development,11/3864,20/18773,0.55,2.672140269,3.808920439,0.000724043,0.015717097,0.013487615,jag2b/jag1b/snapc2/zeb2b/rargb/cldn15lb/arf6a/ilf2/man1a2/nckap1l/atp6ap2,11
BP,GO:0000422,autophagy of mitochondrion,20/3864,48/18773,0.416666667,2.024348689,3.617487971,0.000724708,0.015717097,0.013487615,spata18/ulk2/atg9b/atg4b/atg4da/gabarapl2/atg4c/tafazzin/atg7/wdr45b/rimoc1/atg13/map1lc3c/atg2a/fundc1/wdr45/map1lc3b/becn1/pink1/ulk3,20
BP,GO:0040029,epigenetic regulation of gene expression,40/3864,120/18773,0.333333333,1.619478951,3.465711492,0.000737597,0.015886309,0.013632823,sirt1/hdac10/nsd1a/macroh2a1/h2ax1/mbd3b/hdac6/ehmt1b/ddx39ab/ppm1db/lmna/baz1a/cbx1a/phf2/sirt2/bend3/sirt4/smarcad1b/kat2a/h2ax/atf7ip/ezh1/spty2d1/tdrd9/dot1l/rnf8/phf1/lmnb1/smarca5/lmnl3/tet1/bmi1a/h2az2a/si:ch211-13c6.2/smarca2/tasorb/prmt7/prdm14/lmnb2/tasor2,40
BP,GO:0043401,steroid hormone receptor signaling pathway,12/3864,23/18773,0.52173913,2.534836619,3.74951425,0.000778889,0.016547407,0.014200145,abhd2a/esrrga/ar/strn3/esr2a/paqr7b/arnt/vhl/kank2/nr3c1/carm1/src,12
BP,GO:0061009,common bile duct development,12/3864,23/18773,0.52173913,2.534836619,3.74951425,0.000778889,0.016547407,0.014200145,jag2b/jag1b/snapc2/slx4/zeb2b/rargb/cldn15lb/arf6a/ilf2/man1a2/nckap1l/atp6ap2,12
BP,GO:0008286,insulin receptor signaling pathway,14/3864,29/18773,0.482758621,2.345452274,3.69135431,0.000789964,0.016669313,0.014304758,irs2b/znf106a/inpp5ka/socs7/si:ch73-335l21.1/gsk3aa/grb10a/pik3r1/igf2b/grb10b/tns2a/cav2/pik3r2/tsc2,14
BP,GO:0045814,"negative regulation of gene expression, epigenetic",31/3864,87/18773,0.356321839,1.731167155,3.479907517,0.000811103,0.017000509,0.014588973,sirt1/nsd1a/macroh2a1/h2ax1/mbd3b/ppm1db/lmna/baz1a/cbx1a/phf2/sirt2/bend3/smarcad1b/h2ax/atf7ip/ezh1/spty2d1/tdrd9/dot1l/phf1/lmnb1/smarca5/lmnl3/bmi1a/h2az2a/si:ch211-13c6.2/smarca2/tasorb/prdm14/lmnb2/tasor2,31
MF,GO:0016741,"transferase activity, transferring one-carbon groups",68/3742,234/18430,0.290598291,1.431247059,3.350946977,0.000836762,0.025273199,0.022135404,smyd2a/mettl22/as3mt/nsd1a/mettl17/dimt1l/atpsckmt/bud23/ehmt1b/pcmtd1/ndufaf5/kmt2bb/smyd1b/setbp1/trmt10c/dnmt3aa/si:ch211-93g23.2/cad/tyms/bhmt/shmt2/pcmt/antkmt/mrm3a/prdm9/lcmt1/tpmt.1/ezh1/prdm10/nsd2/mettl1/mettl6/nop2/mettl2a/gart/dot1l/amt/trmt61a/prmt6/ash1l/mettl3/dmap1/tfb1m/pcmtd2a/tmt1a.1/setd6/otc/gnmt/comtb/gatm/nsd3/tgs1/sftpbb/carm1/hnmt/setd2/lcmt2/mettl16/prmt7/kmt5b/prdm5/ash2l/prdm14/spout1/coq5/mettl27/zgc:172121/ftcd,68
MF,GO:0017018,myosin phosphatase activity,29/3742,81/18430,0.358024691,1.763333795,3.475139511,0.00086001,0.025273199,0.022135404,ssh2a/dusp22b/dusp8a/dusp1/dusp22a/ppp1cb/ppp6c/ppp3ccb/ppp1r1b/ppm1la/ctdsp2/dusp4/pptc7a/ppm1db/pptc7b/ctdsp1/ppp5c/ppp1caa/si:ch211-121a2.2/si:ch211-203d1.3/dusp6/ppp2r1ba/ctdsplb/si:ch211-223p8.8/dusp2/ppm1e/ilkap/dusp10/dusp16,29
MF,GO:0140030,modification-dependent protein binding,33/3742,96/18430,0.34375,1.693028461,3.43620858,0.000896064,0.02550983,0.022342656,zgc:136908/psmd4a/zranb1b/brd2a/psme4b/brd4/rnf169/ubxn1/tab2/optn/babam2/setd5/bptf/glyr1/ufd1l/cbx1a/phf2/cbx8b/cbx2/dnajc2/vcp/tdrd3/phf1/rad23b/hdgfl2/atrx/tnip2/brd9/ikbkg/uimc1/carm1/brcc3/brd3b,33
BP,GO:0048048,embryonic eye morphogenesis,23/3864,59/18773,0.389830508,1.893966909,3.501174129,0.000916577,0.01906973,0.016364673,znf703/lum/sox11a/nid2a/cct3/mfap5/rerea/sfrp1a/tcf7l1a/efnb1/smoc1/pard3ab/znf503/sox4b/six3b/pitx2/axin1/tln1/plxna2/ntn1a/phactr4a/foxc1a/efnb2a,23
BP,GO:0048589,developmental growth,104/3864,381/18773,0.272965879,1.326187487,3.274649938,0.000922608,0.01906973,0.016364673,col1a1a/chrna1/tgif1/plxna3/notch2/nos1/tncb/ncaldb/fcho1/hspa8/casp3a/apobec2b/slit2/sirt1/col22a1/extl3/ulk2/faf1/runx1/nid2a/ap1g2/has2/ppp1cb/lats2/trarg1a/notch1b/itga5/cebpd/anxa1a/jag1b/stat5a/lrp5/dcn/mmp9/dspb/swap70b/cdk9/il1b/tardbpa/fn1a/apobec2a/tnn/igf2b/akap12b/kif1b/vdac2/mta2/col10a1a/lats1/yap1/pard3ab/serpinh1b/zeb2b/plcg1/eaf1/notch3/inhbaa/ppp1r12a/mapk8ip3/tubb5/rpl22/col4a5/chd4a/dusp6/six3b/axin1/prdx5/hapln1a/rpl22l1/mycb/hapln1b/musk/apoda.2/ist1/vwa1/plk4/cav1/itgav/grna/ntn1a/clns1a/tppp2/ppp2r3a/smad2/mycbp2/bmpr2b/scn8ab/lamb1a/becn1/bglap/tmem182a/katna1/myo9aa/kmt5b/pik3cd/ttk/asah1b/casp9/robo3/npr1a/lfng/htt/nipblb/pou5f3,104
BP,GO:0042246,tissue regeneration,49/3864,156/18773,0.314102564,1.526047473,3.358783127,0.000928146,0.01906973,0.016364673,col1a1a/tgif1/notch2/hspa8/apobec2b/sirt1/col22a1/faf1/runx1/nid2a/has2/notch1b/cebpd/anxa1a/jag1b/lrp5/mmp9/dspb/cdk9/il1b/apobec2a/igf2b/vdac2/mta2/col10a1a/yap1/serpinh1b/plcg1/inhbaa/tubb5/chd4a/dusp6/six3b/axin1/prdx5/hapln1a/mycb/hapln1b/apoda.2/cav1/bmpr2b/scn8ab/lamb1a/becn1/bglap/tmem182a/ttk/lfng/pou5f3,49
BP,GO:0034101,erythrocyte homeostasis,42/3864,129/18773,0.325581395,1.58181665,3.375678111,0.000945332,0.019295893,0.016558756,sparc/bdh2/casp3a/ncoa4/abcb10/hif1al/nemp1/stat5a/clpxa/slc4a1a/sptb/adnp2b/p4htmb/alas2/tfr1a/rplp1/sfxn4/rps3/vhl/gata2a/klf9/rps19/gata1a/rps14/rpl18/p2ry12/spi1b/slc48a1b/cisha/gfi1b/numb/sec23b/tspo/maea/numbl/elavl1a/fam210b/rpl11/adnpb/melk/pink1/ash2l,42
BP,GO:0003170,heart valve development,17/3864,39/18773,0.435897436,2.117780167,3.557320698,0.000972162,0.019714697,0.016918152,vcla/prss23/id4/llgl1/itgb1a/fbn2b/has2/pdlim7/jupa/gata2a/yap1/ugdh/npnta/cemip2/nfatc1/hace1/tnni1b,17
BP,GO:0043648,dicarboxylic acid metabolic process,20/3864,49/18773,0.408163265,1.98303545,3.507659898,0.000990094,0.019948791,0.017119039,gls2a/aldh4a1/gls2b/aldh1l2/pck1/got2a/me2/gpt/mdh2/got1/dldh/oat/glsa/gclc/kgd4/uroc1/nags/d2hgdh/mdh1aa/ftcd,20
MF,GO:0008134,transcription factor binding,28/3742,78/18430,0.358974359,1.768011073,3.430793096,0.000998997,0.027578362,0.024154369,nfkbiaa/faf1/ankrd1a/per3/gtf2e2/ctnnb1/rerea/smarce1/nr4a2a/jupa/gtf2f1/crebbpa/crtc3/nr4a1/nr4a3/psmc5/dr1/per2/ep300b/atf4a/tnni3k/nfkbiab/ncoa2/ncoa1/prkcbb/zgc:162472/zfpm2a/zgc:136929,28
BP,GO:0043434,response to peptide hormone,31/3864,88/18773,0.352272727,1.7114948,3.405776072,0.00100876,0.020194608,0.017329987,akt3a/irs2b/znf106a/pck1/inpp5ka/socs7/si:ch73-335l21.1/stat5a/slc2a1b/ghra/gsk3aa/nr4a2a/grb10a/pik3r1/igf2b/grb10b/nr4a1/tns2a/nr4a3/insig1/cyp11c1/lpin1a/cav2/stat4/stat1a/zgc:92045/pik3r2/bglap/zgc:123305/rps6kb1b/tsc2,31
BP,GO:0010975,regulation of neuron projection development,45/3864,141/18773,0.319148936,1.550564953,3.340703678,0.00101736,0.020237045,0.017366404,arhgap35a/plxna3/kctd12.1/tncb/col12a1b/casp3a/col15a1b/slit2/ulk2/twf2b/camk2g2/atoh7/tfg/tiam1b/plxnb3/clcf1/gsk3aa/sez6b/snap29/ddr1/pard3ab/rufy3/pak2b/efhc2/pak1/nop56/ndel1b/ntrk3a/reep1/musk/sfpq/plxna2/arhgap35b/srcin1a/il6st/mycbp2/znf365/m17/ephb3a/kctd12.2/ddr2b/pik3cd/casp9/ddr2l/nedd4a,45
BP,GO:0048592,eye morphogenesis,73/3864,253/18773,0.288537549,1.401841464,3.276001489,0.001026093,0.02028157,0.017404613,col2a1a/abcb6a/cct4/znf703/lum/sox11a/cct5/pomgnt1/tbx2b/nid2a/odc1/cct3/atoh7/mfap5/itga5/bcl6aa/zic1/synj1/tapt1b/rerea/lama1/ift88/fgfrl1a/ccnd1/chm/nsfa/sfrp1a/tcf7l1a/efnb1/id2a/fn1a/smoc1/pikfyve/bcor/pard3ab/tatdn1/znf503/wfs1a/tdrd7b/tubgcp4/sox4b/six3b/pitx2/axin1/pdzd7a/rpgrip1l/xirp1/bco1/ipo13b/crk/cdc42/rpgrb/cpamd8/agtpbp1/atf4a/toporsa/tln1/plxna2/ift80/grna/ntn1a/mmp14a/phactr4a/abhd12/lamb1a/pim1/bbs5/dctn2/foxc1a/efnb2a/lgsn/cdh6/cdk1,73
BP,GO:1900076,regulation of cellular response to insulin stimulus,7/3864,10/18773,0.7,3.400905797,3.866104202,0.001033994,0.02030921,0.017428332,inpp5ka/grb10a/igf2b/grb10b/tns2a/bglap/tsc2,7
MF,GO:0016874,ligase activity,59/3742,199/18430,0.296482412,1.46022738,3.294694791,0.001049279,0.027580058,0.024155854,acss3/pcxb/ube3a/lrrc47/glulb/farsa/uba3/acsl1a/acss2/ube3c/adss1/gcat/slc27a6/si:ch211-256m1.8/mccc2/ttll6/atp6v1ab/mccc1/cad/atp5f1c/atg7/yars1/ctps1b/kars1/sucla2/naprt/mthfd1b/pias2/wars2/gclm/dars1/cps1/tars1/gart/farsb/lipt2/mars2/slc27a4/acsbg2/cbx4/atp5pd/gclc/adssl/acsl5/nars2/ranbp2/ttll12/iars1/uba7/rars1/acsf2/aasdh/mars1/asnsd1/rimkla/lgsn/lars2/aars2/atp5f1b,59
BP,GO:0033108,mitochondrial respiratory chain complex assembly,24/3864,63/18773,0.380952381,1.850833087,3.443715977,0.001050842,0.020511116,0.017601598,lyrm7/cox17/cox19/pet100/coa3a/ndufs8a/ndufaf5/uqcc6/tmem126a/uqcc1/ndufb8/sdhaf2/ndufs5/chchd4a/ndufb2/ndufaf2/ndufa11/ndufaf1/lyrm2/surf1/cox20/bcs1l/cox18/chchd7,24
MF,GO:0016791,phosphatase activity,86/3742,311/18430,0.276527331,1.36194514,3.249206222,0.001059607,0.027580058,0.024155854,mtmr3/pgp/dusp28/ssh2a/si:dkey-51e6.1/ptpn3/nt5dc3/dusp22b/pdp1/ptpn2a/pfkfb2b/dusp8a/dusp1/dusp22a/ppp1cb/minpp1b/tns1b/inpp5ka/ppp6c/ppp3ccb/ppp1r1b/si:ch211-195b15.8/phospho1/synj1/nt5c2a/ptprua/ppm1la/cdc25b/ctdsp2/dusp4/pptc7a/nt5c2l1/nt5c3a/ptprn2/tns1a/impa1/ppm1db/pptc7b/ctdsp1/ppp5c/ppap2d/ppp1caa/si:ch211-121a2.2/ptp4a3a/lhpp/pfkfb3/tigara/epm2a/si:ch211-203d1.3/mtmr1b/pdxp/pip4p2/ptprb/tns2a/fra10ac1/phlpp1/bpnt1/bpnt2/dusp6/pnkp/ctdspl2a/inpp5f/lpin1a/ptprfb/eya1/ptpn22/tns2b/ppp2r1ba/ctdsplb/si:ch211-223p8.8/inpp4b/mtmr7b/sgpp1b/dusp2/ppm1e/nt5c1aa/plpp1a/enoph1/plpp7a/ptpn18/zgc:123305/ilkap/dusp10/ptpn13/dusp16/ptpn4a,86
BP,GO:0000209,protein polyubiquitination,40/3864,122/18773,0.327868852,1.592930116,3.344890753,0.001060228,0.020565781,0.017648509,ube2l3b/ube2d4/marchf5l/ube3a/anapc1/mkrn1/rc3h1b/ube2g1b/znrf2b/ube3c/kcmf1/ube2al/ube2h/cdc34a/ube2s/ube4a/peli3/ube2v1/marchf8/wsb2/dda1/hectd1/ube2d2/fbxw9/amfra/rnf8/ube2kb/shrprbck1r/ube2d3/toporsa/trim3b/traf7/trim71/rnf146/hace1/klhl3/rc3h2/ubr5/ube4b/znf598,40
CC,GO:0005581,collagen trimer,26/3989,70/19331,0.371428571,1.79997135,3.418936178,0.001072893,0.011735818,0.009372438,col6a2/col1a2/col1a1a/col5a2a/col6a1/col5a1/col5a3a/col2a1a/col18a1a/col12a1b/col16a1/col15a1b/col4a1/col22a1/col11a1a/col10a1b/col4a2/col11a2/col5a2b/col10a1a/col4a5/colec12/col8a1b/col17a1b/col7a1/col7a1l,26
CC,GO:0098800,inner mitochondrial membrane protein complex,16/3989,36/19331,0.444444444,2.153811872,3.533221122,0.001087489,0.011735818,0.009372438,micos10/smdt1b/grpel1/mcu/chchd6a/micu2/apoob/timm21/afg3l1/micos13/apooa/timm10b/timm17a/spg7/timm23a/immt,16
BP,GO:0071375,cellular response to peptide hormone stimulus,27/3864,74/18773,0.364864865,1.772672906,3.390407711,0.001139836,0.021972515,0.018855697,irs2b/znf106a/pck1/inpp5ka/socs7/si:ch73-335l21.1/stat5a/ghra/gsk3aa/nr4a2a/grb10a/pik3r1/igf2b/grb10b/nr4a1/tns2a/nr4a3/insig1/cyp11c1/lpin1a/cav2/zgc:92045/pik3r2/bglap/zgc:123305/rps6kb1b/tsc2,27
BP,GO:0003181,atrioventricular valve morphogenesis,10/3864,18/18773,0.555555556,2.699131585,3.671591076,0.00114682,0.021972515,0.018855697,vcla/itgb1a/has2/pdlim7/jupa/gata2a/ugdh/cemip2/nfatc1/hace1,10
CC,GO:0016282,eukaryotic 43S preinitiation complex,10/3989,18/19331,0.555555556,2.692264839,3.662576203,0.001171224,0.01238151,0.009888099,eif3ha/eif3d/eif3ea/eif1/eif3s6ip/eif3ba/eif3ja/eif3s10/eif3k/eif3m,10
BP,GO:0006886,intracellular protein transport,105/3864,388/18773,0.270618557,1.314783169,3.189665369,0.001199955,0.022850361,0.01960902,zgc:136908/hspa8/nutf2/sec23a/ipo9/nup93/tnpo3/ap1g2/grip1/napab/srp54/arl5c/vps29/oaz1b/rpain/ap3s2/rab21/bcap29/exoc6b/rab5c/ipo7/sh3tc2/sar1ab/vps37a/xpo1a/nkd1/stx18/ap3m2/vps36/vps37d/pick1/nup62l/grip2b/scrib/bcap31/gnptab/aspscr1/chm/xpo1b/arl8/ap4m1/ap1m1/hikeshi/tomm22/selenos/kif13a/rab5aa/tomm20b/cfap45/kpna4/xpo6/ap2s1/ap3d1/cse1l/rabl3/desi1a/nup133/vps25/pex13/mapk8ip3/ramp1/vcp/kpna2/arf6a/pex1/rab24/stx12/os9/ipo13b/uhmk1/unc93b1/kpnb3/snx6/timm13/sec24b/stx4/tmed3/vps37c/sec23b/copb2/ranbp2/sec62/rab38b/vipas39/dnajc27/sec61a1a/snx27a/rab1ba/vps13a/sec24c/gripap1/erlec1/dzip1/ipo8/cltca/pex19/lamp2/sytl3/ap1s3b/nup88/vps28/tram2/snapin/rab32a/vps35,105
CC,GO:0000118,histone deacetylase complex,21/3989,53/19331,0.396226415,1.920143602,3.420341845,0.0012215,0.012654739,0.010106304,tbl1xr1a/znf703/gatad2b/cfdp1/hdac6/mideasa/anp32e/jmjd1cb/setd5/sin3b/gatad2ab/mta2/kdm3b/chd4a/ep400/srcap/chd4b/dmap1/phf21ab/mideasb/chd5,21
BP,GO:1903008,organelle disassembly,12/3864,24/18773,0.5,2.429218427,3.566684935,0.001267609,0.023992374,0.020589037,zgc:136908/dyrk3/plk3/rack1/vcp/gfm2/ascc3/ufsp2/ltn1/rnf14/mtrfr/znf598,12
CC,GO:0000407,phagophore assembly site,12/3989,24/19331,0.5,2.423038355,3.556901056,0.001298139,0.013185021,0.010529797,ulk2/atg9b/atg16l1/atg7/wdr45b/atg13/atg2a/wdr45/pik3c3/becn1/ulk3/atg101,12
BP,GO:0030111,regulation of Wnt signaling pathway,55/3864,182/18773,0.302197802,1.468208939,3.231272569,0.001300027,0.024457738,0.020988389,zranb1b/stk3/znf703/tle3a/foxo3b/id4/tollip/csnk1e/nlk1/lrp5/tle3b/ccny/amer1/gskip/nkd1/sulf2b/nup62l/gsk3aa/grb10a/sfrp1a/tcf7l1a/jupa/rack1/dact3a/rab8b/cdk5rap3/xiap/grb10b/eaf1/bcl9/lzts2a/nkd2b/nkd2a/ugdh/axin1/btk/lgr4/tmem88b/cemip2/chd8/axin2/adgra2/rnf146/dmxl2/rspo3/rnf14/gbx1/ppp2r3a/ubr5/trabd2b/adnpb/tsc2/prdm5/atp6ap2/nipblb,55
BP,GO:0040007,growth,109/3864,406/18773,0.268472906,1.304358663,3.156306321,0.00131695,0.024627761,0.021134294,col1a1a/chrna1/tgif1/plxna3/notch2/nos1/tncb/ncaldb/fcho1/hspa8/casp3a/apobec2b/slit2/sirt1/col22a1/extl3/ulk2/faf1/runx1/nid2a/ap1g2/has2/ppp1cb/lats2/trarg1a/notch1b/itga5/cebpd/anxa1a/jag1b/stat5a/lrp5/dcn/mmp9/dspb/swap70b/cdk9/il1b/tardbpa/rptor/fn1a/apobec2a/tnn/igf2b/akap12b/kif1b/vdac2/mta2/col10a1a/lats1/yap1/pard3ab/serpinh1b/zeb2b/plcg1/eaf1/notch3/inhbaa/ppp1r12a/mapk8ip3/tubb5/rpl22/col4a5/chd4a/dusp6/vasna/six3b/axin1/prdx5/hapln1a/rpl22l1/mycb/hapln1b/bap1/musk/apoda.2/ist1/vwa1/plk4/cav1/dnph1/itgav/grna/ntn1a/clns1a/tppp2/ppp2r3a/smad2/mycbp2/bmpr2b/scn8ab/lamb1a/becn1/bglap/tmem182a/katna1/myo9aa/kmt5b/pik3cd/ttk/asah1b/casp9/robo3/npr1a/lfng/htt/nipblb/supv3l1/pou5f3,109
BP,GO:0009064,glutamine family amino acid metabolic process,22/3864,57/18773,0.385964912,1.875186154,3.368844165,0.001369733,0.025462363,0.021850507,gls2a/nos1/aldh4a1/gls2b/glulb/si:ch211-256m1.8/gfpt2/oat/cad/glsa/aldh18a1/ctps1b/asrgl1/cps1/gclc/pycr3/pycr1a/uroc1/nags/asnsd1/lgsn/ftcd,22
MF,GO:0070411,I-SMAD binding,8/3742,13/18430,0.615384615,3.030876125,3.69715034,0.001376878,0.034171904,0.029929289,smad6b/smad3a/smad9/axin1/smad4a/smad1/axin2/smad2,8
CC,GO:0005604,basement membrane,20/3989,50/19331,0.4,1.938430684,3.387890621,0.00137979,0.013723251,0.010959637,sparc/col15a1b/col4a1/nid2a/loxl2b/dag1/ccdc80/lama4/hspg2/col4a2/lama1/lamb2/lamc2/lamc1/lamc3/col4a5/vwa1/anxa2a/ntn1a/lamb1a,20
BP,GO:0002262,myeloid cell homeostasis,44/3864,139/18773,0.316546763,1.537922457,3.240586395,0.001381948,0.025537409,0.021914908,sparc/bdh2/casp3a/ncoa4/abcb10/hif1al/nemp1/stat5a/clpxa/slc4a1a/sptb/adnp2b/p4htmb/alas2/nr4a2a/tfr1a/rplp1/sfxn4/rps3/vhl/gata2a/klf9/rps19/gata1a/nr4a3/rps14/rpl18/p2ry12/spi1b/slc48a1b/cisha/gfi1b/numb/sec23b/tspo/maea/numbl/elavl1a/fam210b/rpl11/adnpb/melk/pink1/ash2l,44
CC,GO:0005925,focal adhesion,29/3989,82/19331,0.353658537,1.713856398,3.303091862,0.001404116,0.013723251,0.010959637,vcla/parvg/pxnb/itgb1a/tns1b/enah/itgbl1/lpp/parvb/si:ch211-247j9.1/focad/tns1a/tln2a/evlb/lasp1/tns2a/actb2/pleca/arhgap24/nexn/xirp1/fermt2/ilk/tns2b/tln1/cav2/cav1/dlc1/src,29
MF,GO:0004177,aminopeptidase activity,15/3742,34/18430,0.441176471,2.172870752,3.4550104,0.001425392,0.034171904,0.029929289,zgc:152830/xpnpep2/anpepa/tpp2/lnpep/anpeplb/blmh/aopep/enpep/erap2/dpp6a/dnpep/xpnpep3/pepd/xpnpep1,15
MF,GO:0031593,polyubiquitin modification-dependent protein binding,15/3742,34/18430,0.441176471,2.172870752,3.4550104,0.001425392,0.034171904,0.029929289,zgc:136908/psmd4a/zranb1b/rnf169/ubxn1/tab2/optn/babam2/ufd1l/vcp/rad23b/tnip2/ikbkg/uimc1/brcc3,15
CC,GO:0016604,nuclear body,43/3989,135/19331,0.318518519,1.543565175,3.231618562,0.001431609,0.013732845,0.0109673,fam118b/hipk2/chfr/srp54/ddx39b/hipk3b/srsf5b/pqbp1/cdk9/sart3/arih1/poldip3/abitram/rnf34b/thoc7/arglu1a/zmp:0000001236/rmi2/prpf31/rbm19/smndc1/toe1/hectd1/srsf3b/sumo1/spop/cdk12/ascc3/tut1/mettl3/dyrk1ab/casc3/srrt/rmi1/lrch4/nr2c1/scnm1/casp8ap2/lsg1/rbm4.3/maml1/si:ch211-260e23.9/ppp1r8a,43
BP,GO:0031507,heterochromatin formation,27/3864,75/18773,0.36,1.749037267,3.308918375,0.001436575,0.026390724,0.022647179,sirt1/nsd1a/macroh2a1/h2ax1/mbd3b/lmna/baz1a/cbx1a/phf2/sirt2/bend3/smarcad1b/h2ax/atf7ip/ezh1/spty2d1/tdrd9/dot1l/lmnb1/smarca5/lmnl3/h2az2a/si:ch211-13c6.2/smarca2/tasorb/prdm14/lmnb2,27
MF,GO:0005200,structural constituent of cytoskeleton,20/3742,51/18430,0.392156863,1.931440668,3.362023849,0.001491995,0.034851476,0.030524488,tubb2/tubb2b/sptb/tubd1/zgc:55461/nefma/lmna/tln2a/tuba8l4/gfap/actb2/pleca/tubb5/tuba5/lmnb1/tln1/lmnl3/tuba8l3/tuba1c/lmnb2,20
CC,GO:0030055,cell-substrate junction,30/3989,86/19331,0.348837209,1.690491876,3.272320229,0.001505335,0.014177521,0.011322426,vcla/parvg/pxnb/itgb1a/tns1b/enah/smpx/itgbl1/lpp/parvb/si:ch211-247j9.1/focad/tns1a/tln2a/evlb/lasp1/tns2a/actb2/pleca/arhgap24/nexn/xirp1/fermt2/ilk/tns2b/tln1/cav2/cav1/dlc1/src,30
BP,GO:0016973,poly(A)+ mRNA export from nucleus,8/3864,13/18773,0.615384615,2.989807294,3.653556703,0.001513163,0.027474462,0.023577188,nup93/ddx19b/nxt2/eny2/poldip3/sarnp/zc3h11a/nup133,8
BP,GO:0043248,proteasome assembly,8/3864,13/18773,0.615384615,2.989807294,3.653556703,0.001513163,0.027474462,0.023577188,adrm1/psmd11b/psmg3/ecpas/psmg4/psmd5/psmd9/psmg1,8
CC,GO:0000776,kinetochore,25/3989,68/19331,0.367647059,1.78164585,3.292376371,0.001568945,0.01441606,0.011512927,kif2c/plk3/cfdp1/phf2/septin15/plk1/plk2a/nup133/si:dkey-6i22.5/anapc16/kntc1/gpatch11/ndel1b/dynlt3/septin7a/firrm/ckap5/cenpo/zw10/incenp/clasp2/seh1l/ercc6l/ttk/spout1,25
CC,GO:0000151,ubiquitin ligase complex,72/3989,252/19331,0.285714286,1.384593346,3.133510746,0.001586323,0.01441606,0.011512927,asb2a.1/kbtbd2/klhl41a/cul4b/kbtbd12/dcaf5/cul2/anapc1/pcgf5a/zswim5/kbtbd8/nccrp1/fbxw5/arih2/rbx1/rnf20/fbxo31/ccnf/asb12b/cul3b/fbxl18/arih1/ube2al/keap1a/ivns1abpa/wdr32/ubr2/cbx8b/elob/klhl40a/cbx2/zer1/rnf40/vhl/ube2s/fzr1a/ube4a/ubac1/ypel5/anapc16/cdc23/fem1b/spopla/dda1/fbxw9/spop/amfra/rnf8/keap1b/shrprbck1r/cbx4/ankib1a/traf7/maea/rmnd5b/bmi1a/klhl30/si:ch211-230g15.5/ankib1b/fbxl4/klhl3/spsb3a/rnf11a/rnf14/fbxo2/dcaf8/dcaf11/ube4b/cbx7b/phc1/zyg11l/klhl18,72
BP,GO:0048562,embryonic organ morphogenesis,125/3864,477/18773,0.262054507,1.273175276,3.076607387,0.001625286,0.029339707,0.025177847,ahsa1a/sparc/plxna3/ece1/rbm24a/tinagl1/vgll2a/znf703/hdac4/pkn2a/lum/sec23a/sox11a/mical2b/llgl1/tbx2b/fbn2b/fras1/nid2a/runx3/has2/cct3/clrn2/epcam/mfap5/psmc3/itga5/atp1a2a/jag1b/ccdc57/loxl5b/lrp5/cxcr4a/pdlim7/pmm2/rangrf/hspg2/pkdccb/nkd1/hoxc3a/ilvbl/rerea/bnip3lb/disc1/gnptab/fsta/bicra/sfrp1a/wtip/tcf7l1a/efnb1/fn1a/apobec2a/kdm6a/mef2cb/dlx3b/smoc1/lamc1/rpl13/tafazzin/disp1/eif3ea/pard3ab/znf503/crispld2/bcl9/sox10/npc2.1/pak1/atp2a2a/mgaa/sox4b/hoxa3a/hoxa4a/mia2/nog3/six3b/pitx2/axin1/pdzd7a/crim1/adgrg6/npc1/ncl/shrprbck1r/eya1/tp73/ep300b/cemip2/tln1/plxna2/nr3c1/sec23b/smo/uts2r3/fabp3/cxxc5a/furina/hoxb3a/slc12a2/pkp2/hace1/ntn1a/mmp14a/atp1a1a.1/phactr4a/ppp2r3a/dzip1/chd5/bmpr2b/lamb1a/tfap2a/bbs5/hoxd3a/foxc1a/efnb2a/prdm5/chrd/igfbp3/atp6v0d1/skia/gli2a/htt/nipblb/hoxd4a,125
MF,GO:0017017,MAP kinase tyrosine/serine/threonine phosphatase activity,9/3742,16/18430,0.5625,2.770410208,3.575866295,0.00164392,0.036718286,0.032159525,dusp28/dusp8a/dusp1/si:ch211-195b15.8/dusp4/dusp6/dusp2/dusp10/dusp16,9
BP,GO:0043409,negative regulation of MAPK cascade,15/3864,34/18773,0.441176471,2.143428023,3.397227719,0.001648273,0.029408619,0.025236983,ptpn2a/dusp8a/dusp1/si:ch211-195b15.8/dusp4/si:ch211-121a2.2/spred2b/nf1a/dusp6/il17rd/aida/si:ch211-223p8.8/dusp2/dusp10/dusp16,15
MF,GO:0031406,carboxylic acid binding,29/3742,84/18430,0.345238095,1.700357588,3.247208922,0.001652524,0.036718286,0.032159525,fabp1b.1/tmem175/fabp4a/plod1a/egln1b/fabp7a/slc19a1/si:dkey-238d18.5/p4htmb/sesn1/ptgdsb.1/gprc6a/p3h3/p4ha1a/nr1h4/egln1a/slc7a6/crabp1b/mag/ogfod1/gclc/fabp3/slc38a9/gnmt/nags/slc46a1/fabp2/bckdhbl/ftcd,29
BP,GO:0042176,regulation of protein catabolic process,26/3864,72/18773,0.361111111,1.75443553,3.265168069,0.001657354,0.029408619,0.025236983,csnk1e/psmd2/usp14/oaz1b/hsp90ab1/ubxn1/sh3rf1/gsk3aa/klhl40a/sirt2/rnft2/adam8a/gfap/fzr1a/desi1a/timp2a/vcp/dda1/axin1/tmem259/herpud1/traf7/axin2/asb5b/azin1b/psme2,26
BP,GO:0051168,nuclear export,26/3864,72/18773,0.361111111,1.75443553,3.265168069,0.001657354,0.029408619,0.025236983,nup93/ddx19b/ddx39b/xpo1a/ddx39ab/nup62l/nxt2/xpo1b/eny2/poldip3/sarnp/zc3h11a/mdn1/xpo6/cse1l/thoc7/desi1a/nup133/lzts2a/eif6/ncbp2/nmd3/uhmk1/ltv1/lsg1/nup88,26
MF,GO:0031072,heat shock protein binding,19/3742,48/18430,0.395833333,1.949547924,3.324777381,0.001706343,0.037011387,0.032416235,dnajb12a/hspa8/dnaja2a/dnajb6b/cdc37l1/hikeshi/fkbp6/dnajc9/hspa13/ptges3a/dnajc2/dnaja1/stip1/hspa14/sacs/unc45a/dnaja3a/unc45b/tomm34,19
BP,GO:0050905,neuromuscular process,24/3864,65/18773,0.369230769,1.793884376,3.263997573,0.001737911,0.030620101,0.026276616,tnni2a.2/tnni2a.4/tnnt1/tnni2a.3/tnnc1a/ryr1a/casq1a/tnni1d/tcap/stac/smyhc2/opa3/snap29/trrap/reep1/cacna1da/agtpbp1/stx4/mao/zgc:153184/mycbp2/tnnc2.1/tnni4b.2/tnni1b,24
BP,GO:0048705,skeletal system morphogenesis,68/3864,237/18773,0.286919831,1.393981882,3.107362978,0.001745238,0.030620101,0.026276616,ahsa1a/chrna1/plxna3/notch2/ece1/rbm24a/rflnb/tinagl1/vgll2a/hdac4/pkn2a/sec23a/rflna/fras1/runx3/itga5/jag1b/ccdc57/lrp5/cxcr4a/mmp9/pmm2/mmp14b/hspg2/pkdccb/hoxc3a/ilvbl/disc1/gnptab/fsta/bicra/kif5ba/fn1a/kdm6a/dlx3b/rpl13/disp1/eif3ea/pard3ab/kat2a/crispld2/bcl9/pak1/ctsk/hoxa3a/hoxa4a/mia2/nog3/pitx2/shrprbck1r/tp73/ep300b/tln1/nr3c1/sec23b/smo/uts2r3/furina/hoxb3a/mmp14a/foxd3/chd5/tfap2a/hoxd3a/prdm5/htt/nipblb/hoxd4a,68
MF,GO:0019787,ubiquitin-like protein transferase activity,107/3742,406/18430,0.263546798,1.298013759,3.064750949,0.00175057,0.037087664,0.032483043,ube2l3b/lonrf4/trim55a/ube2d4/trim55b/marchf5l/ube3a/rnf115b/hectd3/zmiz2/dtx4b/mkrn1/fbxo40.2/si:ch211-59o9.10/chfr/rc3h1b/ube2g1b/fbxo40.1/ube2e1/znrf2b/nccrp1/ube3c/rnf19a/arih2/rbx1/rnf20/ufc1/sh3rf1/rbbp6/trim101/pdzrn3b/asb12b/ark2cb/ubr1/arih1/trim105/ube2al/ube2h/cdc34a/xiap/mylipa/ubr2/rnf38/rnf34b/lonrf1/rnft2/rnf40/ube2s/pias2/dtx2/ube4a/peli3/aktip/marchf8/ubr4/birc6/wdsub1/si:ch73-335l21.2/g2e3/fbxo30a/hectd1/ube2d2/amfra/rnf8/zgc:112970/ube2kb/shrprbck1r/ube2d3/cbx4/toporsa/trim3b/herc1/ankib1a/trim71/ube2c/ranbp2/dtx3lb.2/trim107/rnf146/maea/rmnd5b/ltn1/btr26/ankib1b/mdm4/hace1/rnf220a/trim37/trim44/rnf11a/rnf14/ark2n/dtx3lb.3/rc3h2/itcha/ubr5/mycbp2/fbxo2/ube4b/herc56.1/si:dkey-183c6.9/herc4/rnf181/ube2z/znf598/smurf1/nedd4a,107
MF,GO:0033549,MAP kinase phosphatase activity,11/3742,22/18430,0.5,2.462586852,3.464584413,0.001797534,0.037217134,0.032596438,dusp28/dusp8a/dusp1/si:ch211-195b15.8/dusp4/si:ch211-121a2.2/dusp6/si:ch211-223p8.8/dusp2/dusp10/dusp16,11
BP,GO:0042594,response to starvation,27/3864,76/18773,0.355263158,1.726023619,3.228651394,0.001797563,0.031361953,0.026913235,dap1b/prkag2b/wdr59/pck1/ulk2/gcn1/gabarapl2/bcas3/nprl2/rptor/kptn/sesn1/rragd/pak2b/pak1/wdr45b/nuak2/map1lc3c/atf4a/wdr45/seh1l/prkag3b/kics2/map1lc3b/becn1/lamp2/ulk3,27
CC,GO:0042383,sarcolemma,24/3989,65/19331,0.369230769,1.789320632,3.250284009,0.00180303,0.016102923,0.012860087,rtn2b/nos1/ryr1a/cacna2d1a/desma/anxa5b/stac/dag1/ank2b/ryr3/dmd/aqp4/fgf13a/sgcb/pleca/cacng6b/ilk/sgcg/sgce/cav2/cav1/sspn/atp1a1a.1/anxa6,24
BP,GO:0007219,Notch signaling pathway,41/3864,129/18773,0.317829457,1.544154349,3.157162869,0.001811058,0.031421862,0.026964646,notch2/her6/prss23/jag2b/dtx4b/llgl1/notch1b/jag1b/nlk1/pappa2/rab5c/kif3a/llgl2/ift88/chac1/id2a/cad/psenen/ptbp1a/dtx2/egfl6/notch3/zmp:0000001236/epas1b/hey1/srebf2/adam10a/bap1/mettl3/rfng/yjefn3/dtx3lb.2/uchl3/numbl/bloc1s2/dtx3lb.3/plvapb/foxc1a/maml1/lfng/nedd4a,41
BP,GO:0034504,protein localization to nucleus,25/3864,69/18773,0.362318841,1.760303208,3.221022032,0.001912048,0.032990754,0.028310989,nutf2/ipo9/nup93/tnpo3/rpain/ipo7/nkd1/nup62l/lmna/hikeshi/kpna4/cse1l/dclk3/nup133/kpna2/ipo13b/kpnb3/lmnb1/lmnl3/ranbp2/tmem147/dzip1/ipo8/nup88/lmnb2,25
BP,GO:0044057,regulation of system process,47/3864,153/18773,0.307189542,1.492460994,3.113703743,0.001943887,0.033355821,0.028624272,hhatla/fbxl22/adrb2a/tnnt1/trdn/rnf10/casq1a/casq2/hspb1/tbx2b/desma/tmem65/agtr1b/atpsckmt/emd/mcu/parvb/bnip3lb/vegfaa/scn4ba/ank2b/adma/lmna/wtip/mymk/dmd/tmem161b/adrb2b/tafazzin/vdac2/vcana/plcg1/si:ch211-225p5.8/tnnt2c/atp2a1/atp2a2b/atp2a2a/erp44/vapb/ilk/si:dkey-28b4.8/kcne4/atp1a1a.1/melk/avpr2ab/grk3/skia,47
BP,GO:0022411,cellular component disassembly,49/3864,161/18773,0.304347826,1.478654694,3.105190959,0.001961522,0.033474492,0.028726109,zgc:136908/rubcn/dyrk3/lmod3/capza1a/plk3/mical2b/twf2b/napab/nemp1/svila/pcf11/gabarapl2/sptb/add3a/nsfa/rack1/si:ch211-266i6.3/scaf4a/atp6v0a1a/tfip11/ccsapb/spns1/nckap5l/gsna/vcp/gfm2/add2/mrpl58/ascc3/sh3gl1b/map1lc3c/ogfod1/scinlb/endog/ufsp2/dffb/lmod2b/ltn1/rnf14/map1lc3b/eif5a/lamp2/mtrfr/znf598/cfl1l/sptan1/capza1b/lix1l,49
MF,GO:0003724,RNA helicase activity,25/3742,70/18430,0.357142857,1.758990609,3.211223463,0.001973114,0.038348054,0.033586949,ddx21/ddx19b/ddx17/ddx39b/eif4a2/ddx6/ifih1/helz2a/ddx39ab/upf1/ddx28/ddx31/dhx30/dhx29/ddx59/tdrd9/ascc3/ddx10/ddx24/ddx18/ddx61/eif4a1a/ddx23/ythdc2/supv3l1,25
MF,GO:0008186,"ATP-dependent activity, acting on RNA",25/3742,70/18430,0.357142857,1.758990609,3.211223463,0.001973114,0.038348054,0.033586949,ddx21/ddx19b/ddx17/ddx39b/eif4a2/ddx6/ifih1/helz2a/ddx39ab/upf1/ddx28/ddx31/dhx30/dhx29/ddx59/tdrd9/ascc3/ddx10/ddx24/ddx18/ddx61/eif4a1a/ddx23/ythdc2/supv3l1,25
BP,GO:1905952,regulation of lipid localization,10/3864,19/18773,0.526315789,2.557072028,3.456910389,0.001976536,0.033547401,0.028788676,pparaa/zgc:77486/zdhhc8b/srebf2/abca1a/npc1/plin2/acsl5/yjefn3/ppardb,10
MF,GO:0003729,mRNA binding,77/3742,279/18430,0.275985663,1.35927733,3.052130389,0.001982464,0.038348054,0.033586949,msi1b/igf2bp2a/rbm24a/ddx21/dcp1a/lsm14aa/ddx19b/rc3h1b/eif2a/ncbp3/zfp36l2/g3bp2a/igf2bp3/rbms3/ddx17/aco1/ddx39b/pcf11/rbfox1l/ddx6/secisbp2/fxr2/ddx39ab/angel1/larp4b/srsf4/eif3d/poldip3/spen/syncripl/pabpc4/nanos1/pcbp2/eif4enif1/pcbp4/ptbp1a/luc7l3/exosc7/tdrd7b/cdc40/eif4g1a/ncbp2/carhsp1/rpl24/ddx59/celf2/ncl/hnrnpd/pcbp3/tut1/mettl3/hnrnpa3/snrnp35/rbm15/casc3/znf638/eif3s10/rps5/cluha/rps26/hnrnpl/pum1/cryz/rc3h2/zgc:114130/elavl1a/serbp1a/ddx61/atxn2/rbm42/rbms2a/eif2s2/ddx23/ppp1r8a/rbfox1/edc3/zar1l,77
BP,GO:0035966,response to topologically incorrect protein,23/3864,62/18773,0.370967742,1.802323349,3.221412582,0.001999233,0.033730549,0.028945844,dnajb12a/derl1/chac1/creb3l2/selenos/derl2/jkamp/hspb8/wfs1a/vapb/os9/crebrf/amfra/serp2/atf4a/herpud2/herpud1/parp16/edem2/erlec1/tegt/tmtc4/parp6b,23
BP,GO:0003179,heart valve morphogenesis,11/3864,22/18773,0.5,2.429218427,3.414658722,0.002019729,0.033730549,0.028945844,vcla/itgb1a/fbn2b/has2/pdlim7/jupa/gata2a/ugdh/cemip2/nfatc1/hace1,11
BP,GO:0006120,"mitochondrial electron transport, NADH to ubiquinone",11/3864,22/18773,0.5,2.429218427,3.414658722,0.002019729,0.033730549,0.028945844,ndufs6/ndufb6/ndufa7/ndufs8a/ndufv2/ndufc2/ndufb8/ndufa8/ndufa10/ndufv1/ndufaf1,11
MF,GO:0140098,"catalytic activity, acting on RNA",88/3742,326/18430,0.26993865,1.329494742,3.029643048,0.002041892,0.038348054,0.033586949,polr2a/rnasel2/lrrc47/endouc/eri1/ddx21/farsa/ddx19b/mrpl44/dimt1l/ddx17/tyw1/ddx39b/eif4a2/bud23/ddx6/ifih1/si:ch211-256m1.8/helz2a/zgc:103759/dus1l/ddx39ab/cpsf3/dtd2/snd1/polr3h/upf1/ddx28/trmt10c/slc52a2/dis3l2/ddx31/dhx30/trpt1/yars1/kars1/dhx29/il1rapl1a/gtdc1/mrm3a/wars2/exosc10/polr3a/dars1/toe1/mettl1/mettl6/nop2/mettl2a/rpp14/tars1/ddx59/farsb/tdrd9/mars2/thg1l/mrpl58/trmt61a/ascc3/tut1/mettl3/ptrh2/ddx10/isg20/tfb1m/nars2/endog/ddx24/iars1/rars1/trmu/trnt1/ddx18/tsen2/isg20l2/ddx61/eif4a1a/mars1/rnaseh1/lcmt2/mettl16/nob1/lars2/ddx23/polr2f/ythdc2/aars2/supv3l1,88
BP,GO:0032868,response to insulin,21/3864,55/18773,0.381818182,1.855039526,3.232863655,0.002041892,0.033919295,0.029107817,irs2b/znf106a/pck1/inpp5ka/socs7/si:ch73-335l21.1/slc2a1b/gsk3aa/grb10a/pik3r1/igf2b/grb10b/tns2a/insig1/lpin1a/cav2/pik3r2/bglap/zgc:123305/rps6kb1b/tsc2,21
MF,GO:0019842,vitamin binding,35/3742,108/18430,0.324074074,1.596121108,3.136038479,0.002062629,0.038348054,0.033586949,rbp4/csad/mmut/got2a/plod1a/gpt/sptlc2a/fasn/egln1b/slc19a1/gcat/got1/sptlc2b/ilvbl/si:ch211-217a12.1/p4htmb/oat/alas2/ogdha/p3h3/p4ha1a/ogdhb/pygl/shmt2/tcn2/egln1a/aadat/hacl1/ogfod1/ttpa/gnmt/kyat1/slc46a1/pdxdc1/ftcd,35
BP,GO:0070972,protein localization to endoplasmic reticulum,16/3864,38/18773,0.421052632,2.045657622,3.284762935,0.00211374,0.034927041,0.029972613,srp54/zfand2a/zgc:56596/bcap29/bcap31/sgtb/ankrd13c/get3/insig1/kdelr3/sec62/kdelr2b/srprb/sec61a1a/rab3gap2/tram2,16
BP,GO:0120035,regulation of plasma membrane bounded cell projection organization,60/3864,206/18773,0.291262136,1.415078695,3.049599154,0.00214793,0.035305186,0.030297118,arhgap35a/plxna3/kctd12.1/tncb/col12a1b/casp3a/col15a1b/slit2/sh3yl1/abcc4/dock11/ulk2/twf2b/cdc42ep1a/camk2g2/atoh7/ezrb/si:ch211-247j9.1/tfg/tiam1b/tapt1b/plxnb3/clcf1/gsk3aa/sez6b/snap29/ddr1/abitram/pard3ab/rufy3/pak2b/appa/efhc2/arhgap24/pak1/nop56/ndel1b/ntrk3a/reep1/musk/cdc42/sfpq/plxna2/arhgap35b/unc45a/srcin1a/il6st/man1a2/mycbp2/znf365/m17/ephb3a/lamb1a/kctd12.2/ddr2b/pik3cd/cdc42ep5/casp9/ddr2l/nedd4a,60
CC,GO:0019867,outer membrane,40/3989,126/19331,0.317460317,1.538437051,3.091861346,0.002199335,0.018705733,0.014938738,marchf5l/abcb6a/spata18/atad1b/dnm1l/slc44a2/tomm7/myoc/slc25a46/bcl2l16/sh3glb1a/bnip3lb/gpam/tomm22/cpt1b/bcl2b/tomm20b/tafazzin/vdac2/zgc:172295/tigara/mcl1b/syne1b/bida/zgc:56235/vdac1/tomm40/lpin1a/fundc1/nav3/mtx2/tspo/atad1a/zgc:110843/mao/rhot1a/rps6kb1b/pink1/syne1a/bcl2l10,40
CC,GO:0031968,organelle outer membrane,40/3989,126/19331,0.317460317,1.538437051,3.091861346,0.002199335,0.018705733,0.014938738,marchf5l/abcb6a/spata18/atad1b/dnm1l/slc44a2/tomm7/myoc/slc25a46/bcl2l16/sh3glb1a/bnip3lb/gpam/tomm22/cpt1b/bcl2b/tomm20b/tafazzin/vdac2/zgc:172295/tigara/mcl1b/syne1b/bida/zgc:56235/vdac1/tomm40/lpin1a/fundc1/nav3/mtx2/tspo/atad1a/zgc:110843/mao/rhot1a/rps6kb1b/pink1/syne1a/bcl2l10,40
MF,GO:0042578,phosphoric ester hydrolase activity,108/3742,413/18430,0.261501211,1.287938886,2.987139823,0.002200163,0.03938516,0.034495293,mtmr3/pgp/dusp28/smpdl3b/ssh2a/si:dkey-51e6.1/pde4ba/gpcpd1/ptpn3/nt5dc3/dusp22b/pdp1/ptpn2a/pfkfb2b/dusp8a/dusp1/dusp22a/ppp1cb/minpp1b/tns1b/inpp5ka/ppp6c/ppp3ccb/ppp1r1b/si:ch211-195b15.8/plce1/phospho1/synj1/nt5c2a/ptprua/ppm1la/cdc25b/ctdsp2/dusp4/pptc7a/nt5c2l1/nt5c3a/ptprn2/tns1a/impa1/gdpd3a/ppm1db/pptc7b/ctdsp1/pde4ca/plcd3a/ppp5c/ppap2d/ppp1caa/si:ch211-121a2.2/ptp4a3a/lhpp/pfkfb3/tigara/epm2a/si:ch211-203d1.3/mtmr1b/pdxp/gdpd1/pip4p2/plcg1/ptprb/tns2a/fra10ac1/phlpp1/plcl1/bpnt1/bpnt2/dusp6/pld2/pnkp/ctdspl2a/pde1a/pde4bb/inpp5f/lpin1a/ptprfb/pde6ha/eya1/ptpn22/tns2b/pde4d/ppp2r1ba/ctdsplb/si:ch211-223p8.8/inpp4b/mtmr7b/sgpp1b/pde5ab/pde1cb/smpd5/dusp2/ppm1e/nt5c1aa/napepld/plpp1a/enoph1/plpp7a/ptpn18/zgc:123305/smpd1/ilkap/plcd1a/dusp10/ptpn13/dusp16/smpd2b/ptpn4a,108
CC,GO:0099513,polymeric cytoskeletal fiber,106/3989,398/19331,0.266331658,1.290663647,2.987648441,0.002202799,0.018705733,0.014938738,mid1ip1l/tpm3/tubb2/kif2c/tpm1/twf2b/krt222/dnm1l/desma/mid1ip1b/amotl2a/tubb2b/pdlim3b/sync/kif5c/pdlim7/kif3a/pdlim4/diaph2/tubd1/krt92/zgc:55461/nefma/disc1/radil/tubgcp5/ttll6/lmna/dnah1/rassf1/kif5ba/krt97/selenos/kif13a/tuba8l4/kif1aa/kif13ba/kif1b/kifc1/dnai2b/clip1a/fgf13a/gfap/ldb3b/ccsapb/mapre3b/pdlim5a/nckap5l/efhc2/slain2/actb2/pleca/lzts2a/tubgcp4/tubb5/maptb/kntc1/ndel1b/iffo1b/camsap3/tuba5/klc1a/dynlt3/krt4/shroom2b/mxa/reep1/cenpe/smtnl/ckap5/dnah9l/opa1/tbca/lmnb1/lmnl3/fam83ha/rmdn1/tubgcp2/incenp/clasp2/kif21b/dync1li2/kif23/krt8/haus3/rmdn3/tppp2/tuba8l3/map4l/fhdc1/tubgcp3/kif20a/fhdc2/stard9/katna1/dctn2/myo9aa/tuba1c/lgsn/rassf3/cfap126/dynll2a/lmnb2/dynll1/kif11/enkd1,106
MF,GO:0003755,peptidyl-prolyl cis-trans isomerase activity,17/3742,42/18430,0.404761905,1.99352269,3.253543609,0.002215522,0.03938516,0.034495293,fkbp10b/fkbp7/ppifb/fkbp10a/ppie/fkbp14/fkbp6/aipl1/fkbp15b/fkbp5/aip/ptpa/ranbp2/ppih/ppig/fkbp2/ppib,17
MF,GO:0004712,protein serine/threonine/tyrosine kinase activity,14/3742,32/18430,0.4375,2.154763495,3.299925787,0.00224811,0.03938516,0.034495293,dyrk3/tnk2b/map2k6/tnk2a/tesk1b/dyrk2/map2k4a/clk4a/sbk3/clk2a/map2k7/dyrk1ab/map2k4b/ttk,14
BP,GO:0060026,convergent extension,50/3864,166/18773,0.301204819,1.463384594,3.052860998,0.002260986,0.036968901,0.031724833,chrna1/fcho1/hipk2/lurap1/slit2/has2/ppp1cb/lats2/amotl2a/lpp/mcu/dcn/mmp14b/usp4/diaph2/ctnnb1/tab2/bcl2l16/swap70b/nup62l/disc1/vegfaa/scrib/csrp1a/bbs12/ier2a/rack1/kdm6a/akap12b/ppp1caa/lats1/zeb2b/eaf1/appa/lzts2a/pak1/ppp1r12a/rpl22/def6a/pitx2/rpl22l1/smad4a/dsc2l/ift80/csk/mmp14a/yes1/smad2/map2k4b/chrd,50
BP,GO:0045944,positive regulation of transcription by RNA polymerase II,93/3864,344/18773,0.270348837,1.313472754,2.987292233,0.0022755,0.037012434,0.031762191,pparaa/psmc6/si:dkeyp-69b9.3/ccnt2a/abrab/ar/hipk2/rnf10/znf827/sox11a/mical2b/mef2aa/rtraf/brd4/runx1/atoh7/ptmaa/gdnfa/stat5a/thrab/sox18/gabpb2a/jun/ctnnb1/nr1d4b/zfp64/ppargc1b/jund/cdk9/mrtfbb/rxraa/thrap3b/nr1d4a/jupa/gtf2f1/tead3a/crebbpa/igf2b/mef2cb/nr1h4/relb/ssbp4/sirt2/gata2a/crtc3/smad3a/gata1a/smarcad1b/kat2a/zmp:0000001236/casz1/rargb/bcl9/srfa/asxl1/ccnk/sox4b/asxl2/srebf2/hoxa4a/nfat5a/prdm10/med19a/rest/lpin1a/med13a/cdk12/mycb/nr1d2b/top2a/gper1/mrtfab/smarca5/ep300b/atf4a/ccnc/nfatc1/tet1/ncoa2/smarca2/ldb2a/ncoa1/mysm1/smad2/chuk/zfpm2a/tfap2a/ppardb/zgc:123305/maml1/clocka/ss18/hoxd4a,93
BP,GO:1904888,cranial skeletal system development,72/3864,256/18773,0.28125,1.366435365,3.00525705,0.002310909,0.037393617,0.032089303,ahsa1a/ece1/her6/psmd12/adamts2a/rbm24a/tinagl1/vgll2a/hdac4/pkn2a/sec23a/fras1/runx3/itga5/jag1b/lrp5/cfdp1/cxcr4a/pmm2/itpr1b/hspg2/pkdccb/ilvbl/tapt1b/disc1/usp5/gnptab/fsta/bicra/bptf/psmd7/fn1a/kdm6a/dlx3b/rpl13/disp1/eif3ea/pard3ab/crispld2/bcl9/sox10/pak1/nr2f5/mia2/nog3/pitx2/usp18/si:dkey-243i1.1/bap1/mapk3/shrprbck1r/tp73/ep300b/tln1/nr3c1/uchl5/usp7/vcpip1/sec23b/smo/uchl3/furina/rspo3/mmp14a/mosmoa/mysm1/chd5/tfap2a/prdm5/gpatch3/htt/nipblb,72
BP,GO:0031647,regulation of protein stability,20/3864,52/18773,0.384615385,1.868629559,3.193164765,0.002335314,0.037593736,0.032261035,usp47/hsp90ab1/usp10/ddi2/cdc37l1/usp5/usp1/bag1/usp13/atf7ip/hsp90aa1.1/usp40/usp19/usp42/usp7/glmp/trim44/dnlz/si:dkey-183c6.9/bag2,20
CC,GO:0016010,dystrophin-associated glycoprotein complex,7/3989,11/19331,0.636363636,3.083866998,3.525086143,0.002374621,0.019524664,0.015592751,dag1/dmd/sntb2/sgcb/sgcg/sgce/sspn,7
CC,GO:0090665,glycoprotein complex,7/3989,11/19331,0.636363636,3.083866998,3.525086143,0.002374621,0.019524664,0.015592751,dag1/dmd/sntb2/sgcb/sgcg/sgce/sspn,7
BP,GO:1990542,mitochondrial transmembrane transport,28/3864,81/18773,0.345679012,1.679459653,3.119808022,0.002379597,0.03809132,0.032688036,slc25a55a/ucp3/slc25a24/smdt1b/tomm7/grpel1/mcu/bcl2l16/micu2/sfxn4/tomm20b/slc25a55b/vdac2/slc25a1a/chchd4a/timm21/slc25a16/slc25a12/tomm40/sfxn3/slc25a32b/timm17a/slc25a28/mpc1/timm23a/slc25a3b/dnlz/timm44,28
BP,GO:0006338,chromatin remodeling,76/3864,273/18773,0.278388278,1.352531871,2.987056379,0.002399278,0.03809132,0.032688036,brd2a/sirt1/brd4/nap1l1/hdac10/nsd1a/macroh2a1/h2ax1/mbd3b/cfdp1/jarid2a/hdac6/ehmt1b/ddx39ab/sart3/smyd1b/ppm1db/lmna/glyr1/baz1a/cbx1a/phf2/trrap/sirt2/bend3/sirt4/smarcad1b/kdm4c/kat2a/pbrm1/hcfc1a/h2ax/chaf1a/atf7ip/psip1a/chd4a/ezh1/waca/h1-0/spty2d1/srcap/yeats2/tdrd9/dot1l/rnf8/chd4b/prmt6/phf1/lmnb1/smarca5/chd8/lmnl3/dmap1/hdgfl2/tet1/atrx/bmi1a/kdm7ab/supt4h1/hira/h2az2a/si:ch211-13c6.2/smarca2/mysm1/chd5/tspy/tasorb/carm1/setd2/prmt7/dpf3/prdm14/lmnb2/tasor2/brd3b/pou5f3,76
BP,GO:0051656,establishment of organelle localization,61/3864,211/18773,0.289099526,1.404571792,3.008666265,0.002402815,0.03809132,0.032688036,bicdl2l/syne2a/si:ch211-235m3.5/cct2/llgl1/si:ch211-200p22.4/fam83d/rhoab/exoc6b/kif5c/synj1/sar1ab/diaph2/xpo1a/llgl2/tfg/scrib/ift88/kifbp/lmna/wtip/xpo1b/kif5ba/kif13a/kif1aa/kif13ba/kif1b/mdn1/f8a/ap3d1/pard3ab/tacc1/unc13a/syne1b/ccdc186/gpsm1b/eif6/nmd3/ndel1b/myo5aa/cdc42/lmnb1/lmnl3/tmem230a/clasp2/seh1l/arfgap2/dync1li2/ltv1/kif23/rhot1a/tacc3/ccnb1/lsg1/ippk/stard3/bbs5/dctn2/nup88/snapin/lmnb2,61
MF,GO:0004842,ubiquitin-protein transferase activity,101/3742,384/18430,0.263020833,1.295423292,2.952849507,0.002470521,0.042464984,0.037192742,ube2l3b/lonrf4/trim55a/ube2d4/trim55b/marchf5l/ube3a/rnf115b/hectd3/dtx4b/mkrn1/fbxo40.2/si:ch211-59o9.10/chfr/rc3h1b/ube2g1b/fbxo40.1/ube2e1/znrf2b/nccrp1/ube3c/rnf19a/arih2/rbx1/rnf20/sh3rf1/rbbp6/trim101/pdzrn3b/asb12b/ark2cb/ubr1/arih1/trim105/ube2al/ube2h/cdc34a/xiap/mylipa/ubr2/rnf38/rnf34b/lonrf1/rnft2/rnf40/ube2s/dtx2/ube4a/peli3/marchf8/ubr4/birc6/wdsub1/si:ch73-335l21.2/g2e3/fbxo30a/hectd1/ube2d2/amfra/rnf8/zgc:112970/ube2kb/shrprbck1r/ube2d3/toporsa/trim3b/herc1/ankib1a/trim71/ube2c/dtx3lb.2/trim107/rnf146/maea/rmnd5b/ltn1/btr26/ankib1b/mdm4/hace1/rnf220a/trim37/trim44/rnf11a/rnf14/ark2n/dtx3lb.3/rc3h2/itcha/ubr5/mycbp2/fbxo2/ube4b/herc56.1/si:dkey-183c6.9/herc4/rnf181/ube2z/znf598/smurf1/nedd4a,101
BP,GO:0009267,cellular response to starvation,23/3864,63/18773,0.365079365,1.773715042,3.131583493,0.002544558,0.040134625,0.034441497,dap1b/prkag2b/wdr59/gcn1/gabarapl2/nprl2/rptor/kptn/sesn1/rragd/pak2b/pak1/wdr45b/nuak2/map1lc3c/atf4a/wdr45/seh1l/prkag3b/kics2/map1lc3b/becn1/lamp2,23
MF,GO:0043022,ribosome binding,20/3742,53/18430,0.377358491,1.858556115,3.159299199,0.002565767,0.043285433,0.037911327,dap1b/ptcd3/eif2a/eef2b/rack1/dnajc2/ola1/eif1/eif6/nmd3/tmco1/gtpbp6/ltn1/sec61a1a/tmem147/eif3k/eif5a/mtrfr/eral1/znf598,20
BP,GO:0002011,morphogenesis of an epithelial sheet,35/3864,108/18773,0.324074074,1.574493425,3.048123205,0.002621656,0.041142879,0.035306729,sox11a/nid2a/epcam/celsr2/rhoab/ezrb/pals1b/diaph2/si:ch211-247j9.1/fdx1/rerea/sfrp1a/cyth1a/rhocb/cdk5rap3/rhov/arhgap24/sox4b/cldne/atrn/pitx2/prnpb/npc1/gab1/dsc2l/tln1/slc39a10/ntn1a/arhgef7b/phactr4a/chuk/foxc1a/sdc3/bcl2l10/pou5f3,35
CC,GO:0022627,cytosolic small ribosomal subunit,14/3989,32/19331,0.4375,2.120158561,3.233657692,0.0026394,0.021362647,0.017060598,eif2a/rpsa/rps16/rps4x/faua/rps3/rps8b/rps19/rps14/rps7/rps10/rps5/rps27.2/rps26,14
BP,GO:0048596,embryonic camera-type eye morphogenesis,19/3864,49/18773,0.387755102,1.883883678,3.15386727,0.002667582,0.041447057,0.035567759,znf703/lum/sox11a/nid2a/rerea/sfrp1a/tcf7l1a/efnb1/smoc1/znf503/sox4b/six3b/pitx2/tln1/plxna2/ntn1a/phactr4a/foxc1a/efnb2a,19
BP,GO:0061136,regulation of proteasomal protein catabolic process,19/3864,49/18773,0.387755102,1.883883678,3.15386727,0.002667582,0.041447057,0.035567759,csnk1e/usp14/hsp90ab1/ubxn1/sh3rf1/gsk3aa/klhl40a/sirt2/rnft2/fzr1a/desi1a/vcp/dda1/axin1/tmem259/herpud1/traf7/axin2/psme2,19
BP,GO:0006631,fatty acid metabolic process,60/3864,208/18773,0.288461538,1.401472169,2.964075144,0.002740409,0.042367812,0.036357905,abhd2a/pparaa/zgc:56585/prkag2b/mmut/acadl/dcaf5/cpt2/pck1/tecrb/acsl1a/pm20d1.2/fasn/ccdc57/slc27a6/si:ch211-256m1.8/ilvbl/echs1/hsd17b10/pdk2a/mcat/ndufab1b/cpt1b/acad11/ptges3a/lpla/acot20/phyh/scdb/aldh5a1/rpp14/lpin1a/echdc2/mecr/olah/ptges/fasn2/elovl1a/slc27a4/acsbg2/aclya/hacl1/auh/pdk3a/acsl5/decr1/ptgis/acsf2/prkag3b/acot11b/zgc:85777/lipg/aldh3a2b/aasdh/hadh/ppardb/zgc:123305/elovl7a/asah1b/cpt1a2b,60
BP,GO:0097250,mitochondrial respirasome assembly,24/3864,67/18773,0.358208955,1.740335589,3.09047431,0.002776569,0.042597088,0.036554658,lyrm7/cox17/cox19/pet100/coa3a/ndufs8a/ndufaf5/uqcc6/tmem126a/uqcc1/ndufb8/sdhaf2/ndufs5/ndufb2/higd1a/ndufaf2/ndufa11/ndufaf1/lyrm2/surf1/cox20/rab5if/bcs1l/cox18,24
MF,GO:0016747,"acyltransferase activity, transferring groups other than amino-acyl groups",61/3742,215/18430,0.28372093,1.397374865,2.95819283,0.002778391,0.045739373,0.040060598,cpt2/prdx6/dgat1a/crata/sptlc2a/fasn/ccdc57/gcat/sptlc2b/nmt1a/alas2/aanat1/zdhhc5a/mcat/naa20/gpam/crebbpa/cpt1b/naa10/cers5/zdhhc8b/sirt2/tafazzin/lipt1/agpat3/sirt4/rarres3l/sat1a.2/ykt6/zgc:154046/kat2a/sat2a.1/zdhhc4/cers3a/dlst/lipt2/aldh7a1/fasn2/zdhhc23a/elovl1a/pafah1b3/zdhhc18a/lcat/ep300b/naa30/pla2g15/dmap1/lpcat3/kat14/lratb.1/zdhhc14/dlat/nags/dgat2/zdhhc1/cratb/elovl7a/pdhx/clocka/chata/cpt1a2b,61
BP,GO:0048871,multicellular organismal-level homeostasis,79/3864,287/18773,0.275261324,1.337339761,2.931815126,0.002782519,0.042597088,0.036554658,sparc/tnfsf13b/dram2b/kif2c/syne2a/bdh2/casp3a/fzd4/tjp1b/fras1/ncoa4/abcb10/metrnla/hif1al/has2/nemp1/pm20d1.2/stat5a/clpxa/slc4a1a/lrp5/sptb/kif3a/adnp2b/ppargc1b/sulf2b/sart3/ift88/p4htmb/alas2/polr3h/nr4a2a/bbs12/chm/tfr1a/cpt1b/rplp1/sfxn4/tcf7l2/rps3/stra6l/vhl/gata2a/klf9/rps19/gata1a/ptbp1a/notch3/nr4a3/rps14/sox10/rpl18/nxnl2/p2ry12/spi1b/slc48a1b/dot1l/cisha/gfi1b/cdc42/numb/chd8/tjp2a/sec23b/clasp2/tspo/maea/numbl/crcp/elavl1a/fam210b/rpl11/adnpb/dctn2/melk/pink1/ash2l/ttk/ftcd,79
MF,GO:0044325,transmembrane transporter binding,15/3742,36/18430,0.416666667,2.05215571,3.18944135,0.002836073,0.045739373,0.040060598,asb10/pde4ba/stac/rangrf/pacs2/scn4ba/zgc:162193/si:ch211-225p5.8/pde4bb/ank3a/herpud1/kcne4/kcnab1a/cav1/asb16,15
MF,GO:0004222,metalloendopeptidase activity,34/3742,106/18430,0.320754717,1.579772697,3.021495805,0.002861849,0.045739373,0.040060598,adamts9/yme1l1a/ece1/adamts2a/mmp15b/pmpcb/pappa2/mmp15a/uqcrc2b/mmp9/phex/mmp14b/adamts12/npsn/adam8a/adam12b/afg3l1/mmp19/adamts17/adam10a/mmp11b/pmpca/kel/bmp1a/ybey/yme1l1b/spg7/pitrm1/mmp14a/mmp2/adam22/trabd2b/adamts1/mep1a.1,34
CC,GO:0005741,mitochondrial outer membrane,37/3989,116/19331,0.318965517,1.545731365,3.006039415,0.002875679,0.022916953,0.018301895,marchf5l/abcb6a/spata18/atad1b/dnm1l/slc44a2/tomm7/myoc/slc25a46/bcl2l16/sh3glb1a/bnip3lb/gpam/tomm22/cpt1b/bcl2b/tomm20b/tafazzin/vdac2/zgc:172295/tigara/mcl1b/bida/zgc:56235/vdac1/tomm40/lpin1a/fundc1/mtx2/tspo/atad1a/zgc:110843/mao/rhot1a/rps6kb1b/pink1/bcl2l10,37
BP,GO:0000963,mitochondrial RNA processing,8/3864,14/18773,0.571428571,2.77624963,3.384642091,0.002895307,0.043893418,0.037667102,fastkd2/trmt10c/cdk5rap1/tbrg4/trmu/trnt1/fastkd3/supv3l1,8
BP,GO:0006577,amino-acid betaine metabolic process,8/3864,14/18773,0.571428571,2.77624963,3.384642091,0.002895307,0.043893418,0.037667102,acadl/crata/cpt1b/bhmt/zgc:154046/aldh9a1b/cratb/cpt1a2b,8
BP,GO:0090596,sensory organ morphogenesis,93/3864,347/18773,0.268011527,1.302117082,2.891838659,0.002997339,0.044568717,0.03824661,sparc/col2a1a/abcb6a/cct4/znf703/lum/sox11a/cct5/pomgnt1/tbx2b/nid2a/odc1/cct3/atoh7/clrn2/epcam/mfap5/psmc3/itga5/jag1b/bcl6aa/lrp5/zic1/synj1/tapt1b/rerea/lama1/ift88/fgfrl1a/fsta/ccnd1/chm/nsfa/sfrp1a/tcf7l1a/efnb1/id2a/fn1a/dlx3b/smoc1/pikfyve/bcor/pard3ab/tatdn1/znf503/wfs1a/tdrd7b/sox10/npc2.1/tubgcp4/sox4b/six3b/pitx2/axin1/pdzd7a/rpgrip1l/xirp1/adgrg6/bco1/ipo13b/crk/npc1/cdc42/shrprbck1r/rpgrb/eya1/cpamd8/agtpbp1/atf4a/toporsa/tln1/plxna2/smo/ift80/slc12a2/grna/ntn1a/mmp14a/atp1a1a.1/phactr4a/abhd12/lamb1a/pim1/tfap2a/bbs5/dctn2/foxc1a/efnb2a/lgsn/chrd/igfbp3/cdh6/cdk1,93
BP,GO:0017004,cytochrome complex assembly,12/3864,26/18773,0.461538462,2.242355471,3.227128325,0.00300162,0.044568717,0.03824661,lyrm7/cox17/cox19/coa6/pet100/coa3a/uqcc6/uqcc1/surf1/cox20/bcs1l/cox18,12
BP,GO:0046785,microtubule polymerization,12/3864,26/18773,0.461538462,2.242355471,3.227128325,0.00300162,0.044568717,0.03824661,akap9/tubgcp5/clip1a/slain2/tubgcp4/ndel1b/ckap5/pcnt/tubgcp2/clasp2/tppp2/tubgcp3,12
MF,GO:0042393,histone binding,45/3742,150/18430,0.3,1.477552111,2.964147069,0.003012225,0.047312706,0.041438594,brd2a/psme4b/brd4/nap1l1/ncapd2/ptmaa/anp32e/sart3/scmh1/l3mbtl1b/setd5/bptf/glyr1/sbno2a/cbx1a/phf2/cbx8b/cbx2/dnajc2/chd4a/spty2d1/srcap/yeats2/rnf8/chd4b/tdrd3/ncapd3/prmt6/phf1/chd8/hdgfl2/ssrp1b/atrx/brd9/si:ch211-230g15.5/anp32b/smarca2/mysm1/chd5/tspy/prkcbb/carm1/phc1/dpf3/brd3b,45
BP,GO:0005977,glycogen metabolic process,20/3864,53/18773,0.377358491,1.833372397,3.092955693,0.003035562,0.044568717,0.03824661,ppp1r3cb/gbe1b/ppp1r3db/gyg1b/ppp1cb/inpp5ka/phkg2/ugp2a/ppp1r3aa/pygl/ppp1caa/gyg1a/epm2a/wdr45b/ugp2b/phka2/atg2a/wdr45/phka1a/agla,20
BP,GO:0044042,glucan metabolic process,20/3864,53/18773,0.377358491,1.833372397,3.092955693,0.003035562,0.044568717,0.03824661,ppp1r3cb/gbe1b/ppp1r3db/gyg1b/ppp1cb/inpp5ka/phkg2/ugp2a/ppp1r3aa/pygl/ppp1caa/gyg1a/epm2a/wdr45b/ugp2b/phka2/atg2a/wdr45/phka1a/agla,20
BP,GO:0035023,regulation of Rho protein signal transduction,18/3864,46/18773,0.391304348,1.901127464,3.115161817,0.003042466,0.044568717,0.03824661,abrab/dock11/net1/stard13b/rhoab/dock9b/akap12b/arhgef28a/arhgef49/akap13/f2rl1.1/kank2/arhgef3l/arhgef3/si:dkey-29b11.3/dock7/arhgef2b/arhgef18b,18
BP,GO:0090257,regulation of muscle system process,18/3864,46/18773,0.391304348,1.901127464,3.115161817,0.003042466,0.044568717,0.03824661,hhatla/fbxl22/tnnt1/casq1a/casq2/hspb1/desma/ank2b/wtip/mymk/dmd/tmem161b/tnnt2c/atp2a1/atp2a2b/atp2a2a/erp44/si:dkey-28b4.8,18
BP,GO:0007409,axonogenesis,116/3864,446/18773,0.260089686,1.263629316,2.868567123,0.00305402,0.044568717,0.03824661,col6a2/chrna1/arhgap35a/asb10/plxna3/col2a1a/nos1/tncb/ncaldb/casp3a/col15a1b/slit2/extl3/ulk2/chchd10/sema3aa/atoh7/enah/trarg1a/notch1b/dag1/rac1b/lama4/kif5c/mst1rb/optn/zfyve26/tiam1b/si:ch211-159i8.4/plxnb3/sema4d/vegfaa/lama1/scrib/cpsf1/tardbpa/kifbp/rtn4a/lamb2/nsfa/boc/efnb1/usp33/kif5ba/rgs4/sema4ba/kif1b/lamc1/evlb/si:dkey-246i14.3/disp1/pard3ab/notch3/rufy3/pak2b/appa/pak1/ppp1r12a/mapk8ip3/lamc3/en1b/col4a5/vasna/plxnc1/nop56/nexn/sema6ba/coro1a/rest/sema4ga/reep1/ptprfb/musk/lrrc15/mapk3/sema3e/sema6cb/islr2/sfpq/sema7a/ist1/plxna2/ank3a/cln3/smo/ngly1/vwa1/aplp2/arhgap35b/dock7/grna/pnpla6/ntn1a/clns1a/mmp14a/snx27a/tppp2/asb16/dzip1/mmp2/mycbp2/nrp2a/ephb3a/si:dkey-49n23.1/lamb1a/katna1/foxc1a/myo9aa/efnb2a/pik3cd/prdm14/asah1b/casp9/robo3/npr1a/gli2a,116
BP,GO:0031344,regulation of cell projection organization,60/3864,209/18773,0.28708134,1.394766561,2.921643993,0.003086665,0.044835597,0.038475633,arhgap35a/plxna3/kctd12.1/tncb/col12a1b/casp3a/col15a1b/slit2/sh3yl1/abcc4/dock11/ulk2/twf2b/cdc42ep1a/camk2g2/atoh7/ezrb/si:ch211-247j9.1/tfg/tiam1b/tapt1b/plxnb3/clcf1/gsk3aa/sez6b/snap29/ddr1/abitram/pard3ab/rufy3/pak2b/appa/efhc2/arhgap24/pak1/nop56/ndel1b/ntrk3a/reep1/musk/cdc42/sfpq/plxna2/arhgap35b/unc45a/srcin1a/il6st/man1a2/mycbp2/znf365/m17/ephb3a/lamb1a/kctd12.2/ddr2b/pik3cd/cdc42ep5/casp9/ddr2l/nedd4a,60
BP,GO:0006743,ubiquinone metabolic process,9/3864,17/18773,0.529411765,2.572113628,3.301321767,0.003165149,0.044858484,0.038495273,ndufa9a/coq6/pdss1/pptc7a/pptc7b/coq2/coq8b/coq5/coq8aa,9
BP,GO:0006744,ubiquinone biosynthetic process,9/3864,17/18773,0.529411765,2.572113628,3.301321767,0.003165149,0.044858484,0.038495273,ndufa9a/coq6/pdss1/pptc7a/pptc7b/coq2/coq8b/coq5/coq8aa,9
BP,GO:0021984,adenohypophysis development,9/3864,17/18773,0.529411765,2.572113628,3.301321767,0.003165149,0.044858484,0.038495273,six1b/disp1/hey1/dmrta2/eya1/smo/pitx3/dzip1/gli2a,9
BP,GO:1901661,quinone metabolic process,9/3864,17/18773,0.529411765,2.572113628,3.301321767,0.003165149,0.044858484,0.038495273,ndufa9a/coq6/pdss1/pptc7a/pptc7b/coq2/coq8b/coq5/coq8aa,9
BP,GO:1901663,quinone biosynthetic process,9/3864,17/18773,0.529411765,2.572113628,3.301321767,0.003165149,0.044858484,0.038495273,ndufa9a/coq6/pdss1/pptc7a/pptc7b/coq2/coq8b/coq5/coq8aa,9
BP,GO:0022603,regulation of anatomical structure morphogenesis,82/3864,301/18773,0.272425249,1.32356087,2.880924367,0.003184868,0.044858484,0.038495273,serpinf1/arhgap35a/parvg/plxna3/kctd12.1/zranb1b/tncb/marchf5l/lurap1/casp3a/hdac4/slit2/sirt1/tnmd/ulk2/itgb1a/msnb/cdc42ep1a/amotl2a/gdnfa/rac1b/ezrb/rangrf/serpine1/parvb/fdx1/fitm2/tiam1b/plxnb3/disc1/vegfaa/wtip/rin2a/rack1/fn1a/thbs2a/trrap/sirt2/vhl/gata2a/pard3ab/plcg1/egfl6/rufy3/pak2b/arhgap18/pak1/ppp1r12a/mtdhb/fam171a1/mia2/atrn/pitx2/thbs1b/adgrg6/fermt2/tars1/mvda/myh9a/musk/per2/cemip2/palmda/plxna2/yjefn3/iars1/arhgap35b/ntn1a/rspo3/parp3/srcin1a/elavl1a/eve1/ephb3a/kctd12.2/pink1/pik3cd/cdc42ep5/casp9/nedd4a/cnmd/zeb1b,82
BP,GO:0051235,maintenance of location,30/3864,90/18773,0.333333333,1.619478951,2.9989835,0.003193484,0.044858484,0.038495273,pparaa/akap9/bdh2/ryr1a/casq1a/casq2/twf2b/tmsb/zgc:77486/aup1/plce1/itpr1b/fitm2/ankrd13c/ryr3/selenon/plcg1/insig1/srebf2/kdelr3/npc1/si:dkeyp-38g8.5/plin2/kdelr2b/vps13a/ppardb/plcd1a/spout1/bcl2l10/anxa6,30
MF,GO:0004722,protein serine/threonine phosphatase activity,31/3742,95/18430,0.326315789,1.607161945,2.994658706,0.003196351,0.049353829,0.043226301,ssh2a/dusp22b/pdp1/dusp8a/dusp1/dusp22a/ppp1cb/ppp6c/ppp3ccb/ppp1r1b/ppm1la/ctdsp2/dusp4/pptc7a/ppm1db/pptc7b/ctdsp1/ppp5c/ppp1caa/si:ch211-121a2.2/si:ch211-203d1.3/phlpp1/dusp6/ppp2r1ba/ctdsplb/si:ch211-223p8.8/dusp2/ppm1e/ilkap/dusp10/dusp16,31
BP,GO:0051640,organelle localization,77/3864,280/18773,0.275,1.336070135,2.884395604,0.003203151,0.044858484,0.038495273,akap9/bicdl2l/syne2a/si:ch211-235m3.5/cct2/llgl1/si:ch211-200p22.4/tmem106bb/dnm1l/fam83d/rhoab/exoc6b/kif5c/synj1/sar1ab/diaph2/xpo1a/optn/llgl2/tfg/arl8ba/scrib/ift88/kifbp/lmna/nsfa/wtip/xpo1b/kif5ba/kif13a/kif1aa/kif13ba/kif1b/mdn1/f8a/ap3d1/pard3ab/tacc1/unc13a/syne1b/ccdc186/gpsm1b/eif6/esyt2a/vapb/nmd3/ndel1b/pam/stx12/myo5aa/cdc42/borcs6/lmnb1/stx4/lmnl3/copb2/tmem230a/clasp2/seh1l/arfgap2/dync1li2/ltv1/kif23/rhot1a/cluha/tacc3/bloc1s2/ccnb1/lsg1/ippk/stard3/bbs5/dctn2/nup88/snapin/lmnb2/spout1,77
CC,GO:0005852,eukaryotic translation initiation factor 3 complex,9/3989,17/19331,0.529411765,2.565570023,3.292818554,0.003224362,0.025306358,0.020210117,eif3ha/eif3d/eif3ea/eif3s6ip/eif3ba/eif3ja/eif3s10/eif3k/eif3m,9
BP,GO:0030518,nuclear receptor-mediated steroid hormone signaling pathway,10/3864,20/18773,0.5,2.429218427,3.255575729,0.003229029,0.045019003,0.038633022,esrrga/ar/strn3/esr2a/arnt/vhl/kank2/nr3c1/carm1/src,10
CC,GO:0070993,translation preinitiation complex,10/3989,20/19331,0.5,2.423038355,3.246655271,0.003293982,0.025466908,0.020338335,eif3ha/eif3d/eif3ea/eif1/eif3s6ip/eif3ba/eif3ja/eif3s10/eif3k/eif3m,10
BP,GO:0006364,rRNA processing,48/3864,161/18773,0.298136646,1.448478068,2.909425225,0.003417295,0.047432057,0.040703782,sart1/riok3/eri1/mrpl44/dimt1l/srfbp1/bud23/rps16/znhit6/c1d/mphosph10/wdr36/gnl3l/rps8b/lsm6/si:dkey-251i10.3/nop53/mrm3a/exosc10/bop1/exosc7/eif6/bms1/nop2/nop56/nop10/rpf1/tsr2/tsr1/rps7/ncl/riok2/ddx10/ybey/tfb1m/esf1/sde2/nol9/rpl7/rpl7a/ltv1/ngdn/las1l/ddx18/rpl7l1/krr1/mettl16/nob1,48
BP,GO:0055013,cardiac muscle cell development,17/3864,43/18773,0.395348837,1.92077736,3.077297939,0.003463448,0.047492369,0.040755539,fhod3a/cmlc1/tcap/nrap/rbfox1l/smyd1b/mef2cb/alpk2/septin15/icam3/vcp/nexn/ilk/rbfox2/opa1/tln1/mat2aa,17
BP,GO:0170036,import into the mitochondrion,17/3864,43/18773,0.395348837,1.92077736,3.077297939,0.003463448,0.047492369,0.040755539,smdt1b/tomm7/grpel1/mcu/bcl2l16/micu2/tomm20b/vdac2/timm21/tomm40/sfxn3/slc25a32b/timm17a/slc25a28/timm23a/dnlz/timm44,17
BP,GO:0031669,cellular response to nutrient levels,24/3864,68/18773,0.352941176,1.714742419,3.005901408,0.003467262,0.047492369,0.040755539,dap1b/prkag2b/wdr59/gcn1/gabarapl2/nprl2/rptor/kptn/sesn1/rragd/pak2b/pak1/wdr45b/kank2/nuak2/map1lc3c/atf4a/wdr45/seh1l/prkag3b/kics2/map1lc3b/becn1/lamp2,24
BP,GO:0006606,protein import into nucleus,19/3864,50/18773,0.38,1.846206004,3.05016238,0.00348459,0.04752129,0.040780358,nutf2/ipo9/nup93/tnpo3/rpain/ipo7/nkd1/nup62l/hikeshi/kpna4/cse1l/nup133/kpna2/ipo13b/kpnb3/ranbp2/dzip1/ipo8/nup88,19
BP,GO:0032787,monocarboxylic acid metabolic process,86/3864,319/18773,0.269592476,1.309798023,2.841046223,0.003522814,0.047833689,0.041048443,abhd2a/pparaa/pcxb/zgc:56585/prkag2b/mmut/tle3a/acadl/dcaf5/cpt2/pfkma/pck1/ldhba/me2/tecrb/acsl1a/acss2/pm20d1.2/eno1a/fasn/ccdc57/slc27a6/si:ch211-256m1.8/ilvbl/echs1/idh1/dldh/hsd17b10/pdk2a/gpib/mcat/ndufab1b/cpt1b/acad11/tigara/ptges3a/lpla/acot20/phyh/cyp7b1/bpgm/ldha/scdb/aldh5a1/rpp14/aldob/lpin1a/echdc2/mecr/olah/ptges/fasn2/elovl1a/slc27a4/acsbg2/aclya/hacl1/auh/mpc1/pdk3a/acsl5/cyp7a1/decr1/slc38a9/ldhd/ptgis/acsf2/gatm/prkag3b/acot11b/zgc:85777/uroc1/dlat/lipg/aldh3a2b/aasdh/hadh/hyi/ppardb/zgc:123305/gck/elovl7a/pdhx/asah1b/cpt1a2b/ftcd,86
MF,GO:0016627,"oxidoreductase activity, acting on the CH-CH group of donors",21/3742,58/18430,0.362068966,1.783252548,3.015497963,0.003626412,0.055061022,0.048224917,acad8/blvra/bdh2/acadl/tecrb/acad9/dhodh/fasn/acadsb/dus1l/sdhb/si:ch211-210c8.6/acad11/sdha/acadvl/mecr/ivd/decr1/dhcr7/zgc:85777/srd5a3,21
CC,GO:0005773,vacuole,92/3989,344/19331,0.26744186,1.296043772,2.824970587,0.003629063,0.027644918,0.022077734,dram2b/abcb6a/hspa8/tinagl1/ctsd/wdr59/tbc1d14/tmem175/ulk2/ncoa4/atg9b/atg4b/tmem106bb/znrf2b/cax2/ctsla/kcmf1/gabarapl2/pip4k2aa/sar1ab/slc11a2/optn/atg16l1/b2ml/arl8ba/napsa/rab9a/il1b/nprl2/rragd/snap29/ppt2b/cyb561a3a/atp6v0a1a/pcyox1/arrdc3a/fnip1/borcs7/pip4p2/spns1/npc2.1/marchf8/wdr45b/trip10a/ctsk/wwox/lamtor3/rab7a/cd63/rab24/si:dkey-13a21.4/ctsf/slc48a1b/plekhm1/tpcn2/atg13/unc93b1/vmp1/map1lc3c/pla2g15/cln3/slc36a1/tmem230a/seh1l/slc38a9/si:dkey-224e22.2/kics2/rab3gap2/glmp/ccz1/map1lc3b/pld3/wdr48b/tpcn1/sftpbb/atp6v1g1/clcn3/becn1/lamp2/smpd1/sting1/ulk3/ctsz/lamp1b/scarb2b/atp6v0d1/asah1b/si:ch211-260e23.9/neu1/atp6ap2/tex264a/ctbs,92
MF,GO:0008168,methyltransferase activity,63/3742,226/18430,0.278761062,1.372946652,2.847337603,0.003747116,0.05596103,0.049013185,smyd2a/mettl22/as3mt/nsd1a/mettl17/dimt1l/atpsckmt/bud23/ehmt1b/pcmtd1/ndufaf5/kmt2bb/smyd1b/setbp1/trmt10c/dnmt3aa/si:ch211-93g23.2/tyms/bhmt/shmt2/pcmt/antkmt/mrm3a/prdm9/lcmt1/tpmt.1/ezh1/prdm10/nsd2/mettl1/mettl6/nop2/mettl2a/dot1l/amt/trmt61a/prmt6/ash1l/mettl3/dmap1/tfb1m/pcmtd2a/tmt1a.1/setd6/gnmt/comtb/nsd3/tgs1/sftpbb/carm1/hnmt/setd2/lcmt2/mettl16/prmt7/kmt5b/prdm5/ash2l/prdm14/spout1/coq5/mettl27/zgc:172121,63
MF,GO:0043177,organic acid binding,31/3742,96/18430,0.322916667,1.590420675,2.927453496,0.003819227,0.056117991,0.049150658,si:ch211-5k11.8/fabp1b.1/tmem175/fabp4a/plod1a/hbbe2/egln1b/fabp7a/slc19a1/si:dkey-238d18.5/p4htmb/sesn1/ptgdsb.1/gprc6a/p3h3/p4ha1a/nr1h4/egln1a/slc7a6/crabp1b/mag/ogfod1/gclc/fabp3/slc38a9/gnmt/nags/slc46a1/fabp2/bckdhbl/ftcd,31
MF,GO:0140658,ATP-dependent chromatin remodeler activity,15/3742,37/18430,0.405405405,1.996692042,3.063070636,0.003886406,0.056198663,0.049221314,chd9/bptf/rad54l2/smarcad1b/chd4a/ep400/srcap/chd4b/smarca5/chd8/hltf/ercc6l/atrx/smarca2/chd5,15
BP,GO:2000058,regulation of ubiquitin-dependent protein catabolic process,16/3864,40/18773,0.4,1.943374741,3.040605994,0.003933294,0.053176086,0.045633016,ube3a/csnk1e/hsp90ab1/ubxn1/sh3rf1/gsk3aa/klhl40a/sirt2/fzr1a/desi1a/vcp/dda1/axin1/prmt6/ccdc22/axin2,16
BP,GO:0055006,cardiac cell development,18/3864,47/18773,0.382978723,1.860677944,3.007576393,0.003996418,0.053643046,0.046033737,fhod3a/cmlc1/fbn2b/tcap/nrap/rbfox1l/smyd1b/mef2cb/alpk2/septin15/icam3/vcp/nexn/ilk/rbfox2/opa1/tln1/mat2aa,18
BP,GO:0032870,cellular response to hormone stimulus,65/3864,232/18773,0.280172414,1.36119998,2.818218801,0.004017918,0.053643046,0.046033737,abhd2a/pparaa/tgif1/irs2b/esrrga/ar/znf106a/pck1/adipor1a/inpp5ka/socs7/si:ch73-335l21.1/strn3/anxa1a/stat5a/thrab/esr2a/ghra/nr1d4b/paqr7b/rxraa/gsk3aa/nr4a2a/grb10a/nr1d4a/keap1a/arnt/pik3r1/igf2b/grb10b/vhl/nr4a1/tns2a/rargb/nr4a3/vtg2/insig1/cyp11c1/ramp1/pitx2/kank2/lpin1a/nr1d2b/gnrhr1/keap1b/sstr5/nr3c1/vtg3/ssr4/cav2/ncoa2/vtg7/zgc:92045/pik3r2/c9/ncoa1/carm1/ppardb/bglap/zgc:123305/rps6kb1b/foxc1a/tsc2/avpr2ab/src,65
BP,GO:0042255,ribosome assembly,13/3864,30/18773,0.433333333,2.105322636,3.084464053,0.004019364,0.053643046,0.046033737,rpsa/ddx28/mdn1/sbds/rps19/nop53/rps14/eif6/rpl5a/rps5/rps27.2/mterf3/eral1,13
BP,GO:0048667,cell morphogenesis involved in neuron differentiation,125/3864,489/18773,0.255623722,1.241931711,2.759695683,0.00409851,0.054466583,0.046740455,col6a2/chrna1/arhgap35a/asb10/plxna3/kctd12.1/col2a1a/nos1/tncb/ncaldb/casp3a/col15a1b/slit2/extl3/ulk2/chchd10/tmem106bb/sema3aa/atoh7/clrn2/enah/trarg1a/notch1b/dag1/rac1b/lama4/kif5c/mst1rb/optn/llgl2/zfyve26/tiam1b/si:ch211-159i8.4/plxnb3/sema4d/vegfaa/lama1/scrib/cpsf1/tardbpa/kifbp/rtn4a/lamb2/nsfa/boc/efnb1/usp33/kif5ba/rgs4/sema4ba/abitram/kif1b/lamc1/evlb/si:dkey-246i14.3/disp1/pard3ab/notch3/rufy3/pak2b/appa/pak1/ppp1r12a/mapk8ip3/lamc3/en1b/col4a5/vasna/plxnc1/pdzd7a/nop56/nexn/sema6ba/coro1a/rest/sema4ga/reep1/ptprfb/musk/lrrc15/mapk3/sema3e/sema6cb/islr2/sfpq/sema7a/ist1/plxna2/ank3a/cln3/smo/ngly1/vwa1/aplp2/arhgap35b/dock7/grna/pnpla6/ntn1a/clns1a/mmp14a/snx27a/tppp2/srcin1a/asb16/dzip1/mmp2/mycbp2/nrp2a/ephb3a/si:dkey-49n23.1/lamb1a/kctd12.2/katna1/foxc1a/myo9aa/efnb2a/pik3cd/prdm14/asah1b/casp9/robo3/npr1a/gli2a/nedd4a,125
BP,GO:0007034,vacuolar transport,33/3864,103/18773,0.32038835,1.556586565,2.883558366,0.004171296,0.055198978,0.047368959,hspa8/ap1g2/ap3s2/vps37a/vps36/vps37d/chmp1a/arl8ba/gnptab/ap4m1/vps54/pikfyve/ap3d1/vps25/aktip/vcp/tsg101a/chmp5b/rab7a/vta1/si:dkey-13a21.4/ndfip2/vps37c/vipas39/zgc:92045/vps13a/becn1/lamp2/vps28/ndfip1/snapin/atp6v0d1/chmp6b,33
MF,GO:0043236,laminin binding,7/3742,12/18430,0.583333333,2.873017994,3.275916195,0.004256626,0.058754334,0.051459686,lgals2a/itgb1a/dag1/rpsa/adgrg6/lgals3a/lgals2b,7
MF,GO:0070530,K63-linked polyubiquitin modification-dependent protein binding,7/3742,12/18430,0.583333333,2.873017994,3.275916195,0.004256626,0.058754334,0.051459686,zranb1b/rnf169/tab2/optn/tnip2/ikbkg/uimc1,7
MF,GO:0070628,proteasome binding,7/3742,12/18430,0.583333333,2.873017994,3.275916195,0.004256626,0.058754334,0.051459686,psmd14/adrm1/psme4b/usp14/rad23b/uchl5/psmg1,7
BP,GO:0030098,lymphocyte differentiation,24/3864,69/18773,0.347826087,1.689891079,2.922721283,0.00429671,0.05661867,0.048587267,slc39a7/irf7/brd4/runx1/tnpo3/stat5a/bcl6aa/sh3rf1/sart3/upf1/flt3/rabl3/kat2a/pak1/il2rga/rpl22/arpc1b/cd79b/rpl10a/opa1/cisha/agtpbp1/mettl3/snapc3,24
BP,GO:0080135,regulation of cellular response to stress,36/3864,115/18773,0.313043478,1.520901971,2.852475685,0.00438464,0.057470593,0.049318344,tncb/smyd2a/col12a1b/usp14/rnf169/dnajb6b/yju2/clcf1/babam2/dhx30/usp1/rnft2/vhl/etaa1b/rmi2/insig1/mia2/trappc11/pargl/rnf8/wdr76/eya1/tmem259/sfpq/herpud1/hdgfl2/slc38a9/il6st/znf365/wdr48b/ddias/m17/ndrg1a/dgat2/klhdc10/kmt5b,36
MF,GO:0016811,"hydrolase activity, acting on carbon-nitrogen (but not peptide) bonds, in linear amides",24/3742,70/18430,0.342857143,1.688630984,2.913537993,0.004413033,0.060004081,0.05255427,gls2a/upb1/gls2b/btd/hdac4/sirt1/hdac10/pm20d1.2/ydjc/hdac6/si:ch211-256m1.8/faah2a/glsa/sirt2/sirt4/asrgl1/hdac5/pglyrp6/aspa/tgm2b/ngly1/acy1/asah1b/pglyrp2,24
BP,GO:0006399,tRNA metabolic process,49/3864,167/18773,0.293413174,1.425529376,2.811971069,0.004418514,0.057470593,0.049318344,lrrc47/zbtb8os/rtraf/farsa/si:ch211-225b11.4/tyw1/clp1/si:ch211-256m1.8/dtd2/trmt10c/thada/trpt1/cdk5rap1/yars1/kars1/rpp25l/lsm6/gtdc1/wars2/exosc10/exosc7/dars1/polr3e/mettl1/mettl6/mettl2a/rpp14/tars1/farsb/mars2/thg1l/trmt61a/elp4/tp53rk/pus3/nars2/iars1/zcchc7/rars1/trmu/trnt1/tsen2/mars1/lcmt2/adat3/lars2/pus7/polr2f/aars2,49
BP,GO:0007626,locomotory behavior,49/3864,167/18773,0.293413174,1.425529376,2.811971069,0.004418514,0.057470593,0.049318344,col6a1/klhl41a/desma/atoh7/tcap/hdac10/ugp2a/dnajb6b/hdac6/vps37a/nrap/opa3/tfg/lsm7/disc1/bhlhe40/tardbpa/setd5/dnmt3aa/rgs4/sin3b/dmd/sirt2/wfs1a/pleca/vcp/scdb/vapb/nop56/ugp2b/rest/reep1/per2/hcn2b/ngly1/surf1/mao/grna/atp1a3a/flncb/ca6/abhd12/myo9aa/pink1/asah1b/chata/rbfox1/atp13a2/nus1,49
BP,GO:0002062,chondrocyte differentiation,15/3864,37/18773,0.405405405,1.969636562,3.005529399,0.004453373,0.057470593,0.049318344,rflnb/rflna/sox6/runx1/runx3/loxl2b/pmm2/msmo1/sulf2b/nup62l/gnptab/creb3l2/sox5/atg13/irx5a,15
BP,GO:0006518,peptide metabolic process,15/3864,37/18773,0.405405405,1.969636562,3.005529399,0.004453373,0.057470593,0.049318344,lancl1/bdh2/aebp1b/lnpep/cpda/lancl2/anpeplb/gclm/cpz/pam/enpep/erap2/gclc/aasdh/cpe,15
BP,GO:0051170,import into nucleus,19/3864,51/18773,0.37254902,1.810005886,2.948809499,0.004499005,0.057613315,0.049440821,nutf2/ipo9/nup93/tnpo3/rpain/ipo7/nkd1/nup62l/hikeshi/kpna4/cse1l/nup133/kpna2/ipo13b/kpnb3/ranbp2/dzip1/ipo8/nup88,19
BP,GO:0009953,dorsal/ventral pattern formation,46/3864,155/18773,0.296774194,1.441858679,2.81210997,0.004501329,0.057613315,0.049440821,her6/fcho1/zmiz2/ddit4/net1/otud4/jag1b/ctnnb1/chrdl2/fstl1b/igf1/nup62l/usp5/fsta/boc/cdk5rap3/map2k4a/rbm14b/yap1/ptbp1a/zeb2b/smad9/lzts2a/tsc22d3/mgaa/dusp6/il17rd/nog3/axin1/rest/smad4a/smad1/aida/bmp1a/axin2/smo/cav1/tle5/rbm14a/eve1/adnpb/chrd/robo3/skia/gli2a/pou5f3,46
BP,GO:0071363,cellular response to growth factor stimulus,79/3864,292/18773,0.270547945,1.314440107,2.756869461,0.004531779,0.057766311,0.049572115,tgif1/sp9/fcho1/hspa8/vegfab/znf703/extl3/tbx2b/wfikkn2a/has2/lats2/rbms3/hsp90ab1/rab5c/mmp9/tgfb3/gpc1b/chrdl2/sulf2b/dusp4/rerea/fstl1b/nup62l/vegfaa/ltbp3/fsta/sfrp1a/rin2a/rgma/id2a/gpr155a/cad/smoc1/spartb/rbm14b/vhl/lats1/yap1/smad3a/smad9/eaf1/rargb/lzts2a/ppp1r12a/tsc22d3/mgaa/dusp6/il17rd/nog3/cd63/shcbp1/zgc:113531/acvr2aa/ntrk3a/smad4a/smad1/fgf4/fgf23/ncl/ldlrad4a/cemip2/ngly1/pnpla6/rbm14a/ldb2a/dzip1/mmp2/twsg1a/smad2/nrp2a/bmpr2b/foxc1a/pink1/chrd/bmp10/igfbp3/skia/smurf1/akt1s1,79
MF,GO:0004812,aminoacyl-tRNA ligase activity,16/3742,41/18430,0.390243902,1.922019006,2.983143811,0.004551841,0.060097496,0.052636087,lrrc47/farsa/si:ch211-256m1.8/yars1/kars1/wars2/dars1/tars1/farsb/mars2/nars2/iars1/rars1/mars1/lars2/aars2,16
MF,GO:0016875,"ligase activity, forming carbon-oxygen bonds",16/3742,41/18430,0.390243902,1.922019006,2.983143811,0.004551841,0.060097496,0.052636087,lrrc47/farsa/si:ch211-256m1.8/yars1/kars1/wars2/dars1/tars1/farsb/mars2/nars2/iars1/rars1/mars1/lars2/aars2,16
BP,GO:0009437,carnitine metabolic process,7/3864,12/18773,0.583333333,2.834088164,3.235433023,0.004615896,0.058362123,0.05008341,acadl/crata/cpt1b/zgc:154046/aldh9a1b/cratb/cpt1a2b,7
BP,GO:0051057,positive regulation of small GTPase mediated signal transduction,7/3864,12/18773,0.583333333,2.834088164,3.235433023,0.004615896,0.058362123,0.05008341,abrab/net1/arhgef49/f2rl1.1/arhgef3l/arhgef3/si:dkey-29b11.3,7
MF,GO:0016755,aminoacyltransferase activity,110/3742,431/18430,0.255220418,1.25700489,2.725067582,0.004624126,0.060179703,0.052708088,ube2l3b/lonrf4/trim55a/ube2d4/trim55b/marchf5l/ube3a/rnf115b/hectd3/zmiz2/dtx4b/mkrn1/fbxo40.2/si:ch211-59o9.10/chfr/rc3h1b/ube2g1b/fbxo40.1/ube2e1/znrf2b/nccrp1/ube3c/rnf19a/arih2/rbx1/rnf20/ufc1/sh3rf1/rbbp6/trim101/pdzrn3b/asb12b/ark2cb/ubr1/arih1/trim105/ube2al/ube2h/cdc34a/xiap/mylipa/ubr2/rnf38/rnf34b/lonrf1/rnft2/rnf40/ube2s/pias2/dtx2/ube4a/peli3/aktip/marchf8/ubr4/birc6/wdsub1/si:ch73-335l21.2/g2e3/fbxo30a/hectd1/ube2d2/amfra/rnf8/zgc:112970/ube2kb/shrprbck1r/ube2d3/cbx4/toporsa/trim3b/ifit16/herc1/ankib1a/trim71/ube2c/tgm2b/ranbp2/tgm5l/dtx3lb.2/trim107/rnf146/maea/rmnd5b/ltn1/btr26/ankib1b/mdm4/hace1/rnf220a/trim37/trim44/rnf11a/rnf14/ark2n/dtx3lb.3/rc3h2/itcha/ubr5/mycbp2/fbxo2/ube4b/herc56.1/si:dkey-183c6.9/herc4/rnf181/ube2z/znf598/smurf1/nedd4a,110
BP,GO:0005976,polysaccharide metabolic process,22/3864,62/18773,0.35483871,1.723961464,2.906781378,0.004655032,0.058619616,0.050304378,ppp1r3cb/gbe1b/ppp1r3db/gyg1b/has2/ppp1cb/inpp5ka/phkg2/ugp2a/ppp1r3aa/pygl/ppp1caa/gyg1a/epm2a/wdr45b/ugp2b/phka2/atg2a/wdr45/ndst1b/phka1a/agla,22
MF,GO:0004386,helicase activity,41/3742,137/18430,0.299270073,1.473957094,2.810465697,0.004696791,0.060264464,0.052782326,ddx21/ddx19b/ddx17/ddx39b/eif4a2/ddx6/ifih1/helz2a/ddx39ab/dna2/recql/upf1/ddx28/rad54l2/ddx31/dhx30/dhx29/xrcc5/smarcad1b/chd4a/recql5/srcap/ddx59/tdrd9/chd4b/ascc3/chd8/ddx10/hltf/ercc6l/ddx24/ddx18/ighmbp2/mcm4/chd5/ddx61/eif4a1a/ddx23/ythdc2/ercc3/supv3l1,41
BP,GO:0050821,protein stabilization,11/3864,24/18773,0.458333333,2.226783558,3.061498755,0.004756021,0.059650822,0.051189306,hsp90ab1/cdc37l1/bag1/usp13/atf7ip/hsp90aa1.1/glmp/trim44/dnlz/si:dkey-183c6.9/bag2,11
BP,GO:0006638,neutral lipid metabolic process,20/3864,55/18773,0.363636364,1.76670431,2.898872419,0.004966462,0.06102599,0.052369405,abhd2a/pnpla3/pck1/dgat1a/gpam/abhd6a/sbds/zgc:172295/lpla/pnpla4/lipeb/lpin1a/dgkaa/si:dkey-172j4.3/cetp/lipg/abhd12/dgat2/zgc:123305/gk5,20
BP,GO:0070848,response to growth factor,79/3864,293/18773,0.269624573,1.309953964,2.722259961,0.004977755,0.06102599,0.052369405,tgif1/sp9/fcho1/hspa8/vegfab/znf703/extl3/tbx2b/wfikkn2a/has2/lats2/rbms3/hsp90ab1/rab5c/mmp9/tgfb3/gpc1b/chrdl2/sulf2b/dusp4/rerea/fstl1b/nup62l/vegfaa/ltbp3/fsta/sfrp1a/rin2a/rgma/id2a/gpr155a/cad/smoc1/spartb/rbm14b/vhl/lats1/yap1/smad3a/smad9/eaf1/rargb/lzts2a/ppp1r12a/tsc22d3/mgaa/dusp6/il17rd/nog3/cd63/shcbp1/zgc:113531/acvr2aa/ntrk3a/smad4a/smad1/fgf4/fgf23/ncl/ldlrad4a/cemip2/ngly1/pnpla6/rbm14a/ldb2a/dzip1/mmp2/twsg1a/smad2/nrp2a/bmpr2b/foxc1a/pink1/chrd/bmp10/igfbp3/skia/smurf1/akt1s1,79
BP,GO:0006979,response to oxidative stress,27/3864,81/18773,0.333333333,1.619478951,2.844400536,0.004989905,0.06102599,0.052369405,gpx4a/ndufa6/ppifb/txnrd2.2/banf1/msraa/prdx4/keap1a/sesn1/sod3b/sirt2/naprt/hmox1a/msrb3/prdx5/reep1/keap1b/apoda.2/per2/prdx2/gpx7/atf4a/hmox2a/gpx1a/gclc/cry1a/sod1,27
BP,GO:0000423,mitophagy,14/3864,34/18773,0.411764706,2.000532822,2.972673196,0.005022587,0.06102599,0.052369405,ulk2/atg9b/atg4b/atg4da/gabarapl2/atg4c/tafazzin/atg7/rimoc1/atg13/map1lc3c/map1lc3b/becn1/ulk3,14
BP,GO:0009066,aspartate family amino acid metabolic process,14/3864,34/18773,0.411764706,2.000532822,2.972673196,0.005022587,0.06102599,0.052369405,got2a/gcat/si:ch211-256m1.8/got1/bhmt/aass/apip/adi1/asrgl1/dlst/enoph1/asnsd1/cnr2/zgc:172121,14
BP,GO:0044804,nucleophagy,10/3864,21/18773,0.476190476,2.313541359,3.066049599,0.00503828,0.06102599,0.052369405,ulk2/atg9b/atg4b/atg4da/atg4c/wdr45b/atg13/atg2a/wdr45/ulk3,10
BP,GO:0048738,cardiac muscle tissue development,35/3864,112/18773,0.3125,1.518261517,2.800529106,0.005069628,0.06102599,0.052369405,fhod3a/rbm24a/cmlc1/runx1/tcap/rbx1/nrap/rbfox1l/ddx39ab/cdk9/smyd1b/mef2cb/alpk2/septin15/icam3/vcp/fer1l6/nexn/fermt2/ilk/smad4a/sgcg/rbfox2/opa1/cemip2/tln1/ttn.1/ttn.2/cav1/nr2f1a/unc45b/dpf3/npr1a/rbfox1/mat2aa,35
BP,GO:0032790,ribosome disassembly,8/3864,15/18773,0.533333333,2.591166322,3.138466635,0.005091383,0.06102599,0.052369405,rack1/gfm2/ascc3/ufsp2/ltn1/rnf14/mtrfr/znf598,8
BP,GO:0046112,nucleobase biosynthetic process,8/3864,15/18773,0.533333333,2.591166322,3.138466635,0.005091383,0.06102599,0.052369405,dhodh/hprt1/cad/ctps1b/umps/cps1/gart/hprt1l,8
BP,GO:0009725,response to hormone,78/3864,289/18773,0.269896194,1.311273614,2.714831153,0.005092642,0.06102599,0.052369405,abhd2a/pparaa/akt3a/tgif1/nos1/irs2b/esrrga/ar/spata18/znf106a/pck1/adipor1a/ncoa4/inpp5ka/socs7/si:ch73-335l21.1/strn3/anxa1a/stat5a/thrab/slc2a1b/esr2a/hsp90ab1/ghra/jun/nr1d4b/jund/paqr7b/rxraa/gsk3aa/nr4a2a/grb10a/nr1d4a/keap1a/arnt/pik3r1/igf2b/grb10b/vhl/nr4a1/timp2a/tns2a/rargb/nr4a3/vtg2/insig1/cyp11c1/ramp1/pitx2/kank2/lpin1a/nr1d2b/gnrhr1/keap1b/sstr5/nr3c1/gclc/vtg3/ssr4/cav2/stat4/stat1a/ncoa2/vtg7/zgc:92045/pik3r2/c9/ncoa1/foxd3/carm1/ppardb/bglap/zgc:123305/rps6kb1b/foxc1a/tsc2/avpr2ab/src,78
BP,GO:0007020,microtubule nucleation,9/3864,18/18773,0.5,2.429218427,3.088345639,0.005183478,0.06102599,0.052369405,akap9/tubgcp5/slain2/tubgcp4/ndel1b/pcnt/tubgcp2/clasp2/tubgcp3,9
BP,GO:0008535,respiratory chain complex IV assembly,9/3864,18/18773,0.5,2.429218427,3.088345639,0.005183478,0.06102599,0.052369405,cox17/cox19/coa6/pet100/coa3a/uqcc6/surf1/cox20/cox18,9
BP,GO:0031290,retinal ganglion cell axon guidance,18/3864,48/18773,0.375,1.82191382,2.902589117,0.005183992,0.06102599,0.052369405,slit2/extl3/atoh7/lama1/cpsf1/boc/lamc1/disp1/col4a5/vasna/islr2/smo/mmp14a/dzip1/mmp2/mycbp2/lamb1a/gli2a,18
BP,GO:0141091,transforming growth factor beta receptor superfamily signaling pathway,56/3864,197/18773,0.284263959,1.381078496,2.737291375,0.005192898,0.06102599,0.052369405,tgif1/fcho1/znf703/net1/tbx2b/wfikkn2a/has2/lats2/rbms3/hsp90ab1/mmp9/tgfb3/chrdl2/fstl1b/nup62l/seraf/ltbp3/fsta/sfrp1a/rgma/id2a/gpr155a/smoc1/spartb/rbm14b/lats1/yap1/smad3a/smad9/eaf1/rargb/lzts2a/ppp1r12a/tsc22d3/mgaa/nog3/zgc:113531/acvr2aa/smad4a/smad1/ldlrad4a/ngly1/pnpla6/rbm14a/ldb2a/dzip1/mmp2/twsg1a/smad2/bmpr2b/prex1/chrd/bmp10/igfbp3/skia/smurf1,56
BP,GO:0030509,BMP signaling pathway,39/3864,128/18773,0.3046875,1.480304979,2.775814587,0.00521383,0.06102599,0.052369405,fcho1/tbx2b/has2/lats2/chrdl2/fstl1b/nup62l/fsta/sfrp1a/rgma/id2a/gpr155a/smoc1/spartb/rbm14b/lats1/yap1/smad9/rargb/lzts2a/ppp1r12a/tsc22d3/mgaa/nog3/zgc:113531/smad4a/smad1/ngly1/pnpla6/rbm14a/ldb2a/dzip1/twsg1a/bmpr2b/chrd/bmp10/igfbp3/skia/smurf1,39
BP,GO:0071772,response to BMP,39/3864,128/18773,0.3046875,1.480304979,2.775814587,0.00521383,0.06102599,0.052369405,fcho1/tbx2b/has2/lats2/chrdl2/fstl1b/nup62l/fsta/sfrp1a/rgma/id2a/gpr155a/smoc1/spartb/rbm14b/lats1/yap1/smad9/rargb/lzts2a/ppp1r12a/tsc22d3/mgaa/nog3/zgc:113531/smad4a/smad1/ngly1/pnpla6/rbm14a/ldb2a/dzip1/twsg1a/bmpr2b/chrd/bmp10/igfbp3/skia/smurf1,39
BP,GO:0071773,cellular response to BMP stimulus,39/3864,128/18773,0.3046875,1.480304979,2.775814587,0.00521383,0.06102599,0.052369405,fcho1/tbx2b/has2/lats2/chrdl2/fstl1b/nup62l/fsta/sfrp1a/rgma/id2a/gpr155a/smoc1/spartb/rbm14b/lats1/yap1/smad9/rargb/lzts2a/ppp1r12a/tsc22d3/mgaa/nog3/zgc:113531/smad4a/smad1/ngly1/pnpla6/rbm14a/ldb2a/dzip1/twsg1a/bmpr2b/chrd/bmp10/igfbp3/skia/smurf1,39
BP,GO:0006418,tRNA aminoacylation for protein translation,16/3864,41/18773,0.390243902,1.895975357,2.9237854,0.005236941,0.06102599,0.052369405,lrrc47/farsa/si:ch211-256m1.8/yars1/kars1/wars2/dars1/tars1/farsb/mars2/nars2/iars1/rars1/mars1/lars2/aars2,16
BP,GO:0007528,neuromuscular junction development,16/3864,41/18773,0.390243902,1.895975357,2.9237854,0.005236941,0.06102599,0.052369405,tncb/dok7b/inpp5ka/pdzrn3b/tardbpa/ppfibp1b/ache/slc25a1a/ppfibp2b/nop56/musk/vwa1/grna/mycbp2/myo9aa/nedd4a,16
CC,GO:0033290,eukaryotic 48S preinitiation complex,9/3989,18/19331,0.5,2.423038355,3.079888145,0.005277501,0.039619497,0.03164085,eif3ha/eif3d/eif3ea/eif3s6ip/eif3ba/eif3ja/eif3s10/eif3k/eif3m,9
MF,GO:0140297,DNA-binding transcription factor binding,20/3742,56/18430,0.357142857,1.758990609,2.87111114,0.005337785,0.067537805,0.059152644,nfkbiaa/faf1/ankrd1a/ctnnb1/smarce1/nr4a2a/jupa/crebbpa/crtc3/nr4a1/nr4a3/ep300b/atf4a/tnni3k/nfkbiab/ncoa2/ncoa1/prkcbb/zfpm2a/zgc:136929,20
BP,GO:0031076,embryonic camera-type eye development,21/3864,59/18773,0.355932203,1.729274134,2.856163585,0.005396264,0.062648816,0.053762032,hspa8/znf703/lum/sox11a/nid2a/rerea/sfrp1a/tcf7l1a/efnb1/smoc1/znf503/sox4b/six3b/pitx2/tln1/plxna2/smo/ntn1a/phactr4a/foxc1a/efnb2a,21
BP,GO:0080134,regulation of response to stress,83/3864,311/18773,0.266881029,1.296624626,2.685329604,0.005440023,0.062922932,0.053997265,pparaa/tncb/smyd2a/col12a1b/lgals2a/foxo3b/mavs/si:dkey-237i9.1/cd248b/brd4/metrnla/otud4/tmsb/usp14/ripk1l/rnf169/dnajb6b/mmp9/serpine1/usp4/ifih1/yju2/tnfaip6/clcf1/babam2/zdhhc5a/sesn1/dhx30/nr1h4/usp1/ikbke/myd88/rnft2/vhl/cd248a/rps19/irf1b/etaa1b/rmi2/marchf8/insig1/mia2/trappc11/lgr4/pargl/unc93b1/rnf8/wdr76/gp9/zdhhc18a/eya1/ptpn22/tmem259/sfpq/mettl3/sema7a/herpud1/hdgfl2/parp14rs1/setd6/spint1a/slc38a9/cav1/grna/zmp:0000000936/il6st/zgc:113337/znf365/wdr48b/ddias/m17/ndrg1a/dgat2/rpl11/irak4/ppardb/klhdc10/slc15a2/sting1/kmt5b/gpatch3/fadd/tlr22,83
BP,GO:0099518,vesicle cytoskeletal trafficking,13/3864,31/18773,0.419354839,2.037409003,2.942879414,0.005635664,0.064945309,0.055732766,bicdl2l/si:ch211-235m3.5/synj1/kif13a/kif1aa/kif13ba/kif1b/f8a/ap3d1/ccdc186/ndel1b/myo5aa/kif23,13
BP,GO:0006839,mitochondrial transport,32/3864,101/18773,0.316831683,1.539306726,2.766627428,0.005704838,0.065500769,0.056209433,slc25a55a/ucp3/slc25a24/smdt1b/tomm7/grpel1/mcu/ppifb/bcl2l16/bnip3lb/micu2/sfxn4/tomm20b/slc25a55b/vdac2/slc25a1a/chchd4a/timm21/slc25a16/slc25a12/tomm40/sfxn3/slc25a32b/timm13/timm17a/slc25a28/mpc1/timm23a/slc25a3b/rhot1a/dnlz/timm44,32
MF,GO:0016853,isomerase activity,45/3742,155/18430,0.290322581,1.42988914,2.712783122,0.00588895,0.073214534,0.064124579,mmut/pbld/abcc4/pgm1/fkbp10b/fkbp7/pmm2/ppifb/echs1/fkbp10a/ppie/gpib/ptgdsb.1/fkbp14/fkbp6/top3a/aipl1/ptges3a/fkbp15b/bpgm/fkbp5/erp44/eci2/aip/ptges/top2a/ptpa/tbxas1/pus3/hsd3b7/naxe/yjefn3/txndc5/ranbp2/ptgis/ppih/enoph1/hyi/ppig/rpe/katna1/pus7/ercc3/fkbp2/ppib,45
CC,GO:0005874,microtubule,74/3989,273/19331,0.271062271,1.313588559,2.66078527,0.005949403,0.044025584,0.035159631,mid1ip1l/tubb2/kif2c/dnm1l/mid1ip1b/tubb2b/kif5c/kif3a/tubd1/zgc:55461/disc1/radil/tubgcp5/ttll6/dnah1/rassf1/kif5ba/selenos/kif13a/tuba8l4/kif1aa/kif13ba/kif1b/kifc1/dnai2b/clip1a/fgf13a/ccsapb/mapre3b/nckap5l/efhc2/slain2/lzts2a/tubgcp4/tubb5/maptb/kntc1/ndel1b/camsap3/tuba5/klc1a/dynlt3/shroom2b/mxa/reep1/cenpe/ckap5/dnah9l/opa1/tbca/rmdn1/tubgcp2/incenp/clasp2/kif21b/dync1li2/kif23/haus3/rmdn3/tppp2/tuba8l3/map4l/tubgcp3/kif20a/stard9/katna1/dctn2/tuba1c/rassf3/cfap126/dynll2a/dynll1/kif11/enkd1,74
BP,GO:0034620,cellular response to unfolded protein,17/3864,45/18773,0.377777778,1.835409478,2.856337548,0.005970071,0.0679022,0.058270219,derl1/selenos/derl2/hspb8/wfs1a/os9/amfra/serp2/atf4a/herpud2/herpud1/parp16/edem2/erlec1/tegt/tmtc4/parp6b,17
BP,GO:0043038,amino acid activation,17/3864,45/18773,0.377777778,1.835409478,2.856337548,0.005970071,0.0679022,0.058270219,lrrc47/farsa/si:ch211-256m1.8/yars1/kars1/wars2/dars1/tars1/farsb/mars2/nars2/iars1/rars1/aasdh/mars1/lars2/aars2,17
BP,GO:0061035,regulation of cartilage development,15/3864,38/18773,0.394736842,1.917804021,2.883131691,0.00597922,0.0679022,0.058270219,rflnb/rflna/sox6/loxl2b/rbms3/tgfb3/msmo1/tapt1b/nup62l/kat2a/sox5/atg13/ncl/irx5a/vwa1,15
BP,GO:0044242,cellular lipid catabolic process,41/3864,137/18773,0.299270073,1.453984752,2.715030877,0.006005832,0.067957299,0.058317503,abhd2a/pnpla3/smpdl3b/gpcpd1/acadl/cpt2/pck1/si:ch211-256m1.8/ilvbl/echs1/gdpd3a/cpt1b/acad11/abhd6a/lpla/gdpd1/plcg1/phyh/plbd2/pnpla4/lipeb/pld2/bco1/lpin1a/echdc2/hacl1/auh/decr1/smpd5/zgc:85777/napepld/lipg/hadh/abhd12/gm2a/zgc:123305/smpd1/asah1b/neu1/srd5a3/cpt1a2b,41
MF,GO:0043130,ubiquitin binding,22/3742,64/18430,0.34375,1.693028461,2.803207277,0.006041559,0.073214534,0.064124579,ubxn2a/tollip/faf1/plaa/aup1/faf2/pcf11/tab2/vps36/smarcad1b/usp13/tsg101a/otub1a/amfra/rnf8/shrprbck1r/rad23b/nsfl1c/ubr5/wdr48b/pdcd7/ubap1lb,22
MF,GO:0004721,phosphoprotein phosphatase activity,55/3742,197/18430,0.279187817,1.375048496,2.671240065,0.006213298,0.073214534,0.064124579,mtmr3/pgp/dusp28/ssh2a/si:dkey-51e6.1/ptpn3/dusp22b/pdp1/ptpn2a/dusp8a/dusp1/dusp22a/ppp1cb/tns1b/ppp6c/ppp3ccb/ppp1r1b/si:ch211-195b15.8/ptprua/ppm1la/cdc25b/ctdsp2/dusp4/pptc7a/ptprn2/tns1a/ppm1db/pptc7b/ctdsp1/ppp5c/ppp1caa/si:ch211-121a2.2/ptp4a3a/epm2a/si:ch211-203d1.3/ptprb/tns2a/phlpp1/dusp6/ctdspl2a/ptprfb/eya1/ptpn22/tns2b/ppp2r1ba/ctdsplb/si:ch211-223p8.8/dusp2/ppm1e/ptpn18/ilkap/dusp10/ptpn13/dusp16/ptpn4a,55
MF,GO:0001098,basal transcription machinery binding,11/3742,25/18430,0.44,2.16707643,2.947289767,0.006226003,0.073214534,0.064124579,smyd2a/rtraf/pcf11/gtf2e2/rtf1/ctr9/gtf2f1/scaf4a/waca/elof1/supt4h1,11
MF,GO:0001099,basal RNA polymerase II transcription machinery binding,11/3742,25/18430,0.44,2.16707643,2.947289767,0.006226003,0.073214534,0.064124579,smyd2a/rtraf/pcf11/gtf2e2/rtf1/ctr9/gtf2f1/scaf4a/waca/elof1/supt4h1,11
MF,GO:0016810,"hydrolase activity, acting on carbon-nitrogen (but not peptide) bonds",39/3742,131/18430,0.297709924,1.466273087,2.70323476,0.006296015,0.073214534,0.064124579,gls2a/upb1/gls2b/btd/mthfd2/apobec2b/hdac4/sirt1/padi2/hdac10/pm20d1.2/ydjc/ampd3a/zgc:103586/hdac6/si:ch211-256m1.8/allc/faah2a/apobec2a/cad/glsa/rida/sirt2/sirt4/mthfd1b/cdab/asrgl1/hdac5/dpysl5a/pglyrp6/aspa/tgm2b/ngly1/acy1/agmat/adat3/asah1b/crmp1/pglyrp2,39
MF,GO:0008234,cysteine-type peptidase activity,54/3742,193/18430,0.279792746,1.378027876,2.664693275,0.00634901,0.073214534,0.064124579,fbxl22/zranb1b/tinagl1/casp3a/senp3b/atg4b/usp47/usp2a/otud4/pgpep1l/capn3b/usp14/usp38/capn1/ctsla/atg4da/usp4/usp10/atg4c/otud7a/usp5/capn15/usp34/scrn2/usp33/pgpep1/capn7/usp1/usp2b/usp13/blmh/ctsk/usp18/ctsf/otub1a/usp40/casp8/bap1/usp19/scrn3/usp42/uchl5/usp22/usp7/vcpip1/ufsp2/uchl3/usp49/usp3/usp43b/brcc3/senp8/ctsz/casp9,54
BP,GO:0031929,TOR signaling,29/3864,90/18773,0.322222222,1.565496319,2.737646095,0.006355554,0.07165486,0.061490562,deptor/wdr59/ddit4/fam83d/stambpl1/gsk3aa/nprl2/rptor/kptn/sesn1/rragd/tsc1b/mapkapk5/tnfaip8l1/prr5a/waca/lamtor3/itfg2/tiprl/rps6kal/seh1l/slc38a9/kics2/tmem127/syap1/pim1/rps6kb1b/tsc2/akt1s1,29
BP,GO:0007178,cell surface receptor protein serine/threonine kinase signaling pathway,57/3864,203/18773,0.280788177,1.364191629,2.655960429,0.006398161,0.071875741,0.061680111,tgif1/fcho1/znf703/net1/tbx2b/wfikkn2a/has2/lats2/rbms3/smad6b/hsp90ab1/mmp9/tgfb3/chrdl2/fstl1b/nup62l/seraf/ltbp3/fsta/sfrp1a/rgma/id2a/gpr155a/smoc1/spartb/rbm14b/lats1/yap1/smad3a/smad9/eaf1/rargb/lzts2a/ppp1r12a/tsc22d3/mgaa/nog3/zgc:113531/acvr2aa/smad4a/smad1/ldlrad4a/ngly1/pnpla6/rbm14a/ldb2a/dzip1/mmp2/twsg1a/smad2/bmpr2b/prex1/chrd/bmp10/igfbp3/skia/smurf1,57
BP,GO:0036269,swimming behavior,30/3864,94/18773,0.319148936,1.550564953,2.724239291,0.006493327,0.072683367,0.062373175,klhl41a/atoh7/tcap/hdac10/hdac6/nrap/tfg/lsm7/disc1/dnmt3aa/sin3b/dmd/sirt2/wfs1a/scdb/vapb/nop56/reep1/hcn2b/ngly1/surf1/mao/grna/ca6/abhd12/myo9aa/pink1/asah1b/rbfox1/nus1,30
BP,GO:0061564,axon development,126/3864,500/18773,0.252,1.224326087,2.588269115,0.006538137,0.072923578,0.062579311,col6a2/chrna1/arhgap35a/asb10/plxna3/col2a1a/nos1/tncb/ncaldb/col12a1b/casp3a/col15a1b/b3gat1a/slit2/extl3/ulk2/chchd10/sema3aa/atoh7/enah/trarg1a/notch1b/dag1/rac1b/lama4/kif5c/mst1rb/slc25a46/optn/zfyve26/tiam1b/si:ch211-159i8.4/plxnb3/sema4d/clcf1/svbp/vegfaa/lama1/scrib/cpsf1/tardbpa/kifbp/rtn4a/lamb2/nsfa/boc/efnb1/usp33/kif5ba/rgs4/sema4ba/kif1b/lamc1/evlb/si:dkey-246i14.3/disp1/pard3ab/notch3/rufy3/pak2b/appa/pak1/ppp1r12a/mapk8ip3/lamc3/en1b/col4a5/vasna/plxnc1/nop56/nexn/sema6ba/coro1a/rest/sema4ga/reep1/ptprfb/musk/lrrc15/mapk3/sema3e/sema6cb/islr2/sfpq/sema7a/ist1/plxna2/ank3a/cln3/smo/ngly1/vwa1/aplp2/arhgap35b/dock7/grna/pnpla6/dusp2/ntn1a/clns1a/mmp14a/snx27a/tppp2/asb16/il6st/dzip1/mmp2/mycbp2/nrp2a/m17/ephb3a/si:dkey-49n23.1/scn8ab/lamb1a/katna1/foxc1a/myo9aa/efnb2a/pik3cd/prdm14/asah1b/casp9/nfia/robo3/npr1a/gli2a,126
MF,GO:0003779,actin binding,101/3742,396/18430,0.255050505,1.256168041,2.601045513,0.006563886,0.074746254,0.065466128,epb41l3a/tpm3/tnni2a.2/vcla/parvg/ablim1b/tnni2a.4/ssh2a/tnni2a.3/ncaldb/abrab/syne2a/fhod3a/capza1a/myoz3a/lsp1a/tpm1/mical2b/tnni1d/myo18ab/twf2b/msnb/myo16/mtss1lb/actn2b/enah/tmsb/myhb/pdlim3b/smyhc2/svila/ezrb/pdlim7/sptb/pdlim4/diaph2/nrap/parvb/dmtn/pick1/coro1cb/add3a/actr3b/kptn/tln2a/wipf2b/dmd/abitram/evlb/myoz2a/si:ch211-203d1.3/lasp1/ldb3b/myo1ea/pdlim5a/syne1b/gsna/arpc1a/pleca/phactr2/ppp1r9ba/arpc1b/ablim2/xirp1/shroom4/coro1a/add2/cnn3b/shroom2b/myh9a/smtnl/myo5aa/coro6/marcksl1a/nav3/tln1/lima1a/myo1cb/scinlb/myo1eb/phactr3a/maea/si:dkey-29b11.3/zgc:153184/myh7bb/msrb1a/flncb/klhl3/myoz1a/phactr4a/wasa/myo1ca/myo9aa/tnni4b.2/cfl1l/tnni1b/sptan1/tlnrd1/capza1b/syne1a/pfn2a,101
CC,GO:0016607,nuclear speck,29/3989,90/19331,0.322222222,1.561513607,2.722542548,0.006596932,0.048129727,0.038437275,srp54/ddx39b/srsf5b/pqbp1/sart3/poldip3/abitram/rnf34b/thoc7/arglu1a/zmp:0000001236/rmi2/prpf31/rbm19/smndc1/hectd1/srsf3b/sumo1/spop/cdk12/ascc3/tut1/mettl3/dyrk1ab/casc3/scnm1/rbm4.3/maml1/ppp1r8a,29
MF,GO:0016859,cis-trans isomerase activity,17/3742,46/18430,0.369565217,1.820172891,2.811161298,0.006674182,0.075063949,0.065744379,fkbp10b/fkbp7/ppifb/fkbp10a/ppie/fkbp14/fkbp6/aipl1/fkbp15b/fkbp5/aip/ptpa/ranbp2/ppih/ppig/fkbp2/ppib,17
MF,GO:0070006,metalloaminopeptidase activity,10/3742,22/18430,0.454545455,2.23871532,2.9342762,0.00683214,0.0754216,0.066057626,zgc:152830/xpnpep2/lnpep/anpeplb/aopep/enpep/erap2/xpnpep3/pepd/xpnpep1,10
MF,GO:0046975,histone H3K36 methyltransferase activity,6/3742,10/18430,0.6,2.955104222,3.121379296,0.006871562,0.0754216,0.066057626,smyd2a/nsd1a/prdm9/nsd2/nsd3/setd2,6
CC,GO:0031519,PcG protein complex,14/3989,35/19331,0.4,1.938430684,2.833410719,0.006972645,0.050164308,0.040062128,pcgf5a/cbx8b/cbx2/asxl1/asxl2/ezh1/bap1/cbx4/bmi1a/si:ch211-230g15.5/trim37/yy1a/cbx7b/phc1,14
BP,GO:0016072,rRNA metabolic process,51/3864,179/18773,0.284916201,1.384247372,2.629665943,0.007038106,0.07822066,0.067124998,sart1/riok3/eri1/mrpl44/macroh2a1/dimt1l/srfbp1/bud23/rps16/znhit6/c1d/mphosph10/wdr36/gnl3l/rps8b/lsm6/si:dkey-251i10.3/nop53/mrm3a/exosc10/bop1/exosc7/eif6/bms1/nop2/nop56/nop10/rpf1/tsr2/tsr1/rps7/ncl/riok2/ddx10/ybey/tfb1m/esf1/sde2/nol9/rpl7/rpl7a/ltv1/ngdn/las1l/ddx18/rpl7l1/krr1/exosc5/mettl16/nob1/polr1f,51
BP,GO:0014033,neural crest cell differentiation,48/3864,167/18773,0.28742515,1.39643694,2.619723263,0.00733118,0.081188917,0.069672205,col2a1a/tncb/col18a1a/vgll2a/hdac4/myf5/kbtbd8/sema3aa/pknox1.1/gdnfa/lrp5/cxcr4a/hspg2/tapt1b/disc1/radil/mych/rtf1/wtip/ctr9/fn1a/sema4ba/atp6v0a1a/pard3ab/zeb2b/sox10/pak1/sema6ba/acvr2aa/sema4ga/kctd15a/eif3ba/sema3e/sema6cb/chd8/sema7a/tln1/esf1/smo/vwa1/dmxl2/phactr4a/foxd3/nrp2a/si:dkey-49n23.1/tfap2a/foxc1a/sox8a,48
MF,GO:0016597,amino acid binding,9/3742,19/18430,0.473684211,2.332977018,2.934149363,0.007352415,0.079738695,0.069838732,sesn1/gprc6a/cad/slc7a6/gclc/slc38a9/otc/gnmt/nags,9
BP,GO:0050680,negative regulation of epithelial cell proliferation,6/3864,10/18773,0.6,2.915062112,3.083765171,0.007373844,0.081372842,0.06983004,tnmd/llgl2/cdkn1ca/cav2/cav1/cnmd,6
CC,GO:0032476,polyprenyl diphosphate synthase complex,6/3989,10/19331,0.6,2.907646027,3.07673398,0.007471858,0.052303005,0.04177013,pdss1/chm/rabggta/fntb/nus1/rabggtb,6
CC,GO:0061617,MICOS complex,6/3989,10/19331,0.6,2.907646027,3.07673398,0.007471858,0.052303005,0.04177013,micos10/chchd6a/apoob/micos13/apooa/immt,6
BP,GO:0000959,mitochondrial RNA metabolic process,10/3864,22/18773,0.454545455,2.208380388,2.887037106,0.007553739,0.083064536,0.071281767,mterf2/trmt10c/cdk5rap1/wars2/tfb1m/trmu/trnt1/mterf3/tfam/supv3l1,10
MF,GO:0042805,actinin binding,8/3742,16/18430,0.5,2.462586852,2.954126113,0.00767581,0.082266618,0.072052801,pdlim3b/pdlim7/pdlim4/pkd2l1/csrp1a/csrp3/ldb3b/pdlim5a,8
BP,GO:0006112,energy reserve metabolic process,20/3864,57/18773,0.350877193,1.704714685,2.712650269,0.007810324,0.085584706,0.073444449,ppp1r3cb/gbe1b/ppp1r3db/gyg1b/ppp1cb/inpp5ka/phkg2/ugp2a/ppp1r3aa/pygl/ppp1caa/gyg1a/epm2a/wdr45b/ugp2b/phka2/atg2a/wdr45/phka1a/agla,20
MF,GO:0072341,modified amino acid binding,14/3742,36/18430,0.388888889,1.915345329,2.774722615,0.008018429,0.083858959,0.073447444,lancl1/anxa5b/anxa13/anxa1a/fasn/slc19a1/timd4/prnpb/gstr/anxa2a/gnmt/slc46a1/anxa6/ftcd,14
CC,GO:0000793,condensed chromosome,31/3989,99/19331,0.313131313,1.517458364,2.632011238,0.008065571,0.055500086,0.044323377,kif2c/plk3/brd4/ncapd2/rad9a/cfdp1/banf1/phf2/septin15/plk1/plk2a/nup133/si:dkey-6i22.5/smc2/anapc16/kntc1/gpatch11/ndel1b/dynlt3/septin7a/firrm/ckap5/ncapd3/cenpo/zw10/incenp/clasp2/seh1l/ercc6l/ttk/spout1,31
BP,GO:0000096,sulfur amino acid metabolic process,9/3864,19/18773,0.473684211,2.301364825,2.889205832,0.008069726,0.086902605,0.074575402,cdo1/bhmt/apip/adi1/blmh/gclc/enoph1/cnr2/zgc:172121,9
BP,GO:0007097,nuclear migration,9/3864,19/18773,0.473684211,2.301364825,2.889205832,0.008069726,0.086902605,0.074575402,syne2a/lmna/tacc1/syne1b/lmnb1/lmnl3/tacc3/dctn2/lmnb2,9
BP,GO:0021983,pituitary gland development,9/3864,19/18773,0.473684211,2.301364825,2.889205832,0.008069726,0.086902605,0.074575402,six1b/disp1/hey1/dmrta2/eya1/smo/pitx3/dzip1/gli2a,9
BP,GO:0032330,regulation of chondrocyte differentiation,9/3864,19/18773,0.473684211,2.301364825,2.889205832,0.008069726,0.086902605,0.074575402,rflnb/rflna/sox6/loxl2b/msmo1/nup62l/sox5/atg13/irx5a,9
BP,GO:0051647,nucleus localization,9/3864,19/18773,0.473684211,2.301364825,2.889205832,0.008069726,0.086902605,0.074575402,syne2a/lmna/tacc1/syne1b/lmnb1/lmnl3/tacc3/dctn2/lmnb2,9
MF,GO:0004879,nuclear receptor activity,25/3742,77/18430,0.324675325,1.599082371,2.658886599,0.008155755,0.083858959,0.073447444,abhd2a/pparaa/esrrga/ar/thrab/esr2a/nr1d4b/paqr7b/rxraa/nr4a2a/nr1d4a/nr1h4/nr4a1/rargb/nr4a3/nr2f5/nr2f6b/nr1d2b/gper1/nr3c1/nr2c1/nr2f1a/ppardb/rorcb/nr1d2a,25
MF,GO:0098531,ligand-activated transcription factor activity,25/3742,77/18430,0.324675325,1.599082371,2.658886599,0.008155755,0.083858959,0.073447444,abhd2a/pparaa/esrrga/ar/thrab/esr2a/nr1d4b/paqr7b/rxraa/nr4a2a/nr1d4a/nr1h4/nr4a1/rargb/nr4a3/nr2f5/nr2f6b/nr1d2b/gper1/nr3c1/nr2c1/nr2f1a/ppardb/rorcb/nr1d2a,25
MF,GO:0005096,GTPase activator activity,61/3742,225/18430,0.271111111,1.335269315,2.55394282,0.008192588,0.083858959,0.073447444,arhgap35a/sec23a/agfg2/tbc1d14/llgl1/arhgap32b/acap3b/grtp1a/stard13b/si:ch211-247j9.1/llgl2/sipa1l2/nprl2/rabep1/chm/arhgap29b/rin2a/dab2ipb/tbc1d4/sipa1l3/si:dkeyp-19e1.3/arhgap24/stxbp5b/nf1a/arhgap45b/arhgap12b/arhgap17a/tbc1d30/git1/asap2b/asap1b/rasa2/sgsm3/si:dkey-33c9.6/sec23b/tbc1d15/tbc1d9/ranbp2/arfgap2/rap1gapa/si:dkey-238d18.4/arhgap35b/si:dkey-91m11.5/rab3gap2/git2b/arhgap22b/ophn1/smcr8a/arhgap21a/prex1/arhgap23b/zgc:92360/prex2/ect2/myo9aa/tsc2/elmod2/usp6nl/dlc1/arhgap25/rin3,61
CC,GO:1905354,exoribonuclease complex,9/3989,19/19331,0.473684211,2.295510021,2.880785396,0.008211555,0.055500086,0.044323377,exosc1/c1d/pan3/exosc10/exosc7/wu:fc33b09/las1l/exosc5/supv3l1,9
BP,GO:0048706,embryonic skeletal system development,60/3864,218/18773,0.275229358,1.337184455,2.549264429,0.00831034,0.0879338,0.075460321,ahsa1a/plxna3/col2a1a/ece1/rbm24a/tinagl1/vgll2a/hdac4/pkn2a/sec23a/fras1/runx3/itga5/lrp5/cxcr4a/pmm2/hspg2/pkdccb/hoxc3a/sulf2b/ilvbl/disc1/gnptab/fsta/bicra/fn1a/ucmab/kdm6a/dlx3b/rpl13/disp1/eif3ea/pard3ab/crispld2/bcl9/pak1/hoxa3a/hoxa4a/mia2/nog3/nsd2/pitx2/shrprbck1r/tp73/ep300b/tln1/nr3c1/irx5a/sec23b/smo/furina/hoxb3a/mmp14a/chd5/tfap2a/hoxd3a/prdm5/htt/nipblb/hoxd4a,60
CC,GO:0015629,actin cytoskeleton,86/3989,328/19331,0.262195122,1.270617674,2.520513053,0.008323634,0.055500086,0.044323377,mylpfb/tpm3/tnni2a.2/vcla/myl13/parvg/ablim1b/tnni2a.4/tnnt1/tnni2a.3/lmod3/capza1a/myoz3a/rflnb/tnnc1a/tpm1/tnni1d/myo18ab/cmlc1/llgl1/rflna/twf2b/myo16/actn2b/arhgap32b/amotl2a/myhb/pdlim3b/smyhc2/svila/lpp/hax1/pdlim7/sptb/pdlim4/diaph2/parvb/dmtn/llgl2/coro1cb/bin3/kptn/rtkna/evlb/myoz2a/ldb3b/myo1ea/pdlim5a/tnnt2c/gsna/arpc1a/actb2/ppp1r9ba/actr1b/arpc1b/akap13/ablim2/xirp1/shroom4/fermt2/cnn3b/myh9a/smtnl/myo5aa/sh3gl1b/lima1a/myo1cb/scinlb/myo1eb/lmod2b/myh7bb/msrb1a/myoz1a/srcin1a/fhdc1/myo1ca/fhdc2/tnnc2.1/dctn2/myo9aa/lgsn/tnni4b.2/cfl1l/tnni1b/sptan1/capza1b,86
CC,GO:0071141,SMAD protein complex,7/3989,13/19331,0.538461538,2.609425921,2.959842099,0.008357156,0.055500086,0.044323377,smad6b/smad3a/smad9/mgaa/smad4a/smad1/smad2,7
BP,GO:0009067,aspartate family amino acid biosynthetic process,8/3864,16/18773,0.5,2.429218427,2.911564954,0.00836258,0.0879338,0.075460321,got1/bhmt/aass/apip/adi1/enoph1/asnsd1/zgc:172121,8
BP,GO:0016237,microautophagy,8/3864,16/18773,0.5,2.429218427,2.911564954,0.00836258,0.0879338,0.075460321,ulk2/atg9b/atg4b/atg4da/atg4c/atg13/atg2a/ulk3,8
BP,GO:0034727,piecemeal microautophagy of the nucleus,8/3864,16/18773,0.5,2.429218427,2.911564954,0.00836258,0.0879338,0.075460321,ulk2/atg9b/atg4b/atg4da/atg4c/atg13/atg2a/ulk3,8
BP,GO:0043162,ubiquitin-dependent protein catabolic process via the multivesicular body sorting pathway,8/3864,16/18773,0.5,2.429218427,2.911564954,0.00836258,0.0879338,0.075460321,vps37a/vps36/vps37d/vps25/vps37c/vps28/pdcd7/ubap1lb,8
BP,GO:0048668,collateral sprouting,8/3864,16/18773,0.5,2.429218427,2.911564954,0.00836258,0.0879338,0.075460321,plxna3/nos1/casp3a/ulk2/pard3ab/pik3cd/asah1b/casp9,8
BP,GO:0061709,reticulophagy,8/3864,16/18773,0.5,2.429218427,2.911564954,0.00836258,0.0879338,0.075460321,ulk2/atg9b/ufc1/retreg3/atg2a/sting1/ulk3/tex264a,8
MF,GO:0031625,ubiquitin protein ligase binding,17/3742,47/18430,0.361702128,1.781445808,2.707453745,0.008515209,0.08619284,0.075491562,cul4b/cul2/txnipa/gabarapl2/cul3b/jkamp/ubb/spopla/axin1/spop/map1lc3c/erlin1/axin2/rps27a/trim37/map1lc3b/uba52,17
BP,GO:0072331,signal transduction by p53 class mediator,16/3864,43/18773,0.372093023,1.807790457,2.699688345,0.00888932,0.093158884,0.079944223,smyd2a/hipk2/bcl6aa/usp10/yju2/nup62l/sart3/bcor/xrcc5/rps19/si:dkey-74k8.3/cdkn1d/rps6kal/si:dkey-9i23.15/phlda3/urb2,16
BP,GO:0016071,mRNA metabolic process,119/3864,474/18773,0.251054852,1.219734147,2.466735693,0.009064469,0.094527264,0.081118498,igf2bp2a/snrpe/sart1/rbm24a/pabpc1b/bud31/tnpo3/rbm17/dcp1a/rc3h1b/ncbp3/zfp36l2/gdnfa/igf2bp3/ddx17/clp1/ddx39b/pcf11/si:ch211-107m4.1/rbfox1l/snrnp27/rsrp1/yju2/zgc:103759/fxr2/ybx1/ddx39ab/srsf5b/lsm7/pqbp1/sart3/cpsf3/snd1/cpsf1/tardbpa/upf1/fastkd2/tnrc6c1/dis3l2/cirbpb/syncripl/rida/zgc:103692/xab2/thoc7/pan3/lsm6/tfip11/arglu1a/pcbp4/ptbp1a/luc7l3/exosc10/exosc7/zmat5/cdc40/txnl4a/pnrc2/prpf31/rpl22/upf2/smndc1/ncbp2/si:ch211-220i18.4/carhsp1/rbm41/wdr33/gpatch1/rest/rpl22l1/sf3b5/rsrc1/cdk12/celf2/srpk1a/rbfox2/tdrd3/sf3a3/gemin6/snrpa1/tut1/khdc4/snrpa/mettl3/pus3/hnrnpa3/snrnp35/rbm15/sde2/casc3/srrt/prpf3/zcchc7/tbrg4/rbm39b/hnrnpl/clns1a/pum1/rc3h2/scnm1/zgc:114130/lgals3a/exosc5/prpf6/rbm4.3/mettl16/snapc3/prmt7/rbm6/cwc25/snrnp25/ddx23/virma/rbfox1/edc3/gli2a/fastkd3/supv3l1/tent5ab,119
BP,GO:0006639,acylglycerol metabolic process,19/3864,54/18773,0.351851852,1.709450004,2.657828337,0.009080429,0.094527264,0.081118498,abhd2a/pnpla3/pck1/dgat1a/gpam/abhd6a/zgc:172295/lpla/pnpla4/lipeb/lpin1a/dgkaa/si:dkey-172j4.3/cetp/lipg/abhd12/dgat2/zgc:123305/gk5,19
BP,GO:0048704,embryonic skeletal system morphogenesis,55/3864,198/18773,0.277777778,1.349565793,2.517367873,0.009178079,0.095226382,0.081718445,ahsa1a/plxna3/ece1/rbm24a/tinagl1/vgll2a/hdac4/pkn2a/sec23a/fras1/runx3/itga5/lrp5/cxcr4a/pmm2/hspg2/pkdccb/hoxc3a/ilvbl/disc1/gnptab/fsta/bicra/fn1a/kdm6a/dlx3b/rpl13/disp1/eif3ea/pard3ab/crispld2/bcl9/pak1/hoxa3a/hoxa4a/mia2/nog3/pitx2/shrprbck1r/tp73/ep300b/tln1/nr3c1/sec23b/smo/furina/hoxb3a/mmp14a/chd5/tfap2a/hoxd3a/prdm5/htt/nipblb/hoxd4a,55
BP,GO:0055082,intracellular chemical homeostasis,68/3864,253/18773,0.268774704,1.305824925,2.493229297,0.009324522,0.096425436,0.082747413,stc2a/slc39a7/bdh2/homer1b/ryr1a/casq1a/fth1a/casq2/atp1b1a/atp1b1b/tmem175/pck1/ncoa4/smdt1b/atp1a2a/cax2/slc4a1a/plce1/stc2b/mcu/kdsr/itpr1b/ptprn2/atp6ap1a/micu2/slc35g1/ryr3/gprc6a/tfr1a/slc4a4a/cyb561a3a/asph/selenon/atp6v0a1a/plcg1/slc30a9/atp2a1/atp2a2b/atp2a2a/slc4a2b/wwox/slc9a6a/ormdl2/fgf23/fthl27/si:dkey-28b4.8/cln3/herpud1/atp2a1l/tmco1/cyp7a1/cav2/slc39a10/cherp/cav1/dmxl2/tmem203/zgc:110843/atp1a3a/scara5/atp1a1a.1/gck/plcd1a/atp6v0d1/atp13a2/htt/bcl2l10/anxa6,68
MF,GO:0061659,ubiquitin-like protein ligase activity,78/3742,300/18430,0.26,1.280545163,2.472782709,0.009573153,0.095836727,0.083938112,lonrf4/trim55a/trim55b/marchf5l/ube3a/rnf115b/zmiz2/dtx4b/mkrn1/fbxo40.2/si:ch211-59o9.10/rc3h1b/fbxo40.1/znrf2b/nccrp1/ube3c/arih2/rbx1/rnf20/sh3rf1/rbbp6/trim101/pdzrn3b/asb12b/ark2cb/ubr1/arih1/trim105/xiap/ubr2/rnf38/rnf34b/lonrf1/rnft2/rnf40/pias2/dtx2/ube4a/peli3/marchf8/si:ch73-335l21.2/fbxo30a/hectd1/amfra/rnf8/cbx4/toporsa/trim3b/ankib1a/trim71/ranbp2/dtx3lb.2/trim107/rnf146/maea/rmnd5b/ltn1/ankib1b/hace1/rnf220a/trim37/trim44/rnf11a/rnf14/ark2n/dtx3lb.3/rc3h2/itcha/ubr5/mycbp2/fbxo2/ube4b/herc56.1/si:dkey-183c6.9/rnf181/znf598/smurf1/nedd4a,78
BP,GO:0000470,maturation of LSU-rRNA,11/3864,26/18773,0.423076923,2.055492515,2.741735254,0.009817141,0.100851745,0.086545846,znhit6/bop1/eif6/nop2/rpf1/nol9/rpl7/rpl7a/las1l/ddx18/rpl7l1,11
BP,GO:0071453,cellular response to oxygen levels,11/3864,26/18773,0.423076923,2.055492515,2.741735254,0.009817141,0.100851745,0.086545846,hif1al/egln1b/arnt/sirt2/vhl/egln1a/epas1b/nr3c1/slc38a9/ndrg1a/atp6v0d1,11
BP,GO:0014032,neural crest cell development,43/3864,149/18773,0.288590604,1.402099226,2.508646478,0.00993942,0.101440551,0.08705113,col2a1a/tncb/col18a1a/vgll2a/hdac4/myf5/kbtbd8/sema3aa/gdnfa/lrp5/cxcr4a/tapt1b/disc1/radil/mych/rtf1/wtip/ctr9/fn1a/sema4ba/atp6v0a1a/pard3ab/zeb2b/sox10/pak1/sema6ba/acvr2aa/sema4ga/eif3ba/sema3e/sema6cb/chd8/sema7a/esf1/vwa1/dmxl2/phactr4a/foxd3/nrp2a/si:dkey-49n23.1/tfap2a/foxc1a/sox8a,43
BP,GO:0048864,stem cell development,43/3864,149/18773,0.288590604,1.402099226,2.508646478,0.00993942,0.101440551,0.08705113,col2a1a/tncb/col18a1a/vgll2a/hdac4/myf5/kbtbd8/sema3aa/gdnfa/lrp5/cxcr4a/tapt1b/disc1/radil/mych/rtf1/wtip/ctr9/fn1a/sema4ba/atp6v0a1a/pard3ab/zeb2b/sox10/pak1/sema6ba/acvr2aa/sema4ga/eif3ba/sema3e/sema6cb/chd8/sema7a/esf1/vwa1/dmxl2/phactr4a/foxd3/nrp2a/si:dkey-49n23.1/tfap2a/foxc1a/sox8a,43
CC,GO:0070069,cytochrome complex,11/3989,26/19331,0.423076923,2.050263224,2.73247933,0.010011389,0.065644296,0.052424728,uqcrq/coa6/uqcrh/uqcrb/cyc1/cox4i2/ndufa4l2a/cox4i1/cox8a/cox7c/cox6b1,11
BP,GO:0006403,RNA localization,27/3864,85/18773,0.317647059,1.543268177,2.55559418,0.010143084,0.103181929,0.088545491,igf2bp2a/nutf2/nup93/ddx19b/ncbp3/igf2bp3/ddx39b/znhit6/fxr2/ybx1/ddx39ab/nup62l/nxt2/eny2/poldip3/sarnp/tomm20b/zc3h11a/kif1b/thoc7/nup133/ncbp2/casc3/seh1l/eif4eb/pum1/nup88,27
BP,GO:0055086,nucleobase-containing small molecule metabolic process,107/3864,423/18773,0.252955083,1.228966296,2.424785256,0.010245546,0.103885849,0.08914956,rrm2b/pnp5a/prkag2b/pde4ba/pfkma/atp5meb/gpd1b/itpa/acsl1a/atp5mea/acss2/ak3/dhodh/eno1a/ugp2a/adka/atpsckmt/adss1/ampd3a/nudt3b/zgc:103586/nme4/pmm2/nt5c2a/allc/cmpk2/zgc:103759/fitm2/hprt1/gpd1c/gfpt2/idh1/rrm1/pdk2a/gpib/nt5c3a/aldh6a1/nudt12/dtymk/macrod1/hmgcra/oard1/uap1/atp6v1ab/pde4ca/cad/tyms/pank2/atp5f1c/ctps1b/prps1a/kars1/sucla2/naprt/aass/tigara/antkmt/acot9.1/cdab/acot20/umps/bpgm/ugdh/atp5pf/cps1/pde4bb/ugp2b/aldob/upp2/nampt1/gart/dlst/mvda/gmpr/pargl/opa1/elovl1a/aclya/hprt1l/pde4d/gucy2d/atp5pd/adssl/pdk3a/acsl5/slc38a9/dnph1/nnt/gnmt/prkag3b/fdxr/nt5c1aa/prpsap2/ak4/dlat/nadkb/nadk2/uck2b/rpe/gck/mdh1aa/elovl7a/pdhx/papss2b/npr1a/entpd3/atp5f1b,107
BP,GO:0060070,canonical Wnt signaling pathway,54/3864,195/18773,0.276923077,1.345413282,2.46834826,0.01040284,0.105139382,0.090225278,stk3/znf703/tle3a/foxo3b/fzd4/net1/csnk1e/lrp5/tle3b/ccny/jun/ctnnb1/amer1/gskip/nkd1/fzd3b/nup62l/gsk3aa/sfrp1a/tcf7l1a/jupa/dact3a/rab8b/xiap/tcf7l2/frzb/bcl9/lzts2a/pak1/nkd2b/nkd2a/ugdh/axin1/btk/lgr4/kctd15a/dot1l/tcf7l1b/tmem88b/chd8/axin2/adgra2/rnf146/dmxl2/rspo3/rnf14/gbx1/ppp2r3a/ubr5/dvl1b/adnpb/sfrp2/prdm5/nipblb,54
BP,GO:1903131,mononuclear cell differentiation,30/3864,97/18773,0.309278351,1.502609336,2.526527677,0.010513359,0.105913609,0.090889681,slc39a7/irf7/brd4/runx1/tnpo3/mafbb/stat5a/bcl6aa/sh3rf1/sart3/upf1/flt3/kif1b/rabl3/gata1a/kat2a/pak1/spi1b/il2rga/rpl22/arpc1b/cd79b/rpl10a/opa1/cisha/agtpbp1/mettl3/ncor2/snapc3/csf3b,30
MF,GO:0061631,ubiquitin conjugating enzyme activity,14/3742,37/18430,0.378378378,1.863579239,2.653983476,0.010533573,0.102999079,0.090211222,ube2l3b/ube2d4/ube2g1b/ube2e1/ube2al/ube2h/cdc34a/ube2s/birc6/ube2d2/ube2kb/ube2d3/ube2c/ube2z,14
MF,GO:0140662,ATP-dependent protein folding chaperone,14/3742,37/18430,0.378378378,1.863579239,2.653983476,0.010533573,0.102999079,0.090211222,hspa8/cct4/cct2/cct5/cct3/clpxa/cct8/hsp90ab1/hspa13/cct6a/hspa14/hsp90aa1.1/cct7/hspa4b,14
BP,GO:0042273,ribosomal large subunit biogenesis,18/3864,51/18773,0.352941176,1.714742419,2.602004836,0.010563267,0.106074225,0.091027513,znhit6/nop16/ddx28/mdn1/nop53/bop1/eif6/rpl5a/nop2/rpf1/nol9/rpl7/rpl7a/las1l/ddx18/rpl7l1/wdr74/gtpbp4,18
MF,GO:0008374,O-acyltransferase activity,17/3742,48/18430,0.354166667,1.744332353,2.606229037,0.010740848,0.102999079,0.090211222,cpt2/prdx6/dgat1a/crata/gpam/cpt1b/tafazzin/agpat3/zgc:154046/lcat/pla2g15/lpcat3/lratb.1/dgat2/cratb/chata/cpt1a2b,17
MF,GO:0106310,protein serine kinase activity,17/3742,48/18430,0.354166667,1.744332353,2.606229037,0.010740848,0.102999079,0.090211222,stk3/pim3/map2k6/mapk14b/cdk9/alpk2/spega/mastl/pim2/tlk2/rps6kal/plk4/camk2d2/prkcbb/pim1/melk/ttk,17
BP,GO:0014866,skeletal myofibril assembly,10/3864,23/18773,0.434782609,2.112363849,2.71743849,0.010935719,0.109462345,0.093935026,tpm3/lmod3/myo18ab/cct5/chchd10/tcap/smyd1b/hsp90aa1.1/tpcn2/ttn.1,10
BP,GO:0043039,tRNA aminoacylation,16/3864,44/18773,0.363636364,1.76670431,2.592068787,0.011352834,0.113084667,0.097043518,lrrc47/farsa/si:ch211-256m1.8/yars1/kars1/wars2/dars1/tars1/farsb/mars2/nars2/iars1/rars1/mars1/lars2/aars2,16
BP,GO:0002040,sprouting angiogenesis,42/3864,146/18773,0.287671233,1.397632519,2.455480218,0.011370024,0.113084667,0.097043518,lgals2a/vegfab/tinagl1/sirt1/itgb1a/loxl2b/itga5/slc2a1b/cxcr4a/rab5c/arfgef2/vegfaa/rtn4a/hlx1/rin2a/fn1a/gas6/igf2b/srpx2/wars2/egfl6/arhgap18/syk/abca1a/adgrg6/tars1/sdf4/hapln1b/cdc42/sema3e/cemip2/yjefn3/adgra2/cxxc5a/iars1/rspo3/ldb2a/bmpr2b/jcada/efnb2a/lgals2b/nus1,42
MF,GO:0032182,ubiquitin-like protein binding,24/3742,75/18430,0.32,1.576055585,2.523127945,0.011401502,0.106689818,0.093443737,ubxn2a/tollip/faf1/plaa/aup1/faf2/pcf11/tab2/vps36/smarcad1b/usp13/tsg101a/usp18/otub1a/amfra/rnf8/shrprbck1r/cbx4/rad23b/nsfl1c/ubr5/wdr48b/pdcd7/ubap1lb,24
MF,GO:0044183,protein folding chaperone,18/3742,52/18430,0.346153846,1.704867821,2.569103951,0.011410513,0.106689818,0.093443737,lyrm7/hspa8/cct4/cct2/cct5/cct3/clpxa/cct8/dnajb6b/hsp90ab1/pfdn1/pfdn2/hspa13/cct6a/hspa14/hsp90aa1.1/cct7/hspa4b,18
CC,GO:0005819,spindle,44/3989,154/19331,0.285714286,1.384593346,2.443310989,0.01157559,0.074951948,0.059857988,kif2c/plk3/rtraf/hspb1/kbtbd8/lats2/agbl5/fam83d/bccip/cep63/arl8ba/tubgcp5/rps3/kifc1/sirt2/plk1/ccsapb/plk2a/mapre3b/arl3a/tubgcp4/kntc1/shcbp1/mms19/ndel1b/firrm/ckap5/nr3c1/rmdn1/tubgcp2/incenp/clasp2/haus3/rmdn3/cltca/tubgcp3/septin2/brcc3/katna1/trappc14/ckap2l/unc119a2/spout1/kif11,44
MF,GO:0042802,identical protein binding,47/3742,169/18430,0.278106509,1.369722864,2.437130741,0.011586773,0.106689818,0.093443737,plxna3/stc2a/znf703/apoeb/gpd1b/pdgfrl/dnm1l/lnpk/gdnfa/grpel1/mcu/zgc:103586/appl1/ddi2/tfg/gpd1c/bnip3lb/oat/boc/dgcr8/mif4gdb/hspb8/vdac2/ctps1b/rabl3/cdab/vps25/prdm9/pak1/axin1/inpp5f/tpcn2/jam3b/rnf8/musk/mag/golga5/cs/gnmt/slc12a2/agr2/sephs1/nrp2a/nadk2/chuk/stard3/caprin1a,47
MF,GO:0061629,RNA polymerase II-specific DNA-binding transcription factor binding,15/3742,41/18430,0.365853659,1.801892819,2.594481873,0.011645617,0.106689818,0.093443737,nfkbiaa/faf1/ankrd1a/ctnnb1/smarce1/nr4a2a/jupa/nr4a1/nr4a3/tnni3k/nfkbiab/ncoa2/ncoa1/prkcbb/zfpm2a,15
MF,GO:0061630,ubiquitin protein ligase activity,74/3742,285/18430,0.259649123,1.278817032,2.394333754,0.011740523,0.106689818,0.093443737,lonrf4/trim55a/trim55b/marchf5l/ube3a/rnf115b/dtx4b/mkrn1/fbxo40.2/si:ch211-59o9.10/rc3h1b/fbxo40.1/znrf2b/nccrp1/ube3c/arih2/rbx1/rnf20/sh3rf1/rbbp6/trim101/pdzrn3b/asb12b/ark2cb/ubr1/arih1/trim105/xiap/ubr2/rnf38/rnf34b/lonrf1/rnft2/rnf40/dtx2/ube4a/peli3/marchf8/si:ch73-335l21.2/fbxo30a/hectd1/amfra/rnf8/toporsa/trim3b/ankib1a/trim71/dtx3lb.2/trim107/rnf146/maea/rmnd5b/ltn1/ankib1b/hace1/rnf220a/trim37/trim44/rnf11a/rnf14/ark2n/dtx3lb.3/rc3h2/itcha/ubr5/mycbp2/fbxo2/ube4b/herc56.1/si:dkey-183c6.9/rnf181/znf598/smurf1/nedd4a,74
BP,GO:0009117,nucleotide metabolic process,73/3864,277/18773,0.263537906,1.280382275,2.393321853,0.011788185,0.116678937,0.100127939,rrm2b/prkag2b/pde4ba/pfkma/atp5meb/gpd1b/itpa/atp5mea/ak3/dhodh/eno1a/adka/atpsckmt/adss1/ampd3a/nudt3b/nme4/nt5c2a/cmpk2/zgc:103759/hprt1/gpd1c/idh1/rrm1/gpib/nt5c3a/nudt12/dtymk/atp6v1ab/pde4ca/cad/tyms/atp5f1c/ctps1b/prps1a/kars1/naprt/tigara/antkmt/umps/bpgm/atp5pf/pde4bb/aldob/upp2/nampt1/gart/dlst/gmpr/pargl/opa1/hprt1l/pde4d/gucy2d/atp5pd/adssl/slc38a9/dnph1/nnt/prkag3b/fdxr/nt5c1aa/prpsap2/ak4/nadkb/nadk2/uck2b/rpe/gck/mdh1aa/papss2b/npr1a/atp5f1b,73
MF,GO:0008047,enzyme activator activity,94/3742,373/18430,0.252010724,1.24119659,2.375331486,0.011828399,0.106689818,0.093443737,arhgap35a/ccnt2a/adrm1/casp3a/sec23a/agfg2/apoeb/psme4b/tbc1d14/llgl1/dcp1a/arhgap32b/acap3b/grtp1a/naa15b/stard13b/ctsla/si:ch211-247j9.1/llgl2/sipa1l2/nprl2/rabep1/chm/arhgap29b/rin2a/dab2ipb/tbc1d4/sipa1l3/rplp1/igf2b/naa25/si:dkeyp-19e1.3/fzr1a/etaa1b/arhgap24/ccnk/stxbp5b/nf1a/ctsk/arhgap45b/arhgap12b/arhgap17a/tbc1d30/apoa4a/git1/fbln1/asap2b/asap1b/ncf2/ptpa/tiprl/rasa2/pcolce2b/sgsm3/noxo1a/si:dkey-33c9.6/sec23b/tbc1d15/tbc1d9/ranbp2/arfgap2/rap1gapa/parp16/si:dkey-238d18.4/arhgap35b/cab39/si:dkey-91m11.5/rab3gap2/git2b/arhgap22b/phactr4a/camk1b/wdr48b/azin1b/ophn1/smcr8a/arhgap21a/apoa4b.2/prex1/arhgap23b/gm2a/zgc:92360/prex2/ect2/psme2/cab39l/myo9aa/tsc2/elmod2/usp6nl/parp6b/dlc1/arhgap25/rin3,94
BP,GO:0006641,triglyceride metabolic process,14/3864,37/18773,0.378378378,1.838327458,2.598517754,0.011878899,0.116678937,0.100127939,pnpla3/pck1/dgat1a/gpam/zgc:172295/lpla/pnpla4/lipeb/lpin1a/cetp/lipg/dgat2/zgc:123305/gk5,14
BP,GO:1903052,positive regulation of proteolysis involved in protein catabolic process,12/3864,30/18773,0.4,1.943374741,2.632539479,0.011883932,0.116678937,0.100127939,csnk1e/sh3rf1/gsk3aa/klhl40a/sirt2/rnft2/fzr1a/dda1/axin1/ccdc22/tmem259/axin2,12
BP,GO:0060828,regulation of canonical Wnt signaling pathway,38/3864,130/18773,0.292307692,1.420158465,2.447239468,0.011887432,0.116678937,0.100127939,stk3/znf703/tle3a/foxo3b/csnk1e/tle3b/ccny/amer1/gskip/nkd1/nup62l/gsk3aa/tcf7l1a/dact3a/rab8b/xiap/bcl9/lzts2a/nkd2b/nkd2a/ugdh/axin1/btk/lgr4/tmem88b/chd8/axin2/adgra2/rnf146/dmxl2/rspo3/rnf14/gbx1/ppp2r3a/ubr5/adnpb/prdm5/nipblb,38
MF,GO:0004659,prenyltransferase activity,8/3742,17/18430,0.470588235,2.317728802,2.743529708,0.011950246,0.106732095,0.093480765,pdss1/chm/coq2/rabggta/fdps/fntb/nus1/rabggtb,8
BP,GO:0006536,glutamate metabolic process,9/3864,20/18773,0.45,2.186296584,2.70223102,0.012030297,0.116678937,0.100127939,gls2a/aldh4a1/gls2b/oat/glsa/gclc/uroc1/nags/ftcd,9
BP,GO:0030150,protein import into mitochondrial matrix,9/3864,20/18773,0.45,2.186296584,2.70223102,0.012030297,0.116678937,0.100127939,tomm7/grpel1/tomm20b/timm21/tomm40/timm17a/timm23a/dnlz/timm44,9
BP,GO:0070050,neuron cellular homeostasis,9/3864,20/18773,0.45,2.186296584,2.70223102,0.012030297,0.116678937,0.100127939,tmem175/ccnd1/toe1/dmxl2/atp6v1g1/sod1/asah1b/atp13a2/nipblb,9
BP,GO:0070306,lens fiber cell differentiation,9/3864,20/18773,0.45,2.186296584,2.70223102,0.012030297,0.116678937,0.100127939,rbm24a/itga5/fn1a/dlx3b/pikfyve/tdrd7b/atf4a/pitx3/psmd6,9
MF,GO:0008138,protein tyrosine/serine/threonine phosphatase activity,11/3742,27/18430,0.407407407,2.00655225,2.641772029,0.012228931,0.108160735,0.094732032,dusp28/dusp8a/dusp1/si:ch211-195b15.8/dusp4/si:ch211-121a2.2/dusp6/si:ch211-223p8.8/dusp2/dusp10/dusp16,11
BP,GO:0031667,response to nutrient levels,33/3864,110/18773,0.3,1.457531056,2.450054623,0.01225457,0.118486133,0.101678783,dap1b/cyp24a1/prkag2b/wdr59/pck1/ulk2/gcn1/gabarapl2/bcas3/nprl2/rptor/kptn/sesn1/rragd/sirt2/pak2b/pak1/wdr45b/kank2/nuak2/map1lc3c/atf4a/wdr45/seh1l/nucb2a/prkag3b/kics2/map1lc3b/prl2/becn1/lamp2/bglap/ulk3,33
BP,GO:0006414,translational elongation,21/3864,63/18773,0.333333333,1.619478951,2.507318526,0.0123594,0.118764325,0.101917513,mrpl44/gfm1/secisbp2/eef1a1b/eef2b/rack1/rplp1/rplp2/eefsec/gtpbp1l/ascc3/elof1/tsfm/ltn1/eef1b2/rnf14/eif5a/mtrfr/znf598/gtpbp2b/tcea3,21
BP,GO:0051651,maintenance of location in cell,21/3864,63/18773,0.333333333,1.619478951,2.507318526,0.0123594,0.118764325,0.101917513,akap9/bdh2/ryr1a/casq1a/casq2/twf2b/tmsb/plce1/itpr1b/ankrd13c/ryr3/selenon/plcg1/insig1/kdelr3/kdelr2b/vps13a/plcd1a/spout1/bcl2l10/anxa6,21
MF,GO:0002039,p53 binding,6/3742,11/18430,0.545454545,2.686458384,2.823972037,0.012538086,0.109828807,0.096193004,sirt1/brd4/ehmt1b/tp53bp2b/chd8/ppp1r13bb,6
BP,GO:0006397,mRNA processing,86/3864,334/18773,0.25748503,1.250974759,2.356048198,0.012565859,0.120377841,0.10330215,snrpe/sart1/rbm24a/pabpc1b/bud31/tnpo3/rbm17/ncbp3/ddx17/clp1/ddx39b/pcf11/si:ch211-107m4.1/rbfox1l/snrnp27/rsrp1/yju2/ybx1/ddx39ab/srsf5b/lsm7/pqbp1/sart3/cpsf3/tardbpa/cirbpb/zgc:103692/xab2/thoc7/pan3/lsm6/tfip11/arglu1a/pcbp4/ptbp1a/luc7l3/zmat5/cdc40/txnl4a/prpf31/rpl22/smndc1/ncbp2/si:ch211-220i18.4/rbm41/wdr33/gpatch1/rest/rpl22l1/sf3b5/rsrc1/cdk12/celf2/srpk1a/rbfox2/tdrd3/sf3a3/gemin6/snrpa1/tut1/khdc4/snrpa/mettl3/hnrnpa3/snrnp35/rbm15/sde2/casc3/srrt/prpf3/rbm39b/hnrnpl/clns1a/scnm1/lgals3a/prpf6/rbm4.3/mettl16/snapc3/prmt7/rbm6/cwc25/snrnp25/ddx23/virma/rbfox1,86
MF,GO:0016765,"transferase activity, transferring alkyl or aryl (other than methyl) groups",21/3742,64/18430,0.328125,1.616072622,2.491931218,0.012822607,0.111251378,0.097438956,lancl1/mgst3a/gsto1/dhps/gstk1/gstt1b/mgst3b/pdss1/srm/chm/coq2/rabggta/fdps/gstr/fntb/ptges/sms/mmab/mat2aa/nus1/rabggtb,21
BP,GO:0016055,Wnt signaling pathway,76/3864,291/18773,0.261168385,1.268870106,2.353228525,0.012908372,0.123280876,0.105793387,zranb1b/ndrg2/stk3/znf703/tle3a/foxo3b/id4/fzd4/tollip/net1/csnk1e/amotl2a/nlk1/lrp5/rhoab/tle3b/ddit3/ccny/jun/ctnnb1/amer1/gskip/nkd1/sulf2b/fzd3b/nup62l/gsk3aa/grb10a/csrp1a/sfrp1a/tcf7l1a/jupa/rack1/dact3a/rab8b/cdk5rap3/xiap/tcf7l2/grb10b/frzb/eaf1/bcl9/lzts2a/pak1/nkd2b/nkd2a/ugdh/wwox/axin1/btk/lgr4/fermt2/kctd15a/dot1l/tcf7l1b/tmem88b/cemip2/chd8/axin2/adgra2/sfrp2l/rnf146/dmxl2/rspo3/rnf14/gbx1/ppp2r3a/ubr5/trabd2b/dvl1b/adnpb/tsc2/sfrp2/prdm5/atp6ap2/nipblb,76
BP,GO:0033617,mitochondrial cytochrome c oxidase assembly,8/3864,17/18773,0.470588235,2.286323225,2.701183163,0.012982519,0.123610997,0.10607668,cox17/cox19/pet100/coa3a/uqcc6/surf1/cox20/cox18,8
BP,GO:0048762,mesenchymal cell differentiation,53/3864,193/18773,0.274611399,1.334182141,2.375683662,0.013069646,0.124062321,0.106463983,col2a1a/tncb/col18a1a/vgll2a/hdac4/myf5/kbtbd8/sema3aa/loxl2b/pknox1.1/gdnfa/lrp5/cxcr4a/hspg2/llgl2/tapt1b/disc1/radil/mych/rtf1/wtip/ctr9/fn1a/sema4ba/mdkb/atp6v0a1a/pard3ab/zeb2b/sox10/pak1/sema6ba/acvr2aa/sema4ga/kctd15a/eif3ba/sema3e/sema6cb/chd8/sema7a/tln1/esf1/smo/vwa1/slc39a10/dmxl2/parp3/phactr4a/foxd3/nrp2a/si:dkey-49n23.1/tfap2a/foxc1a/sox8a,53
BP,GO:0009123,nucleoside monophosphate metabolic process,18/3864,52/18773,0.346153846,1.681766603,2.50623879,0.013114238,0.124103026,0.106498914,ak3/dhodh/adka/adss1/ampd3a/nt5c2a/hprt1/cad/tyms/prps1a/umps/upp2/gart/hprt1l/adssl/dnph1/ak4/uck2b,18
BP,GO:0006633,fatty acid biosynthetic process,23/3864,71/18773,0.323943662,1.573859826,2.466269569,0.013153411,0.124103026,0.106498914,abhd2a/prkag2b/dcaf5/tecrb/fasn/ccdc57/mcat/ndufab1b/ptges3a/lpla/scdb/rpp14/mecr/olah/ptges/fasn2/elovl1a/acsbg2/aclya/ptgis/prkag3b/lipg/elovl7a,23
CC,GO:0034399,nuclear periphery,8/3989,17/19331,0.470588235,2.280506688,2.693253011,0.013185255,0.081847263,0.065364711,znf703/nup93/lmna/lmnb1/lmnl3/maea/krt8/lmnb2,8
MF,GO:0030695,GTPase regulator activity,108/3742,437/18430,0.247139588,1.217205401,2.319428517,0.01329784,0.113218058,0.099161463,arhgap35a/dennd5b/rapgef2b/sec23a/agfg2/tbc1d14/dock11/net1/llgl1/arhgap32b/dock5/iqsec1b/acap3b/grtp1a/stard13b/plce1/rangrf/dock9b/arfgef2/dennd4a/si:ch211-247j9.1/llgl2/tiam1b/sipa1l2/dennd2b/sbf1/dennd1a/nprl2/rabep1/chm/arhgap29b/cyth1a/rin2a/dab2ipb/si:dkey-65j6.2/tbc1d4/sipa1l3/si:dkeyp-19e1.3/arhgef28a/rgl2/gbf1/arhgap24/arhgef49/sh3bp5a/kalrna/stxbp5b/gpsm1b/nf1a/plekhg5b/akap13/arhgap45b/arhgap12b/lamtor3/rgl3a/arhgdia/arhgap17a/eif5/rasgef1ba/tbc1d30/iqsec2b/git1/asap2b/asap1b/fbxo8/rasa2/sgsm3/si:ch1073-13h15.3/arhgef3l/si:dkey-33c9.6/plekhg2/arhgef3/sec23b/tbc1d15/tbc1d9/ranbp2/arfgap2/slc38a9/rap1gapa/si:dkey-238d18.4/arhgap35b/rabgef1/dennd2c/dock7/si:dkey-91m11.5/rab3gap2/arhgef7b/git2b/arhgap22b/mycbp2/ophn1/smcr8a/arhgap21a/prex1/arhgap23b/arhgef15b/arhgef2b/zgc:92360/prex2/ect2/myo9aa/tsc2/elmod2/usp6nl/eif2b3/dlc1/arhgap25/arhgef18b/rin3,108
MF,GO:0060589,nucleoside-triphosphatase regulator activity,108/3742,437/18430,0.247139588,1.217205401,2.319428517,0.01329784,0.113218058,0.099161463,arhgap35a/dennd5b/rapgef2b/sec23a/agfg2/tbc1d14/dock11/net1/llgl1/arhgap32b/dock5/iqsec1b/acap3b/grtp1a/stard13b/plce1/rangrf/dock9b/arfgef2/dennd4a/si:ch211-247j9.1/llgl2/tiam1b/sipa1l2/dennd2b/sbf1/dennd1a/nprl2/rabep1/chm/arhgap29b/cyth1a/rin2a/dab2ipb/si:dkey-65j6.2/tbc1d4/sipa1l3/si:dkeyp-19e1.3/arhgef28a/rgl2/gbf1/arhgap24/arhgef49/sh3bp5a/kalrna/stxbp5b/gpsm1b/nf1a/plekhg5b/akap13/arhgap45b/arhgap12b/lamtor3/rgl3a/arhgdia/arhgap17a/eif5/rasgef1ba/tbc1d30/iqsec2b/git1/asap2b/asap1b/fbxo8/rasa2/sgsm3/si:ch1073-13h15.3/arhgef3l/si:dkey-33c9.6/plekhg2/arhgef3/sec23b/tbc1d15/tbc1d9/ranbp2/arfgap2/slc38a9/rap1gapa/si:dkey-238d18.4/arhgap35b/rabgef1/dennd2c/dock7/si:dkey-91m11.5/rab3gap2/arhgef7b/git2b/arhgap22b/mycbp2/ophn1/smcr8a/arhgap21a/prex1/arhgap23b/arhgef15b/arhgef2b/zgc:92360/prex2/ect2/myo9aa/tsc2/elmod2/usp6nl/eif2b3/dlc1/arhgap25/arhgef18b/rin3,108
BP,GO:0002063,chondrocyte development,6/3864,11/18773,0.545454545,2.650056465,2.786795863,0.013417363,0.125833106,0.107983581,rflnb/rflna/pmm2/sulf2b/gnptab/atg13,6
BP,GO:0060324,face development,6/3864,11/18773,0.545454545,2.650056465,2.786795863,0.013417363,0.125833106,0.107983581,notch2/jag1b/kdm6a/crispld2/pitx2/phf21ab,6
CC,GO:0016529,sarcoplasmic reticulum,15/3989,41/19331,0.365853659,1.772954894,2.526311633,0.013496362,0.081847263,0.065364711,rtn2b/klhl41a/trdn/ryr1a/casq1a/casq2/jph1b/hax1/calua/ryr3/atp2a1/atp2a2b/atp2a2a/si:dkey-28b4.8/atp2a1l,15
BP,GO:0016525,negative regulation of angiogenesis,11/3864,27/18773,0.407407407,1.979363162,2.592512831,0.013539783,0.126185905,0.108286336,serpinf1/tnmd/serpine1/thbs2a/sirt2/arhgap18/thbs1b/per2/yjefn3/ntn1a/cnmd,11
BP,GO:2000181,negative regulation of blood vessel morphogenesis,11/3864,27/18773,0.407407407,1.979363162,2.592512831,0.013539783,0.126185905,0.108286336,serpinf1/tnmd/serpine1/thbs2a/sirt2/arhgap18/thbs1b/per2/yjefn3/ntn1a/cnmd,11
BP,GO:1902275,regulation of chromatin organization,7/3864,14/18773,0.5,2.429218427,2.723374441,0.013576197,0.126185905,0.108286336,baz1a/phf2/atf7ip/ssrp1b/si:ch211-13c6.2/tasorb/prdm14,7
CC,GO:0071144,heteromeric SMAD protein complex,6/3989,11/19331,0.545454545,2.64331457,2.779844118,0.013588542,0.081847263,0.065364711,smad6b/smad3a/smad9/smad4a/smad1/smad2,6
CC,GO:0072534,perineuronal net,6/3989,11/19331,0.545454545,2.64331457,2.779844118,0.013588542,0.081847263,0.065364711,bcan/vcanb/ncanb/vcana/hapln1a/hapln1b,6
CC,GO:0098966,perisynaptic extracellular matrix,6/3989,11/19331,0.545454545,2.64331457,2.779844118,0.013588542,0.081847263,0.065364711,bcan/vcanb/ncanb/vcana/hapln1a/hapln1b,6
CC,GO:0099535,synapse-associated extracellular matrix,6/3989,11/19331,0.545454545,2.64331457,2.779844118,0.013588542,0.081847263,0.065364711,bcan/vcanb/ncanb/vcana/hapln1a/hapln1b,6
MF,GO:0019843,rRNA binding,14/3742,38/18430,0.368421053,1.81453768,2.536938524,0.013625171,0.114930837,0.100661592,mrpl20/ptcd3/cavin1b/rps4x/rplp0/nop53/rpl5a/rpf1/mrps18a/rps5/rpl12/mrps18c/rpl8/eral1,14
CC,GO:0034045,phagophore assembly site membrane,7/3989,14/19331,0.5,2.423038355,2.715924794,0.013768955,0.081980675,0.065471256,ulk2/atg9b/atg16l1/wdr45b/atg2a/wdr45/ulk3,7
BP,GO:0072330,monocarboxylic acid biosynthetic process,27/3864,87/18773,0.310344828,1.507790747,2.416772729,0.014008362,0.12981636,0.111401807,abhd2a/prkag2b/tle3a/dcaf5/tecrb/fasn/ccdc57/mcat/ndufab1b/ptges3a/lpla/cyp7b1/scdb/rpp14/mecr/olah/ptges/fasn2/elovl1a/acsbg2/aclya/cyp7a1/ptgis/gatm/prkag3b/lipg/elovl7a,27
BP,GO:0016042,lipid catabolic process,54/3864,198/18773,0.272727273,1.325028233,2.340662755,0.014150814,0.130748498,0.112201721,abhd2a/pnpla3/smpdl3b/cyp24a1/gpcpd1/acadl/cpt2/prdx6/pck1/plce1/si:ch211-256m1.8/fitm2/faah2a/ilvbl/echs1/gdpd3a/cpt1b/plcd3a/acad11/abhd6a/lpla/gdpd1/plcg1/phyh/plbd2/pnpla4/plcl1/lipeb/pld2/rab7a/bco1/lpin1a/echdc2/hacl1/auh/cyp7a1/decr1/smpd5/pnpla6/zgc:85777/napepld/si:ch1073-406l10.2/lipg/hadh/abhd12/gm2a/zgc:123305/smpd1/plcd1a/asah1b/neu1/srd5a3/pla2g12a/cpt1a2b,54
BP,GO:0016073,snRNA metabolic process,16/3864,45/18773,0.355555556,1.727444214,2.487194937,0.014322634,0.131557609,0.112896059,ints6/ints6l/ints5/snapc2/ints7/exosc10/exosc7/toe1/nop10/ice2/tut1/zcchc7/ints14/exosc5/mettl16/snapc3,16
BP,GO:0071806,protein transmembrane transport,16/3864,45/18773,0.355555556,1.727444214,2.487194937,0.014322634,0.131557609,0.112896059,srp54/tomm7/grpel1/tomm20b/chchd4a/timm21/pex13/tomm40/pex1/timm17a/timm23a/sec62/sec61a1a/dnlz/timm44/tram2,16
BP,GO:0006974,DNA damage response,114/3864,459/18773,0.248366013,1.206670591,2.282143732,0.014447823,0.132318336,0.113548876,rec8b/eepd1/smyd2a/rrm2b/cul4b/rbm24a/hipk2/plk3/spata18/psme4b/bccip/rad9a/rnf169/cep63/usp10/bcl2l16/yju2/zfyve26/tdg.1/cdk9/dna2/babam2/chchd6a/recql/dtymk/ube2al/ccnd1/emsy/slx4/macrod1/oard1/ddb1/id2a/bcl2b/usp1/trrap/rps3/yars1/top3a/ints7/vhl/xrcc5/mcl1b/smarcad1b/prdm9/etaa1b/neil1/ube2v1/dclre1a/smc2/rmi2/h2ax/inip/csnk2a2b/chaf1a/vcp/brat1/waca/nabp1a/pnkp/timeless/dntt/rad51ap1/recql5/gtf2h4/mastl/mms19/ep400/si:dkey-74k8.3/dot1l/pargl/rnf8/firrm/prmt6/wdr76/ascc3/eya1/mettl3/rad23b/dmap1/rps6kal/hdgfl2/ssrp1b/hltf/vcpip1/mcm10/ercc6l/atrx/si:dkey-9i23.15/uba7/ikbkg/parp3/rmi1/pold4/uimc1/neil3/ercc5/mcm4/znf365/wdr48b/ddias/phlda3/brcc3/eif2ak4/kmt5b/clocka/casp9/rev1/ercc3/nipblb/cdk1/tex264a/paxx/bcl2l10,114
CC,GO:0072686,mitotic spindle,16/3989,45/19331,0.355555556,1.723049497,2.476054275,0.014670127,0.086353702,0.068963635,rtraf/agbl5/fam83d/bccip/kifc1/sirt2/ccsapb/rmdn1/clasp2/haus3/rmdn3/katna1/trappc14/ckap2l/spout1/kif11,16
BP,GO:0006753,nucleoside phosphate metabolic process,98/3864,389/18773,0.251928021,1.223976379,2.272514114,0.015087689,0.137774421,0.118231012,rrm2b/prkag2b/pde4ba/pfkma/atp5meb/gpd1b/itpa/acsl1a/atp5mea/acss2/ak3/dhodh/eno1a/ugp2a/adka/atpsckmt/adss1/ampd3a/nudt3b/nme4/pmm2/nt5c2a/cmpk2/zgc:103759/fitm2/hprt1/gpd1c/gfpt2/idh1/rrm1/pdk2a/gpib/nt5c3a/nudt12/dtymk/hmgcra/uap1/atp6v1ab/pde4ca/cad/tyms/pank2/atp5f1c/ctps1b/prps1a/kars1/sucla2/naprt/aass/tigara/antkmt/acot9.1/acot20/umps/bpgm/ugdh/atp5pf/pde4bb/ugp2b/aldob/upp2/nampt1/gart/dlst/mvda/gmpr/pargl/opa1/elovl1a/aclya/hprt1l/pde4d/gucy2d/atp5pd/adssl/pdk3a/acsl5/slc38a9/dnph1/nnt/prkag3b/fdxr/nt5c1aa/prpsap2/ak4/dlat/nadkb/nadk2/uck2b/rpe/gck/mdh1aa/elovl7a/pdhx/papss2b/npr1a/entpd3/atp5f1b,98
BP,GO:0006937,regulation of muscle contraction,14/3864,38/18773,0.368421053,1.78995042,2.481500448,0.015320379,0.138547377,0.118894323,fbxl22/tnnt1/casq1a/casq2/desma/ank2b/wtip/tmem161b/tnnt2c/atp2a1/atp2a2b/atp2a2a/erp44/si:dkey-28b4.8,14
BP,GO:0001878,response to yeast,10/3864,24/18773,0.416666667,2.024348689,2.556312575,0.015349789,0.138547377,0.118894323,psmd14/nap1l1/sc5d/ppp6c/ccny/xpo1b/mcm4/cebpb/slc15a2/src,10
BP,GO:0006541,glutamine metabolic process,10/3864,24/18773,0.416666667,2.024348689,2.556312575,0.015349789,0.138547377,0.118894323,gls2a/gls2b/glulb/gfpt2/cad/glsa/ctps1b/cps1/asnsd1/lgsn,10
BP,GO:0071456,cellular response to hypoxia,10/3864,24/18773,0.416666667,2.024348689,2.556312575,0.015349789,0.138547377,0.118894323,hif1al/egln1b/arnt/sirt2/vhl/egln1a/epas1b/nr3c1/slc38a9/ndrg1a,10
BP,GO:0032006,regulation of TOR signaling,23/3864,72/18773,0.319444444,1.552000661,2.389037713,0.015651561,0.140864049,0.120882373,deptor/wdr59/ddit4/fam83d/stambpl1/gsk3aa/nprl2/kptn/sesn1/rragd/tsc1b/mapkapk5/tnfaip8l1/waca/lamtor3/itfg2/seh1l/slc38a9/kics2/tmem127/pim1/tsc2/akt1s1,23
CC,GO:0070603,SWI/SNF superfamily-type complex,22/3989,68/19331,0.323529412,1.567848348,2.391838303,0.015768943,0.091778789,0.073296208,gatad2b/cfdp1/anp32e/smarce1/bicra/bptf/baz1a/gatad2ab/mta2/bicral/pbrm1/chd4a/ep400/srcap/chd4b/nfrkb/arid2/dmap1/uchl5/smarca2/chd5/dpf3,22
MF,GO:0032266,phosphatidylinositol-3-phosphate binding,9/3742,21/18430,0.428571429,2.11078873,2.570676681,0.015829031,0.13229585,0.11587065,plekha5/zfyve26/vps36/wdr45b/atg2a/wdr45/snx27a/phlda3/bbs5,9
BP,GO:0006446,regulation of translational initiation,12/3864,31/18773,0.387096774,1.880685233,2.498291837,0.015830207,0.141934761,0.121801204,eif2ak2/eif4ebp2/ybx1/mif4gdb/dhx29/paip1/eif2ak1/uhmk1/mettl3/eif4ebp1/eif3k/eif2ak4,12
BP,GO:0060284,regulation of cell development,68/3864,259/18773,0.262548263,1.275574154,2.273462579,0.015907605,0.141934761,0.121801204,serpinf1/mturn/plxna3/tncb/her6/irf7/lgals2a/rflnb/myf5/slit2/sirt1/brd4/ulk2/rflna/runx1/bcan/mafbb/atoh7/nlk1/stat5a/bcl6aa/mmp9/sh3rf1/fxr2/tiam1b/swap70b/plxnb3/cdk9/lama1/smyd1b/p4htmb/vcanb/bhlhe40/bhlhe41/ncanb/mymk/sirt2/zbtb16a/vcana/rps19/gata1a/kat2a/notch3/sox10/asxl1/p2ry12/spi1b/hey1/rest/hapln1a/hapln1b/atg13/gper1/musk/opa1/cisha/numb/mettl3/plxna2/numbl/grna/smad2/carm1/adnpb/csf3b/neu1/gli2a/nipblb,68
BP,GO:0006873,intracellular monoatomic ion homeostasis,61/3864,229/18773,0.266375546,1.294168769,2.280143441,0.015952322,0.141934761,0.121801204,stc2a/slc39a7/bdh2/homer1b/ryr1a/casq1a/fth1a/casq2/atp1b1a/atp1b1b/tmem175/ncoa4/smdt1b/atp1a2a/cax2/slc4a1a/plce1/stc2b/mcu/itpr1b/atp6ap1a/micu2/slc35g1/ryr3/gprc6a/tfr1a/slc4a4a/cyb561a3a/asph/selenon/atp6v0a1a/plcg1/slc30a9/atp2a1/atp2a2b/atp2a2a/slc4a2b/wwox/slc9a6a/fthl27/si:dkey-28b4.8/cln3/herpud1/atp2a1l/tmco1/cav2/slc39a10/cherp/cav1/dmxl2/tmem203/zgc:110843/atp1a3a/scara5/atp1a1a.1/plcd1a/atp6v0d1/atp13a2/htt/bcl2l10/anxa6,61
BP,GO:0030003,intracellular monoatomic cation homeostasis,61/3864,229/18773,0.266375546,1.294168769,2.280143441,0.015952322,0.141934761,0.121801204,stc2a/slc39a7/bdh2/homer1b/ryr1a/casq1a/fth1a/casq2/atp1b1a/atp1b1b/tmem175/ncoa4/smdt1b/atp1a2a/cax2/slc4a1a/plce1/stc2b/mcu/itpr1b/atp6ap1a/micu2/slc35g1/ryr3/gprc6a/tfr1a/slc4a4a/cyb561a3a/asph/selenon/atp6v0a1a/plcg1/slc30a9/atp2a1/atp2a2b/atp2a2a/slc4a2b/wwox/slc9a6a/fthl27/si:dkey-28b4.8/cln3/herpud1/atp2a1l/tmco1/cav2/slc39a10/cherp/cav1/dmxl2/tmem203/zgc:110843/atp1a3a/scara5/atp1a1a.1/plcd1a/atp6v0d1/atp13a2/htt/bcl2l10/anxa6,61
BP,GO:0003205,cardiac chamber development,18/3864,53/18773,0.339622642,1.650035158,2.412522838,0.01612564,0.142260942,0.122081116,plxna3/tnnc1a/tbx2b/tmem65/rbx1/dnajb6b/ltbp3/pak1/adgrg6/fntb/ilk/rbfox2/npnta/smarca5/smo/hace1/nr2f1a/rbfox1,18
BP,GO:0006354,DNA-templated transcription elongation,18/3864,53/18773,0.339622642,1.650035158,2.412522838,0.01612564,0.142260942,0.122081116,ccnt2a/brd4/cdk9/sart3/ctr9/gtf2f1/eny2/glyr1/elob/eaf1/ccnk/cdk12/rnf8/elof1/supt4h1/polr1f/tcea3/eloa,18
BP,GO:0035967,cellular response to topologically incorrect protein,18/3864,53/18773,0.339622642,1.650035158,2.412522838,0.01612564,0.142260942,0.122081116,dnajb12a/derl1/selenos/derl2/hspb8/wfs1a/os9/amfra/serp2/atf4a/herpud2/herpud1/parp16/edem2/erlec1/tegt/tmtc4/parp6b,18
CC,GO:0035770,ribonucleoprotein granule,36/3989,124/19331,0.290322581,1.406925497,2.317943964,0.016271472,0.093651362,0.074791679,nufip2/dcp1a/lsm14aa/ddx19b/rc3h1b/g3bp2a/igf2bp3/mcrip2/ddx6/fxr2/ybx1/larp4b/upf1/fastkd2/tnrc6c1/dis3l2/pabpc4/ajuba/pan3/lsm6/eif4enif1/btbd2a/tdrd7b/pnrc2/sumo1/tdrd9/uhmk1/casc3/tbrg4/rc3h2/ddx61/atxn2/tdrkh/dynll2a/edc3/fastkd3,36
BP,GO:0010506,regulation of autophagy,29/3864,96/18773,0.302083333,1.467652799,2.338595824,0.016393468,0.143735735,0.123346708,mtmr3/dap1b/mtcl3a/rubcn/dram2b/ulk2/usp10/gsk3aa/nprl2/rptor/keap1a/sesn1/rragd/sirt2/ap3d1/epm2a/gfap/usp13/vcp/waca/scoca/atg13/keap1b/wdr45/zgc:110843/becn1/sting1/ulk3/asah1b,29
BP,GO:0071695,anatomical structure maturation,29/3864,96/18773,0.302083333,1.467652799,2.338595824,0.016393468,0.143735735,0.123346708,col1a1a/abhd2a/bdh2/ar/rflnb/rflna/nemp1/adnp2b/ybx1/paqr7b/ltbp3/chm/nsfa/sin3b/lyz/klf9/rps14/rpl18/rest/gper1/mettl3/maea/slc12a2/ccnb1/pum1/tdrkh/adnpb/dctn2/sptan1,29
BP,GO:0006066,alcohol metabolic process,47/3864,170/18773,0.276470588,1.343214895,2.288488154,0.016430886,0.143735735,0.123346708,itpka/nfe2l1b/apoeb/rdh8a/pck1/thtpa/sc5d/sptlc2a/ip6k2a/nudt3b/msmo1/sptlc2b/idh1/impa1/chm/idh3b/cyp27b1/zgc:172295/hsd17b7/gdpd1/cyp7b1/npc2.1/insig1/cyp11c1/srebf2/lipeb/bpnt2/apoa4a/pcbd1/mvda/lcat/erlin1/sgpp1b/cyp7a1/lratb.1/cetp/dhcr7/fdxr/napepld/ippk/apoa4b.2/dgat2/sord/srd5a3/adh8a/gk5/nus1,47
MF,GO:0004181,metallocarboxypeptidase activity,11/3742,28/18430,0.392857143,1.934889669,2.49878165,0.016518845,0.136806067,0.119820901,aebp1b/agbl5/pm20d1.2/cpda/cpxm1a/cpz/agtpbp1/cpxm1b/naaladl1/naalad2/cpe,11
BP,GO:0045595,regulation of cell differentiation,118/3864,479/18773,0.246346555,1.196859183,2.221870137,0.016624152,0.144832825,0.124288175,serpinf1/mturn/plxna3/nfkbiaa/tncb/si:ch211-106h11.3/her6/irf7/rbm24a/hipk2/lgals2a/rflnb/hdac4/myf5/slit2/sirt1/brd4/ulk2/rflna/sox6/errfi1a/runx1/bcan/runx3/metrnla/mafbb/atoh7/loxl2b/cebpd/gdnfa/nlk1/stat5a/thrab/crebl2/bcl6aa/gpr182/mmp9/sh3rf1/msmo1/llgl2/fxr2/wdfy2/tiam1b/dusp4/swap70b/plxnb3/mapk14b/nup62l/cdk9/lama1/smyd1b/p4htmb/vcanb/il1b/bhlhe40/bhlhe41/id2a/ncanb/mymk/ucmab/mdkb/igf2b/sirt2/myd88/ap3d1/zbtb16a/vcana/rps19/gata1a/ptbp1a/kat2a/notch3/casz1/sox10/asxl1/p2ry12/ccn5/spi1b/hey1/nf1a/dusp6/sox5/nog3/rest/hapln1a/hapln1b/atg13/gper1/musk/opa1/cisha/numb/mettl3/atf4a/plxna2/nr3c1/irx5a/gdf10a/h2az2a/numbl/grna/bloc1s2/parp3/smad2/eve1/carm1/arhgef2b/tmem182a/adnpb/ccn2a/urb2/csf3b/tph2/neu1/lfng/gli2a/nipblb/pou5f3,118
BP,GO:0006368,transcription elongation by RNA polymerase II,15/3864,42/18773,0.357142857,1.735156019,2.42813738,0.016695427,0.144832825,0.124288175,brd4/cdk9/sart3/ctr9/gtf2f1/eny2/glyr1/elob/eaf1/cdk12/rnf8/elof1/supt4h1/tcea3/eloa,15
BP,GO:0030968,endoplasmic reticulum unfolded protein response,15/3864,42/18773,0.357142857,1.735156019,2.42813738,0.016695427,0.144832825,0.124288175,derl1/selenos/derl2/wfs1a/os9/amfra/serp2/atf4a/herpud2/herpud1/parp16/edem2/erlec1/tmtc4/parp6b,15
BP,GO:0055007,cardiac muscle cell differentiation,19/3864,57/18773,0.333333333,1.619478951,2.384553321,0.016819204,0.145502424,0.124862791,fhod3a/cmlc1/tcap/nrap/rbfox1l/ddx39ab/smyd1b/mef2cb/alpk2/septin15/icam3/vcp/nexn/ilk/rbfox2/opa1/tln1/nr2f1a/mat2aa,19
MF,GO:0044389,ubiquitin-like protein ligase binding,18/3742,54/18430,0.333333333,1.641724568,2.383644583,0.01719698,0.141139177,0.123616033,cul4b/cul2/txnipa/gabarapl2/cul3b/jkamp/ubb/spopla/axin1/sumo1/spop/map1lc3c/erlin1/axin2/rps27a/trim37/map1lc3b/uba52,18
BP,GO:0006605,protein targeting,38/3864,133/18773,0.285714286,1.388124815,2.286777189,0.017254695,0.148207884,0.12718448,hspa8/sec23a/srp54/zfand2a/pmpcb/zgc:56596/tomm7/grpel1/vps37a/vps37d/gnptab/sgtb/ap4m1/get3/tomm20b/ap3d1/chchd4a/timm21/zdhhc4/tomm40/pmpca/zdhhc23a/zdhhc18a/timm13/naca/timm17a/vps37c/timm23a/sec62/srprb/sec61a1a/vps13a/zdhhc14/dnlz/timm44/lamp2/tomm34/tram2,38
BP,GO:0034198,cellular response to amino acid starvation,9/3864,21/18773,0.428571429,2.082187223,2.526026058,0.01727431,0.148207884,0.12718448,dap1b/wdr59/gcn1/nprl2/kptn/sesn1/atf4a/seh1l/kics2,9
BP,GO:0045619,regulation of lymphocyte differentiation,9/3864,21/18773,0.428571429,2.082187223,2.526026058,0.01727431,0.148207884,0.12718448,irf7/brd4/stat5a/bcl6aa/sh3rf1/kat2a/opa1/cisha/mettl3,9
MF,GO:0001671,ATPase activator activity,8/3742,18/18430,0.444444444,2.188966091,2.547279983,0.017743194,0.144321871,0.12640358,ahsa1a/atp1b1a/atp1b1b/atp6ap1a/gtf2h4/zgc:112962/ahsa1b/hscb,8
BP,GO:0030199,collagen fibril organization,13/3864,35/18773,0.371428571,1.80456226,2.425390298,0.017803085,0.151584626,0.130082228,col1a1a/col2a1a/lum/plod1a/loxl2b/loxl5b/mmp9/col11a2/dpt/p4ha1a/serpinh1b/cpamd8/spint1a,13
BP,GO:0032007,negative regulation of TOR signaling,13/3864,35/18773,0.371428571,1.80456226,2.425390298,0.017803085,0.151584626,0.130082228,deptor/ddit4/gsk3aa/nprl2/kptn/sesn1/tsc1b/mapkapk5/tnfaip8l1/kics2/tmem127/tsc2/akt1s1,13
BP,GO:0070585,protein localization to mitochondrion,16/3864,46/18773,0.347826087,1.689891079,2.384926033,0.017862037,0.151584626,0.130082228,pmpcb/tomm7/grpel1/tomm20b/chchd4a/timm21/tomm40/pmpca/timm13/timm17a/timm23a/dnlz/bcs1l/timm44/tomm34/cox18,16
BP,GO:0072655,establishment of protein localization to mitochondrion,16/3864,46/18773,0.347826087,1.689891079,2.384926033,0.017862037,0.151584626,0.130082228,pmpcb/tomm7/grpel1/tomm20b/chchd4a/timm21/tomm40/pmpca/timm13/timm17a/timm23a/dnlz/bcs1l/timm44/tomm34/cox18,16
BP,GO:0005978,glycogen biosynthetic process,11/3864,28/18773,0.392857143,1.908671621,2.449586795,0.01823699,0.153102476,0.13138477,ppp1r3cb/gbe1b/ppp1r3db/gyg1b/inpp5ka/phkg2/ugp2a/ppp1r3aa/gyg1a/ugp2b/agla,11
BP,GO:0009250,glucan biosynthetic process,11/3864,28/18773,0.392857143,1.908671621,2.449586795,0.01823699,0.153102476,0.13138477,ppp1r3cb/gbe1b/ppp1r3db/gyg1b/inpp5ka/phkg2/ugp2a/ppp1r3aa/gyg1a/ugp2b/agla,11
BP,GO:0060415,muscle tissue morphogenesis,11/3864,28/18773,0.392857143,1.908671621,2.449586795,0.01823699,0.153102476,0.13138477,mylpfb/lurap1/myo18ab/tcap/rbx1/arhgef28a/fermt2/rbfox2/cemip2/dpf3/rbfox1,11
BP,GO:1901343,negative regulation of vasculature development,11/3864,28/18773,0.392857143,1.908671621,2.449586795,0.01823699,0.153102476,0.13138477,serpinf1/tnmd/serpine1/thbs2a/sirt2/arhgap18/thbs1b/per2/yjefn3/ntn1a/cnmd,11
CC,GO:0005871,kinesin complex,16/3989,46/19331,0.347826087,1.685591899,2.373786894,0.018285097,0.104084401,0.083123693,kif2c/kif5c/kif3a/kif5ba/kif13a/kif1aa/kif13ba/kif1b/kifc1/klc4/ndel1b/klc1a/kif21b/kif23/kif20a/stard9,16
BP,GO:0021700,developmental maturation,32/3864,109/18773,0.293577982,1.426330085,2.272513341,0.018539993,0.15522895,0.133209602,col1a1a/abhd2a/bdh2/ar/rflnb/rflna/nemp1/adnp2b/ybx1/paqr7b/ltbp3/sez6b/chm/nsfa/sin3b/lyz/klf9/rps14/rpl18/rest/gper1/mettl3/maea/dmxl2/slc12a2/ccnb1/pum1/atp6v1g1/tdrkh/adnpb/dctn2/sptan1,32
MF,GO:0061650,ubiquitin-like protein conjugating enzyme activity,15/3742,43/18430,0.348837209,1.71808385,2.379443484,0.018545894,0.149516011,0.130952841,ube2l3b/ube2d4/ube2g1b/ube2e1/ufc1/ube2al/ube2h/cdc34a/ube2s/birc6/ube2d2/ube2kb/ube2d3/ube2c/ube2z,15
BP,GO:0044282,small molecule catabolic process,58/3864,218/18773,0.266055046,1.29261164,2.212274124,0.018826858,0.157209298,0.134909035,abhd2a/gls2a/nos1/aldh4a1/gls2b/cyp24a1/aldh1l2/acadl/cpt2/cdo1/pfkma/pck1/got2a/gpt/zgc:103586/gcat/si:ch211-256m1.8/ilvbl/echs1/si:ch211-217a12.1/oat/aldh6a1/mccc2/gcsha/cpt1b/acad11/glsa/zgc:172295/aass/cdab/asrgl1/phyh/blmh/adh5l/aldh5a1/lpin1a/upp2/dlst/echdc2/amt/ivd/hacl1/auh/cyp7a1/decr1/ldhd/si:dkey-224e22.2/zgc:85777/uroc1/bckdha/hadh/zgc:123305/sord/srd5a3/adh8a/gk5/cpt1a2b/ftcd,58
CC,GO:0000775,"chromosome, centromeric region",33/3989,113/19331,0.292035398,1.415225942,2.257233891,0.019038912,0.106259434,0.084860714,kif2c/plk3/ncapd2/cfdp1/cbx1a/phf2/septin15/si:dkeyp-115e12.6/plk1/plk2a/nup133/si:dkey-6i22.5/anapc16/birc6/kntc1/gpatch11/ndel1b/mis18bp1/dynlt3/septin7a/firrm/ckap5/ncapd3/cenpo/zw10/incenp/clasp2/seh1l/ercc6l/atrx/ngdn/ttk/spout1,33
MF,GO:0140993,histone modifying activity,40/3742,144/18430,0.277777778,1.368103807,2.238276019,0.019054968,0.152272592,0.133367179,smyd2a/hdac4/sirt1/padi2/nsd1a/hdac6/ehmt1b/kmt2bb/smyd1b/setbp1/jmjd1cb/crebbpa/kdm6a/phf2/sirt2/sirt4/kdm4c/kat2a/prdm9/hdac5/kdm3b/ezh1/nsd2/dot1l/prmt6/ash1l/ep300b/kdm6ba/dmap1/kat14/kdm7ab/nsd3/mysm1/prkcbb/carm1/setd2/prmt7/kmt5b/clocka/kdm2ba,40
BP,GO:0006739,NADP metabolic process,8/3864,18/18773,0.444444444,2.159305268,2.505100202,0.019221752,0.158389263,0.135921622,idh1/nudt12/tigara/nnt/fdxr/nadkb/nadk2/rpe,8
BP,GO:0035904,aorta development,8/3864,18/18773,0.444444444,2.159305268,2.505100202,0.019221752,0.158389263,0.135921622,amotl2a/notch1b/vegfaa/gata2a/pard3ab/notch3/smo/ntn1a,8
BP,GO:0042541,hemoglobin biosynthetic process,8/3864,18/18773,0.444444444,2.159305268,2.505100202,0.019221752,0.158389263,0.135921622,bdh2/abcb10/slc11a2/alas2/tfr1a/rps19/rpl10a/rpl11,8
BP,GO:0046461,neutral lipid catabolic process,8/3864,18/18773,0.444444444,2.159305268,2.505100202,0.019221752,0.158389263,0.135921622,abhd2a/pnpla3/abhd6a/lpla/pnpla4/lipeb/lipg/abhd12,8
BP,GO:0046464,acylglycerol catabolic process,8/3864,18/18773,0.444444444,2.159305268,2.505100202,0.019221752,0.158389263,0.135921622,abhd2a/pnpla3/abhd6a/lpla/pnpla4/lipeb/lipg/abhd12,8
CC,GO:0031248,protein acetyltransferase complex,24/3989,77/19331,0.311688312,1.510465468,2.288538397,0.0192826,0.106259434,0.084860714,jade2/naa15b/kansl2/kansl1a/taf6l/naa20/eny2/crebbpa/naa10/naa25/trrap/taf5l/brd8a/kat2a/atxn7l3b/ep400/yeats2/zzz3/epc1a/ep300b/naa30/dmap1/kansl1l/atxn7l3a,24
CC,GO:1902493,acetyltransferase complex,24/3989,77/19331,0.311688312,1.510465468,2.288538397,0.0192826,0.106259434,0.084860714,jade2/naa15b/kansl2/kansl1a/taf6l/naa20/eny2/crebbpa/naa10/naa25/trrap/taf5l/brd8a/kat2a/atxn7l3b/ep400/yeats2/zzz3/epc1a/ep300b/naa30/dmap1/kansl1l/atxn7l3a,24
BP,GO:0045732,positive regulation of protein catabolic process,14/3864,39/18773,0.358974359,1.744054255,2.367942893,0.019476459,0.160065739,0.137360289,csnk1e/oaz1b/sh3rf1/gsk3aa/klhl40a/sirt2/rnft2/adam8a/fzr1a/dda1/axin1/tmem259/axin2/asb5b,14
MF,GO:0008252,nucleotidase activity,7/3742,15/18430,0.466666667,2.298414395,2.539186114,0.019529644,0.154708748,0.135500874,nt5dc3/nt5c2a/nt5c2l1/nt5c3a/bpnt1/bpnt2/nt5c1aa,7
MF,GO:0008757,S-adenosylmethionine-dependent methyltransferase activity,46/3742,170/18430,0.270588235,1.332694061,2.199584077,0.020211644,0.158731103,0.139023833,smyd2a/as3mt/nsd1a/dimt1l/atpsckmt/bud23/ehmt1b/pcmtd1/ndufaf5/kmt2bb/smyd1b/setbp1/trmt10c/dnmt3aa/si:ch211-93g23.2/pcmt/antkmt/prdm9/lcmt1/tpmt.1/ezh1/nsd2/mettl1/mettl6/nop2/mettl2a/dot1l/trmt61a/prmt6/ash1l/mettl3/tfb1m/pcmtd2a/tmt1a.1/setd6/gnmt/comtb/nsd3/carm1/hnmt/setd2/mettl16/prmt7/kmt5b/mettl27/zgc:172121,46
BP,GO:0072593,reactive oxygen species metabolic process,19/3864,58/18773,0.327586207,1.5915569,2.297022133,0.020306485,0.166095887,0.142535055,si:ch211-5k11.8/tcap/hbbe2/prdx4/sod3b/acod1/sirt2/pikfyve/cyba/prdx5/ncf2/prdx2/gpx1a/noxo1a/hace1/cyb5r4/cybb/sod1/pink1,19
BP,GO:0007610,behavior,74/3864,288/18773,0.256944444,1.248348358,2.162207571,0.020316564,0.166095887,0.142535055,col6a1/nyx/klhl41a/dok7b/ar/desma/atoh7/tcap/hdac10/smpx/atp1a2a/ugp2a/cct8/dnajb6b/hdac6/vps37a/nrap/opa3/pkd2l1/clpb/tfg/lsm7/disc1/lama1/bhlhe40/tardbpa/setd5/keap1a/dnmt3aa/rgs4/dhx30/sin3b/dmd/lamc1/stra6l/ap2s1/sirt2/pitpnc1a/wfs1a/kat2a/pleca/npc2.1/cyp11c1/nf1a/vcp/scdb/vapb/nop56/ugp2b/ipo13b/rest/reep1/keap1b/per2/nr3c1/hcn2b/ngly1/surf1/mao/grna/atp1a3a/flncb/trnt1/ca6/abhd12/lamb1a/pim1/myo9aa/pink1/asah1b/chata/rbfox1/atp13a2/nus1,74
MF,GO:0060590,ATPase regulator activity,13/3742,36/18430,0.361111111,1.778534949,2.36000388,0.020424856,0.159034563,0.139289617,ahsa1a/atp1b1a/atp1b1b/grpel1/atp6ap1a/bag1/fnip1/gtf2h4/zgc:112962/ahsa1b/hspa4b/hscb/bag2,13
MF,GO:0051371,muscle alpha-actinin binding,6/3742,12/18430,0.5,2.462586852,2.558070435,0.020819545,0.159383242,0.139595005,pdlim3b/pdlim7/pdlim4/pkd2l1/ldb3b/pdlim5a,6
MF,GO:0051393,alpha-actinin binding,6/3742,12/18430,0.5,2.462586852,2.558070435,0.020819545,0.159383242,0.139595005,pdlim3b/pdlim7/pdlim4/pkd2l1/ldb3b/pdlim5a,6
BP,GO:0008593,regulation of Notch signaling pathway,20/3864,62/18773,0.322580645,1.567237695,2.277518969,0.020831886,0.168164818,0.144310507,prss23/llgl1/nlk1/pappa2/rab5c/llgl2/chac1/id2a/cad/ptbp1a/egfl6/srebf2/mettl3/rfng/yjefn3/numbl/bloc1s2/foxc1a/lfng/nedd4a,20
BP,GO:0008589,regulation of smoothened signaling pathway,15/3864,43/18773,0.348837209,1.694803553,2.322078751,0.020877269,0.168164818,0.144310507,sox11a/gatad2b/ip6k2a/rerea/ift88/boc/cibar1/ugdh/sox4b/ube2d2/rest/arrb2b/cdon/smo/dzip1,15
BP,GO:0048863,stem cell differentiation,70/3864,271/18773,0.258302583,1.254946789,2.152159365,0.020955055,0.168164818,0.144310507,col2a1a/nos1/tncb/col18a1a/irf7/rbm24a/vgll2a/hdac4/mettl22/myf5/jag2b/kbtbd8/sema3aa/psmd11b/pknox1.1/notch1b/gdnfa/lrp5/cxcr4a/gpr182/tgfb3/hspg2/tapt1b/disc1/radil/mych/rtf1/wtip/ctr9/fn1a/sema4ba/atp6v0a1a/vhl/pard3ab/zeb2b/plcg1/epas1b/sox10/pak1/sema6ba/acvr2aa/sema4ga/kctd15a/sf3a3/eif3ba/sema3e/sema6cb/chd8/mettl3/sema7a/tln1/nr3c1/ncor2/esf1/smo/vwa1/dmxl2/bloc1s2/phactr4a/foxd3/nrp2a/si:dkey-49n23.1/tfap2a/foxc1a/nop14/sox8a/urb2/cnr2/csf3b/tph2,70
BP,GO:0036294,cellular response to decreased oxygen levels,10/3864,25/18773,0.4,1.943374741,2.402848283,0.020960548,0.168164818,0.144310507,hif1al/egln1b/arnt/sirt2/vhl/egln1a/epas1b/nr3c1/slc38a9/ndrg1a,10
BP,GO:0061386,closure of optic fissure,10/3864,25/18773,0.4,1.943374741,2.402848283,0.020960548,0.168164818,0.144310507,sox11a/nid2a/rerea/sfrp1a/sox4b/pitx2/tln1/ntn1a/phactr4a/foxc1a,10
BP,GO:0035907,dorsal aorta development,7/3864,15/18773,0.466666667,2.267270531,2.499604363,0.02100041,0.168164818,0.144310507,amotl2a/notch1b/vegfaa/gata2a/pard3ab/notch3/smo,7
BP,GO:0042116,macrophage activation,7/3864,15/18773,0.466666667,2.267270531,2.499604363,0.02100041,0.168164818,0.144310507,kars1/p2ry12/spi1b/syk/cxcr3.2/grna/zgc:113337,7
BP,GO:2000179,positive regulation of neural precursor cell proliferation,7/3864,15/18773,0.466666667,2.267270531,2.499604363,0.02100041,0.168164818,0.144310507,bcan/vcanb/ncanb/vcana/hapln1a/hapln1b/gper1,7
BP,GO:0031329,regulation of cellular catabolic process,32/3864,110/18773,0.290909091,1.413363448,2.213539418,0.021118628,0.168678968,0.144751724,mtmr3/dap1b/pnpla3/mtcl3a/rubcn/dram2b/ulk2/usp10/gsk3aa/nprl2/rptor/keap1a/sesn1/rragd/sirt2/ap3d1/adam8a/epm2a/gfap/timp2a/usp13/vcp/waca/scoca/atg13/keap1b/wdr45/zgc:110843/becn1/sting1/ulk3/asah1b,32
CC,GO:0030057,desmosome,7/3989,15/19331,0.466666667,2.261502465,2.492195403,0.021287327,0.112817958,0.090098471,dspb/si:ch73-74h11.1/jupa/xirp1/jam3b/dsc2l/pkp2,7
CC,GO:0044304,main axon,7/3989,15/19331,0.466666667,2.261502465,2.492195403,0.021287327,0.112817958,0.090098471,asb10/sirt2/kcna1a/ank3a/kcnab1a/asb16/sptan1,7
CC,GO:0033017,sarcoplasmic reticulum membrane,10/3989,25/19331,0.4,1.938430684,2.394048857,0.021323045,0.112817958,0.090098471,rtn2b/klhl41a/trdn/ryr1a/ryr3/atp2a1/atp2a2b/atp2a2a/si:dkey-28b4.8/atp2a1l,10
CC,GO:0008023,transcription elongation factor complex,15/3989,43/19331,0.348837209,1.690491876,2.311299143,0.021343938,0.112817958,0.090098471,aff3/ccnt2a/rtf1/ctr9/elob/eaf1/ccnk/cdk12/elp4/ice2/elof1/ssrp1b/aff4/supt4h1/eloa,15
BP,GO:0006575,cellular modified amino acid metabolic process,30/3864,102/18773,0.294117647,1.428952016,2.211437061,0.021536442,0.170909862,0.146666164,ckmt2a/mthfd2/aldh1l2/acadl/ckma/gsto1/gstk1/gstt1b/crata/chac1/cpt1b/bhmt/shmt2/pcyox1/ckmb/mthfd1b/zgc:154046/ethe1/gclm/gstr/aldh9a1b/gpx1a/gclc/gnmt/gatm/abhd12/cratb/chac2/cpt1a2b/zgc:172121,30
MF,GO:0008483,transaminase activity,11/3742,29/18430,0.379310345,1.868169336,2.361588217,0.021839055,0.164574188,0.144141469,got2a/gpt/got1/bcat2/gfpt2/si:ch211-217a12.1/oat/aadat/amt/zgc:110843/kyat1,11
BP,GO:0048701,embryonic cranial skeleton morphogenesis,48/3864,177/18773,0.271186441,1.317542197,2.160866241,0.021848316,0.170909862,0.146666164,ahsa1a/ece1/rbm24a/tinagl1/vgll2a/hdac4/pkn2a/sec23a/fras1/runx3/itga5/lrp5/cxcr4a/pmm2/hspg2/pkdccb/ilvbl/disc1/gnptab/fsta/bicra/fn1a/kdm6a/dlx3b/rpl13/disp1/eif3ea/pard3ab/crispld2/bcl9/pak1/mia2/nog3/pitx2/shrprbck1r/tp73/ep300b/tln1/nr3c1/sec23b/smo/furina/mmp14a/chd5/tfap2a/prdm5/htt/nipblb,48
BP,GO:0019722,calcium-mediated signaling,24/3864,78/18773,0.307692308,1.494903647,2.229742928,0.021897527,0.170909862,0.146666164,hhatla/ncaldb/casq1a/casq2/ndufa7/desma/ppp3ccb/chp2/cxcr4a/mcu/wtip/tmem161b/selenon/pcmt/atp2a2b/atp2a2a/ppp1r9ba/nfat5a/erp44/cxcr3.2/tpcn2/si:dkey-28b4.8/nfatc1/bcl2l10,24
BP,GO:0030903,notochord development,26/3864,86/18773,0.302325581,1.468829746,2.218422013,0.021971618,0.170909862,0.146666164,col2a1a/col11a1a/tbx2b/fbn2b/ccdc57/loxl5b/lama4/pappa2/pkd2l1/cavin1b/fstl1b/lama1/igf2b/lamc1/ctps1b/egfl6/npc2.1/crim1/npc1/copb2/uts2r3/cav1/bmpr2b/lamb1a/ccn2a/rab32a,26
MF,GO:0000993,RNA polymerase II complex binding,9/3742,22/18430,0.409090909,2.014843788,2.403967987,0.022057649,0.164574188,0.144141469,smyd2a/rtraf/pcf11/rtf1/ctr9/scaf4a/waca/elof1/supt4h1,9
MF,GO:0016922,nuclear receptor binding,9/3742,22/18430,0.409090909,2.014843788,2.403967987,0.022057649,0.164574188,0.144141469,ctnnb1/smarce1/nr4a2a/jupa/nr4a1/nr4a3/ncoa2/ncoa1/prkcbb,9
BP,GO:0002052,positive regulation of neuroblast proliferation,6/3864,12/18773,0.5,2.429218427,2.521220399,0.022218829,0.170909862,0.146666164,bcan/vcanb/ncanb/vcana/hapln1a/hapln1b,6
BP,GO:0006206,pyrimidine nucleobase metabolic process,6/3864,12/18773,0.5,2.429218427,2.521220399,0.022218829,0.170909862,0.146666164,dhodh/aldh6a1/cad/ctps1b/umps/cps1,6
BP,GO:0006555,methionine metabolic process,6/3864,12/18773,0.5,2.429218427,2.521220399,0.022218829,0.170909862,0.146666164,bhmt/apip/adi1/enoph1/cnr2/zgc:172121,6
BP,GO:0006611,protein export from nucleus,6/3864,12/18773,0.5,2.429218427,2.521220399,0.022218829,0.170909862,0.146666164,xpo1a/xpo1b/xpo6/cse1l/desi1a/uhmk1,6
BP,GO:0021654,rhombomere boundary formation,6/3864,12/18773,0.5,2.429218427,2.521220399,0.022218829,0.170909862,0.146666164,notch1b/egr2b/notch3/sfpq/rfng/efnb2a,6
BP,GO:0031445,regulation of heterochromatin formation,6/3864,12/18773,0.5,2.429218427,2.521220399,0.022218829,0.170909862,0.146666164,baz1a/phf2/atf7ip/si:ch211-13c6.2/tasorb/prdm14,6
BP,GO:0045444,fat cell differentiation,6/3864,12/18773,0.5,2.429218427,2.521220399,0.022218829,0.170909862,0.146666164,tmem120b/metrnla/crebl2/wdfy2/tmem18/carm1,6
BP,GO:0048799,animal organ maturation,6/3864,12/18773,0.5,2.429218427,2.521220399,0.022218829,0.170909862,0.146666164,col1a1a/rflnb/rflna/chm/sin3b/slc12a2,6
BP,GO:0072344,rescue of stalled ribosome,6/3864,12/18773,0.5,2.429218427,2.521220399,0.022218829,0.170909862,0.146666164,rack1/ascc3/ltn1/rnf14/mtrfr/znf598,6
BP,GO:1903053,regulation of extracellular matrix organization,6/3864,12/18773,0.5,2.429218427,2.521220399,0.022218829,0.170909862,0.146666164,runx1/mmp14b/creb3l2/comp/cemip2/mmp14a,6
BP,GO:2000377,regulation of reactive oxygen species metabolic process,6/3864,12/18773,0.5,2.429218427,2.521220399,0.022218829,0.170909862,0.146666164,tcap/acod1/sirt2/pikfyve/hace1/pink1,6
MF,GO:0140101,"catalytic activity, acting on a tRNA",33/3742,116/18430,0.284482759,1.401127002,2.187463081,0.022220225,0.164574188,0.144141469,lrrc47/farsa/tyw1/si:ch211-256m1.8/dus1l/dtd2/trmt10c/trpt1/yars1/kars1/gtdc1/wars2/dars1/mettl1/mettl2a/rpp14/tars1/farsb/mars2/thg1l/mrpl58/trmt61a/ptrh2/nars2/iars1/rars1/trmu/trnt1/tsen2/mars1/lcmt2/lars2/aars2,33
CC,GO:0016581,NuRD complex,6/3989,12/19331,0.5,2.423038355,2.514327605,0.022490607,0.116501344,0.09304009,gatad2b/gatad2ab/mta2/chd4a/chd4b/chd5,6
CC,GO:0090545,CHD-type complex,6/3989,12/19331,0.5,2.423038355,2.514327605,0.022490607,0.116501344,0.09304009,gatad2b/gatad2ab/mta2/chd4a/chd4b/chd5,6
BP,GO:0032434,regulation of proteasomal ubiquitin-dependent protein catabolic process,13/3864,36/18773,0.361111111,1.75443553,2.306603409,0.022739605,0.174058302,0.149367995,csnk1e/hsp90ab1/ubxn1/sh3rf1/gsk3aa/klhl40a/sirt2/fzr1a/desi1a/vcp/dda1/axin1/axin2,13
BP,GO:0043534,blood vessel endothelial cell migration,13/3864,36/18773,0.361111111,1.75443553,2.306603409,0.022739605,0.174058302,0.149367995,sirt1/itga5/cxcr4a/rab5c/arfgef2/hspg2/fn1a/srpx2/egfl6/syk/plekhg5b/cdc42/efnb2a,13
BP,GO:0016054,organic acid catabolic process,45/3864,165/18773,0.272727273,1.325028233,2.134827478,0.023411282,0.178325445,0.15302984,abhd2a/gls2a/nos1/aldh4a1/gls2b/aldh1l2/acadl/cpt2/cdo1/pck1/got2a/gpt/gcat/si:ch211-256m1.8/ilvbl/echs1/si:ch211-217a12.1/oat/aldh6a1/mccc2/gcsha/cpt1b/acad11/glsa/aass/asrgl1/phyh/blmh/aldh5a1/lpin1a/dlst/echdc2/amt/ivd/hacl1/auh/decr1/ldhd/zgc:85777/uroc1/bckdha/hadh/zgc:123305/cpt1a2b/ftcd,45
BP,GO:0046395,carboxylic acid catabolic process,45/3864,165/18773,0.272727273,1.325028233,2.134827478,0.023411282,0.178325445,0.15302984,abhd2a/gls2a/nos1/aldh4a1/gls2b/aldh1l2/acadl/cpt2/cdo1/pck1/got2a/gpt/gcat/si:ch211-256m1.8/ilvbl/echs1/si:ch211-217a12.1/oat/aldh6a1/mccc2/gcsha/cpt1b/acad11/glsa/aass/asrgl1/phyh/blmh/aldh5a1/lpin1a/dlst/echdc2/amt/ivd/hacl1/auh/decr1/ldhd/zgc:85777/uroc1/bckdha/hadh/zgc:123305/cpt1a2b/ftcd,45
BP,GO:0090497,mesenchymal cell migration,32/3864,111/18773,0.288288288,1.400630444,2.155142144,0.023971909,0.180054543,0.154513665,col2a1a/tncb/col18a1a/hdac4/sema3aa/gdnfa/lrp5/cxcr4a/hmcn2/disc1/radil/fn1a/sema4ba/atp6v0a1a/pard3ab/zeb2b/sox10/pak1/sema6ba/acvr2aa/sema4ga/fbln1/sema3e/sema6cb/chd8/sema7a/dmxl2/phactr4a/foxd3/nrp2a/si:dkey-49n23.1/foxc1a,32
BP,GO:0010629,negative regulation of gene expression,107/3864,436/18773,0.245412844,1.192322806,2.068518752,0.023976492,0.180054543,0.154513665,dap1b/igf2bp2a/rbm24a/prkra/sirt1/eri1/eif2ak2/dcp1a/rc3h1b/zfp36l2/nsd1a/macroh2a1/gdnfa/igf2bp3/h2ax1/clp1/mbd3b/eif4ebp2/serpine1/ddx6/banf1/zgc:103759/fxr2/ybx1/focad/lsm7/snd1/upf1/ppm1db/fastkd2/lmna/chac1/tnrc6c1/dis3l2/rack1/baz1a/cbx1a/caprin1b/dgcr8/fkbp6/phf2/syncripl/rida/sirt2/bend3/nanos1/pan3/yap1/eif4enif1/gata1a/pcbp4/smarcad1b/exosc10/exosc7/pnrc2/h2ax/atf7ip/upf2/ezh1/ncbp2/spty2d1/carhsp1/zc3h7ba/lgr4/rest/tdrd9/dot1l/phf1/lmnb1/smarca5/mettl3/trim3b/lmnl3/parp14rs1/eif4ebp1/casc3/srrt/bmi1a/zcchc7/h2az2a/tbrg4/si:ch211-13c6.2/smarca2/pum1/rc3h2/foxd3/zgc:114130/zc3h7a/tasorb/ddx61/exosc5/tdrkh/mettl16/cebpb/gpatch3/prdm14/lmnb2/tasor2/spout1/edc3/gli2a/fastkd3/supv3l1/tent5ab/zar1l/caprin1a/pou5f3,107
BP,GO:0021538,epithalamus development,9/3864,22/18773,0.409090909,1.987542349,2.35941549,0.024003936,0.180054543,0.154513665,kctd12.1/ulk2/tbx2b/tcf7l2/pitx2/smo/sec61a1a/mycbp2/kctd12.2,9
BP,GO:1990928,response to amino acid starvation,9/3864,22/18773,0.409090909,1.987542349,2.35941549,0.024003936,0.180054543,0.154513665,dap1b/wdr59/gcn1/nprl2/kptn/sesn1/atf4a/seh1l/kics2,9
MF,GO:0015485,cholesterol binding,12/3742,33/18430,0.363636364,1.790972256,2.29544114,0.024036159,0.176588236,0.154663912,crp2/osbp2b/prom1b/osbpl2b/npc2.1/npc1/erlin1/osbpl1a/slc38a9/cetp/prom1a/stard3,12
BP,GO:0046503,glycerolipid catabolic process,11/3864,29/18773,0.379310345,1.842855358,2.312440076,0.024041865,0.180054543,0.154513665,abhd2a/pnpla3/gpcpd1/gdpd3a/abhd6a/lpla/gdpd1/pnpla4/lipeb/lipg/abhd12,11
BP,GO:0048644,muscle organ morphogenesis,11/3864,29/18773,0.379310345,1.842855358,2.312440076,0.024041865,0.180054543,0.154513665,mylpfb/lurap1/myo18ab/tcap/rbx1/arhgef28a/fermt2/rbfox2/cemip2/dpf3/rbfox1,11
BP,GO:1901800,positive regulation of proteasomal protein catabolic process,11/3864,29/18773,0.379310345,1.842855358,2.312440076,0.024041865,0.180054543,0.154513665,csnk1e/sh3rf1/gsk3aa/klhl40a/sirt2/rnft2/fzr1a/dda1/axin1/tmem259/axin2,11
CC,GO:0000421,autophagosome membrane,9/3989,22/19331,0.409090909,1.982485927,2.351065581,0.024386071,0.122728028,0.098012833,gabarapl2/atg16l1/snap29/map1lc3c/map1lc3b/lamp2/sting1/atp6ap2/tex264a,9
CC,GO:0070461,SAGA-type complex,9/3989,22/19331,0.409090909,1.982485927,2.351065581,0.024386071,0.122728028,0.098012833,taf6l/eny2/trrap/taf5l/kat2a/atxn7l3b/yeats2/zzz3/atxn7l3a,9
CC,GO:0005635,nuclear envelope,45/3989,165/19331,0.272727273,1.321657285,2.115809573,0.02440345,0.122728028,0.098012833,tmem120b/lemd1/syne2a/nutf2/sirt1/mgst3a/ipo9/tor3a/nup93/ubxn4/nemp1/mgst3b/dnajb6b/ipo7/banf1/bnip3lb/nup62l/nxt2/lmna/eny2/nup160/cse1l/rogdi/syne1b/nup133/tor4aa/tmem18/si:dkey-24l11.2/sumo1/lmnb1/nav3/lmnl3/seh1l/ranbp2/parp16/tmem147/sephs1/noc4l/ipo8/plpp7a/clcc1/nup88/lmnb2/parp6b/syne1a,45
BP,GO:0051028,mRNA transport,21/3864,67/18773,0.313432836,1.52279364,2.182362079,0.025097003,0.187507037,0.160909017,igf2bp2a/nutf2/nup93/ddx19b/ncbp3/igf2bp3/ddx39b/fxr2/ddx39ab/nxt2/eny2/poldip3/sarnp/zc3h11a/thoc7/nup133/ncbp2/casc3/seh1l/eif4eb/nup88,21
BP,GO:0007264,small GTPase-mediated signal transduction,77/3864,304/18773,0.253289474,1.230590913,2.063511365,0.025223641,0.187575516,0.160967782,arhgap35a/abrab/rapgef2b/dock11/net1/ksr1a/cdc42ep1a/arhgap32b/dock5/iqsec1b/stard13b/rac1b/si:ch211-79l17.1/rab21/rhoab/plce1/dock9b/diaph2/arfgef2/rhoq/dennd4a/si:ch211-247j9.1/tiam1b/sipa1l2/rab9a/chm/arhgap29b/cyth1a/rassf1/rhocb/dennd4b/sipa1l3/akap12b/ksr1b/mapkapk5/arhgef28a/rabl3/stambpa/rgl2/rhov/gbf1/arhgap24/arhgef49/hrasa/akap13/arhgap45b/arhgap12b/rgl3a/arhgdia/arhgap17a/f2rl1.1/kank2/rasgef1ba/iqsec2b/git1/cdc42/fbxo8/rasa2/si:ch1073-13h15.3/arhgef3l/arhgef3/rap1gapa/arhgap35b/si:dkey-29b11.3/dock7/rhot1a/rab39bb/git2b/rhoub/arhgap22b/phactr4a/arhgef2b/tsc2/cdc42ep5/rab4a/arhgap25/arhgef18b,77
BP,GO:0007266,Rho protein signal transduction,27/3864,91/18773,0.296703297,1.441514231,2.149330953,0.025226294,0.187575516,0.160967782,arhgap35a/abrab/dock11/net1/cdc42ep1a/stard13b/rhoab/dock9b/akap12b/arhgef28a/rhov/arhgef49/akap13/arhgdia/f2rl1.1/kank2/cdc42/arhgef3l/arhgef3/arhgap35b/si:dkey-29b11.3/dock7/rhoub/phactr4a/arhgef2b/cdc42ep5/arhgef18b,27
BP,GO:0060348,bone development,23/3864,75/18773,0.306666667,1.489920635,2.164254654,0.025437439,0.187676556,0.161054489,col1a1a/chrna1/notch2/rflnb/rflna/mafbb/jag1b/mmp9/mmp14b/sulf2b/tapt1b/disc1/gnptab/kif5ba/sin3b/dlx3b/kat2a/spi1b/ctsk/mmp14a/foxd3/bglap/spp1,23
BP,GO:0050657,nucleic acid transport,24/3864,79/18773,0.303797468,1.475980816,2.158248511,0.025480262,0.187676556,0.161054489,igf2bp2a/nutf2/nup93/ddx19b/ncbp3/igf2bp3/ddx39b/fxr2/ybx1/ddx39ab/nup62l/nxt2/eny2/poldip3/sarnp/tomm20b/zc3h11a/thoc7/nup133/ncbp2/casc3/seh1l/eif4eb/nup88,24
BP,GO:0050658,RNA transport,24/3864,79/18773,0.303797468,1.475980816,2.158248511,0.025480262,0.187676556,0.161054489,igf2bp2a/nutf2/nup93/ddx19b/ncbp3/igf2bp3/ddx39b/fxr2/ybx1/ddx39ab/nup62l/nxt2/eny2/poldip3/sarnp/tomm20b/zc3h11a/thoc7/nup133/ncbp2/casc3/seh1l/eif4eb/nup88,24
BP,GO:0051236,establishment of RNA localization,24/3864,79/18773,0.303797468,1.475980816,2.158248511,0.025480262,0.187676556,0.161054489,igf2bp2a/nutf2/nup93/ddx19b/ncbp3/igf2bp3/ddx39b/fxr2/ybx1/ddx39ab/nup62l/nxt2/eny2/poldip3/sarnp/tomm20b/zc3h11a/thoc7/nup133/ncbp2/casc3/seh1l/eif4eb/nup88,24
MF,GO:0004709,MAP kinase kinase kinase activity,10/3742,26/18430,0.384615385,1.894297578,2.303212777,0.02554821,0.184717614,0.161783987,gdnfa/ripk1l/map3k7/map3k4/ripk2/map3k15/raf1a/map3k5/braf/map3k21,10
MF,GO:0017069,snRNA binding,10/3742,26/18430,0.384615385,1.894297578,2.303212777,0.02554821,0.184717614,0.161783987,hexim1/sart3/prpf31/ncbp2/toe1/rbm41/snrpa1/snrpa/snrnp35/mettl16,10
CC,GO:0016528,sarcoplasm,15/3989,44/19331,0.340909091,1.652071606,2.207985635,0.026365869,0.131322311,0.104876383,rtn2b/klhl41a/trdn/ryr1a/casq1a/casq2/jph1b/hax1/calua/ryr3/atp2a1/atp2a2b/atp2a2a/si:dkey-28b4.8/atp2a1l,15
BP,GO:0007007,inner mitochondrial membrane organization,12/3864,33/18773,0.363636364,1.76670431,2.244138496,0.026572808,0.19480488,0.167171655,dnajc11a/chchd6a/apoob/tafazzin/cibar1/micos13/apooa/opa1/timm13/bcs1l/cox18/immt,12
BP,GO:0009112,nucleobase metabolic process,12/3864,33/18773,0.363636364,1.76670431,2.244138496,0.026572808,0.19480488,0.167171655,dhodh/adka/allc/hprt1/aldh6a1/cad/ctps1b/umps/cps1/gart/gmpr/hprt1l,12
MF,GO:0016298,lipase activity,30/3742,105/18430,0.285714286,1.407192487,2.111999732,0.026671924,0.191323799,0.16756998,abhd2a/pnpla3/smpdl3b/prdx6/plce1/abhd11/clic3/gdpd3a/plcd3a/abhd6a/ddhd1b/rarres3l/lpla/gdpd1/plcg1/plbd2/pnpla4/plcl1/lipeb/pld2/pla2g15/smpd5/pnpla6/napepld/lipg/abhd12/smpd1/plcd1a/smpd2b/pla2g12a,30
CC,GO:0000785,chromatin,103/3989,419/19331,0.245823389,1.191279001,2.018424605,0.026921835,0.132814384,0.10606798,hmgn3/esrrga/ar/jade2/brd2a/sirt1/zmiz2/ppp1r10/gatad2b/brd4/nap1l1/tbx2b/loxl2b/nsd1a/macroh2a1/h2ax1/kansl2/cfdp1/esr2a/jarid2a/rnf20/ehmt1b/kansl1a/anp32e/banf1/smarce1/tardbpa/jmjd1cb/taf6l/ube2al/setd5/bicra/tcf7l1a/bptf/eny2/glyr1/crebbpa/baz1a/cbx1a/sin3b/tcf7l2/trrap/cbx8b/gatad2ab/sirt2/bend3/tcf3b/taf5l/cbx2/mta2/rnf40/bicral/yap1/smarcad1b/pias2/kdm4c/brd8a/kat2a/pbrm1/smc2/h2ax/atxn7l3b/mgaa/kdm3b/chd4a/prdm10/nsd2/h1-0/ep400/srcap/yeats2/tcf7l1b/chd4b/nfrkb/arid2/zzz3/hnrnpd/epc1a/smarca5/ep300b/chd8/dmap1/nr3c1/ncor2/uchl5/tbx15/ssrp1b/atrx/hira/h2az2a/yy1a/tcf12/nsd3/smarca2/chd5/smad2/tspy/tasorb/kansl1l/clocka/dpf3/atxn7l3a/brd3b,103
BP,GO:0061053,somite development,43/3864,158/18773,0.272151899,1.322232814,2.070696083,0.027122833,0.197133538,0.169169991,her6/rbm24a/tle3a/pxnb/mef2aa/has2/inpp5ka/calcrla/itga5/naa15b/ccdc80/cxcr4a/pdlim7/lama1/fbxl18/rtn4a/lamb2/rtf1/ctr9/fn1a/igf2b/dmd/lamc1/zeb2b/notch3/axin1/gadd45bb/crim1/tpcn2/map2k7/copb2/smo/cav1/itgav/ppp2r3a/chuk/lamb1a/slc7a6os/foxc1a/efnb2a/chrd/gli2a/bcl2l10,43
MF,GO:0004180,carboxypeptidase activity,14/3742,41/18430,0.341463415,1.681766631,2.205819935,0.027145281,0.193198053,0.169211537,aebp1b/agbl5/pm20d1.2/cpda/cpxm1a/cpz/agtpbp1/cpxm1b/cndp2/cndp1/naaladl1/naalad2/ctsz/cpe,14
BP,GO:0032984,protein-containing complex disassembly,38/3864,137/18773,0.277372263,1.347595623,2.078776538,0.027263302,0.197133538,0.169169991,zgc:136908/rubcn/dyrk3/lmod3/capza1a/mical2b/twf2b/napab/svila/pcf11/gabarapl2/sptb/add3a/nsfa/si:ch211-266i6.3/scaf4a/atp6v0a1a/tfip11/ccsapb/spns1/nckap5l/gsna/vcp/add2/mrpl58/sh3gl1b/map1lc3c/ogfod1/scinlb/lmod2b/map1lc3b/eif5a/lamp2/mtrfr/cfl1l/sptan1/capza1b/lix1l,38
CC,GO:0005730,nucleolus,68/3989,265/19331,0.256603774,1.243521571,2.035342661,0.027277278,0.133298396,0.106454521,midn/hspa8/myf5/senp3b/eri1/tent4a/ddx21/arhgap32b/capn3b/dimt1l/exosc1/bud23/nop16/c1d/zgc:103759/mphosph10/rps4x/wdr36/gnl3l/phf2/mdn1/nifk/rbm14b/lsm6/si:dkey-251i10.3/nop53/exosc10/bop1/ola1/rrp12/bms1/rbm19/spty2d1/nop2/aopep/nop56/ilf2/nop10/rbm28/rps19bp1/rpf1/tsr1/top2a/ncl/tut1/ssrp1b/esf1/noc3l/nol9/wu:fc33b09/plk4/ddx24/fam32a/ngdn/ccdc86/parp3/ddx18/nol7/noc4l/krr1/exosc5/wdr74/nop14/urb2/polr1f/polr2f/znf330/gtpbp4,68
BP,GO:0048593,camera-type eye morphogenesis,54/3864,205/18773,0.263414634,1.279783366,2.050528605,0.027286181,0.197133538,0.169169991,abcb6a/znf703/lum/sox11a/cct5/tbx2b/nid2a/atoh7/itga5/bcl6aa/zic1/synj1/tapt1b/rerea/lama1/ccnd1/chm/sfrp1a/tcf7l1a/efnb1/fn1a/smoc1/pikfyve/bcor/tatdn1/znf503/wfs1a/tdrd7b/tubgcp4/sox4b/six3b/pitx2/rpgrip1l/xirp1/ipo13b/crk/rpgrb/cpamd8/atf4a/toporsa/tln1/plxna2/ift80/grna/ntn1a/mmp14a/phactr4a/abhd12/pim1/foxc1a/efnb2a/lgsn/cdh6/cdk1,54
BP,GO:0020027,hemoglobin metabolic process,8/3864,19/18773,0.421052632,2.045657622,2.321501275,0.027332316,0.197133538,0.169169991,bdh2/abcb10/slc11a2/alas2/tfr1a/rps19/rpl10a/rpl11,8
BP,GO:0021986,habenula development,8/3864,19/18773,0.421052632,2.045657622,2.321501275,0.027332316,0.197133538,0.169169991,kctd12.1/ulk2/tcf7l2/pitx2/smo/sec61a1a/mycbp2/kctd12.2,8
BP,GO:0043114,regulation of vascular permeability,8/3864,19/18773,0.421052632,2.045657622,2.321501275,0.027332316,0.197133538,0.169169991,tjp1b/notch3/pawr/pitx2/tjp2a/plvapb/foxc1a/src,8
BP,GO:1903670,regulation of sprouting angiogenesis,8/3864,19/18773,0.421052632,2.045657622,2.321501275,0.027332316,0.197133538,0.169169991,itgb1a/rin2a/egfl6/arhgap18/adgrg6/tars1/cemip2/iars1,8
CC,GO:0035102,PRC1 complex,8/3989,19/19331,0.421052632,2.040453352,2.313623803,0.02772957,0.134242218,0.107208274,pcgf5a/cbx8b/cbx2/cbx4/bmi1a/si:ch211-230g15.5/cbx7b/phc1,8
BP,GO:0030282,bone mineralization,17/3864,52/18773,0.326923077,1.588335125,2.162775803,0.027768892,0.199110345,0.170866387,col1a1a/ppp2r3b/rflnb/rflna/ankhb/lrp5/cfdp1/phospho1/mst1rb/clec3ba/fap/lgr4/fgf23/atf4a/nr3c1/mst1/foxc1a,17
BP,GO:0038202,TORC1 signaling,17/3864,52/18773,0.326923077,1.588335125,2.162775803,0.027768892,0.199110345,0.170866387,deptor/wdr59/stambpl1/nprl2/rptor/kptn/sesn1/rragd/waca/lamtor3/rps6kal/seh1l/slc38a9/kics2/pim1/rps6kb1b/akt1s1,17
BP,GO:0051180,vitamin transport,10/3864,26/18773,0.384615385,1.868629559,2.256342182,0.027925178,0.199110345,0.170866387,slc5a6a/slc2a1b/slc19a1/slc52a3-1/slc52a2/stra6l/tcn2/slc25a19/slc25a32b/ttpa,10
BP,GO:0097352,autophagosome maturation,10/3864,26/18773,0.384615385,1.868629559,2.256342182,0.027925178,0.199110345,0.170866387,zgc:136908/rubcn/gabarapl2/atp6v0a1a/spns1/vcp/map1lc3c/map1lc3b/lamp2/lix1l,10
BP,GO:2000060,positive regulation of ubiquitin-dependent protein catabolic process,10/3864,26/18773,0.384615385,1.868629559,2.256342182,0.027925178,0.199110345,0.170866387,csnk1e/sh3rf1/gsk3aa/klhl40a/sirt2/fzr1a/dda1/axin1/ccdc22/axin2,10
BP,GO:0008610,lipid biosynthetic process,97/3864,394/18773,0.246192893,1.196112626,2.002821763,0.028045938,0.199515862,0.17121438,mid1ip1l/abhd2a/gal3st4/prkag2b/tle3a/dcaf5/rdh8a/pck1/sc5d/tamm41/dgat1a/tecrb/mid1ip1b/acsl1a/sptlc2a/hdhd5/fasn/ccdc57/crebl2/ch25hl3/ip6k2a/ddit3/pdss1/kdsr/pip4k2aa/msmo1/sptlc2b/fitm2/pgap3/faxdc2/impa1/thrsp/mcat/ndufab1b/hmgcra/gpam/cers5/coq2/pcyt2/cyp27b1/hsd17b7/ptges3a/lpla/gbgt1l1/fdps/chpt1/samd8/cyp7b1/insig1/ttc7b/cyp11c1/srebf2/bpnt1/bpnt2/pld2/scdb/ormdl2/pigf/rpp14/cers3a/lpin1a/etnk2/mvda/mecr/olah/ptges/fasn2/dgkaa/elovl1a/acsbg2/sgms1b/aclya/lpcat3/hsd3b7/st3gal8/acsl5/cyp7a1/zgc:77375/si:dkey-172j4.3/smpd5/ptgis/prkag3b/dhcr7/fdxr/pip5k1ab/lipg/ugcg/pik3c3/dgat2/zgc:123305/smpd1/elovl7a/pik3cd/st6galnac6/srd5a3/st6galnac5a/nus1,97
MF,GO:0140938,histone H3 methyltransferase activity,15/3742,45/18430,0.333333333,1.641724568,2.175427182,0.028183868,0.199034912,0.17432372,smyd2a/nsd1a/ehmt1b/kmt2bb/smyd1b/setbp1/prdm9/ezh1/nsd2/dot1l/prmt6/ash1l/nsd3/carm1/setd2,15
CC,GO:0005861,troponin complex,10/3989,26/19331,0.384615385,1.863875658,2.247553114,0.028392831,0.13618043,0.108756165,tnni2a.2/tnni2a.4/tnnt1/tnni2a.3/tnnc1a/tnni1d/tnnt2c/tnnc2.1/tnni4b.2/tnni1b,10
BP,GO:0051093,negative regulation of developmental process,41/3864,150/18773,0.273333333,1.32797274,2.053090673,0.028398065,0.200878807,0.172383991,serpinf1/nfkbiaa/tncb/her6/irf7/rflnb/slit2/tnmd/ulk2/rflna/cct3/loxl2b/gpr182/mmp9/serpine1/fdx1/llgl2/dusp4/thbs2a/sirt2/notch3/arhgap18/sox10/spi1b/dusp6/nog3/thbs1b/fap/rest/gper1/musk/cisha/per2/sfpq/yjefn3/ntn1a/bloc1s2/tmem182a/ptpn13/lfng/cnmd,41
BP,GO:0043123,positive regulation of canonical NF-kappaB signal transduction,18/3864,56/18773,0.321428571,1.561640417,2.142810771,0.028430494,0.200878807,0.172383991,lurap1/brd4/tifa/ripk1l/map3k7/tab2/ripk2/myd88/tnfsf10l/mtdhb/akap13/shrprbck1r/s100b/cd40lg/ikbkg/prkcbb/chuk/irak4,18
BP,GO:0048545,response to steroid hormone,18/3864,56/18773,0.321428571,1.561640417,2.142810771,0.028430494,0.200878807,0.172383991,abhd2a/esrrga/ar/spata18/pck1/strn3/anxa1a/esr2a/jun/jund/paqr7b/arnt/vhl/kank2/sstr5/nr3c1/carm1/src,18
BP,GO:0000271,polysaccharide biosynthetic process,13/3864,37/18773,0.351351351,1.707018354,2.191506108,0.028622488,0.201778846,0.173156359,ppp1r3cb/gbe1b/ppp1r3db/gyg1b/has2/inpp5ka/phkg2/ugp2a/ppp1r3aa/gyg1a/ugp2b/ndst1b/agla,13
MF,GO:0031369,translation initiation factor binding,7/3742,16/18430,0.4375,2.154763495,2.332385931,0.028749294,0.201324169,0.176328754,dap1b/eif4ebp2/ybx1/eif5/eif3ba/eif4ebp1/eif2s2,7
BP,GO:0031399,regulation of protein modification process,27/3864,92/18773,0.293478261,1.425845598,2.084469717,0.02889796,0.203262,0.174429126,dok7b/si:dkey-7n6.2/rtraf/hdac10/hdac6/ubxn1/ccny/dok7a/vegfaa/xiap/klhl40a/sirt2/rabl3/ube2s/fzr1a/brat1/spopla/axin1/prnpb/prkg1b/gper1/aida/ndfip2/smo/yes1/ndfip1/inavab,27
MF,GO:0051287,NAD binding,16/3742,49/18430,0.326530612,1.608219985,2.151768786,0.028950018,0.201324169,0.176328754,sirt1/gpd1b/me2/gpd1c/idh1/glyr1/idh3b/sirt2/sirt4/ugdh/ndufv1/aldh5a1/zgc:136493/hadh/grhpra/zgc:136929,16
BP,GO:1902850,microtubule cytoskeleton organization involved in mitosis,26/3864,88/18773,0.295454545,1.435447252,2.084394476,0.029150334,0.203798377,0.174889417,zgc:136908/plk3/bccip/rhoab/tacc2/diaph2/scrib/ift88/wtip/kifc1/plk1/ccsapb/plk2a/tacc1/gpsm1b/vcp/ndel1b/ckap5/pcnt/ptpa/clasp2/dync1li2/kif23/tacc3/dctn2/kif11,26
BP,GO:0051094,positive regulation of developmental process,69/3864,271/18773,0.254612546,1.237018977,2.000819914,0.029340554,0.203798377,0.174889417,serpinf1/mturn/plxna3/tncb/si:ch211-106h11.3/rbm24a/lgals2a/myf5/sirt1/brd4/itgb1a/sox6/runx1/bcan/metrnla/atoh7/loxl2b/gdnfa/nlk1/stat5a/thrab/crebl2/fxr2/wdfy2/tiam1b/swap70b/tapt1b/plxnb3/mapk14b/clcf1/vegfaa/vcanb/il1b/rack1/ncanb/mdkb/srpx2/myd88/megf10/vcana/gata2a/egfl6/mtdhb/ccn5/sox5/rest/hapln1a/hapln1b/gper1/opa1/numb/plxna2/gdf10a/h2az2a/numbl/grna/bloc1s2/il6st/zgc:110006/smad2/elavl1a/m17/ephb3a/carm1/arhgef2b/ccn2a/pink1/kmt5b/csf3b,69
BP,GO:0097193,intrinsic apoptotic signaling pathway,25/3864,84/18773,0.297619048,1.445963349,2.085428736,0.029352681,0.203798377,0.174889417,hipk2/bcl6aa/ddit3/coa8/bcl2l16/nup62l/sart3/bcl2b/bcor/xrcc5/mcl1b/rps19/bida/ifi27.6/si:dkey-74k8.3/diabloa/atf4a/herpud1/map3k5/si:dkey-9i23.15/ddias/phlda3/casp9/src/bcl2l10,25
BP,GO:0030010,establishment of cell polarity,21/3864,68/18773,0.308823529,1.500399616,2.104467109,0.029465399,0.203798377,0.174889417,frmd4ba/llgl1/amotl2a/mmp14b/rhoq/llgl2/lama1/scrib/ift88/wtip/rack1/fn1a/sipa1l3/rhov/pard3ab/gpsm1b/ndel1b/cdc42/mmp14a/rhoub/myo9aa,21
BP,GO:0170040,proteinogenic amino acid catabolic process,21/3864,68/18773,0.308823529,1.500399616,2.104467109,0.029465399,0.203798377,0.174889417,gls2a/nos1/aldh4a1/gls2b/cdo1/got2a/gpt/gcat/si:ch211-256m1.8/si:ch211-217a12.1/oat/mccc2/gcsha/glsa/aass/asrgl1/dlst/amt/ivd/uroc1/ftcd,21
BP,GO:0030522,intracellular receptor signaling pathway,24/3864,80/18773,0.3,1.457531056,2.087736302,0.029496275,0.203798377,0.174889417,tgif1/esrrga/ar/mavs/si:dkey-237i9.1/strn3/thrab/esr2a/nr1d4b/ifih1/rxraa/arnt/vhl/rargb/pitx2/kank2/unc93b1/nr3c1/carm1/foxc1a/slc15a2/sting1/gpatch3/src,24
BP,GO:0035051,cardiocyte differentiation,24/3864,80/18773,0.3,1.457531056,2.087736302,0.029496275,0.203798377,0.174889417,fhod3a/cmlc1/fbn2b/tcap/itga5/nrap/rbfox1l/ddx39ab/smyd1b/fn1a/mef2cb/alpk2/septin15/icam3/vcp/nexn/ilk/rbfox2/opa1/tln1/smo/atp1a1a.1/nr2f1a/mat2aa,24
BP,GO:0090504,epiboly,24/3864,80/18773,0.3,1.457531056,2.087736302,0.029496275,0.203798377,0.174889417,epcam/celsr2/rhoab/ezrb/diaph2/si:ch211-247j9.1/fdx1/cyth1a/rhocb/cdk5rap3/rhov/arhgap24/cldne/atrn/prnpb/npc1/gab1/dsc2l/slc39a10/arhgef7b/chuk/sdc3/bcl2l10/pou5f3,24
BP,GO:0030902,hindbrain development,39/3864,142/18773,0.274647887,1.334359417,2.036053678,0.029702598,0.204770893,0.175723981,brd2a/znf703/otud4/has2/mdga2a/pknox1.1/notch1b/clp1/celsr2/cfdp1/zic1/atg4da/clpb/chmp1a/disc1/fgfrl1a/hgfb/egr2b/pard3ab/znf503/zic4/notch3/nop56/acvr2aa/bco1/rest/tcf7l1b/agtpbp1/sfpq/prnprs3/rfng/smo/bmi1a/gbx1/coq8b/tfap2a/efnb2a/atp13a2/pou5f3,39
MF,GO:0140142,nucleocytoplasmic carrier activity,9/3742,23/18430,0.391304348,1.927241884,2.245881808,0.02986058,0.206083245,0.180496967,nutf2/xpo1a/xpo1b/hikeshi/kpna4/xpo6/cse1l/kpna2/kpnb3,9
BP,GO:0006626,protein targeting to mitochondrion,14/3864,41/18773,0.341463415,1.658978438,2.150406838,0.030259079,0.208147807,0.178621877,pmpcb/tomm7/grpel1/tomm20b/chchd4a/timm21/tomm40/pmpca/timm13/timm17a/timm23a/dnlz/timm44/tomm34,14
BP,GO:0043604,amide biosynthetic process,32/3864,113/18773,0.283185841,1.375840525,2.040030132,0.030574691,0.209856614,0.180088289,acsl1a/acss2/sptlc2a/pm20d1.2/kdsr/sptlc2b/pdk2a/aanat1/pank2/cers5/samd8/gclm/cps1/ormdl2/cers3a/elovl1a/sgms1b/aclya/gclc/st3gal8/pdk3a/acsl5/smpd5/otc/dlat/ugcg/nags/smpd1/elovl7a/pdhx/st6galnac6/st6galnac5a,32
BP,GO:0051258,protein polymerization,42/3864,155/18773,0.270967742,1.316479663,2.014163485,0.03070372,0.21022176,0.180401638,ssh2a/akap9/lmod3/capza1a/kank3/twf2b/cdc42ep1a/tmsb/svila/hax1/sptb/diaph2/add3a/tubgcp5/abitram/evlb/clip1a/si:ch211-203d1.3/ube2s/gsna/slain2/tubgcp4/ndel1b/kank2/add2/ckap5/pcnt/tubgcp2/plekhg2/scinlb/clasp2/lmod2b/msrb1a/tppp2/fhdc1/tubgcp3/wasa/fhdc2/cdc42ep5/sptan1/capza1b/pfn2a,42
BP,GO:0001936,regulation of endothelial cell proliferation,7/3864,16/18773,0.4375,2.125566123,2.29297273,0.030829832,0.21022176,0.180401638,tnmd/vegfaa/igf2b/cav2/cav1/jcada/cnmd,7
BP,GO:0003157,endocardium development,7/3864,16/18773,0.4375,2.125566123,2.29297273,0.030829832,0.21022176,0.180401638,prss23/fbn2b/itga5/smarce1/fn1a/hapln1a/smo,7
BP,GO:0001525,angiogenesis,89/3864,360/18773,0.247222222,1.201113555,1.961461968,0.030974909,0.210750855,0.180855681,serpinf1/rnasel2/lgals2a/vegfab/tinagl1/sirt1/tnmd/itgb1a/iqsec1b/loxl2b/amotl2a/calcrla/pknox1.1/notch1b/itga5/slc2a1b/sox18/cxcr4a/pappa2/hdac6/rab5c/serpine1/arfgef2/hspg2/pdgfab/uqcrb/vegfaa/rtn4a/hlx1/rin2a/rack1/fn1a/gas6/igf2b/thbs2a/srpx2/sirt2/vhl/gata2a/wars2/plcg1/egfl6/ptprb/arhgap18/mtdhb/syk/plekhg5b/thbs1b/abca1a/adgrg6/fermt2/tars1/sdf4/lpar4/mvda/git1/myh9a/hapln1b/cdc42/sema3e/per2/cemip2/lpar6a/yjefn3/adgra2/cxxc5a/iars1/itgav/ntn1a/rspo3/yy1a/arhgef7b/unc45a/ppih/ldb2a/nrp2a/elavl1a/bmpr2b/ephb3a/brcc3/jcada/efnb2a/pdgfbb/ctsz/lgals2b/nus1/cnmd/kif11/hoxd4a,89
BP,GO:0002072,optic cup morphogenesis involved in camera-type eye development,11/3864,30/18773,0.366666667,1.781426846,2.180614906,0.031080668,0.211010711,0.181078676,sox11a/nid2a/rerea/sfrp1a/smoc1/sox4b/pitx2/tln1/ntn1a/phactr4a/foxc1a,11
CC,GO:0000178,exosome (RNase complex),7/3989,16/19331,0.4375,2.120158561,2.285594032,0.031234756,0.147087306,0.117466595,exosc1/c1d/exosc10/exosc7/wu:fc33b09/exosc5/supv3l1,7
CC,GO:0044291,cell-cell contact zone,7/3989,16/19331,0.4375,2.120158561,2.285594032,0.031234756,0.147087306,0.117466595,vcla/ctnnb1/jupa/xirp1/fermt2/jam3b/pkp2,7
BP,GO:0032259,methylation,55/3864,211/18773,0.260663507,1.266417189,1.981256296,0.031554663,0.213764022,0.183441427,smyd2a/mettl22/as3mt/mettl17/dimt1l/atpsckmt/si:ch211-225b11.4/bud23/ndufaf5/kmt2bb/smyd1b/trmt10c/dnmt3aa/si:ch211-93g23.2/thada/tyms/bhmt/shmt2/pcmt/antkmt/mrm3a/prdm9/lcmt1/tpmt.1/ezh1/prdm10/mettl1/mettl6/nop2/mettl2a/dot1l/amt/trmt61a/prmt6/mettl3/dmap1/tfb1m/tmt1a.1/setd6/gnmt/comtb/tgs1/carm1/hnmt/setd2/lcmt2/mettl16/prmt7/kmt5b/prdm5/ash2l/prdm14/spout1/coq5/zgc:172121,55
BP,GO:0051247,positive regulation of protein metabolic process,40/3864,147/18773,0.272108844,1.322023633,1.99542858,0.032195876,0.21763576,0.186763957,dok7b/abcb10/csnk1e/oaz1b/dok7a/sh3rf1/coa3a/bcl2l16/fxr2/vegfaa/gsk3aa/larp4b/trmt10c/xiap/klhl40a/sirt2/rnft2/dhx29/adam8a/ube2s/fzr1a/aurkaip1/brat1/dda1/axin1/diabloa/rmnd1/uhmk1/gper1/ccdc22/tmem259/mettl3/ndfip2/axin2/asb5b/eif5a/becn1/psme2/ndfip1/inavab,40
BP,GO:0006874,intracellular calcium ion homeostasis,35/3864,126/18773,0.277777778,1.349565793,2.004284134,0.032366086,0.218313791,0.187345809,stc2a/homer1b/ryr1a/casq1a/casq2/smdt1b/atp1a2a/cax2/plce1/stc2b/mcu/itpr1b/micu2/slc35g1/ryr3/gprc6a/asph/selenon/plcg1/atp2a1/atp2a2b/atp2a2a/wwox/si:dkey-28b4.8/herpud1/atp2a1l/tmco1/cav2/cherp/cav1/tmem203/plcd1a/atp13a2/bcl2l10/anxa6,35
BP,GO:0007006,mitochondrial membrane organization,16/3864,49/18773,0.326530612,1.58642836,2.092489383,0.032531616,0.21848653,0.187494044,ppifb/slc25a42/dnajc11a/bnip3lb/chchd6a/apoob/tafazzin/cibar1/micos13/apooa/opa1/timm13/rhot1a/bcs1l/cox18/immt,16
BP,GO:0009161,ribonucleoside monophosphate metabolic process,16/3864,49/18773,0.326530612,1.58642836,2.092489383,0.032531616,0.21848653,0.187494044,ak3/dhodh/adka/adss1/ampd3a/nt5c2a/hprt1/cad/prps1a/umps/upp2/gart/hprt1l/adssl/ak4/uck2b,16
MF,GO:0043175,RNA polymerase core enzyme binding,10/3742,27/18430,0.37037037,1.824138409,2.163013194,0.03338308,0.228661551,0.200272061,smyd2a/rtraf/pcf11/rtf1/ctr9/scaf4a/waca/spty2d1/elof1/supt4h1,10
BP,GO:0003231,cardiac ventricle development,12/3864,34/18773,0.352941176,1.714742419,2.123564149,0.033583473,0.221618473,0.190181718,tnnc1a/tmem65/rbx1/dnajb6b/ltbp3/fntb/ilk/rbfox2/smarca5/smo/hace1/rbfox1,12
BP,GO:0048854,brain morphogenesis,12/3864,34/18773,0.352941176,1.714742419,2.123564149,0.033583473,0.221618473,0.190181718,tgif1/zic1/pgap3/lama1/sbno2a/lamc1/mgaa/mast3b/prnprs3/atp1a1a.1/lamb1a/gli2a,12
BP,GO:0055074,calcium ion homeostasis,38/3864,139/18773,0.273381295,1.328205758,1.977197831,0.033729867,0.221618473,0.190181718,stc2a/homer1b/ryr1a/casq1a/casq2/smdt1b/atp1a2a/cax2/plce1/stc2b/mcu/itpr1b/micu2/slc35g1/ryr3/gprc6a/asph/selenon/plcg1/wfs1a/atp2a1/atp2a2b/atp2a2a/wwox/fgf23/si:dkey-28b4.8/nr3c1/herpud1/atp2a1l/tmco1/cav2/cherp/cav1/tmem203/plcd1a/atp13a2/bcl2l10/anxa6,38
BP,GO:0000375,"RNA splicing, via transesterification reactions",61/3864,238/18773,0.256302521,1.245229614,1.938271774,0.034055744,0.221618473,0.190181718,snrpe/sart1/rbm24a/bud31/rbm17/ddx17/ddx39b/si:ch211-107m4.1/rbfox1l/rsrp1/yju2/ybx1/ddx39ab/srsf5b/lsm7/pqbp1/sart3/cirbpb/zgc:103692/xab2/lsm6/tfip11/arglu1a/pcbp4/luc7l3/cdc40/txnl4a/prpf31/rpl22/ncbp2/si:ch211-220i18.4/rbm41/rest/rpl22l1/sf3b5/rsrc1/celf2/srpk1a/rbfox2/sf3a3/gemin6/snrpa1/khdc4/snrpa/hnrnpa3/snrnp35/rbm15/sde2/casc3/prpf3/clns1a/scnm1/prpf6/rbm4.3/mettl16/prmt7/rbm6/cwc25/snrnp25/ddx23/rbfox1,61
BP,GO:0000377,"RNA splicing, via transesterification reactions with bulged adenosine as nucleophile",61/3864,238/18773,0.256302521,1.245229614,1.938271774,0.034055744,0.221618473,0.190181718,snrpe/sart1/rbm24a/bud31/rbm17/ddx17/ddx39b/si:ch211-107m4.1/rbfox1l/rsrp1/yju2/ybx1/ddx39ab/srsf5b/lsm7/pqbp1/sart3/cirbpb/zgc:103692/xab2/lsm6/tfip11/arglu1a/pcbp4/luc7l3/cdc40/txnl4a/prpf31/rpl22/ncbp2/si:ch211-220i18.4/rbm41/rest/rpl22l1/sf3b5/rsrc1/celf2/srpk1a/rbfox2/sf3a3/gemin6/snrpa1/khdc4/snrpa/hnrnpa3/snrnp35/rbm15/sde2/casc3/prpf3/clns1a/scnm1/prpf6/rbm4.3/mettl16/prmt7/rbm6/cwc25/snrnp25/ddx23/rbfox1,61
BP,GO:0000398,"mRNA splicing, via spliceosome",61/3864,238/18773,0.256302521,1.245229614,1.938271774,0.034055744,0.221618473,0.190181718,snrpe/sart1/rbm24a/bud31/rbm17/ddx17/ddx39b/si:ch211-107m4.1/rbfox1l/rsrp1/yju2/ybx1/ddx39ab/srsf5b/lsm7/pqbp1/sart3/cirbpb/zgc:103692/xab2/lsm6/tfip11/arglu1a/pcbp4/luc7l3/cdc40/txnl4a/prpf31/rpl22/ncbp2/si:ch211-220i18.4/rbm41/rest/rpl22l1/sf3b5/rsrc1/celf2/srpk1a/rbfox2/sf3a3/gemin6/snrpa1/khdc4/snrpa/hnrnpa3/snrnp35/rbm15/sde2/casc3/prpf3/clns1a/scnm1/prpf6/rbm4.3/mettl16/prmt7/rbm6/cwc25/snrnp25/ddx23/rbfox1,61
BP,GO:0009062,fatty acid catabolic process,19/3864,61/18773,0.31147541,1.51328361,2.044145401,0.034131831,0.221618473,0.190181718,abhd2a/acadl/cpt2/pck1/si:ch211-256m1.8/ilvbl/echs1/cpt1b/acad11/phyh/lpin1a/echdc2/hacl1/auh/decr1/zgc:85777/hadh/zgc:123305/cpt1a2b,19
CC,GO:0005865,striated muscle thin filament,12/3989,34/19331,0.352941176,1.710380016,2.113938028,0.034199768,0.158173927,0.126320571,tnni2a.2/tnni2a.4/tnnt1/tnni2a.3/lmod3/tnnc1a/tnni1d/tnnt2c/lmod2b/tnnc2.1/tnni4b.2/tnni1b,12
CC,GO:0036379,myofilament,12/3989,34/19331,0.352941176,1.710380016,2.113938028,0.034199768,0.158173927,0.126320571,tnni2a.2/tnni2a.4/tnnt1/tnni2a.3/lmod3/tnnc1a/tnni1d/tnnt2c/lmod2b/tnnc2.1/tnni4b.2/tnni1b,12
BP,GO:0001845,phagolysosome assembly,6/3864,13/18773,0.461538462,2.242355471,2.28113354,0.034204324,0.221618473,0.190181718,srpx/tmem175/pikfyve/atp6v0a1a/rab7a/si:dkey-13a21.4,6
BP,GO:0009078,pyruvate family amino acid metabolic process,6/3864,13/18773,0.461538462,2.242355471,2.28113354,0.034204324,0.221618473,0.190181718,gpt/bcat2/ilvbl/si:ch211-217a12.1/mccc2/ivd,6
BP,GO:0036010,protein localization to endosome,6/3864,13/18773,0.461538462,2.242355471,2.28113354,0.034204324,0.221618473,0.190181718,hspa8/msnb/ezrb/scrib/arf6a/zgc:153184,6
BP,GO:0038066,p38MAPK cascade,6/3864,13/18773,0.461538462,2.242355471,2.28113354,0.034204324,0.221618473,0.190181718,map2k6/dusp1/map3k4/mapk14b/map3k15/map3k5,6
BP,GO:0042407,cristae formation,6/3864,13/18773,0.461538462,2.242355471,2.28113354,0.034204324,0.221618473,0.190181718,dnajc11a/chchd6a/apoob/micos13/apooa/immt,6
BP,GO:0043605,amide catabolic process,6/3864,13/18773,0.461538462,2.242355471,2.28113354,0.034204324,0.221618473,0.190181718,pm20d1.2/allc/aass/dlst/uroc1/ftcd,6
BP,GO:0060351,cartilage development involved in endochondral bone morphogenesis,6/3864,13/18773,0.461538462,2.242355471,2.28113354,0.034204324,0.221618473,0.190181718,chrna1/notch2/jag1b/mmp9/disc1/foxd3,6
BP,GO:0061842,microtubule organizing center localization,6/3864,13/18773,0.461538462,2.242355471,2.28113354,0.034204324,0.221618473,0.190181718,akap9/mid1ip1b/ints13/pard3ab/ndel1b/spout1,6
BP,GO:0070536,protein K63-linked deubiquitination,6/3864,13/18773,0.461538462,2.242355471,2.28113354,0.034204324,0.221618473,0.190181718,zranb1b/stambpl1/usp33/stambpa/usp13/brcc3,6
BP,GO:1902692,regulation of neuroblast proliferation,6/3864,13/18773,0.461538462,2.242355471,2.28113354,0.034204324,0.221618473,0.190181718,bcan/vcanb/ncanb/vcana/hapln1a/hapln1b,6
BP,GO:0007411,axon guidance,71/3864,282/18773,0.25177305,1.223223463,1.922798481,0.034516419,0.222425708,0.190874447,chrna1/asb10/plxna3/col2a1a/tncb/ncaldb/col15a1b/slit2/extl3/sema3aa/atoh7/enah/dag1/rac1b/lama4/kif5c/mst1rb/plxnb3/sema4d/vegfaa/lama1/scrib/cpsf1/rtn4a/lamb2/boc/efnb1/usp33/kif5ba/sema4ba/kif1b/lamc1/evlb/si:dkey-246i14.3/disp1/ppp1r12a/lamc3/col4a5/vasna/plxnc1/nop56/nexn/sema6ba/rest/sema4ga/reep1/ptprfb/musk/lrrc15/sema3e/sema6cb/islr2/sema7a/plxna2/ank3a/smo/ntn1a/mmp14a/asb16/dzip1/mmp2/mycbp2/nrp2a/ephb3a/si:dkey-49n23.1/lamb1a/foxc1a/efnb2a/robo3/npr1a/gli2a,71
BP,GO:0097485,neuron projection guidance,71/3864,282/18773,0.25177305,1.223223463,1.922798481,0.034516419,0.222425708,0.190874447,chrna1/asb10/plxna3/col2a1a/tncb/ncaldb/col15a1b/slit2/extl3/sema3aa/atoh7/enah/dag1/rac1b/lama4/kif5c/mst1rb/plxnb3/sema4d/vegfaa/lama1/scrib/cpsf1/rtn4a/lamb2/boc/efnb1/usp33/kif5ba/sema4ba/kif1b/lamc1/evlb/si:dkey-246i14.3/disp1/ppp1r12a/lamc3/col4a5/vasna/plxnc1/nop56/nexn/sema6ba/rest/sema4ga/reep1/ptprfb/musk/lrrc15/sema3e/sema6cb/islr2/sema7a/plxna2/ank3a/smo/ntn1a/mmp14a/asb16/dzip1/mmp2/mycbp2/nrp2a/ephb3a/si:dkey-49n23.1/lamb1a/foxc1a/efnb2a/robo3/npr1a/gli2a,71
BP,GO:0060560,developmental growth involved in morphogenesis,45/3864,169/18773,0.266272189,1.293666618,1.952290057,0.034542577,0.222425708,0.190874447,chrna1/plxna3/nos1/tncb/ncaldb/fcho1/casp3a/slit2/extl3/ulk2/ap1g2/ppp1cb/trarg1a/itga5/dcn/swap70b/tardbpa/fn1a/tnn/akap12b/kif1b/pard3ab/zeb2b/eaf1/ppp1r12a/mapk8ip3/rpl22/col4a5/rpl22l1/musk/ist1/itgav/grna/ntn1a/clns1a/tppp2/ppp2r3a/smad2/mycbp2/katna1/myo9aa/pik3cd/asah1b/casp9/robo3,45
CC,GO:0005689,U12-type spliceosomal complex,6/3989,13/19331,0.461538462,2.23665079,2.274283656,0.034604994,0.158264681,0.126393049,lsm7/zmat5/rbm41/snrnp35/pdcd7/snrnp25,6
MF,GO:0016018,cyclosporin A binding,5/3742,10/18430,0.5,2.462586852,2.335061357,0.034802353,0.234851435,0.20569344,ppifb/ppie/ppih/ppig/ppib,5
MF,GO:0051879,Hsp90 protein binding,5/3742,10/18430,0.5,2.462586852,2.335061357,0.034802353,0.234851435,0.20569344,fkbp6/ptges3a/stip1/unc45a/unc45b,5
CC,GO:0090575,RNA polymerase II transcription regulator complex,33/3989,118/19331,0.279661017,1.355258741,1.973763624,0.034830451,0.158264681,0.126393049,hif1al/taf2/stat5a/thrab/smad6b/ddit3/gtf2e2/rxraa/taf6l/tcf7l1a/gtf2f1/e2f3/nr1h4/tcf7l2/taf5l/npas2/smad3a/smad9/bcl9/gtf2h4/crema/si:dkey-219c3.2/smad4a/gtf2a1/smad1/tcf7l1b/med8/atf4a/stat4/stat1a/smad2/clocka/ercc3,33
BP,GO:0051983,regulation of chromosome segregation,13/3864,38/18773,0.342105263,1.662096818,2.079869205,0.035539584,0.228374736,0.1959796,anapc1/hormad1/rmi2/lcmt1/csnk2a2b/cdc23/kntc1/zw10/mos/bub1bb/mki67/ttk/gcna,13
MF,GO:0042887,amide transmembrane transporter activity,11/3742,31/18430,0.35483871,1.747642282,2.102805171,0.036054585,0.241512697,0.211527672,aqp9b/slc19a1/slc25a42/slc38a3b/slc38a3a/slc25a16/slc15a4/slc25a32b/slc38a9/slc15a2/slc46a1,11
BP,GO:0051205,protein insertion into membrane,10/3864,27/18773,0.37037037,1.799421057,2.116180623,0.036387175,0.229133962,0.19663113,zgc:56596/get3/emc6/get4/tmco1/sec61a1a/tmem147/bcs1l/tram2/cox18,10
BP,GO:0072332,intrinsic apoptotic signaling pathway by p53 class mediator,10/3864,27/18773,0.37037037,1.799421057,2.116180623,0.036387175,0.229133962,0.19663113,hipk2/bcl6aa/nup62l/sart3/bcor/xrcc5/rps19/si:dkey-74k8.3/si:dkey-9i23.15/phlda3,10
BP,GO:0072599,establishment of protein localization to endoplasmic reticulum,10/3864,27/18773,0.37037037,1.799421057,2.116180623,0.036387175,0.229133962,0.19663113,srp54/zfand2a/zgc:56596/sgtb/get3/sec62/srprb/sec61a1a/rab3gap2/tram2,10
BP,GO:0002521,leukocyte differentiation,39/3864,144/18773,0.270833333,1.315826648,1.936800192,0.03648137,0.229133962,0.19663113,slc39a7/irf7/pbx1a/brd4/runx1/tnpo3/mafbb/srp54/stat5a/bcl6aa/hax1/sh3rf1/cdk9/sart3/upf1/flt3/kif1b/sbds/rabl3/gata1a/plcg1/kat2a/pak1/asxl1/spi1b/il2rga/rpl22/arpc1b/cd79b/rpl10a/opa1/cisha/agtpbp1/mettl3/ncor2/ncoa2/snapc3/csf3b/tcta,39
BP,GO:0000394,"RNA splicing, via endonucleolytic cleavage and ligation",5/3864,10/18773,0.5,2.429218427,2.301426141,0.036758282,0.229133962,0.19663113,zbtb8os/rtraf/clp1/trpt1/tsen2,5
BP,GO:0002275,myeloid cell activation involved in immune response,5/3864,10/18773,0.5,2.429218427,2.301426141,0.036758282,0.229133962,0.19663113,myd88/kars1/spi1b/syk/cxcr3.2,5
BP,GO:0006620,post-translational protein targeting to endoplasmic reticulum membrane,5/3864,10/18773,0.5,2.429218427,2.301426141,0.036758282,0.229133962,0.19663113,zgc:56596/sgtb/get3/sec62/sec61a1a,5
BP,GO:0009086,methionine biosynthetic process,5/3864,10/18773,0.5,2.429218427,2.301426141,0.036758282,0.229133962,0.19663113,bhmt/apip/adi1/enoph1/zgc:172121,5
BP,GO:0019400,alditol metabolic process,5/3864,10/18773,0.5,2.429218427,2.301426141,0.036758282,0.229133962,0.19663113,pck1/zgc:172295/dgat2/sord/gk5,5
BP,GO:0032368,regulation of lipid transport,5/3864,10/18773,0.5,2.429218427,2.301426141,0.036758282,0.229133962,0.19663113,zdhhc8b/abca1a/npc1/acsl5/yjefn3,5
BP,GO:0033143,regulation of intracellular steroid hormone receptor signaling pathway,5/3864,10/18773,0.5,2.429218427,2.301426141,0.036758282,0.229133962,0.19663113,strn3/arnt/vhl/kank2/carm1,5
BP,GO:0035459,vesicle cargo loading,5/3864,10/18773,0.5,2.429218427,2.301426141,0.036758282,0.229133962,0.19663113,sec23a/mia2/sec24b/sec23b/sec24c,5
BP,GO:0042693,muscle cell fate commitment,5/3864,10/18773,0.5,2.429218427,2.301426141,0.036758282,0.229133962,0.19663113,sox6/myl2b/disp1/smo/gli2a,5
BP,GO:0050688,regulation of defense response to virus,5/3864,10/18773,0.5,2.429218427,2.301426141,0.036758282,0.229133962,0.19663113,foxo3b/irf1b/marchf8/cav1/sting1,5
BP,GO:0060839,endothelial cell fate commitment,5/3864,10/18773,0.5,2.429218427,2.301426141,0.036758282,0.229133962,0.19663113,tcf7l1a/ezh1/tcf7l1b/mettl3/smo,5
MF,GO:0052689,carboxylic ester hydrolase activity,42/3742,159/18430,0.264150943,1.30098928,1.923932702,0.037022131,0.246183657,0.215618709,abhd2a/pnpla3/smpdl3b/prdx6/plce1/ces2b/abhd11/dtd2/clic3/gdpd3a/plcd3a/abhd6a/ache/ddhd1b/rarres3l/lpla/gdpd1/plcg1/plbd2/pnpla4/plcl1/lipeb/pld2/mrpl58/pafah1b3/pla2g15/ptrh2/smpd5/iars1/pnpla6/acot11b/napepld/lipg/abhd12/ppme1/lyplal1/smpd1/lars2/plcd1a/smpd2b/nceh1a/pla2g12a,42
BP,GO:1903432,regulation of TORC1 signaling,14/3864,42/18773,0.333333333,1.619478951,2.046069077,0.037040906,0.230435753,0.197748261,deptor/wdr59/stambpl1/nprl2/kptn/sesn1/rragd/waca/lamtor3/seh1l/slc38a9/kics2/pim1/akt1s1,14
CC,GO:0014704,intercalated disc,5/3989,10/19331,0.5,2.423038355,2.295137778,0.037135625,0.164412427,0.131302751,ctnnb1/jupa/xirp1/fermt2/pkp2,5
CC,GO:0030688,"preribosome, small subunit precursor",5/3989,10/19331,0.5,2.423038355,2.295137778,0.037135625,0.164412427,0.131302751,riok3/riok2/ltv1/noc4l/nob1,5
CC,GO:0031462,Cul2-RING ubiquitin ligase complex,5/3989,10/19331,0.5,2.423038355,2.295137778,0.037135625,0.164412427,0.131302751,cul2/zswim5/arih1/zer1/zyg11l,5
BP,GO:0030510,regulation of BMP signaling pathway,27/3864,94/18773,0.287234043,1.395508458,1.957007388,0.037450306,0.23119847,0.198402786,has2/chrdl2/fstl1b/nup62l/fsta/sfrp1a/gpr155a/smoc1/spartb/smad9/rargb/lzts2a/ppp1r12a/tsc22d3/mgaa/nog3/zgc:113531/smad4a/ngly1/pnpla6/ldb2a/dzip1/twsg1a/chrd/igfbp3/skia/smurf1,27
BP,GO:0034472,snRNA 3'-end processing,8/3864,20/18773,0.4,1.943374741,2.14888631,0.037533661,0.23119847,0.198402786,ints6/ints6l/ints5/ints7/exosc7/toe1/ints14/exosc5,8
BP,GO:0045454,cell redox homeostasis,8/3864,20/18773,0.4,1.943374741,2.14888631,0.037533661,0.23119847,0.198402786,prdx6/txnrd2.2/prdx4/gclm/prdx5/prdx2/gclc/txn2,8
BP,GO:0048844,artery morphogenesis,8/3864,20/18773,0.4,1.943374741,2.14888631,0.037533661,0.23119847,0.198402786,sema3aa/amotl2a/calcrla/vegfaa/gata2a/plcg1/smo/ntn1a,8
BP,GO:0060350,endochondral bone morphogenesis,8/3864,20/18773,0.4,1.943374741,2.14888631,0.037533661,0.23119847,0.198402786,chrna1/notch2/jag1b/mmp9/mmp14b/disc1/mmp14a/foxd3,8
CC,GO:0010494,cytoplasmic stress granule,14/3989,42/19331,0.333333333,1.615358904,2.035659955,0.037778206,0.165839923,0.132442775,nufip2/ddx19b/rc3h1b/g3bp2a/igf2bp3/mcrip2/ddx6/fxr2/larp4b/pabpc4/casc3/rc3h2/ddx61/atxn2,14
BP,GO:0061008,hepaticobiliary system development,45/3864,170/18773,0.264705882,1.286056814,1.907369524,0.037878412,0.232862759,0.199830994,rbp4/pnpla3/notch2/nos1/jag2b/pck1/a2ml/tbx2b/ppp1cb/epcam/jag1b/lrp5/ctnnb1/snapc2/add3a/nup62l/slx4/id2a/tomm22/ahctf1/yap1/zeb2b/notch3/rargb/cldn15lb/smc2/ppp1r12a/mgaa/srebf2/bms1/arf6a/trappc11/ilf2/nav3/rbm15/nol9/vipas39/grna/man1a2/nckap1l/foxc1a/cnr2/atp6ap2/zfyve9a/supv3l1,45
BP,GO:0030178,negative regulation of Wnt signaling pathway,26/3864,90/18773,0.288888889,1.403548424,1.953633878,0.037992254,0.233103751,0.200037801,stk3/tle3a/foxo3b/tollip/tle3b/amer1/nkd1/gsk3aa/grb10a/tcf7l1a/jupa/rack1/dact3a/cdk5rap3/grb10b/lzts2a/nkd2b/nkd2a/axin1/btk/tmem88b/chd8/axin2/rspo3/trabd2b/tsc2,26
BP,GO:0072527,pyrimidine-containing compound metabolic process,15/3864,46/18773,0.326086957,1.584272887,2.019808141,0.038164652,0.233466488,0.200349083,thtpa/dhodh/zgc:103586/nme4/cmpk2/aldh6a1/dtymk/cad/tyms/ctps1b/cdab/umps/cps1/upp2/uck2b,15
BP,GO:0045597,positive regulation of cell differentiation,48/3864,183/18773,0.262295082,1.274344093,1.898589336,0.038200889,0.233466488,0.200349083,serpinf1/mturn/plxna3/si:ch211-106h11.3/rbm24a/lgals2a/myf5/brd4/sox6/runx1/bcan/metrnla/atoh7/loxl2b/nlk1/stat5a/thrab/crebl2/fxr2/wdfy2/tiam1b/swap70b/plxnb3/mapk14b/vcanb/il1b/ncanb/mdkb/myd88/vcana/ccn5/sox5/rest/hapln1a/hapln1b/opa1/numb/plxna2/gdf10a/h2az2a/numbl/grna/bloc1s2/smad2/carm1/arhgef2b/ccn2a/csf3b,48
BP,GO:0051402,neuron apoptotic process,25/3864,86/18773,0.290697674,1.412336294,1.951104681,0.038493353,0.234794416,0.201488644,casp3a/hif1al/gdnfa/egln1b/si:ch211-284o19.8/yju2/gsk3aa/psenen/mcl1b/egln1a/epas1b/aatkb/arf6a/faim2b/diabloa/casp8/gper1/cln3/map3k5/hm13/m17/il6r/pink1/foxo3a/casp9,25
BP,GO:1902652,secondary alcohol metabolic process,24/3864,82/18773,0.292682927,1.421981518,1.949546785,0.038944622,0.236668631,0.203097,nfe2l1b/apoeb/sc5d/msmo1/idh1/chm/idh3b/cyp27b1/hsd17b7/cyp7b1/npc2.1/insig1/cyp11c1/srebf2/lipeb/apoa4a/mvda/lcat/erlin1/cyp7a1/cetp/dhcr7/fdxr/apoa4b.2,24
BP,GO:0046486,glycerolipid metabolic process,59/3864,231/18773,0.255411255,1.240899456,1.875482841,0.038952186,0.236668631,0.203097,mtmr3/abhd2a/pnpla3/gpcpd1/pck1/tamm41/dgat1a/inpp5ka/hdhd5/ip6k2a/plce1/synj1/pip4k2aa/pgap3/impa1/gdpd3a/gpam/abhd6a/pcyt2/tafazzin/pikfyve/zgc:172295/mboat2a/rarres3l/mtmr1b/lpla/gdpd1/pip4p2/plcg1/dgke/pnpla4/ttc7b/bpnt1/lipeb/bpnt2/pld2/pigf/mtmr10/lpin1a/etnk2/dgkaa/pla2g15/lpcat3/mtmr7b/zgc:77375/si:dkey-172j4.3/cetp/pnpla6/napepld/pip5k1ab/lipg/pik3c3/abhd12/dgat2/zgc:123305/lpgat1/plcd1a/pik3cd/gk5,59
BP,GO:0018193,peptidyl-amino acid modification,40/3864,149/18773,0.268456376,1.30427835,1.898354339,0.039276911,0.23817824,0.20439247,dok7b/smyd2a/senp3b/zmiz2/dhps/loxl2b/agbl5/loxl5b/dok7a/ppifb/ndufaf5/ppie/vegfaa/ttll6/unm_hu7910/naa20/zdhhc8b/asph/lipt1/pias2/kat2a/prnpb/sumo1/lipt2/prmt6/agtpbp1/naa30/cbx4/tpgs2/ranbp2/setd6/dohh/tpst1l/ppih/carm1/ppig/fes/prmt7/fkbp2/ppib,40
MF,GO:0016799,"hydrolase activity, hydrolyzing N-glycosyl compounds",9/3742,24/18430,0.375,1.846940139,2.095559867,0.039398636,0.255020773,0.223358653,tdg.1/macrod1/oard1/si:dkey-4e7.3/il1rapl1a/adprh/neil1/dnph1/neil3,9
MF,GO:0090482,vitamin transmembrane transporter activity,9/3742,24/18430,0.375,1.846940139,2.095559867,0.039398636,0.255020773,0.223358653,rbp4/rtbdn/slc5a6a/slc19a1/slc52a3-1/slc52a2/stra6l/slc25a19/slc25a32b,9
BP,GO:0010976,positive regulation of neuron projection development,11/3864,31/18773,0.35483871,1.723961464,2.05370426,0.039468422,0.238290949,0.204489191,tncb/twf2b/atoh7/clcf1/ddr1/ntrk3a/musk/il6st/m17/ddr2b/ddr2l,11
BP,GO:0016180,snRNA processing,11/3864,31/18773,0.35483871,1.723961464,2.05370426,0.039468422,0.238290949,0.204489191,ints6/ints6l/ints5/ints7/exosc7/toe1/nop10/tut1/ints14/exosc5/mettl16,11
MF,GO:0016903,"oxidoreductase activity, acting on the aldehyde or oxo group of donors",13/3742,39/18430,0.333333333,1.641724568,2.024882105,0.039470833,0.255020773,0.223358653,aldh4a1/aldh1l2/aldh3a1/aldh6a1/ogdha/ogdhb/aldh18a1/aldh5a1/aldh9a1b/aldh7a1/dlat/aldh3a2b/bckdha,13
MF,GO:0051539,"4 iron, 4 sulfur cluster binding",13/3742,39/18430,0.333333333,1.641724568,2.024882105,0.039470833,0.255020773,0.223358653,mocs1/etfdh/isca2/nfu1/tyw1/aco1/ndufs8a/dna2/aco2/sdhb/cdk5rap1/ndufv1/ciapin1,13
BP,GO:0055113,epiboly involved in gastrulation with mouth forming second,17/3864,54/18773,0.314814815,1.529507898,1.983707222,0.039524403,0.238290949,0.204489191,epcam/celsr2/diaph2/fdx1/cyth1a/cdk5rap3/rhov/cldne/atrn/prnpb/npc1/dsc2l/slc39a10/arhgef7b/chuk/sdc3/pou5f3,17
BP,GO:0044272,sulfur compound biosynthetic process,30/3864,107/18773,0.280373832,1.362178557,1.912663483,0.040080722,0.241179374,0.20696789,csad/extl3/cdo1/acsl1a/acss2/ext1a/pdk2a/bhmt/pank2/apip/adi1/gclm/elovl1a/aclya/chsy3/gclc/pdk3a/acsl5/chpfa/chst7/ndst1b/dlat/enoph1/ext1b/mettl16/elovl7a/pdhx/papss2b/mat2aa/zgc:172121,30
BP,GO:1901293,nucleoside phosphate biosynthetic process,55/3864,214/18773,0.257009346,1.248663677,1.862479609,0.040358605,0.242384466,0.208002039,rrm2b/atp5meb/acsl1a/atp5mea/acss2/ak3/dhodh/adka/atpsckmt/adss1/ampd3a/nme4/pmm2/cmpk2/hprt1/gfpt2/rrm1/pdk2a/dtymk/uap1/cad/tyms/pank2/atp5f1c/ctps1b/prps1a/kars1/naprt/antkmt/umps/ugdh/atp5pf/upp2/nampt1/gart/dlst/elovl1a/aclya/hprt1l/gucy2d/atp5pd/adssl/pdk3a/acsl5/prpsap2/ak4/dlat/nadkb/nadk2/uck2b/elovl7a/pdhx/papss2b/npr1a/atp5f1b,55
MF,GO:0016835,carbon-oxygen lyase activity,21/3742,71/18430,0.295774648,1.456741518,1.946240919,0.040382663,0.258065451,0.226025318,cfh/cahz/eno1a/fasn/aco1/echs1/aco2/ca4c/alad/rps3/apip/neil1/rpp14/pcbd1/auh/ptgis/eevs/ca6/uroc1/neil3/pus7,21
MF,GO:0140318,protein transporter activity,7/3742,17/18430,0.411764706,2.028012702,2.140336755,0.040508627,0.258065451,0.226025318,atad1b/tomm20b/tomm40/timm17a/timm23a/atad1a/sec61a1a,7
BP,GO:0050801,monoatomic ion homeostasis,72/3864,289/18773,0.249134948,1.210406413,1.835098959,0.04131975,0.247680575,0.212546891,stc2a/slc39a7/bdh2/homer1b/ryr1a/casq1a/fth1a/casq2/atp1b1a/slc41a1/atp1b1b/tmem175/pck1/ncoa4/slc12a7b/cahz/smdt1b/calcrla/atp1a2a/cax2/slc4a1a/plce1/stc2b/mcu/itpr1b/atp6ap1a/micu2/slc35g1/ryr3/gprc6a/tfr1a/wnk4b/slc4a4a/cyb561a3a/asph/selenon/atp6v0a1a/plcg1/wfs1a/slc30a9/atp2a1/atp2a2b/atp2a2a/slc4a2b/wwox/slc9a6a/fgf23/fthl27/si:dkey-28b4.8/nr3c1/cln3/herpud1/atp2a1l/tmco1/cav2/slc39a10/cherp/cav1/dmxl2/tmem203/zgc:110843/slc12a2/atp1a3a/scara5/klhl3/atp1a1a.1/plcd1a/atp6v0d1/atp13a2/htt/bcl2l10/anxa6,72
BP,GO:0032386,regulation of intracellular transport,12/3864,35/18773,0.342857143,1.665749778,2.006933626,0.04181672,0.249224457,0.213871772,msnb/oaz1b/ezrb/sh3tc2/nkd1/creb3l2/ncbp2/inpp5f/npc1/uhmk1/gripap1/rint1,12
BP,GO:0043094,cellular metabolic compound salvage,12/3864,35/18773,0.342857143,1.665749778,2.006933626,0.04181672,0.249224457,0.213871772,adka/ampd3a/hprt1/bhmt/naprt/apip/adi1/upp2/hprt1l/dnph1/enoph1/uck2b,12
BP,GO:0044743,protein transmembrane import into intracellular organelle,12/3864,35/18773,0.342857143,1.665749778,2.006933626,0.04181672,0.249224457,0.213871772,tomm7/grpel1/tomm20b/chchd4a/timm21/pex13/tomm40/pex1/timm17a/timm23a/dnlz/timm44,12
BP,GO:0007051,spindle organization,27/3864,95/18773,0.284210526,1.380818895,1.894369444,0.042377147,0.252083484,0.216325244,zgc:136908/plk3/bccip/tacc2/cep63/tubgcp5/kifc1/plk1/ccsapb/plk2a/mapre3b/tacc1/lzts2a/tubgcp4/vcp/ckap5/pcnt/ptpa/tubgcp2/clasp2/dync1li2/kif23/haus3/tacc3/tubgcp3/dctn2/kif11,27
BP,GO:0042181,ketone biosynthetic process,9/3864,24/18773,0.375,1.82191382,2.051126395,0.042638017,0.252194181,0.216420239,ndufa9a/coq6/pdss1/pptc7a/pptc7b/coq2/coq8b/coq5/coq8aa,9
BP,GO:0047496,vesicle transport along microtubule,9/3864,24/18773,0.375,1.82191382,2.051126395,0.042638017,0.252194181,0.216420239,bicdl2l/si:ch211-235m3.5/kif13a/kif1aa/kif13ba/kif1b/ap3d1/ndel1b/kif23,9
BP,GO:2000177,regulation of neural precursor cell proliferation,9/3864,24/18773,0.375,1.82191382,2.051126395,0.042638017,0.252194181,0.216420239,bcan/vcanb/ncanb/sirt2/vcana/hapln1a/hapln1b/gper1/chd8,9
BP,GO:0032101,regulation of response to external stimulus,61/3864,241/18773,0.253112033,1.22972883,1.827310924,0.042781325,0.252563477,0.21673715,pparaa/tncb/col12a1b/vegfab/col15a1b/foxo3b/mavs/si:dkey-237i9.1/cd248b/brd4/metrnla/otud4/atoh7/tmsb/smpx/mmp9/serpine1/usp4/ifih1/tnfaip6/clcf1/vegfaa/zdhhc5a/nr1h4/ikbke/myd88/cd248a/rps19/irf1b/marchf8/nop56/f2rl1.1/lgr4/reep1/unc93b1/gp9/zdhhc18a/ptpn22/sfpq/mettl3/sema7a/parp14rs1/setd6/spint1a/cav1/grna/zmp:0000000936/il6st/zgc:113337/mycbp2/m17/becn1/rpl11/ppardb/slc15a2/efnb2a/sting1/il6r/gpatch3/fadd/tlr22,61
MF,GO:0003682,chromatin binding,69/3742,280/18430,0.246428571,1.21370352,1.818753412,0.042923571,0.271551204,0.237836747,rec8b/hmgn3/si:ch211-103n10.5/wbp2nl/brd4/nap1l1/taf2/rnf169/rerea/scmh1/l3mbtl1b/jmjd1cb/eny2/glyr1/crebbpa/sbno2a/cbx1a/kdm6a/atxn1a/cbx8b/cramp1/mta2/smarcad1b/dnajc2/eaf1/kat2a/pbrm1/smc2/asxl1/asxl2/kdm3b/chd4a/ezh1/waca/ctcf/atrn/h1-0/ep400/rnf8/chd4b/bap1/tdrd3/phf1/ash1l/smarca5/per2/ep300b/chd8/phf21ab/ssrp1b/noc3l/atrx/bmi1a/hira/si:ch211-230g15.5/smarca2/ldb2a/mcm4/chd5/tspy/prkcbb/tasorb/phc1/foxc1a/kmt5b/tox2/tnrc18/nipblb/pou5f3,69
BP,GO:0060027,convergent extension involved in gastrulation,26/3864,91/18773,0.285714286,1.388124815,1.889426478,0.043098638,0.25336625,0.217426048,lurap1/has2/lats2/lpp/mcu/mmp14b/diaph2/tab2/bcl2l16/swap70b/disc1/scrib/csrp1a/bbs12/rack1/kdm6a/lats1/zeb2b/def6a/pitx2/dsc2l/csk/mmp14a/yes1/map2k4b/chrd,26
BP,GO:0055080,monoatomic cation homeostasis,68/3864,272/18773,0.25,1.214609213,1.815034093,0.043309103,0.25336625,0.217426048,stc2a/slc39a7/bdh2/homer1b/ryr1a/casq1a/fth1a/casq2/atp1b1a/slc41a1/atp1b1b/tmem175/ncoa4/slc12a7b/cahz/smdt1b/atp1a2a/cax2/slc4a1a/plce1/stc2b/mcu/itpr1b/atp6ap1a/micu2/slc35g1/ryr3/gprc6a/tfr1a/slc4a4a/cyb561a3a/asph/selenon/atp6v0a1a/plcg1/wfs1a/slc30a9/atp2a1/atp2a2b/atp2a2a/slc4a2b/wwox/slc9a6a/fgf23/fthl27/si:dkey-28b4.8/nr3c1/cln3/herpud1/atp2a1l/tmco1/cav2/slc39a10/cherp/cav1/dmxl2/tmem203/zgc:110843/slc12a2/atp1a3a/scara5/atp1a1a.1/plcd1a/atp6v0d1/atp13a2/htt/bcl2l10/anxa6,68
BP,GO:0009309,amine biosynthetic process,7/3864,17/18773,0.411764706,2.000532822,2.101044558,0.043322951,0.25336625,0.217426048,odc1/oaz1b/srm/amd1/sms/agmat/azin1b,7
BP,GO:0042401,biogenic amine biosynthetic process,7/3864,17/18773,0.411764706,2.000532822,2.101044558,0.043322951,0.25336625,0.217426048,odc1/oaz1b/srm/amd1/sms/agmat/azin1b,7
BP,GO:0060395,SMAD protein signal transduction,7/3864,17/18773,0.411764706,2.000532822,2.101044558,0.043322951,0.25336625,0.217426048,smad6b/smad3a/smad9/mgaa/smad4a/smad1/smad2,7
BP,GO:0060840,artery development,13/3864,39/18773,0.333333333,1.619478951,1.971483625,0.043571147,0.25434148,0.218262942,sema3aa/amotl2a/calcrla/notch1b/sox18/vegfaa/gata2a/pard3ab/plcg1/notch3/smo/ntn1a/bmp10,13
BP,GO:0045765,regulation of angiogenesis,25/3864,87/18773,0.287356322,1.396102544,1.885205334,0.043786724,0.255123021,0.21893362,serpinf1/sirt1/tnmd/itgb1a/serpine1/vegfaa/rin2a/thbs2a/sirt2/vhl/gata2a/egfl6/arhgap18/mtdhb/thbs1b/adgrg6/tars1/mvda/per2/cemip2/yjefn3/iars1/ntn1a/elavl1a/cnmd,25
CC,GO:0000792,heterochromatin,7/3989,17/19331,0.411764706,1.995443352,2.093687468,0.043869407,0.186265187,0.148754762,sirt1/cbx1a/sirt2/bend3/cbx2/atrx/tasorb,7
CC,GO:0000813,ESCRT I complex,7/3989,17/19331,0.411764706,1.995443352,2.093687468,0.043869407,0.186265187,0.148754762,vps37a/vps37d/tsg101a/vps37c/vps28/pdcd7/ubap1lb,7
CC,GO:0005849,mRNA cleavage factor complex,7/3989,17/19331,0.411764706,1.995443352,2.093687468,0.043869407,0.186265187,0.148754762,clp1/pcf11/cpsf3/cpsf1/wdr33/tut1/si:ch211-191a24.4,7
CC,GO:0070971,endoplasmic reticulum exit site,7/3989,17/19331,0.411764706,1.995443352,2.093687468,0.043869407,0.186265187,0.148754762,sec23a/sar1ab/tfg/mia2/sec24b/sec23b/sec24c,7
CC,GO:0000152,nuclear ubiquitin ligase complex,13/3989,39/19331,0.333333333,1.615358904,1.96145849,0.044380938,0.186905088,0.149265799,anapc1/pcgf5a/cbx8b/cbx2/ube2s/fzr1a/anapc16/cdc23/cbx4/bmi1a/si:ch211-230g15.5/cbx7b/phc1,13
BP,GO:0006997,nucleus organization,14/3864,43/18773,0.325581395,1.58181665,1.944469156,0.04484404,0.260312153,0.22338667,ubxn2a/nup93/banf1/lmna/phf2/sirt2/bend3/ahctf1/rnf8/lmnb1/lmnl3/nsfl1c/seh1l/lmnb2,14
BP,GO:0010721,negative regulation of cell development,14/3864,43/18773,0.325581395,1.58181665,1.944469156,0.04484404,0.260312153,0.22338667,tncb/rflnb/slit2/ulk2/rflna/mmp9/sirt2/notch3/sox10/spi1b/rest/gper1/musk/cisha,14
BP,GO:0048469,cell maturation,23/3864,79/18773,0.291139241,1.414481615,1.879391562,0.045026041,0.260477016,0.223528147,abhd2a/bdh2/ar/nemp1/adnp2b/ybx1/paqr7b/ltbp3/nsfa/lyz/klf9/rps14/rpl18/rest/gper1/mettl3/maea/ccnb1/pum1/tdrkh/adnpb/dctn2/sptan1,23
BP,GO:0048878,chemical homeostasis,101/3864,420/18773,0.24047619,1.168338386,1.776248999,0.045039253,0.260477016,0.223528147,pnpla3/notch2/stc2a/slc39a7/bdh2/angptl4/homer1b/ryr1a/casq1a/fth1a/casq2/atp1b1a/slc41a1/atp1b1b/apoeb/tmem175/pck1/ncoa4/has2/slc12a7b/cahz/smdt1b/calcrla/atp1a2a/cax2/slc4a1a/plce1/stc2b/mcu/kdsr/itpr1b/fitm2/aldh3a1/ptprn2/aspscr1/atp6ap1a/micu2/slc35g1/ryr3/gprc6a/tfr1a/wnk4b/slc4a4a/cyb561a3a/asph/selenon/atp6v0a1a/yap1/lpla/plcg1/wfs1a/slc30a9/cyp7b1/atp2a1/atp2a2b/atp2a2a/pnpla4/slc4a2b/rhcga/wwox/slc9a6a/cps1/ormdl2/trappc11/apoa4a/npc1/fgf23/fthl27/si:dkey-28b4.8/nr3c1/cln3/herpud1/atp2a1l/tmco1/cyp7a1/cav2/slc39a10/cherp/cav1/dmxl2/tmem203/zgc:110843/cetp/slc12a2/atp1a3a/scara5/klhl3/atp1a1a.1/lipg/rhag/apoa4b.2/dgat2/rpl11/gck/plcd1a/atp6v0d1/fabp2/atp13a2/htt/bcl2l10/anxa6,101
MF,GO:0016769,"transferase activity, transferring nitrogenous groups",11/3742,32/18430,0.34375,1.693028461,1.980442314,0.045165351,0.282326828,0.247274523,got2a/gpt/got1/bcat2/gfpt2/si:ch211-217a12.1/oat/aadat/amt/zgc:110843/kyat1,11
BP,GO:0007030,Golgi organization,22/3864,75/18773,0.293333333,1.425141477,1.878088724,0.045554531,0.262331579,0.225119639,plk3/lurap1/ubxn2a/myo18ab/optn/pde4dip/golph3a/arhgef28a/si:ch211-276i12.4/trappc11/vmp1/tjap1/golga5/dym/atp8b1/tmed3/vcpip1/nsfl1c/clasp2/gorasp1a/hace1/cog4,22
BP,GO:0007224,smoothened signaling pathway,22/3864,75/18773,0.293333333,1.425141477,1.878088724,0.045554531,0.262331579,0.225119639,hipk2/ryr1a/sox11a/gatad2b/ip6k2a/rerea/ift88/boc/ryr3/cibar1/disp1/si:ch211-185a18.2/ugdh/sox4b/ube2d2/rest/arrb2b/cdon/smo/dzip1/grk3/gli2a,22
BP,GO:0035270,endocrine system development,34/3864,125/18773,0.272,1.321494824,1.835956706,0.045611927,0.262331579,0.225119639,adamts9/notch2/kcnip3b/six1b/tbx2b/dhps/itga5/jag1b/zfand3/fitm2/vegfaa/lama1/rgs4/thada/fn1a/dlx3b/kcnj11/septin15/bhmt/nkx6.1/disp1/irx3a/hey1/sox4b/dmrta2/eya1/smo/pitx3/ntn1a/dzip1/pepd/gck/foxc1a/gli2a,34
BP,GO:0071396,cellular response to lipid,29/3864,104/18773,0.278846154,1.35475643,1.846868577,0.045870135,0.263331678,0.225977873,abhd2a/esrrga/ar/casp3a/pck1/strn3/anxa1a/esr2a/paqr7b/il1b/keap1a/arnt/hhla2b.1/myd88/vhl/il17c/insig1/kank2/gper1/keap1b/sstr5/nr3c1/zgc:153911/tet1/cd276/tnip1/hhla2b.2/carm1/src,29
BP,GO:0031214,biomineral tissue development,20/3864,67/18773,0.298507463,1.450279658,1.879658002,0.046354862,0.264060437,0.226603257,col1a1a/ppp2r3b/rflnb/rflna/atg4b/ankhb/lrp5/cfdp1/phospho1/mst1rb/clec3ba/dlx3b/fap/lgr4/fgf23/atf4a/nr3c1/mst1/bglap/foxc1a,20
BP,GO:0042274,ribosomal small subunit biogenesis,20/3864,67/18773,0.298507463,1.450279658,1.879658002,0.046354862,0.264060437,0.226603257,riok3/srfbp1/rpsa/rps16/rps4x/rps8b/lsm6/rps19/rps14/bms1/tsr2/tsr1/rps7/riok2/ltv1/ngdn/rps5/rps27.2/eral1/nob1,20
MF,GO:0030247,polysaccharide binding,8/3742,21/18430,0.380952381,1.876256649,2.027903663,0.046536748,0.282326828,0.247274523,ppp1r3cb/gpcpd1/ppp1r3db/prg4b/ppp1r3aa/epm2a/vtna/stbd1,8
BP,GO:0097190,apoptotic signaling pathway,44/3864,168/18773,0.261904762,1.272447747,1.805812268,0.04655888,0.264060437,0.226603257,dap1b/hipk2/ctsla/bcl6aa/ddit3/coa8/si:ch211-284o19.8/bcl2l16/bnip3lb/nup62l/sart3/apaf1/bcl2b/rps3/rnf34b/bcor/xrcc5/mcl1b/rps19/tnfsf10l/bida/ctsk/faim2b/ifi27.6/si:dkey-74k8.3/diabloa/eya1/atf4a/herpud1/cd40lg/map3k5/si:dkey-9i23.15/rhot1a/tegt/casp8ap2/ddias/lgals3a/phlda3/casp9/dido1/fadd/src/bcl2l10/anxa6,44
BP,GO:0007052,mitotic spindle organization,19/3864,63/18773,0.301587302,1.46524286,1.883053558,0.046587722,0.264060437,0.226603257,zgc:136908/plk3/bccip/tacc2/kifc1/plk1/ccsapb/plk2a/tacc1/vcp/ckap5/pcnt/ptpa/clasp2/dync1li2/kif23/tacc3/dctn2/kif11,19
BP,GO:0008045,motor neuron axon guidance,17/3864,55/18773,0.309090909,1.501698664,1.896898713,0.046588953,0.264060437,0.226603257,chrna1/plxna3/col15a1b/sema3aa/rac1b/vegfaa/lama1/kif1b/ppp1r12a/lamc3/nop56/rest/reep1/musk/ntn1a/foxc1a/gli2a,17
BP,GO:0009612,response to mechanical stimulus,17/3864,55/18773,0.309090909,1.501698664,1.896898713,0.046588953,0.264060437,0.226603257,col1a2/tcap/smpx/pkd2l1/sema4d/kcnma1a/chm/csrp3/tnfrsf11b/atp2a1/ctsk/tmem132e/cacna1da/stx4/nfatc1/pcdh15a/bglap,17
BP,GO:0030837,negative regulation of actin filament polymerization,17/3864,55/18773,0.309090909,1.501698664,1.896898713,0.046588953,0.264060437,0.226603257,ssh2a/lmod3/capza1a/kank3/twf2b/tmsb/svila/sptb/add3a/si:ch211-203d1.3/gsna/kank2/add2/scinlb/lmod2b/sptan1/capza1b,17
BP,GO:0045862,positive regulation of proteolysis,18/3864,59/18773,0.305084746,1.482234972,1.88864777,0.04667619,0.264075617,0.226616284,csnk1e/sh3rf1/bcl2l16/gsk3aa/klhl40a/sirt2/rnft2/adam8a/fzr1a/aurkaip1/dda1/axin1/diabloa/ccdc22/tmem259/axin2/becn1/psme2,18
MF,GO:0000339,RNA cap binding,6/3742,14/18430,0.428571429,2.11078873,2.098549773,0.046796214,0.282326828,0.247274523,eif4e3/ncbp3/eif3d/eif4e1c/ncbp2/eif4eb,6
MF,GO:0008574,plus-end-directed microtubule motor activity,6/3742,14/18430,0.428571429,2.11078873,2.098549773,0.046796214,0.282326828,0.247274523,kif5c/kif5ba/kif1aa/kif1b/stard9/kif11,6
MF,GO:0070577,lysine-acetylated histone binding,6/3742,14/18430,0.428571429,2.11078873,2.098549773,0.046796214,0.282326828,0.247274523,brd2a/psme4b/brd4/brd9/carm1/brd3b,6
MF,GO:0140033,acetylation-dependent protein binding,6/3742,14/18430,0.428571429,2.11078873,2.098549773,0.046796214,0.282326828,0.247274523,brd2a/psme4b/brd4/brd9/carm1/brd3b,6
MF,GO:0140994,RNA polymerase II CTD heptapeptide repeat modifying activity,6/3742,14/18430,0.428571429,2.11078873,2.098549773,0.046796214,0.282326828,0.247274523,ctdsp2/cdk9/ctdsp1/cdk12/ctdsplb/dyrk1ab,6
MF,GO:0016706,2-oxoglutarate-dependent dioxygenase activity,20/3742,68/18430,0.294117647,1.448580501,1.870493922,0.047182028,0.282781758,0.247672971,plod1a/egln1b/p4htmb/jmjd1cb/unm_hu7910/p3h3/p4ha1a/kdm6a/phf2/asph/egln1a/kdm4c/phyh/kdm3b/ogfod1/kdm6ba/tet1/kdm7ab/hspbap1/kdm2ba,20
BP,GO:0048514,blood vessel morphogenesis,107/3864,448/18773,0.238839286,1.160385588,1.749169634,0.047332356,0.267303704,0.229386464,serpinf1/rnasel2/angptl4/lgals2a/vegfab/tinagl1/sirt1/col22a1/tnmd/itgb1a/fbn2b/sema3aa/iqsec1b/loxl2b/amotl2a/calcrla/pknox1.1/notch1b/itga5/slc2a1b/sox18/lama4/cxcr4a/pappa2/hdac6/rab5c/serpine1/arfgef2/hspg2/map3k7/pdgfab/uqcrb/vegfaa/lama1/tardbpa/rtn4a/hlx1/rin2a/rack1/fn1a/gas6/igf2b/thbs2a/srpx2/sirt2/vhl/gata2a/yap1/pard3ab/wars2/kdm4c/plcg1/egfl6/notch3/ptprb/arhgap18/mtdhb/syk/plekhg5b/thbs1b/abca1a/adgrg6/fermt2/tars1/sdf4/lpar4/mvda/git1/myh9a/hapln1b/cdc42/marcksl1a/colec12/sema3e/per2/cemip2/lpar6a/ppp2r2ab/smo/yjefn3/stat4/adgra2/cxxc5a/iars1/itgav/ndst1b/ntn1a/rspo3/yy1a/arhgef7b/unc45a/ppih/ldb2a/nrp2a/elavl1a/bmpr2b/ephb3a/brcc3/jcada/efnb2a/pdgfbb/ctsz/lgals2b/nus1/cnmd/kif11/hoxd4a,107
CC,GO:0000922,spindle pole,19/3989,63/19331,0.301587302,1.461515199,1.870875637,0.047662993,0.19910831,0.159011513,plk3/lats2/fam83d/bccip/cep63/tubgcp5/plk1/plk2a/tubgcp4/ckap5/rmdn1/tubgcp2/rmdn3/tubgcp3/brcc3/katna1/unc119a2/spout1/kif11,19
BP,GO:1901342,regulation of vasculature development,27/3864,96/18773,0.28125,1.366435365,1.832436832,0.047766986,0.268867129,0.230728116,serpinf1/sirt1/tnmd/itgb1a/serpine1/vegfaa/lrp1ab/rin2a/thbs2a/sirt2/vhl/gata2a/plcg1/egfl6/arhgap18/mtdhb/thbs1b/adgrg6/tars1/mvda/per2/cemip2/yjefn3/iars1/ntn1a/elavl1a/cnmd,27
MF,GO:0046332,SMAD binding,13/3742,40/18430,0.325,1.600681454,1.919573735,0.047953632,0.285527834,0.250078108,hipk2/magi2a/smad6b/smad3a/smad9/axin1/smad4a/smad1/ldlrad4a/axin2/smad2/skia/smurf1,13
BP,GO:0001667,ameboidal-type cell migration,54/3864,212/18773,0.254716981,1.237526368,1.770633382,0.04858941,0.268867129,0.230728116,col2a1a/tncb/col18a1a/hdac4/tbx2b/sema3aa/has2/tns1b/amotl2a/gdnfa/lpp/lrp5/rhoab/ezrb/cxcr4a/mmp14b/diaph2/hmcn2/bcl2l16/disc1/tns1a/radil/csrp1a/fn1a/sema4ba/psenen/atp6v0a1a/pard3ab/zeb2b/plcg1/eaf1/sox10/lzts2a/pak1/def6a/sema6ba/acvr2aa/sema4ga/fbln1/ptges/cdc42/sema3e/sema6cb/chd8/sema7a/dmxl2/itgav/mmp14a/phactr4a/foxd3/nrp2a/si:dkey-49n23.1/foxc1a/chrd,54
CC,GO:1904949,ATPase complex,27/3989,96/19331,0.28125,1.362959075,1.817833642,0.049114606,0.203530927,0.162543495,gatad2b/cfdp1/anp32e/smarce1/atp6ap1a/bicra/bptf/atp6v1ab/baz1a/gatad2ab/mta2/atp6v0a1a/bicral/pbrm1/chd4a/ep400/srcap/chd4b/nfrkb/arid2/dmap1/uchl5/smarca2/chd5/atp6v1g1/dpf3/atp6v0d1,27
BP,GO:0051129,negative regulation of cellular component organization,42/3864,160/18773,0.2625,1.275339674,1.780615587,0.049220345,0.268867129,0.230728116,ssh2a/tncb/rubcn/lmod3/capza1a/slit2/kank3/ulk2/twf2b/tmsb/svila/sptb/si:ch211-247j9.1/ccnf/add3a/hormad1/si:ch211-266i6.3/phf2/scaf4a/si:ch211-203d1.3/mcl1b/gsna/arhgap24/lcmt1/kntc1/kank2/add2/aida/musk/sfpq/zw10/scinlb/lmod2b/lgals3a/bub1bb/tmem182a/prdm14/ttk/sptan1/ptpn13/unc119a2/capza1b,42
BP,GO:0090092,regulation of transmembrane receptor protein serine/threonine kinase signaling pathway,35/3864,130/18773,0.269230769,1.308040691,1.794202427,0.049231696,0.268867129,0.230728116,tgif1/znf703/net1/has2/rbms3/hsp90ab1/mmp9/chrdl2/fstl1b/nup62l/fsta/sfrp1a/gpr155a/smoc1/spartb/smad9/rargb/lzts2a/ppp1r12a/tsc22d3/mgaa/nog3/zgc:113531/smad4a/ldlrad4a/ngly1/pnpla6/ldb2a/dzip1/mmp2/twsg1a/chrd/igfbp3/skia/smurf1,35
BP,GO:0030866,cortical actin cytoskeleton organization,11/3864,32/18773,0.34375,1.670087668,1.931344774,0.049304856,0.268867129,0.230728116,epb41l3a/fhod3a/llgl1/amotl2a/rhoq/llgl2/rab11fip5b/rtkna/rab11fip5a/nckap1l/ect2,11
BP,GO:0040036,regulation of fibroblast growth factor receptor signaling pathway,11/3864,32/18773,0.34375,1.670087668,1.931344774,0.049304856,0.268867129,0.230728116,sp9/hspa8/extl3/gpc1b/sulf2b/dusp4/rerea/dusp6/il17rd/ncl/foxc1a,11
BP,GO:0072528,pyrimidine-containing compound biosynthetic process,11/3864,32/18773,0.34375,1.670087668,1.931344774,0.049304856,0.268867129,0.230728116,dhodh/nme4/cmpk2/dtymk/cad/tyms/ctps1b/umps/cps1/upp2/uck2b,11
BP,GO:0006790,sulfur compound metabolic process,56/3864,221/18773,0.253393665,1.231097121,1.759320157,0.049465195,0.268867129,0.230728116,csad/mmut/extl3/cdo1/gsto1/thtpa/suox/gstk1/acsl1a/gstt1b/acss2/ext1a/fitm2/pdk2a/ahcy/chac1/hmgcra/bhmt/pank2/sucla2/aass/acot9.1/apip/acot20/adi1/ethe1/gclm/blmh/sult1st6/gstr/dlst/mvda/elovl1a/aclya/chsy3/gpx1a/sult2st2/gclc/pdk3a/acsl5/chpfa/chst7/gnmt/tpst1l/ndst1b/dlat/enoph1/ext1b/mettl16/cnr2/elovl7a/pdhx/papss2b/chac2/mat2aa/zgc:172121,56
BP,GO:0000028,ribosomal small subunit assembly,6/3864,14/18773,0.428571429,2.082187223,2.06210679,0.049675419,0.268867129,0.230728116,rpsa/rps19/rps14/rps5/rps27.2/eral1,6
BP,GO:0006140,regulation of nucleotide metabolic process,6/3864,14/18773,0.428571429,2.082187223,2.06210679,0.049675419,0.268867129,0.230728116,prkag2b/atpsckmt/tigara/antkmt/slc38a9/prkag3b,6
BP,GO:0009129,pyrimidine nucleoside monophosphate metabolic process,6/3864,14/18773,0.428571429,2.082187223,2.06210679,0.049675419,0.268867129,0.230728116,dhodh/cad/tyms/umps/upp2/uck2b,6
BP,GO:0009130,pyrimidine nucleoside monophosphate biosynthetic process,6/3864,14/18773,0.428571429,2.082187223,2.06210679,0.049675419,0.268867129,0.230728116,dhodh/cad/tyms/umps/upp2/uck2b,6
BP,GO:0018212,peptidyl-tyrosine modification,6/3864,14/18773,0.428571429,2.082187223,2.06210679,0.049675419,0.268867129,0.230728116,dok7b/dok7a/vegfaa/prnpb/tpst1l/fes,6
BP,GO:0021594,rhombomere formation,6/3864,14/18773,0.428571429,2.082187223,2.06210679,0.049675419,0.268867129,0.230728116,notch1b/egr2b/notch3/sfpq/rfng/efnb2a,6
BP,GO:0032836,glomerular basement membrane development,6/3864,14/18773,0.428571429,2.082187223,2.06210679,0.049675419,0.268867129,0.230728116,plce1/sulf2b/p4htmb/kank2/myh9a/coq8b,6
BP,GO:0045580,regulation of T cell differentiation,6/3864,14/18773,0.428571429,2.082187223,2.06210679,0.049675419,0.268867129,0.230728116,irf7/brd4/sh3rf1/kat2a/opa1/mettl3,6
BP,GO:0045646,regulation of erythrocyte differentiation,6/3864,14/18773,0.428571429,2.082187223,2.06210679,0.049675419,0.268867129,0.230728116,p4htmb/rps19/gata1a/p2ry12/spi1b/cisha,6
BP,GO:0046500,S-adenosylmethionine metabolic process,6/3864,14/18773,0.428571429,2.082187223,2.06210679,0.049675419,0.268867129,0.230728116,ahcy/apip/gnmt/enoph1/mettl16/mat2aa,6
BP,GO:0048670,regulation of collateral sprouting,6/3864,14/18773,0.428571429,2.082187223,2.06210679,0.049675419,0.268867129,0.230728116,plxna3/casp3a/ulk2/pard3ab/pik3cd/casp9,6
BP,GO:0048679,regulation of axon regeneration,6/3864,14/18773,0.428571429,2.082187223,2.06210679,0.049675419,0.268867129,0.230728116,tncb/col12a1b/clcf1/sfpq/il6st/m17,6
BP,GO:0048892,lateral line nerve development,6/3864,14/18773,0.428571429,2.082187223,2.06210679,0.049675419,0.268867129,0.230728116,kifbp/nsfa/egr2b/kif1b/adgrg6/foxd3,6
BP,GO:0070570,regulation of neuron projection regeneration,6/3864,14/18773,0.428571429,2.082187223,2.06210679,0.049675419,0.268867129,0.230728116,tncb/col12a1b/clcf1/sfpq/il6st/m17,6
BP,GO:1900542,regulation of purine nucleotide metabolic process,6/3864,14/18773,0.428571429,2.082187223,2.06210679,0.049675419,0.268867129,0.230728116,prkag2b/atpsckmt/tigara/antkmt/slc38a9/prkag3b,6
BP,GO:1903578,regulation of ATP metabolic process,6/3864,14/18773,0.428571429,2.082187223,2.06210679,0.049675419,0.268867129,0.230728116,prkag2b/atpsckmt/tigara/antkmt/slc38a9/prkag3b,6
