ONTOLOGY,ID,Description,GeneRatio,BgRatio,RichFactor,FoldEnrichment,zScore,pvalue,p.adjust,qvalue,geneID,Count
CC,GO:0005840,ribosome,112/3978,177/19331,0.632768362,3.074923378,14.11596741,4.03E-35,2.09E-32,1.67E-32,mrpl10/rps16/ptcd3/rpl17/rpl15/zgc:171772/rpl28/rps17/rpl34/rpl10/mrps35/rpl38/rps19/rpl32/rpsa/rps4x/faua/rpl22/rps6/mrpl44/rps26/rpl3/rps8b/mrpl20/rps27.2/rpl36a/rpl24/rps11/dap3/rpl30/rps27a/rps14/rpl5a/rpl6/rplp2/rps23/rplp1/rpl35a/rps18/rpl7a/rpl13/rps7/rpl26/rps21/rpl4/rpl18a/rpl39/mrpl30/rps15a/rps3/rpl36/mrps16/rps25/rpl21/rpl27/rpl23/rpl10a/rpl7/mrpl33/rplp0/uba52/rps10/rpl8/rps5/rpl18/rack1/rpl37/mrps18b/rpl31/rpl11/rpl19/rps24/rps29/rpl14/rps13/rpl13a/hspa14/rpl35/rpl12/zgc:114188/gadd45gip1/mrps14/rpl22l1/mrps24/eif2a/mrpl51/rps3a/mrps22/rpl23a/mrps21/rps2/mrpl1/rps9/rpl9/mrpl43/mrpl21/mrps17/mrpl28/mrps15/mrpl34/mrpl4/mrpl17/mrps34/mrpl53/mrpl47/mrps28/mrpl32/mrpl22/mrpl52/mrpl12/mrps31/mrpl49,112
MF,GO:0003735,structural constituent of ribosome,102/3772,154/18430,0.662337662,3.236183223,14.13600008,7.16E-35,6.47E-32,5.66E-32,mrpl10/rps16/rpl17/rpl15/zgc:171772/rpl28/rps17/rpl34/rpl10/mrps35/rpl38/rps19/rpl32/rpsa/rps4x/faua/rpl22/rps6/rps26/rpl3/rps8b/mrpl20/rps27.2/rpl36a/rpl24/rps11/dap3/rpl30/rps27a/rps14/rpl5a/rpl6/rplp2/rps23/rplp1/rpl35a/rps18/rpl13/rps7/rpl26/rps21/rpl4/rpl18a/rpl39/mrpl30/rps15a/rps3/rpl36/mrps16/rps25/rpl21/rpl27/rpl23/rpl10a/rpl7/mrpl33/rplp0/uba52/rps10/rpl8/rps5/rpl18/rpl37/mrps18b/rpl31/rpl11/rpl19/rps24/rps29/rpl14/rps13/rpl13a/rpl35/rpl12/zgc:114188/mrps14/rpl22l1/mrps24/mrpl51/rps3a/mrps22/rpl23a/mrps21/rps2/rps9/rpl9/mrpl43/mrpl21/mrps17/mrpl28/mrps15/mrpl34/mrpl4/mrpl17/mrps34/mrpl47/mrpl32/mrpl22/mrpl52/mrpl12/mrps31/mrpl49,102
CC,GO:0044391,ribosomal subunit,94/3978,141/19331,0.666666667,3.239651416,13.58639352,2.27E-32,5.87E-30,4.69E-30,mrpl10/rps16/rpl17/rpl15/zgc:171772/rpl28/rpl34/rpl10/mrps35/rpl38/rps19/rpl32/rpsa/rps4x/faua/mrpl44/rps26/rpl3/rps8b/rps27.2/rpl36a/rpl24/rps11/dap3/rpl30/rps14/rpl5a/rpl6/rplp2/rps23/rplp1/rpl35a/rps18/rpl7a/rpl13/rps7/rpl26/rps21/rpl4/rpl18a/rpl39/mrpl30/rps15a/rps3/rpl36/mrps16/rps25/rpl21/rpl27/rpl23/rpl10a/rpl7/rplp0/rps10/rpl8/rps5/rpl18/rpl37/rpl31/rpl11/rpl19/rps24/rps29/rpl14/rps13/rpl13a/rpl35/rpl12/mrps14/mrps24/eif2a/mrpl51/rps3a/mrps22/rpl23a/rps2/rps9/mrpl43/mrpl21/mrps17/mrpl28/mrps15/mrpl34/mrpl4/mrpl17/mrps34/mrpl53/mrpl47/mrps28/mrpl32/mrpl22/mrpl52/mrpl12/mrps31,94
CC,GO:0022626,cytosolic ribosome,65/3978,79/19331,0.82278481,3.998303963,13.59261354,8.48E-32,1.46E-29,1.17E-29,rps16/rpl17/rpl15/zgc:171772/rpl28/rpl34/rpl10/rpl38/rps19/rpl32/rpsa/rps4x/faua/rps26/rpl3/rps8b/rps27.2/rpl36a/rpl24/rps11/rpl30/rps14/rpl5a/rpl6/rplp2/rps23/rplp1/rpl35a/rpl7a/rpl13/rps7/rpl26/rps21/rpl4/rpl18a/rpl39/rps15a/rps3/rpl36/rps25/rpl21/rpl27/rpl23/rpl10a/rpl7/rplp0/rps10/rpl8/rps5/rpl18/rpl37/rpl31/rpl11/rpl19/rps29/rpl14/rps13/rpl13a/rpl35/rpl12/eif2a/rps3a/rpl23a/rps2/rps9,65
CC,GO:0022625,cytosolic large ribosomal subunit,41/3978,45/19331,0.911111111,4.427523602,11.71702405,3.68E-24,4.76E-22,3.80E-22,rpl17/rpl15/zgc:171772/rpl28/rpl34/rpl10/rpl38/rpl32/rpl3/rpl36a/rpl24/rpl30/rpl5a/rpl6/rplp2/rplp1/rpl35a/rpl7a/rpl13/rpl26/rpl4/rpl18a/rpl39/rpl36/rpl21/rpl27/rpl23/rpl10a/rpl7/rplp0/rpl8/rpl18/rpl37/rpl31/rpl11/rpl19/rpl14/rpl13a/rpl35/rpl12/rpl23a,41
BP,GO:0006412,translation,189/3857,473/18773,0.399577167,1.944843701,10.58324628,1.32E-22,4.13E-19,3.57E-19,eif4e3/mrpl10/dap1b/msi1b/rps16/ptcd3/rpl17/rbm24a/eif4g2a/rpl15/zgc:171772/kbtbd8/rpl28/tars1/rps17/rpl34/rpl10/mrps35/rpl38/rps19/rpl32/rpsa/rps4x/faua/rpl22/rps6/mrpl44/farsa/rps26/rpl3/rps8b/mrpl20/rps27.2/igf2bp2a/rpl36a/coa3a/rpl24/rps11/rps27a/kars1/rps14/rpl5a/rpl6/rplp2/gfm1/rps23/rplp1/eif3ja/rpl35a/rps18/rpl13/rps7/rpl26/ddx61/rps21/eif3ha/rpl4/rpl18a/rpl39/mrpl30/rps15a/rps3/rpl36/mrps16/rpl21/eif4g1a/rpl27/rpl23/rpl10a/mrpl33/rplp0/uba52/eif4a2/ogfod1/polr2g/rpl8/trmt10c/rps5/secisbp2/eif4ebp2/rpl18/rack1/rpl37/mrps18b/gfm2/rpl31/lrrc47/rpl11/rpl19/rps24/igf2bp3/bzw2/gtpbp1l/eif4e1c/rps29/rpl14/rps13/rpl13a/mif4gdb/eif6/cpeb4a/mars2/rpl35/eif3k/ybx1/mettl17/rpl12/ltn1/eefsec/eif3ea/zgc:114188/mrps14/rpl22l1/pelo/mrps24/eif2a/rars1/mrpl51/eif3s6ip/eif2ak2/rps3a/si:ch211-256m1.8/samd4a/rpl23a/larp1/gspt1l/mrps21/rps2/eef2k/rps9/rpl9/larp4aa/mrpl43/nanos1/tnrc6c1/znf598/mettl3/mknk1/eif3m/ddx6/rida/mrps17/elof1/eef1e1/rmnd1/eif4ebp1/fxr2/mtg1/mrps15/eif4e2/nelfb/nars2/eif5a/eif4h/mrpl34/eif3d/ufl1/mrpl4/rbm8a/drg1/eif3f/mrpl17/uhmk1/mrps34/iars1/pars2/rwdd1/mtrfr/mrpl47/eif1ad/eef2b/mrpl32/lars2/mrpl22/mrpl52/eif4g3a/eef1a1l1/eif4eb/tcea3/mrpl12/eef1g/caprin1b/magoh/denr/eif5b/eif4a1a/mrpl49/paip1/eif2s3,189
CC,GO:0015934,large ribosomal subunit,57/3978,84/19331,0.678571429,3.297502334,10.74152077,9.69E-21,1.00E-18,8.02E-19,mrpl10/rpl17/rpl15/zgc:171772/rpl28/rpl34/rpl10/rpl38/rpl32/mrpl44/rpl3/rpl36a/rpl24/rpl30/rpl5a/rpl6/rplp2/rplp1/rpl35a/rpl7a/rpl13/rpl26/rpl4/rpl18a/rpl39/mrpl30/rpl36/rpl21/rpl27/rpl23/rpl10a/rpl7/rplp0/rpl8/rpl18/rpl37/rpl31/rpl11/rpl19/rpl14/rpl13a/rpl35/rpl12/mrpl51/rpl23a/mrpl43/mrpl21/mrpl28/mrpl34/mrpl4/mrpl17/mrpl53/mrpl47/mrpl32/mrpl22/mrpl52/mrpl12,57
CC,GO:0015935,small ribosomal subunit,36/3978,56/19331,0.642857143,3.12394958,8.102008873,1.59E-12,1.37E-10,1.10E-10,rps16/mrps35/rps19/rpsa/rps4x/faua/rps26/rps8b/rps27.2/rps11/dap3/rps14/rps23/rps18/rps7/rps21/rps15a/rps3/mrps16/rps25/rps10/rps5/rps29/rps13/mrps14/mrps24/eif2a/rps3a/mrps22/rps2/rps9/mrps17/mrps15/mrps34/mrps28/mrps31,36
CC,GO:0022627,cytosolic small ribosomal subunit,24/3978,32/19331,0.75,3.644607843,7.621150871,5.76E-11,4.26E-09,3.40E-09,rps16/rps19/rpsa/rps4x/faua/rps26/rps8b/rps27.2/rps11/rps14/rps23/rps7/rps21/rps15a/rps3/rps25/rps10/rps5/rps29/rps13/eif2a/rps3a/rps2/rps9,24
CC,GO:0043292,contractile muscle fiber,66/3978,154/19331,0.428571429,2.082633053,6.865987365,2.90E-10,1.81E-08,1.45E-08,tnni2a.2/tnnt1/actn2b/unc45b/ryr1a/lmod3/klhl41a/mybpc1/csrp1a/tnni2a.4/pdlim3b/myom2a/casq2/tnnc1a/tnni1d/nrap/si:ch211-125o16.4/myoz3a/rtn2b/hsp90aa1.1/fhl2a/myom1b/lmod2b/igfn1.3/ahnak/mybpha/ttn.2/prx/casq1a/pdlim5a/twf2b/tcap/frg1/mybpc2a/tnni1b/ldb3b/fhl5/capza1a/tpm2/smyd1b/mybpc2b/bag3/pdlim4/desma/tnni2a.3/adprhl1/pdlim7/pdlim1/nexn/klhl40a/tnnc2.1/mob4/myl2b/mybpc3/ilk/pyroxd1/abrab/pdlim5b/csrp2/synm/abraa/tnni4b.2/rtn2a/csrp3/tnnt2c/tnnt2e,66
BP,GO:0061061,muscle structure development,145/3857,437/18773,0.33180778,1.61499286,6.614734186,2.98E-10,4.66E-07,4.03E-07,tnnt1/tpm3/chrna1/actn2b/unc45b/smyhc2/ryr1a/apobec2b/lmod3/klhl41a/mybpc1/cmlc1/csrp1a/tnni2a.4/pdlim3b/fhod3a/myom2a/col6a1/col22a1/col6a2/dyrk3/lamb2/dnajb6b/smyd2a/dok7b/nrap/rbm24a/myog/hsp90aa1.1/arrb2b/vcp/cct5/dock5/myom1b/lmod2b/igfn1.3/zgc:112052/hsp90ab1/atf3/chchd10/mybpha/ttn.2/inpp5ka/itgb1a/dag1/kmt5b/dab2/vcla/pdlim5a/lmna/ctsd/tcap/frg1/mybpc2a/icam3/ldb3b/ctcf/crk/lama4/adss1/six1b/smyd1b/cavin4b/myod1/mybpc2b/apobec2a/neu1/bag3/spry4/mef2aa/pip4k2aa/mymk/pdlim4/myorg/desma/homer1b/jam3b/sgcb/opa1/postnb/mat2aa/fkrp/fer1l6/thrab/hspg2/lamc1/hmgcra/mef2d/cemip2/adprhl1/alpk2/axin1/pdlim7/mrtfbb/pdlim1/rbfox1l/kif5ba/nexn/klf2b/klhl40a/lgals2a/akap12b/plekho1b/lamb1a/megf10/smo/myo18ab/mpv17/arhgef28a/pdgfrb/myl2b/myf6/mybpc3/naca/b4gat1/rbx1/cert1a/atp1a2a/ilk/flii/cdkn1a/ninj1/pdlim5b/pleca/hnrnpl2/smad4a/scube2/b3galnt2/csrp2/gsk3ab/spegb/ddx39ab/csrp3/itga3b/tardbpa/septin15/igf2b/tgfbi/tnnt2c/tnnt2e/foxo1a/mylk5/apc/tln1/pgm5,145
CC,GO:0030016,myofibril,65/3978,151/19331,0.430463576,2.091827901,6.855988051,3.15E-10,1.81E-08,1.45E-08,tnni2a.2/tnnt1/actn2b/unc45b/ryr1a/lmod3/klhl41a/mybpc1/csrp1a/tnni2a.4/pdlim3b/myom2a/casq2/tnnc1a/tnni1d/nrap/si:ch211-125o16.4/myoz3a/rtn2b/hsp90aa1.1/fhl2a/myom1b/lmod2b/igfn1.3/ahnak/mybpha/ttn.2/prx/casq1a/pdlim5a/twf2b/tcap/mybpc2a/tnni1b/ldb3b/fhl5/capza1a/tpm2/smyd1b/mybpc2b/bag3/pdlim4/desma/tnni2a.3/adprhl1/pdlim7/pdlim1/nexn/klhl40a/tnnc2.1/mob4/myl2b/mybpc3/ilk/pyroxd1/abrab/pdlim5b/csrp2/synm/abraa/tnni4b.2/rtn2a/csrp3/tnnt2c/tnnt2e,65
BP,GO:0016053,organic acid biosynthetic process,68/3857,165/18773,0.412121212,2.005898759,6.599336914,1.10E-09,1.15E-06,9.93E-07,abhd2a/prkag2b/cdo1/csad/upb1/glulb/oat/elovl6/glsa/tle3a/fasn/ccdc57/bhmt/bcat2/gls2a/ptges/shmt2/tha1/tecrb/got1/zgc:172121/cyp7a1/ptges3a/dcaf5/aldh18a1/pycr1a/ilvbl/elovl5/sephs3/ugdh/lta4h/gls2b/glulc/aass/acsbg2/park7/aclya/adi1/mri1/gamt/otc/nags/sephs1/asnsd1/ptgis/gad1b/lias/fasn2/aasdhppt/ndufab1b/lpla/apip/acacb/mtrr/lipg/pycr3/ptgs2b/phgdh/ltc4s/olah/scdb/acmsd/nanp/cth/prkag3b/apc/lgsn/rdh10a,68
BP,GO:0055002,striated muscle cell development,80/3857,210/18773,0.380952381,1.854192131,6.329873574,3.34E-09,2.52E-06,2.17E-06,tnnt1/tpm3/chrna1/actn2b/unc45b/smyhc2/ryr1a/lmod3/klhl41a/mybpc1/cmlc1/csrp1a/tnni2a.4/fhod3a/myom2a/col6a1/dnajb6b/smyd2a/dok7b/nrap/rbm24a/myog/hsp90aa1.1/vcp/cct5/myom1b/lmod2b/igfn1.3/zgc:112052/chchd10/mybpha/ttn.2/inpp5ka/dag1/vcla/tcap/mybpc2a/icam3/adss1/six1b/smyd1b/cavin4b/myod1/mybpc2b/neu1/spry4/mef2aa/mymk/myorg/desma/opa1/mat2aa/fkrp/thrab/mef2d/adprhl1/alpk2/rbfox1l/nexn/klhl40a/lgals2a/megf10/smo/myo18ab/mpv17/myf6/mybpc3/naca/ilk/flii/hnrnpl2/csrp2/gsk3ab/csrp3/itga3b/septin15/tnnt2c/tnnt2e/tln1/pgm5,80
CC,GO:0030017,sarcomere,59/3978,139/19331,0.424460432,2.062655758,6.400170943,3.89E-09,2.01E-07,1.61E-07,tnni2a.2/tnnt1/actn2b/unc45b/ryr1a/lmod3/klhl41a/mybpc1/csrp1a/tnni2a.4/pdlim3b/myom2a/casq2/tnnc1a/tnni1d/nrap/myoz3a/rtn2b/hsp90aa1.1/fhl2a/myom1b/lmod2b/igfn1.3/mybpha/ttn.2/casq1a/pdlim5a/tcap/mybpc2a/tnni1b/ldb3b/fhl5/capza1a/tpm2/smyd1b/mybpc2b/bag3/pdlim4/desma/tnni2a.3/adprhl1/pdlim7/pdlim1/nexn/klhl40a/tnnc2.1/mob4/mybpc3/ilk/pyroxd1/abrab/pdlim5b/csrp2/abraa/tnni4b.2/rtn2a/csrp3/tnnt2c/tnnt2e,59
BP,GO:0046394,carboxylic acid biosynthetic process,66/3857,163/18773,0.404907975,1.970790102,6.329943887,4.56E-09,2.52E-06,2.17E-06,abhd2a/prkag2b/upb1/glulb/oat/elovl6/glsa/tle3a/fasn/ccdc57/bhmt/bcat2/gls2a/ptges/shmt2/tha1/tecrb/got1/zgc:172121/cyp7a1/ptges3a/dcaf5/aldh18a1/pycr1a/ilvbl/elovl5/sephs3/ugdh/lta4h/gls2b/glulc/aass/acsbg2/park7/aclya/adi1/mri1/gamt/otc/nags/sephs1/asnsd1/ptgis/gad1b/lias/fasn2/aasdhppt/ndufab1b/lpla/apip/acacb/mtrr/lipg/pycr3/ptgs2b/phgdh/ltc4s/olah/scdb/acmsd/nanp/cth/prkag3b/apc/lgsn/rdh10a,66
BP,GO:0055001,muscle cell development,90/3857,247/18773,0.36437247,1.773493485,6.222547376,4.83E-09,2.52E-06,2.17E-06,tnnt1/tpm3/chrna1/actn2b/unc45b/smyhc2/ryr1a/lmod3/klhl41a/mybpc1/cmlc1/csrp1a/tnni2a.4/fhod3a/myom2a/col6a1/col6a2/dyrk3/dnajb6b/smyd2a/dok7b/nrap/rbm24a/myog/hsp90aa1.1/vcp/cct5/myom1b/lmod2b/igfn1.3/zgc:112052/chchd10/mybpha/ttn.2/inpp5ka/dag1/vcla/tcap/mybpc2a/icam3/adss1/six1b/smyd1b/cavin4b/myod1/mybpc2b/neu1/spry4/mef2aa/mymk/myorg/desma/opa1/mat2aa/fkrp/thrab/mef2d/adprhl1/alpk2/axin1/rbfox1l/nexn/klhl40a/lgals2a/akap12b/megf10/smo/myo18ab/mpv17/pdgfrb/myf6/mybpc3/naca/b4gat1/ilk/flii/hnrnpl2/scube2/b3galnt2/csrp2/gsk3ab/csrp3/itga3b/septin15/tgfbi/tnnt2c/tnnt2e/apc/tln1/pgm5,90
BP,GO:0170034,L-amino acid biosynthetic process,29/3857,51/18773,0.568627451,2.76765443,6.42776867,1.35E-08,4.89E-06,4.22E-06,glulb/oat/glsa/bhmt/bcat2/gls2a/shmt2/tha1/got1/zgc:172121/aldh18a1/pycr1a/ilvbl/sephs3/gls2b/glulc/aass/adi1/mri1/nags/sephs1/asnsd1/aasdhppt/apip/mtrr/pycr3/phgdh/cth/lgsn,29
BP,GO:0170038,proteinogenic amino acid biosynthetic process,29/3857,51/18773,0.568627451,2.76765443,6.42776867,1.35E-08,4.89E-06,4.22E-06,glulb/oat/glsa/bhmt/bcat2/gls2a/shmt2/tha1/got1/zgc:172121/aldh18a1/pycr1a/ilvbl/sephs3/gls2b/glulc/aass/adi1/mri1/nags/sephs1/asnsd1/aasdhppt/apip/mtrr/pycr3/phgdh/cth/lgsn,29
BP,GO:0002181,cytoplasmic translation,34/3857,65/18773,0.523076923,2.545948425,6.348803767,1.41E-08,4.89E-06,4.22E-06,rpl17/rbm24a/rpl15/rpsa/rpl22/rpl24/rpl6/rplp2/rplp1/eif3ja/rpl35a/rpl26/rps21/eif3ha/rpl36/rplp0/eif4a2/rpl8/rpl31/rps29/cpeb4a/eif3k/eif3ea/rpl22l1/eif3s6ip/mettl3/eif3m/eif3d/drg1/eif3f/rwdd1/denr/eif4a1a/eif2s3,34
CC,GO:0005838,proteasome regulatory particle,17/3978,22/19331,0.772727273,3.755050505,6.581315415,1.86E-08,8.77E-07,7.00E-07,psmd14/psmd12/psmc6/psmc1a/psmd11b/psmd4a/psmd2/psmc5/psmd7/adrm1/psmc3/psmd13/psmc4/psmc2/psmd6/psmd8/psmd3,17
BP,GO:0030239,myofibril assembly,51/3857,119/18773,0.428571429,2.085966147,6.043070856,2.78E-08,8.21E-06,7.08E-06,tnnt1/tpm3/actn2b/unc45b/smyhc2/lmod3/klhl41a/mybpc1/cmlc1/csrp1a/tnni2a.4/fhod3a/myom2a/dnajb6b/smyd2a/nrap/rbm24a/hsp90aa1.1/vcp/cct5/myom1b/lmod2b/igfn1.3/chchd10/mybpha/ttn.2/vcla/tcap/mybpc2a/smyd1b/mybpc2b/mef2aa/desma/fkrp/thrab/mef2d/adprhl1/megf10/smo/myo18ab/mybpc3/naca/flii/csrp2/csrp3/itga3b/septin15/tnnt2c/tnnt2e/tln1/pgm5,51
BP,GO:0044283,small molecule biosynthetic process,104/3857,307/18773,0.338762215,1.648841862,5.828751483,2.89E-08,8.21E-06,7.08E-06,pcxb/abhd2a/adka/pck1/prkag2b/cdo1/csad/upb1/glulb/hmgcs1/bpnt2/rfk/oat/elovl6/glsa/tle3a/chst15/itpka/pdss1/pptc7b/fasn/ccdc57/ndufa9a/bhmt/rdh5/cyp27a3/bcat2/gls2a/gpib/ptges/sc5d/shmt2/tha1/sptlc2a/tecrb/got1/cyp27b1/zgc:172121/cyp7a1/ptges3a/dcaf5/aldh18a1/fgf1a/dhcr7/mvda/pycr1a/hsd17b7/ilvbl/elovl5/sephs3/coq2/ugdh/coq8aa/lta4h/gls2b/hprt1l/glulc/aass/acsbg2/insra/park7/aclya/adi1/mri1/g6pc1a.2/gamt/coq6/otc/nags/sephs1/g6pc1a.1/asnsd1/sprb/impa1/ptgis/acer1/pcbd1/gad1b/lias/fasn2/aasdhppt/ndufab1b/lpla/apip/sptlc2b/acacb/hprt1/sirt5/mtrr/lipg/pycr3/ptgs2b/phgdh/ltc4s/olah/scdb/acmsd/nanp/foxo1a/cth/prkag3b/apc/lgsn/rdh10a,104
BP,GO:0051146,striated muscle cell differentiation,87/3857,245/18773,0.355102041,1.72837195,5.835470645,3.46E-08,9.03E-06,7.79E-06,tnnt1/tpm3/chrna1/actn2b/unc45b/smyhc2/ryr1a/lmod3/klhl41a/mybpc1/cmlc1/csrp1a/tnni2a.4/fhod3a/myom2a/col6a1/dnajb6b/smyd2a/dok7b/nrap/rbm24a/myog/hsp90aa1.1/vcp/cct5/dock5/myom1b/lmod2b/igfn1.3/zgc:112052/chchd10/mybpha/ttn.2/inpp5ka/dag1/dab2/vcla/tcap/mybpc2a/icam3/crk/adss1/six1b/smyd1b/cavin4b/myod1/mybpc2b/neu1/spry4/mef2aa/mymk/myorg/desma/jam3b/opa1/mat2aa/fkrp/thrab/mef2d/adprhl1/alpk2/rbfox1l/nexn/klhl40a/lgals2a/plekho1b/megf10/smo/myo18ab/mpv17/myf6/mybpc3/naca/ilk/flii/hnrnpl2/scube2/csrp2/gsk3ab/ddx39ab/csrp3/itga3b/septin15/tnnt2c/tnnt2e/tln1/pgm5,87
BP,GO:1901607,alpha-amino acid biosynthetic process,30/3857,56/18773,0.535714286,2.607457684,6.125892158,4.87E-08,1.17E-05,1.01E-05,glulb/oat/glsa/bhmt/bcat2/gls2a/shmt2/tha1/got1/zgc:172121/aldh18a1/pycr1a/ilvbl/sephs3/gls2b/glulc/aass/adi1/mri1/otc/nags/sephs1/asnsd1/aasdhppt/apip/mtrr/pycr3/phgdh/cth/lgsn,30
BP,GO:0008652,amino acid biosynthetic process,32/3857,63/18773,0.507936508,2.472256174,5.952106181,9.24E-08,2.06E-05,1.78E-05,upb1/glulb/oat/glsa/bhmt/bcat2/gls2a/shmt2/tha1/got1/zgc:172121/aldh18a1/pycr1a/ilvbl/sephs3/gls2b/glulc/aass/adi1/mri1/otc/nags/sephs1/asnsd1/gad1b/aasdhppt/apip/mtrr/pycr3/phgdh/cth/lgsn,32
CC,GO:0005740,mitochondrial envelope,141/3978,457/19331,0.308533917,1.499313511,5.498587418,1.06E-07,4.59E-06,3.67E-06,uqcr10/yme1l1a/abcb6a/dnm1l/tmem65/prelid3b/tamm41/cpt2/hccsb/chchd4a/coa7/marchf5l/myoc/cox15/slc25a42/slc25a47a/gpam/si:dkey-237i9.1/slc25a12/acad9/atpsckmt/zgc:112052/dhodh/tomm22/grpel1/cyc1/ndufa6/coa3a/uqcrq/apoob/rps6kb1b/cpt1b/ndufb6/sfxn3/chchd6a/plekhn1/prelid1a/rps3/ndufs6/mfn1b/bcl2l16/cox19/micu2/etfdh/smdt1b/cox17/ndufb2/zgc:56235/afg3l1/bnip3lb/rpl37/acadvl/hk1/uqcc6/spata18/ndufb10/sdha/sord/zgc:172295/opa1/ndufa7/mcu/cibar1/tomm40/atp5mc3b/bcl2b/timm8a/timm17a/acad11/slc25a1a/atp5f1e/uqcrh/tigara/sdhdb/slc30a9/coq2/spg7/slc25a55a/mcl1b/slc25a39/micos13/ciapin1/ndufaf5/slc25a46/mpc1/sdhb/cox20/immt/micos10/slc44a2/alas2/smpd5/rhot1a/pet100/phb2a/letm1/vdac1/cox7b/mpv17/coq6/antkmt/si:dkey-88p24.11/slc25a1b/mtg1/sh3glb1a/timm23a/mul2/bnip3/vdac2/slc25a43/atad1b/rnf144b/abcb8/slc25a33/slc25a24/fis1/armc1/timm8b/cox7a2l/nln/ttc19/maip1/tspo/bida/mffa/timm44/atp5pb/pisd/slc25a36a/timm50/mief2/ngrn/uqcrb/atp5pf/surf1/tomm20b/becn1/ndufs4/tmem160/dnajc15/yme1l1b,141
BP,GO:0042692,muscle cell differentiation,101/3857,303/18773,0.333333333,1.622418114,5.554231726,1.12E-07,2.34E-05,2.02E-05,tnnt1/tpm3/chrna1/actn2b/unc45b/smyhc2/ryr1a/lmod3/klhl41a/mybpc1/cmlc1/csrp1a/tnni2a.4/fhod3a/myom2a/col6a1/col6a2/dyrk3/dnajb6b/smyd2a/dok7b/nrap/rbm24a/myog/hsp90aa1.1/vcp/cct5/dock5/myom1b/lmod2b/igfn1.3/zgc:112052/chchd10/mybpha/ttn.2/inpp5ka/dag1/dab2/vcla/tcap/mybpc2a/icam3/crk/adss1/six1b/smyd1b/cavin4b/myod1/mybpc2b/neu1/spry4/mef2aa/mymk/myorg/desma/jam3b/opa1/mat2aa/fkrp/thrab/mef2d/adprhl1/alpk2/axin1/mrtfbb/rbfox1l/nexn/klhl40a/lgals2a/akap12b/plekho1b/megf10/smo/myo18ab/mpv17/pdgfrb/myl2b/myf6/mybpc3/naca/b4gat1/ilk/flii/ninj1/hnrnpl2/scube2/b3galnt2/csrp2/gsk3ab/ddx39ab/csrp3/itga3b/septin15/igf2b/tgfbi/tnnt2c/tnnt2e/foxo1a/apc/tln1/pgm5,101
CC,GO:0031966,mitochondrial membrane,132/3978,426/19331,0.309859155,1.505753475,5.372878574,2.06E-07,8.20E-06,6.55E-06,uqcr10/yme1l1a/abcb6a/dnm1l/tmem65/tamm41/cpt2/hccsb/marchf5l/myoc/cox15/slc25a42/slc25a47a/gpam/slc25a12/acad9/atpsckmt/zgc:112052/dhodh/tomm22/grpel1/cyc1/ndufa6/coa3a/uqcrq/apoob/rps6kb1b/cpt1b/ndufb6/sfxn3/chchd6a/plekhn1/rps3/ndufs6/mfn1b/bcl2l16/micu2/etfdh/smdt1b/ndufb2/zgc:56235/afg3l1/bnip3lb/rpl37/acadvl/hk1/uqcc6/spata18/ndufb10/sdha/sord/zgc:172295/opa1/ndufa7/mcu/cibar1/tomm40/atp5mc3b/bcl2b/timm8a/timm17a/acad11/slc25a1a/atp5f1e/uqcrh/tigara/sdhdb/slc30a9/coq2/spg7/slc25a55a/mcl1b/slc25a39/micos13/ndufaf5/slc25a46/mpc1/sdhb/cox20/immt/micos10/slc44a2/alas2/smpd5/rhot1a/pet100/phb2a/letm1/vdac1/cox7b/mpv17/coq6/antkmt/si:dkey-88p24.11/slc25a1b/mtg1/sh3glb1a/timm23a/mul2/bnip3/vdac2/slc25a43/atad1b/rnf144b/abcb8/slc25a33/slc25a24/fis1/armc1/timm8b/cox7a2l/ttc19/maip1/tspo/bida/mffa/timm44/atp5pb/pisd/slc25a36a/timm50/mief2/ngrn/uqcrb/atp5pf/surf1/tomm20b/becn1/ndufs4/tmem160/dnajc15/yme1l1b,132
BP,GO:0031032,actomyosin structure organization,64/3857,171/18773,0.374269006,1.821662444,5.488650499,2.54E-07,4.96E-05,4.28E-05,tnnt1/tpm3/actn2b/unc45b/smyhc2/lmod3/klhl41a/mybpc1/cmlc1/csrp1a/tnni2a.4/fhod3a/myom2a/dnajb6b/smyd2a/nrap/rbm24a/hsp90aa1.1/vcp/cct5/myom1b/lmod2b/igfn1.3/chchd10/mybpha/ttn.2/rhoab/vcla/tcap/mybpc2a/smyd1b/rhpn2/mybpc2b/mef2aa/desma/fkrp/thrab/mef2d/adprhl1/tesk1b/megf10/smo/myo18ab/mybpc3/naca/fam171a1/limk1a/flii/cnn3b/csrp2/atrn/ppm1e/epb41a/csrp3/itga3b/septin15/ect2/tesk1a/rock2a/anln/tnnt2c/tnnt2e/tln1/pgm5,64
CC,GO:0022624,proteasome accessory complex,17/3978,25/19331,0.68,3.304444444,5.868698351,4.02E-07,1.49E-05,1.19E-05,psmd14/psmd12/psmc6/psmc1a/psmd11b/psmd4a/psmd2/psmc5/psmd7/adrm1/psmc3/psmd13/psmc4/psmc2/psmd6/psmd8/psmd3,17
BP,GO:0022613,ribonucleoprotein complex biogenesis,103/3857,319/18773,0.322884013,1.571558612,5.235579533,4.83E-07,8.88E-05,7.67E-05,sart1/rps16/snrpe/si:dkey-251i10.3/znhit6/rpl38/rps19/rpsa/ddx28/rps4x/c1d/mrpl44/srfbp1/rps8b/rps27.2/tsr2/eri1/dimt1l/las1l/rps14/rpl5a/mphosph10/eif3ja/rpl35a/rpl7a/rps7/rpl26/rps21/eif3ha/rps15a/mrm1/rpl7/rplp0/bud23/utp3/gemin6/rps5/wdr75/riok2/mtg2/ybey/rpl14/eif6/rpl35/eif3k/snrpg/ptges3a/eif3ea/luc7l3/eif3s6ip/rps3a/xpo1b/rps9/lsg1/yju2/nop2/clp1/sart3/nsa2/riok3/ncl/dcaf13/prpf6/exosc7/eif3m/tsr1/nop14/celf3a/xpo1a/nop53/tfb1m/nup88/celf2/mrm3a/nopchap1/ddx52/ltv1/eif3d/clns1a/mdn1/prpf31/snrpd1/eif3f/esf1/fcf1/wdr46/khdc4/snrpd2/emg1/pop7/drosha/trmt112/utp11/wdr74/nob1/ddx10/denr/sf3b1/sde2/eif2s3/rpf1/utp4/krr1,103
BP,GO:0010927,cellular component assembly involved in morphogenesis,51/3857,129/18773,0.395348837,1.924263345,5.356423943,5.96E-07,9.81E-05,8.47E-05,tnnt1/tpm3/actn2b/unc45b/smyhc2/lmod3/klhl41a/mybpc1/cmlc1/csrp1a/tnni2a.4/fhod3a/myom2a/dnajb6b/smyd2a/nrap/rbm24a/hsp90aa1.1/vcp/cct5/myom1b/lmod2b/igfn1.3/chchd10/mybpha/ttn.2/vcla/tcap/mybpc2a/smyd1b/mybpc2b/mef2aa/desma/fkrp/thrab/mef2d/adprhl1/megf10/smo/myo18ab/mybpc3/naca/flii/csrp2/csrp3/itga3b/septin15/tnnt2c/tnnt2e/tln1/pgm5,51
BP,GO:0032989,cellular anatomical entity morphogenesis,51/3857,129/18773,0.395348837,1.924263345,5.356423943,5.96E-07,9.81E-05,8.47E-05,tnnt1/tpm3/actn2b/unc45b/smyhc2/lmod3/klhl41a/mybpc1/cmlc1/csrp1a/tnni2a.4/fhod3a/myom2a/dnajb6b/smyd2a/nrap/rbm24a/hsp90aa1.1/vcp/cct5/myom1b/lmod2b/igfn1.3/chchd10/mybpha/ttn.2/vcla/tcap/mybpc2a/smyd1b/mybpc2b/mef2aa/desma/fkrp/thrab/mef2d/adprhl1/megf10/smo/myo18ab/mybpc3/naca/flii/csrp2/csrp3/itga3b/septin15/tnnt2c/tnnt2e/tln1/pgm5,51
BP,GO:0140694,non-membrane-bounded organelle assembly,87/3857,261/18773,0.333333333,1.622418114,5.149080851,8.28E-07,0.00012944,0.000111713,tnnt1/tpm3/actn2b/unc45b/smyhc2/lmod3/klhl41a/mybpc1/cmlc1/csrp1a/tnni2a.4/fhod3a/myom2a/tubgcp5/fitm2/dnajb6b/smyd2a/nrap/rbm24a/hsp90aa1.1/vcp/cct5/g3bp2a/myom1b/lmod2b/igfn1.3/rps19/rpsa/ddx28/chchd10/mybpha/ttn.2/rab11fip5a/rps27.2/haus3/rps14/rpl5a/vcla/lsm14aa/bccip/ddx61/alms1/tcap/mybpc2a/rps5/smyd1b/mybpc2b/c2cd3/mef2aa/cep63/desma/eif6/fkrp/thrab/cep76/mef2d/adprhl1/atxn2/aup1/megf10/ddx6/smo/myo18ab/nop53/atxn2l/mybpc3/naca/flii/mapre3b/cp110/plk4/rab11fip5b/mdn1/csrp2/bin2b/tubgcp3/csrp3/itga3b/g3bp1/septin15/tubgcp2/pan3/tnnt2c/tnnt2e/tln1/prc1b/pgm5,87
BP,GO:0030198,extracellular matrix organization,67/3857,190/18773,0.352631579,1.716347584,5.046573379,1.65E-06,0.000234188,0.000202116,col5a1/col5a3a/col5a2a/col1a2/col1a1a/postna/col22a1/itga5/lamb2/col15a1b/plod1a/p4ha1a/comp/col16a1/loxl2b/scara3/abi3bpb/col4a5/mia/p4htmb/col4a1/col18a1a/sulf2b/creb3l2/adamts9/mmp11b/postnb/fkrp/col4a2/cemip2/hmcn2/si:ch211-196i2.1/hapln1a/adamtsl7/fras1/ap1s1/lamb1a/col11a1a/adamts3/p4ha1b/serpinh1b/fbln1/has2/runx1/mmp14b/col4a6/colq/adamts12/adamts17/spint1b/sulf1/paplna/col5a2b/mmp9/col2a1a/adamts2a/sec13/myh9a/mmp15a/tgfbi/anln/hpse2/has3/mmp16b/kank2/ntn4/lum,67
BP,GO:0043062,extracellular structure organization,67/3857,190/18773,0.352631579,1.716347584,5.046573379,1.65E-06,0.000234188,0.000202116,col5a1/col5a3a/col5a2a/col1a2/col1a1a/postna/col22a1/itga5/lamb2/col15a1b/plod1a/p4ha1a/comp/col16a1/loxl2b/scara3/abi3bpb/col4a5/mia/p4htmb/col4a1/col18a1a/sulf2b/creb3l2/adamts9/mmp11b/postnb/fkrp/col4a2/cemip2/hmcn2/si:ch211-196i2.1/hapln1a/adamtsl7/fras1/ap1s1/lamb1a/col11a1a/adamts3/p4ha1b/serpinh1b/fbln1/has2/runx1/mmp14b/col4a6/colq/adamts12/adamts17/spint1b/sulf1/paplna/col5a2b/mmp9/col2a1a/adamts2a/sec13/myh9a/mmp15a/tgfbi/anln/hpse2/has3/mmp16b/kank2/ntn4/lum,67
BP,GO:0007517,muscle organ development,77/3857,228/18773,0.337719298,1.643765721,4.97319808,1.98E-06,0.000264994,0.000228703,chrna1/actn2b/unc45b/ryr1a/apobec2b/lmod3/klhl41a/mybpc1/col6a1/col22a1/col6a2/lamb2/dnajb6b/smyd2a/dok7b/rbm24a/myog/hsp90aa1.1/arrb2b/zgc:112052/hsp90ab1/ttn.2/inpp5ka/itgb1a/dag1/kmt5b/lmna/tcap/frg1/ctcf/lama4/adss1/six1b/smyd1b/cavin4b/myod1/apobec2a/neu1/bag3/spry4/pip4k2aa/mymk/myorg/desma/sgcb/postnb/fkrp/fer1l6/hspg2/lamc1/hmgcra/cemip2/rbfox1l/kif5ba/klf2b/klhl40a/lgals2a/lamb1a/megf10/smo/myo18ab/mpv17/arhgef28a/myf6/mybpc3/rbx1/cert1a/atp1a2a/ilk/cdkn1a/ninj1/pleca/hnrnpl2/smad4a/scube2/tardbpa/tln1,77
BP,GO:0045229,external encapsulating structure organization,67/3857,191/18773,0.35078534,1.707361471,4.9964985,2.03E-06,0.000264994,0.000228703,col5a1/col5a3a/col5a2a/col1a2/col1a1a/postna/col22a1/itga5/lamb2/col15a1b/plod1a/p4ha1a/comp/col16a1/loxl2b/scara3/abi3bpb/col4a5/mia/p4htmb/col4a1/col18a1a/sulf2b/creb3l2/adamts9/mmp11b/postnb/fkrp/col4a2/cemip2/hmcn2/si:ch211-196i2.1/hapln1a/adamtsl7/fras1/ap1s1/lamb1a/col11a1a/adamts3/p4ha1b/serpinh1b/fbln1/has2/runx1/mmp14b/col4a6/colq/adamts12/adamts17/spint1b/sulf1/paplna/col5a2b/mmp9/col2a1a/adamts2a/sec13/myh9a/mmp15a/tgfbi/anln/hpse2/has3/mmp16b/kank2/ntn4/lum,67
CC,GO:0005743,mitochondrial inner membrane,87/3978,266/19331,0.327067669,1.589377856,4.926833887,2.17E-06,7.30E-05,5.83E-05,uqcr10/yme1l1a/tmem65/tamm41/cpt2/hccsb/myoc/cox15/slc25a42/slc25a47a/slc25a12/acad9/dhodh/grpel1/cyc1/ndufa6/coa3a/uqcrq/apoob/ndufb6/sfxn3/chchd6a/rps3/ndufs6/micu2/etfdh/smdt1b/ndufb2/afg3l1/rpl37/acadvl/uqcc6/ndufb10/sdha/opa1/ndufa7/mcu/cibar1/timm8a/timm17a/slc25a1a/atp5f1e/uqcrh/sdhdb/coq2/spg7/slc25a55a/slc25a39/micos13/ndufaf5/mpc1/sdhb/cox20/immt/micos10/alas2/smpd5/pet100/phb2a/letm1/cox7b/mpv17/coq6/si:dkey-88p24.11/slc25a1b/mtg1/timm23a/slc25a43/abcb8/slc25a33/slc25a24/timm8b/cox7a2l/ttc19/maip1/timm44/atp5pb/pisd/slc25a36a/timm50/uqcrb/atp5pf/surf1/ndufs4/tmem160/dnajc15/yme1l1b,87
CC,GO:0005884,actin filament,27/3978,55/19331,0.490909091,2.385561497,5.237817759,2.26E-06,7.30E-05,5.83E-05,tpm3/actb1/pdlim3b/lcp1/hcls1/pdlim5a/twf2b/actb2/ldb3b/wipf1b/tpm2/tpm1/pdlim4/pstpip1a/gas2l1/aif1l/fmn1/pdlim7/pdlim1/pls3/fhdc2/dbnlb/specc1/pdlim5b/gas7a/fhdc1/lgsn,27
BP,GO:0170039,proteinogenic amino acid metabolic process,52/3857,138/18773,0.376811594,1.834037868,5.000512522,2.58E-06,0.000322002,0.000277904,si:ch211-217a12.1/cdo1/glulb/nos1/oat/glsa/gldc/bhmt/got2a/bcat2/gls2a/gpt/shmt2/tha1/got1/zgc:172121/mccc2/aldh18a1/gcsha/si:ch211-256m1.8/arg1/pycr1a/ilvbl/sephs3/gcat/aldh4a1/gls2b/dlst/cps1/glulc/th/aass/aspg/ivd/cnr2/hpda/adi1/mri1/nags/sephs1/asnsd1/ctps1b/aasdhppt/dao.2/apip/mtrr/pycr3/phgdh/tat/cth/ctps1a/lgsn,52
CC,GO:0019866,organelle inner membrane,91/3978,283/19331,0.32155477,1.562588051,4.853004807,2.86E-06,8.72E-05,6.96E-05,uqcr10/yme1l1a/tmem65/tmem120b/tamm41/cpt2/hccsb/myoc/cox15/slc25a42/slc25a47a/slc25a12/acad9/dhodh/grpel1/cyc1/ndufa6/coa3a/uqcrq/apoob/sirt1/ndufb6/sfxn3/chchd6a/nemp1/rps3/ndufs6/micu2/etfdh/smdt1b/ndufb2/afg3l1/rpl37/acadvl/uqcc6/ndufb10/sdha/opa1/ndufa7/mcu/cibar1/timm8a/timm17a/slc25a1a/atp5f1e/uqcrh/sdhdb/coq2/spg7/slc25a55a/slc25a39/micos13/ndufaf5/mpc1/sdhb/cox20/immt/micos10/alas2/smpd5/pet100/phb2a/letm1/cox7b/mpv17/coq6/si:dkey-88p24.11/slc25a1b/mtg1/timm23a/slc25a43/abcb8/slc25a33/slc25a24/timm8b/atp1b4/cox7a2l/ttc19/maip1/timm44/atp5pb/pisd/slc25a36a/timm50/uqcrb/atp5pf/surf1/ndufs4/tmem160/dnajc15/yme1l1b,91
BP,GO:0060537,muscle tissue development,84/3857,257/18773,0.326848249,1.590853559,4.849832468,3.09E-06,0.000358448,0.000309359,chrna1/actn2b/unc45b/ryr1a/lmod3/klhl41a/mybpc1/cmlc1/csrp1a/fhod3a/col6a1/dnajb6b/smyd2a/dok7b/nrap/rbm24a/myog/vcp/zgc:112052/ttn.2/inpp5ka/dag1/dab2/lmna/tcap/icam3/ctcf/adss1/six1b/smyd1b/cavin4b/myod1/mybpc2b/neu1/bag3/spry4/mymk/myorg/desma/aplnrb/opa1/mat2aa/cdk9/fkrp/fer1l6/hspg2/lamc1/hmgcra/cemip2/adprhl1/alpk2/rbfox1l/kif5ba/nexn/klf2b/klhl40a/lgals2a/megf10/smo/myo18ab/mpv17/myf6/mybpc3/rbx1/runx1/atp1a2a/ilk/cdkn1a/ninj1/sgcg/pleca/hnrnpl2/smad4a/csrp2/gsk3ab/hdac1/ddx39ab/csrp3/itga3b/tardbpa/septin15/foxo1a/tln1/pgm5,84
BP,GO:0045214,sarcomere organization,30/3857,65/18773,0.461538462,2.246425081,5.118740135,3.10E-06,0.000358448,0.000309359,tnnt1/actn2b/smyhc2/klhl41a/mybpc1/cmlc1/csrp1a/fhod3a/myom2a/smyd2a/nrap/rbm24a/myom1b/igfn1.3/mybpha/ttn.2/vcla/mybpc2a/smyd1b/mybpc2b/desma/thrab/mybpc3/flii/csrp2/csrp3/itga3b/tnnt2c/tnnt2e/tln1,30
CC,GO:1905368,peptidase complex,39/3978,94/19331,0.414893617,2.016166041,5.027031689,3.18E-06,9.10E-05,7.27E-05,psmd14/psme4b/psmd12/psmc6/ube3a/psmc1a/psmd11b/psmd4a/psmd2/usp14/psmc5/psmd7/adrm1/psmc3/atxn7l3b/psmg3/afg3l1/psmd13/taf5l/psmc4/ecpas/psmb6/psmd9/psmc2/psmd6/psma2a/spg7/psmb1/capns1a/eny2/psmd8/capns1b/psmb4/taf6l/psmd3/psmb3/pigu/pomp/atxn7l3a,39
MF,GO:0003779,actin binding,119/3772,396/18430,0.300505051,1.468268314,4.778545223,3.24E-06,0.001465069,0.001281168,tnni2a.2/tpm3/actn2b/myhb/smyhc2/tnni2a.4/pdlim3b/fhod3a/myo16/zgc:153184/ssh2a/flnca/scinlb/lcp1/ncaldb/cfl1l/enah/tnni1d/nrap/myoz3a/mtss1lb/hcls1/actr3b/epb41l3a/lsp1a/tmsb/cap1/coro1cb/parvg/coro2aa/coro1a/arpc1b/svila/wasa/pick1/ezrb/vcla/pdlim5a/twf2b/ablim1b/phactr4a/scinla/msnb/frg1/syne2a/add3a/tnni1b/ldb3b/wipf1b/dmtn/capza1a/myh7bb/tpm2/ssh2b/myo1f/arpc2/tpm1/syne1b/pdlim4/pstpip1a/tnni2a.3/daam2/evlb/plekhh2/phactr3a/gas2l1/hip1rb/aif1l/scin/tagln2/pdlim7/abitram/pdlim1/tln2a/syne1a/myo1b/pls3/mical2b/myo18ab/eps8l1b/add2/nav3/dbnlb/zgc:101810/myo5aa/ssh1b/mybpc3/myo1ea/lima1a/wasf2/eps8l1a/mical1/myo15b/flii/myo1cb/cnn3b/si:ch211-203d1.3/xirp2a/abrab/pdlim5b/pleca/gas7a/capgb/myo10l1/myripa/coro6/abraa/myhz1.1l/tnni4b.2/kptn/map1aa/myh9a/xirp1/tlnrd1/pfn2a/eps8l2/wipf2b/shroom1/tln1,119
CC,GO:0000502,proteasome complex,29/3978,62/19331,0.467741935,2.272981236,5.110224147,3.34E-06,9.10E-05,7.27E-05,psmd14/psme4b/psmd12/psmc6/ube3a/psmc1a/psmd11b/psmd4a/psmd2/usp14/psmc5/psmd7/adrm1/psmc3/psmg3/psmd13/psmc4/ecpas/psmb6/psmd9/psmc2/psmd6/psma2a/psmb1/psmd8/psmb4/psmd3/psmb3/pomp,29
BP,GO:0060538,skeletal muscle organ development,60/3857,168/18773,0.357142857,1.738305122,4.887981912,3.53E-06,0.000394569,0.000340533,chrna1/actn2b/unc45b/ryr1a/apobec2b/lmod3/klhl41a/mybpc1/col6a1/col22a1/lamb2/dnajb6b/smyd2a/dok7b/rbm24a/myog/zgc:112052/ttn.2/inpp5ka/dag1/lmna/tcap/ctcf/lama4/adss1/six1b/smyd1b/cavin4b/myod1/apobec2a/neu1/bag3/spry4/mymk/myorg/desma/postnb/fkrp/fer1l6/hspg2/lamc1/hmgcra/cemip2/rbfox1l/kif5ba/klhl40a/lgals2a/smo/myo18ab/mpv17/myf6/atp1a2a/ilk/cdkn1a/ninj1/pleca/hnrnpl2/smad4a/tardbpa/tln1,60
CC,GO:0098798,mitochondrial protein-containing complex,44/3978,113/19331,0.389380531,1.892185783,4.841635794,5.76E-06,0.000149292,0.000119227,mrpl10/mrps35/mrpl44/grpel1/dap3/apoob/chchd6a/mrps16/micu2/smdt1b/afg3l1/mrps14/mrps24/mrpl51/mcu/tomm40/mrps22/timm17a/spg7/micos13/mrpl43/immt/micos10/mrpl21/mrps17/mrpl28/mrps15/timm23a/mrpl34/mrpl4/mrpl17/mrps34/mrpl53/mrpl47/mrps28/timm50/mrpl32/mrpl22/mrpl52/mrpl12/tomm20b/supv3l1/mrps31/dnajc15,44
BP,GO:0006941,striated muscle contraction,32/3857,73/18773,0.438356164,2.133590945,4.934588016,5.77E-06,0.000621661,0.000536525,tnni2a.2/tnnt1/fbxl22/smyhc2/ryr1a/tnni2a.4/zgc:153184/casq2/tnnc1a/stac/tnni1d/bin1b/casq1a/tmem161b/tcap/icam3/tnni1b/gja2/desma/tnni2a.3/si:dkey-28b4.8/kcne4/tnnc2.1/scn4ba/myl2b/synm/tnni4b.2/csrp3/septin15/erp44/tnnt2c/tnnt2e,32
BP,GO:0170033,L-amino acid metabolic process,52/3857,142/18773,0.366197183,1.78237483,4.758771634,6.77E-06,0.000705951,0.000609271,si:ch211-217a12.1/cdo1/glulb/nos1/oat/glsa/gldc/bhmt/got2a/bcat2/gls2a/gpt/shmt2/tha1/got1/zgc:172121/mccc2/aldh18a1/gcsha/si:ch211-256m1.8/arg1/pycr1a/ilvbl/sephs3/gcat/aldh4a1/gls2b/dlst/cps1/glulc/th/aass/aspg/ivd/cnr2/hpda/adi1/mri1/nags/sephs1/asnsd1/ctps1b/aasdhppt/dao.2/apip/mtrr/pycr3/phgdh/tat/cth/ctps1a/lgsn,52
BP,GO:0007033,vacuole organization,44/3857,114/18773,0.385964912,1.878589395,4.784627204,7.20E-06,0.000726212,0.000626757,ubxn2a/ulk2/atg9b/tmem175/vps4b/vmp1/atg4b/tbc1d14/atg4da/wdr45b/atp6v1e1b/map1lc3c/vps4a/atg16l1/pikfyve/tmem41b/rab1ba/si:dkey-28b4.8/hook1/atg4c/atg2a/si:dkey-237j10.2/gabarapl2/tmem39a/rab32a/cln3/rab7a/atp13a2/gnptab/atp6v1f/lamtor1/srpx/rraga/atg7/snx30/tp53inp1/si:dkey-13a21.4/stx12/rab14/nsfl1c/becn1/aktip/sting1/mfsd8,44
CC,GO:0005773,vacuole,105/3978,344/19331,0.305232558,1.483270634,4.603552956,7.32E-06,0.000180449,0.00014411,abcb6a/hspa8/ulk2/atg9b/sftpbb/dram2b/tmem175/wdr59/ctsla/trip10a/tinagl1/napsa/lamtor3/cax2/rab24/gpr137c/asah1b/kcmf1/si:ch211-157c3.4/ctsd/vmp1/rab9a/ccz1/snap29/scarb2a/il1b/atg4b/b2ml/borcs7/sar1ab/arrdc3a/npc2.1/fuca1.2/atp6ap2/pld3/tbc1d14/wdr45b/neu1/cybrd1/tpp1/pip4k2aa/map1lc3c/tmem59/itm2cb/ctss2.2/atg16l1/mhc2d8.46a/epdl1/ctsf/tmem106bb/atp6v1c1a/atp6v1g1/psap/unc93b1/znrf2b/marchf8/rragd/ctns/wdr81/trim23/cd63/gabarapl2/epd/ppt2b/slc39a14/ppt2a.3/glb1/nprl2/zgc:110239/rnf152/abcb9/sybl1/atp6v0d1/ncoa4/cln3/rab7a/ctsz/optn/slc38a7/rab9b/marchf2/gnsa/pip4p2/lamtor1/ctsc/fuca2/rraga/arl8ba/wwox/ppt1/ccdc115/tp53inp1/pcyox1/si:dkey-13a21.4/cd68/sec13/slc30a2/il1fma/si:dkey-224e22.2/wdr48b/becn1/sting1/uvrag/kxd1/mfsd8,105
BP,GO:0007015,actin filament organization,102/3857,333/18773,0.306306306,1.4908707,4.595816423,7.70E-06,0.00075171,0.000648763,tpm3/lmod3/ssh2a/scinlb/lcp1/cfl1l/enah/rhogb/nrap/hsp90aa1.1/cct5/hcls1/lmod2b/tmsb/cap1/coro1cb/rhoq/rflnb/rac2/coro1a/arpc1b/fam49al/svila/wasa/pick1/rhoab/twf2b/fam49ba/scinla/tcap/add3a/bcl2l16/capza1a/tpm2/ssh2b/arhgap25/smyd1b/myo1f/rhpn2/arpc2/tpm1/pstpip1a/evlb/hax1/plekhh2/cdc42ep1a/gas2l1/mcu/cdc42l/hip1rb/rac1b/aif1l/rhov/scin/fmn1/tagln2/prps1a/abitram/myo1b/pls3/tesk1b/mical2b/fhdc2/plekhg2/add2/dbnlb/cdc42ep5/zgc:101810/myo5aa/ssh1b/myo1ea/lima1a/wasf2/fam171a1/mical1/limk1a/baiap2a/flii/myo1cb/arfip1/cnn3b/si:ch211-203d1.3/xirp2a/washc3/carmil3/gas7a/arhgef2b/kank3/capgb/rhoub/ppm1e/coro6/cdc42/kptn/ttc8/xirp1/fhdc1/pfn2a/tesk1a/kank2/rhocb/shroom1,102
BP,GO:1901605,alpha-amino acid metabolic process,57/3857,161/18773,0.354037267,1.723189426,4.686216926,8.30E-06,0.000785806,0.00067819,si:ch211-217a12.1/cdo1/glulb/nos1/oat/glsa/blmh/gldc/bhmt/got2a/bcat2/gls2a/gpt/shmt2/tha1/got1/zgc:172121/mccc2/aldh18a1/gcsha/si:ch211-256m1.8/arg1/tdo2a/pycr1a/ilvbl/sephs3/gcat/aldh4a1/gls2b/dlst/cps1/glulc/th/aass/aspg/ivd/cnr2/hpda/adi1/mri1/otc/nags/aldh6a1/sephs1/asnsd1/ctps1b/aasdhppt/dao.2/apip/mtrr/pycr3/azin1b/phgdh/tat/cth/ctps1a/lgsn,57
CC,GO:0030018,Z disc,29/3978,65/19331,0.446153846,2.168074409,4.801568192,1.06E-05,0.000250284,0.000199881,actn2b/unc45b/ryr1a/csrp1a/pdlim3b/casq2/nrap/myoz3a/rtn2b/hsp90aa1.1/fhl2a/casq1a/pdlim5a/tcap/ldb3b/fhl5/capza1a/bag3/pdlim4/desma/pdlim7/pdlim1/nexn/mob4/ilk/pdlim5b/csrp2/rtn2a/csrp3,29
BP,GO:0042254,ribosome biogenesis,74/3857,226/18773,0.327433628,1.593702749,4.566046696,1.08E-05,0.000952848,0.000822355,sart1/rps16/si:dkey-251i10.3/znhit6/rps19/rpsa/ddx28/rps4x/c1d/mrpl44/srfbp1/rps8b/rps27.2/tsr2/eri1/dimt1l/las1l/rps14/rpl5a/mphosph10/rpl35a/rpl7a/rps7/rpl26/rps21/rps15a/mrm1/rpl7/rplp0/bud23/utp3/rps5/wdr75/riok2/mtg2/ybey/rpl14/eif6/rpl35/rps3a/xpo1b/rps9/lsg1/nop2/nsa2/riok3/ncl/dcaf13/exosc7/tsr1/nop14/xpo1a/nop53/tfb1m/nup88/mrm3a/ddx52/ltv1/mdn1/esf1/fcf1/wdr46/emg1/pop7/drosha/trmt112/utp11/wdr74/nob1/ddx10/sde2/rpf1/utp4/krr1,74
BP,GO:0050879,multicellular organismal movement,19/3857,35/18773,0.542857143,2.642223786,4.944912918,1.10E-05,0.000952848,0.000822355,tnni2a.2/tnnt1/smyhc2/ryr1a/opa3/tnni2a.4/zgc:153184/tnnc1a/stac/tnni1d/casq1a/tcap/tnni1b/gja2/tnni2a.3/tnnc2.1/reep1/synm/tnni4b.2,19
BP,GO:0050881,musculoskeletal movement,19/3857,35/18773,0.542857143,2.642223786,4.944912918,1.10E-05,0.000952848,0.000822355,tnni2a.2/tnnt1/smyhc2/ryr1a/opa3/tnni2a.4/zgc:153184/tnnc1a/stac/tnni1d/casq1a/tcap/tnni1b/gja2/tnni2a.3/tnnc2.1/reep1/synm/tnni4b.2,19
CC,GO:1905369,endopeptidase complex,32/3978,75/19331,0.426666667,2.073376906,4.740798882,1.19E-05,0.000267566,0.000213683,psmd14/psme4b/psmd12/psmc6/ube3a/psmc1a/psmd11b/psmd4a/psmd2/usp14/psmc5/psmd7/adrm1/psmc3/psmg3/psmd13/psmc4/ecpas/psmb6/psmd9/psmc2/psmd6/psma2a/psmb1/capns1a/psmd8/capns1b/psmb4/psmd3/psmb3/pigu/pomp,32
MF,GO:0016791,phosphatase activity,95/3772,311/18430,0.305466238,1.492508686,4.443511874,1.49E-05,0.00448735,0.00392408,pgp/dusp28/dusp22b/ssh2a/pfkfb2b/dusp1/ppm1la/ppm1db/ptpn22/mtmr3/phospho1/ptpn18/bpnt2/mtmr7b/dusp22a/inpp5ka/nt5dc3/dusp10/nt5c2a/inpp5d/ptpn3/mtmr6/ptpn6/nt5c2l1/pptc7b/ptpn2a/minpp1b/acp7/si:dkey-51e6.1/ptprua/ctdsp2/ppp1cb/pfkfb4a/ssh2b/dusp4/ptprn2/ppp6c/ilkap/lpin2/ctdsp1/cdc25b/acp5b/ptprh/ctdsplb/pdp1/ppef2a/tigara/ppm1h/inpp5b/ppp3ccb/cdkn3/epm2a/ppp5c/lhpp/plpp1a/dusp3a/nt5c3a/sgpp1b/pfkfb4b/ppp1r1b/si:ch211-121a2.2/g6pc1a.2/inpp5l/ssh1b/ppm1j/cdc14b/ptprea/pnkp/ptprb/ptpn11b/si:ch211-203d1.3/g6pc1a.1/impa1/pdxp/pip4p2/ctdspl2a/pfkfb1/ptprq/ppp4cb/si:ch211-223p8.8/ppm1e/nt5dc2/ptprc/nt5c1aa/dusp23b/tns1a/fra10ac1/timm50/ptprna/ptprz1b/ptpn13/dusp13a/ssu72/nanp/ptp4a1,95
CC,GO:0031674,I band,30/3978,70/19331,0.428571429,2.082633053,4.618942735,1.99E-05,0.000428492,0.000342202,actn2b/unc45b/ryr1a/csrp1a/pdlim3b/casq2/nrap/myoz3a/rtn2b/hsp90aa1.1/fhl2a/casq1a/pdlim5a/tcap/ldb3b/fhl5/capza1a/bag3/pdlim4/desma/pdlim7/pdlim1/nexn/klhl40a/mob4/ilk/pdlim5b/csrp2/rtn2a/csrp3,30
CC,GO:0015629,actin cytoskeleton,99/3978,328/19331,0.301829268,1.466732425,4.339558049,2.18E-05,0.000452569,0.00036143,myl13/tnni2a.2/tnnt1/tpm3/actn2b/myhb/smyhc2/lmod3/cmlc1/actb1/tnni2a.4/pdlim3b/myo16/scinlb/lcp1/tnnc1a/cfl1l/tnni1d/myoz3a/llgl1/hcls1/lmod2b/coro1cb/rflnb/parvg/arpc1b/svila/vcla/pdlim5a/twf2b/ablim1b/scinla/arhgap32b/actb2/tnni1b/ldb3b/wipf1b/dmtn/capza1a/myh7bb/tpm2/myo1f/arpc2/tpm1/lpp/pdlim4/pstpip1a/tnni2a.3/evlb/hax1/gas2l1/hip1rb/aif1l/scin/fmn1/tagln2/pdlim7/pdlim1/bin3/tnnc2.1/myo1b/pls3/actc2/fhdc2/myo18ab/dbnlb/zgc:101810/myo5aa/myo1ea/lima1a/dctn5/akap13/specc1/myo15b/actr1b/flii/myo1cb/cnn3b/xirp2a/pdlim5b/gas7a/capgb/myo10l1/bin2b/myripa/myhz1.1l/tnni4b.2/kptn/myh9a/xirp1/fhdc1/sh3pxd2aa/dctn2/anln/tnnt2c/tnnt2e/cgnl1/shroom1/lgsn,99
BP,GO:0055086,nucleobase-containing small molecule metabolic process,122/3857,423/18773,0.288416076,1.403794397,4.271361634,2.55E-05,0.002155648,0.001860432,rrm2b/acsl1a/adka/prkag2b/pmm2/fitm2/hmgcs1/atpsckmt/rfk/elovl6/dhodh/eno1a/ak4/pnp5a/pde4ca/gpd1c/ampd3a/nt5c2a/kars1/aldob/allc/pde4ba/ak3/uap1/macrod1/pdk2a/acss2/gpib/adss1/atp6v1ab/zgc:103586/hk1/gpd1b/nudt3b/gda/acot20/opa1/nampt1/acot22/eno1b/pfkma/hmgcra/acot9.1/ugp2a/gmds/atp5mc3b/mvda/pde4d/tdo2a/atp5f1e/tigara/elovl5/umps/prps1a/nme2b.1/pkma/ugdh/nadkb/nme4/dlst/hprt1l/cps1/idh1/aass/nt5c3a/insra/park7/aclya/paics/acot19/atic/mpv17/entpd3/cdab/nudt12/cnp/antkmt/flad1/itpa/nadk2/pdhx/oard1/gucy1a1/rpia/aldh6a1/ugp2b/adpgk2/ampd2b/gfus.1/adcy5/gucy1a2/pklr/ctps1b/adcy1a/si:dkey-97m3.1/papss2b/nudt14/acsl5/dpys/uck2b/uck1/eno2/tyms/fhit/prpsap2/acacb/hprt1/dtymk/pdha1a/atp5pb/taldo1/nt5c1aa/nme7/gapdhs/gart/atp5pf/macrod2/pde4bb/atp5l/rrm1/prkag3b/ctps1a,122
BP,GO:0003009,skeletal muscle contraction,17/3857,31/18773,0.548387097,2.669139478,4.729545568,2.68E-05,0.00217544,0.001877514,tnni2a.2/tnnt1/smyhc2/ryr1a/tnni2a.4/zgc:153184/tnnc1a/stac/tnni1d/casq1a/tcap/tnni1b/gja2/tnni2a.3/tnnc2.1/synm/tnni4b.2,17
BP,GO:0014706,striated muscle tissue development,78/3857,247/18773,0.315789474,1.537027687,4.320243531,2.71E-05,0.00217544,0.001877514,chrna1/actn2b/unc45b/ryr1a/lmod3/klhl41a/mybpc1/cmlc1/fhod3a/col6a1/dnajb6b/smyd2a/dok7b/nrap/rbm24a/myog/vcp/zgc:112052/ttn.2/inpp5ka/dag1/dab2/lmna/tcap/icam3/ctcf/adss1/six1b/smyd1b/cavin4b/myod1/neu1/bag3/spry4/mymk/myorg/desma/aplnrb/opa1/mat2aa/cdk9/fkrp/fer1l6/hspg2/lamc1/hmgcra/cemip2/adprhl1/alpk2/rbfox1l/kif5ba/nexn/klf2b/klhl40a/lgals2a/smo/myo18ab/mpv17/myf6/mybpc3/rbx1/runx1/atp1a2a/ilk/cdkn1a/ninj1/sgcg/pleca/hnrnpl2/smad4a/gsk3ab/hdac1/ddx39ab/itga3b/tardbpa/septin15/tln1/pgm5,78
CC,GO:0000313,organellar ribosome,27/3978,62/19331,0.435483871,2.116223909,4.480941442,3.61E-05,0.000667847,0.000533355,mrpl10/mrps35/mrpl44/mrpl20/dap3/mrps16/mrps14/mrps24/mrpl51/mrps22/mrpl43/mrpl21/mrps17/mrpl28/mrps15/mrpl34/mrpl4/mrpl17/mrps34/mrpl53/mrpl47/mrps28/mrpl32/mrpl22/mrpl52/mrpl12/mrps31,27
CC,GO:0005761,mitochondrial ribosome,27/3978,62/19331,0.435483871,2.116223909,4.480941442,3.61E-05,0.000667847,0.000533355,mrpl10/mrps35/mrpl44/mrpl20/dap3/mrps16/mrps14/mrps24/mrpl51/mrps22/mrpl43/mrpl21/mrps17/mrpl28/mrps15/mrpl34/mrpl4/mrpl17/mrps34/mrpl53/mrpl47/mrps28/mrpl32/mrpl22/mrpl52/mrpl12/mrps31,27
CC,GO:0000323,lytic vacuole,84/3978,272/19331,0.308823529,1.500720877,4.233326715,3.61E-05,0.000667847,0.000533355,abcb6a/hspa8/sftpbb/dram2b/tmem175/ctsla/trip10a/tinagl1/napsa/lamtor3/gpr137c/asah1b/kcmf1/si:ch211-157c3.4/ctsd/rab9a/ccz1/scarb2a/il1b/b2ml/borcs7/sar1ab/arrdc3a/npc2.1/fuca1.2/atp6ap2/pld3/wdr45b/neu1/cybrd1/tpp1/pip4k2aa/tmem59/itm2cb/ctss2.2/mhc2d8.46a/epdl1/ctsf/tmem106bb/psap/unc93b1/znrf2b/marchf8/rragd/ctns/wdr81/trim23/cd63/epd/ppt2b/slc39a14/ppt2a.3/zgc:110239/rnf152/abcb9/sybl1/atp6v0d1/ncoa4/cln3/rab7a/ctsz/slc38a7/rab9b/marchf2/gnsa/pip4p2/lamtor1/ctsc/fuca2/rraga/arl8ba/wwox/ppt1/ccdc115/pcyox1/si:dkey-13a21.4/cd68/sec13/slc30a2/il1fma/wdr48b/uvrag/kxd1/mfsd8,84
BP,GO:0044087,regulation of cellular component biogenesis,90/3857,298/18773,0.302013423,1.469976144,4.158585423,4.60E-05,0.003584672,0.003093752,psmc6/lmod3/slain2/abcc4/tncb/ssh2a/scinlb/clip1a/hcls1/epb41l3a/lmod2b/tmsb/rac2/ephb3a/fam49al/svila/wasa/ezrb/dock11/twf2b/fam49ba/alms1/scinla/msnb/add3a/sh3yl1/napab/aida/sar1ab/srpx2/capza1a/flot1b/tbc1d14/ssh2b/rhpn2/evlb/hax1/cdc42ep1a/si:ch211-159i8.4/tapt1b/cep76/mcm2/appa/cemip2/scin/abitram/man1a2/mapkap1/arhgap24/tmem39a/si:ch211-247j9.1/tesk1b/lamb1a/plekhg2/eps8l1b/flot1a/add2/dbnlb/cdc42ep5/ssh1b/zmynd10/eps8l1a/limk1a/baiap2a/appb/mmp14b/flii/si:ch211-203d1.3/atp6v1f/plk4/kank3/capgb/grk5l/snx30/cptp/ppm1e/cdc42/si:ch211-13c6.2/pla2g6/ormdl1/pfn2a/ptpn13/eps8l2/ect2/tesk1a/rock2a/pan3/podxl/kank2/bag5,90
BP,GO:0006520,amino acid metabolic process,73/3857,231/18773,0.316017316,1.538136654,4.184794925,4.70E-05,0.003584672,0.003093752,si:ch211-217a12.1/cdo1/upb1/tars1/glulb/pm20d1.2/nos1/oat/glsa/farsa/kars1/blmh/gldc/bhmt/got2a/bcat2/gls2a/gpt/shmt2/tha1/lrrc47/acy1/got1/zgc:172121/mars2/mccc2/rars1/aldh18a1/gcsha/si:ch211-256m1.8/arg1/tdo2a/pycr1a/ilvbl/sephs3/gcat/aldh4a1/gls2b/dlst/cps1/glulc/th/aass/aspg/ivd/cnr2/hpda/adi1/mri1/abat/otc/nars2/nags/aldh6a1/sephs1/asnsd1/ctps1b/gad1b/aasdhppt/iars1/pars2/dao.2/apip/mtrr/pycr3/bckdha/azin1b/phgdh/lars2/tat/cth/ctps1a/lgsn,73
MF,GO:0019843,rRNA binding,19/3772,38/18430,0.5,2.44300106,4.516929767,4.76E-05,0.00928445,0.008119029,ptcd3/rps4x/mrpl20/rpl5a/rps18/rpl23/rplp0/rpl8/rps5/rpl37/rps13/rpl12/rpl23a/rps9/rpl9/nop53/cavin1b/emg1/rpf1,19
MF,GO:0016811,"hydrolase activity, acting on carbon-nitrogen (but not peptide) bonds, in linear amides",29/3772,70/18430,0.414285714,2.024200879,4.355090599,5.21E-05,0.00928445,0.008119029,btd/upb1/pm20d1.2/glsa/pglyrp6/sirt1/asah1b/ydjc/hdac6/gls2a/acy1/hdac10/pglyrp2/hdac9b/si:ch211-256m1.8/hdac4/aspa/gls2b/sirt4/park7/aspg/hdac11/tgm2b/acer1/sirt3/hdac1/acy3.2/sirt5/hdac5,29
CC,GO:0005764,lysosome,83/3978,271/19331,0.306273063,1.488326942,4.120838313,5.54E-05,0.000988726,0.000789615,abcb6a/hspa8/sftpbb/dram2b/tmem175/ctsla/trip10a/tinagl1/napsa/lamtor3/gpr137c/asah1b/kcmf1/si:ch211-157c3.4/ctsd/rab9a/ccz1/scarb2a/il1b/b2ml/borcs7/sar1ab/arrdc3a/npc2.1/fuca1.2/atp6ap2/pld3/wdr45b/neu1/cybrd1/tpp1/pip4k2aa/tmem59/itm2cb/ctss2.2/mhc2d8.46a/epdl1/ctsf/tmem106bb/psap/unc93b1/znrf2b/marchf8/rragd/ctns/wdr81/trim23/cd63/epd/ppt2b/slc39a14/ppt2a.3/zgc:110239/rnf152/abcb9/sybl1/atp6v0d1/ncoa4/cln3/rab7a/ctsz/slc38a7/rab9b/marchf2/gnsa/pip4p2/lamtor1/ctsc/fuca2/rraga/arl8ba/wwox/ppt1/ccdc115/pcyox1/si:dkey-13a21.4/cd68/sec13/slc30a2/il1fma/wdr48b/kxd1/mfsd8,83
BP,GO:0043632,modification-dependent macromolecule catabolic process,121/3857,426/18773,0.284037559,1.382483041,4.060582678,5.76E-05,0.004222632,0.003644343,asb2a.1/zgc:136908/fbxl22/psmd14/ube2l3b/psmc6/cul2/klhl41a/ube3a/ubxn2a/psmc1a/ube2d4/usp38/psmd11b/keap1a/tollip/zranb1b/zfand2a/psmd4a/klhl23/usp14/vcp/kbtbd8/psmc5/psmd7/hsp90ab1/fbxw5/anapc1/ube3c/csnk1e/nploc4/ubr4/rbbp6/rc3h1b/rps27a/tent4a/plaa/si:ch211-59o9.10/cul4b/kbtbd12/arih1/psmc3/ube4b/arih2/uba52/herpud1/hectd3/sh3rf1/klhl30/rnf34b/ube2g1b/fem1b/chfr/psmd13/gsk3aa/cul3b/uba1/ltn1/ubr1/nccrp1/psmc4/psmb6/psmc2/psmd6/desi1a/znrf2b/psma2a/kctd13/ark2n/axin1/fbxo31/klhl40a/det1/wdr81/ndfip1/spsb3a/herc56.1/znf598/uchl5/vps37a/vps37d/cul5b/kctd17/rbx1/psmd8/nedd4l/rnf6/rnf144b/prmt6/rnf114/ube2s/psmb4/fbxl14b/shrprbck1r/si:ch1073-228j22.2/rhobtb3/trim71/cdc34a/edn1/rnf128a/fbxo6.3/fbxl7/gsk3ab/fhit/ccdc22/pcyox1/psmd3/psmb3/kbtbd2/fbxo2/nsfl1c/rnf8/klhl11/fzr1a/ube2d2/dis3l2/rad23aa/ubxn7/fbxl3a/fbxl18/smurf2,121
BP,GO:0007519,skeletal muscle tissue development,52/3857,152/18773,0.342105263,1.665113328,4.186680785,5.81E-05,0.004222632,0.003644343,chrna1/actn2b/unc45b/ryr1a/lmod3/klhl41a/mybpc1/col6a1/dnajb6b/smyd2a/dok7b/rbm24a/myog/zgc:112052/ttn.2/inpp5ka/dag1/lmna/tcap/ctcf/adss1/six1b/smyd1b/cavin4b/myod1/neu1/bag3/spry4/mymk/myorg/desma/fkrp/fer1l6/hspg2/lamc1/hmgcra/rbfox1l/kif5ba/klhl40a/lgals2a/smo/myo18ab/mpv17/myf6/atp1a2a/cdkn1a/ninj1/pleca/hnrnpl2/smad4a/tardbpa/tln1,52
CC,GO:0031672,A band,15/3978,27/19331,0.555555556,2.699709513,4.498675051,6.69E-05,0.001155353,0.000922686,unc45b/lmod3/klhl41a/mybpc1/myom2a/hsp90aa1.1/myom1b/igfn1.3/mybpha/ttn.2/mybpc2a/smyd1b/mybpc2b/klhl40a/mybpc3,15
MF,GO:0016810,"hydrolase activity, acting on carbon-nitrogen (but not peptide) bonds",46/3772,131/18430,0.351145038,1.715695401,4.170129715,6.73E-05,0.00928445,0.008119029,apobec2b/btd/mthfd2/upb1/padi2/pm20d1.2/glsa/ampd3a/pglyrp6/sirt1/asah1b/allc/ydjc/mthfd1b/hdac6/gls2a/zgc:103586/apobec2a/acy1/gda/hdac10/pglyrp2/hdac9b/si:ch211-256m1.8/arg1/hdac4/aspa/gls2b/sirt4/park7/aspg/atic/rida/cdab/hdac11/tgm2b/ampd2b/acer1/dpys/sirt3/hdac1/acy3.2/sirt5/hdac5/adarb1b/dpysl5a,46
MF,GO:0042578,phosphoric ester hydrolase activity,117/3772,413/18430,0.283292978,1.384170092,4.005499731,7.19E-05,0.00928445,0.008119029,pgp/dusp28/gpcpd1/smpdl3b/dusp22b/ssh2a/pfkfb2b/dusp1/ppm1la/ppm1db/ptpn22/mtmr3/phospho1/ptpn18/bpnt2/mtmr7b/dusp22a/inpp5ka/pde4ca/nt5dc3/si:dkey-66a8.7/dusp10/nt5c2a/inpp5d/pde4ba/ptpn3/mtmr6/ptpn6/gdpd1/nt5c2l1/pptc7b/ptpn2a/minpp1b/acp7/si:dkey-51e6.1/ptprua/ctdsp2/ppp1cb/pfkfb4a/ssh2b/dusp4/ptprn2/ppp6c/plcd3a/usb1/ilkap/lpin2/ctdsp1/cdc25b/acp5b/ptprh/ctdsplb/pdp1/pde4d/ppef2a/tigara/ppm1h/inpp5b/ppp3ccb/cdkn3/epm2a/ppp5c/lhpp/plpp1a/smpd5/dusp3a/nt5c3a/sgpp1b/pde1cb/pfkfb4b/ppp1r1b/si:ch211-121a2.2/g6pc1a.2/inpp5l/cnp/ssh1b/ppm1j/cdc14b/ptprea/pnkp/ptprb/smpd4/ptpn11b/si:ch211-203d1.3/g6pc1a.1/impa1/pde1a/plcb3/pdxp/pip4p2/ctdspl2a/pfkfb1/ptprq/napepld/plcl1/ppp4cb/si:ch211-223p8.8/pde5ab/ppm1e/nt5dc2/ptprc/nt5c1aa/dusp23b/tns1a/fra10ac1/timm50/pde10a/ptprna/ptprz1b/ptpn13/dusp13a/pde4bb/ssu72/nanp/plcg1/tdp1/ptp4a1,117
BP,GO:0016203,muscle attachment,9/3857,12/18773,0.75,3.650440757,4.670190945,7.74E-05,0.005495567,0.00474295,col22a1/lamb2/dnajb6b/dag1/lama4/postnb/fkrp/cemip2/ilk,9
BP,GO:0030099,myeloid cell differentiation,75/3857,243/18773,0.308641975,1.502238995,4.007096128,8.85E-05,0.006148522,0.005306483,p2ry12/mturn/abcb10/casp3a/hmgcs1/rps19/spi1b/bdh2/bcl6aa/arpc1b/inpp5d/rps14/hif1al/kdsr/rplp1/rpl35a/pbx1a/nemp1/ptpn6/rps15a/rps3/ak3/rpl27/asxl1/mafbb/p4htmb/stat5a/rpl18/rpl11/csnk2b/csf1ra/usb1/rps29/rpl35/elavl1a/hax1/gp9/klf17/cdk9/numbl/sparc/hdac9b/sumf1/brd2a/rgs18/nbeal2/rps9/gata2a/numb/irf2bp2b/alas2/gata1a/csf3r/ncoa4/nelfb/runx1/ncor2/nrros/ufl1/slc4a1a/srp54/melk/gfi1b/ncoa2/tspo/etsrp/gata6/tle3b/npc1/mastl/ncor1/sf3b1/snx3/plcg1/fam210b,75
MF,GO:0008234,cysteine-type peptidase activity,62/3772,193/18430,0.321243523,1.569596536,4.035233436,8.92E-05,0.010079833,0.008814572,fbxl22/usp21/usp38/usp4/zranb1b/ctsla/usp14/capn1/casp3a/tinagl1/usp47/capn9/senp3b/casp7/usp10/usp42/blmh/usp5/casp17/usp13/pgpep1/pgpep1l/usp33/atg4b/senp8/usp1/atg4da/usp2b/otud4/usp43b/usp7/ctss2.2/ctsf/usp22/usp49/ufsp2/atg4c/vcpip1/casp8/scrn2/otud7a/uchl5/capn15/capn3b/zgc:110239/casp2/senp5/usp31/ctsz/snx7/capn1a/senp2/capn7/ctsc/usp34/otub1a/capn2b/otud5b/uspl1/pigu/capn3a/usp18,62
BP,GO:0048871,multicellular organismal-level homeostasis,86/3857,287/18773,0.299651568,1.458480395,3.980101512,9.09E-05,0.006180198,0.005333821,p2ry12/tnfsf13b/her9/dot1l/nr4a3/abcb10/dram2b/lrp5/casp3a/ppargc1b/hmgcs1/pm20d1.2/rps19/spi1b/rac2/bdh2/nr4a2a/metrnla/inpp5d/cpt1b/rps14/hif1al/rplp1/rpl35a/kif2c/nemp1/rps15a/rps3/ift88/syne2a/rpl27/p4htmb/stat5a/rpl18/kif3a/sulf2b/rpl11/csnk2b/cybrd1/rps29/wt1a/rpl35/elavl1a/klf17/acp5b/numbl/sparc/polr3h/hdac9b/rps9/gata2a/numb/fras1/polr3k/ezh2/sart3/sox10/tjp1b/alas2/gata1a/csf3r/park7/cdipt/ncoa4/tjp2a/has2/aqp1a.1/fzd4/ufl1/sulf1/slc4a1a/melk/gfi1b/ptbp1a/bbs12/tspo/cdc42/stra6l/exoc5/sae1/hamp/dctn2/crcp/rp2/snx3/fam210b,86
BP,GO:0006753,nucleoside phosphate metabolic process,111/3857,389/18773,0.285347044,1.388856638,3.940925423,9.32E-05,0.006201395,0.005352115,rrm2b/acsl1a/adka/prkag2b/pmm2/fitm2/hmgcs1/atpsckmt/rfk/elovl6/dhodh/eno1a/ak4/pde4ca/gpd1c/ampd3a/nt5c2a/kars1/aldob/pde4ba/ak3/uap1/pdk2a/acss2/gpib/adss1/atp6v1ab/hk1/gpd1b/nudt3b/acot20/opa1/nampt1/acot22/eno1b/pfkma/hmgcra/acot9.1/ugp2a/gmds/atp5mc3b/mvda/pde4d/tdo2a/atp5f1e/tigara/elovl5/umps/prps1a/nme2b.1/pkma/ugdh/nadkb/nme4/dlst/hprt1l/idh1/aass/nt5c3a/insra/park7/aclya/paics/acot19/atic/mpv17/entpd3/nudt12/cnp/antkmt/flad1/itpa/nadk2/pdhx/gucy1a1/rpia/ugp2b/adpgk2/ampd2b/gfus.1/adcy5/gucy1a2/pklr/ctps1b/adcy1a/si:dkey-97m3.1/papss2b/nudt14/acsl5/uck2b/uck1/eno2/tyms/fhit/prpsap2/acacb/hprt1/dtymk/pdha1a/atp5pb/taldo1/nt5c1aa/nme7/gapdhs/gart/atp5pf/pde4bb/atp5l/rrm1/prkag3b/ctps1a,111
BP,GO:0009084,glutamine family amino acid biosynthetic process,11/3857,17/18773,0.647058824,3.149399869,4.508431459,9.72E-05,0.006329619,0.005462779,glulb/oat/glsa/gls2a/aldh18a1/pycr1a/gls2b/glulc/nags/pycr3/lgsn,11
BP,GO:0048771,tissue remodeling,14/3857,25/18773,0.56,2.725662432,4.390381718,0.000102647,0.006548446,0.005651638,col1a1a/lrp5/inpp5d/rspo3/crocc2/neu1/suco/acp5b/pdlim7/pdgfrb/runx1/plg/lgr4/s1pr1,14
MF,GO:0051082,unfolded protein binding,30/3772,76/18430,0.394736842,1.928685048,4.115373475,0.0001133,0.01035214,0.009052698,dnajb4/hspb1/cct4/dnajb6b/hsp90aa1.1/cct5/hsp90ab1/grpel1/pfdn2/dnaja1/cct8/pfdn1/si:dkey-1k23.3/cct3/cdc37l1/cct2/nudcd2/pfdn6/dnaja2a/nudcd3/pet100/cct7/naca/dnajb5/cct6a/hspb9/ndufaf1/dnajb1b/ccdc115/tcp1,30
BP,GO:0019941,modification-dependent protein catabolic process,119/3857,424/18773,0.280660377,1.366045441,3.876730709,0.000114447,0.007155239,0.00617533,asb2a.1/zgc:136908/fbxl22/psmd14/ube2l3b/psmc6/cul2/klhl41a/ube3a/ubxn2a/psmc1a/ube2d4/usp38/psmd11b/keap1a/tollip/zranb1b/zfand2a/psmd4a/klhl23/usp14/vcp/kbtbd8/psmc5/psmd7/hsp90ab1/fbxw5/anapc1/ube3c/csnk1e/nploc4/ubr4/rbbp6/rc3h1b/rps27a/plaa/si:ch211-59o9.10/cul4b/kbtbd12/arih1/psmc3/ube4b/arih2/uba52/herpud1/hectd3/sh3rf1/klhl30/rnf34b/ube2g1b/fem1b/chfr/psmd13/gsk3aa/cul3b/uba1/ltn1/ubr1/nccrp1/psmc4/psmb6/psmc2/psmd6/desi1a/znrf2b/psma2a/kctd13/ark2n/axin1/fbxo31/klhl40a/det1/wdr81/ndfip1/spsb3a/herc56.1/znf598/uchl5/vps37a/vps37d/cul5b/kctd17/rbx1/psmd8/nedd4l/rnf6/rnf144b/prmt6/rnf114/ube2s/psmb4/fbxl14b/shrprbck1r/si:ch1073-228j22.2/rhobtb3/trim71/cdc34a/edn1/rnf128a/fbxo6.3/fbxl7/gsk3ab/fhit/ccdc22/pcyox1/psmd3/psmb3/kbtbd2/fbxo2/nsfl1c/rnf8/klhl11/fzr1a/ube2d2/rad23aa/ubxn7/fbxl3a/fbxl18/smurf2,119
BP,GO:0032101,regulation of response to external stimulus,74/3857,241/18773,0.307053942,1.494509632,3.928945782,0.000117742,0.007216876,0.006228526,vegfab/tncb/mavs/usp4/f2r/ptpn22/si:dkey-237i9.1/pik3r6b/grna/col15a1b/tnfaip6/tmsb/rps19/slc15a2/tlr9/rac2/fignl2/tlr22/metrnla/inpp5d/il6r/ptger4b/pparaa/clcf1/tlr18/nr1h4/il6st/cd248b/dpp9/m17/rpl11/csf1ra/cxcl8a/otud4/foxo3b/cd248a/uba1/nr1h5/oxsr1a/gp9/unc93b1/atm/marchf8/si:dkey-237j10.2/irf1b/ahsg2/atoh7/mettl3/ppardb/zdhhc18a/ifih1/cpb2/sema7a/tlr3/reep1/ninj1/ufl1/plg/zmp:0000000936/mapkapk2a/sigirr/mmp9/sfpq/serpinc1/cptp/lgr4/ikbke/pros1/becn1/f2/sting1/pparab/kng1/cntfr,74
MF,GO:0019842,vitamin binding,39/3772,108/18430,0.361111111,1.764389655,4.041472308,0.000118242,0.01035214,0.009052698,rbp4/si:ch211-217a12.1/tcnba/mmut/csad/plod1a/oat/p4ha1a/egln1b/fasn/pygl/p4htmb/ogfod1/got2a/gpt/shmt2/sptlc2a/tcn2/aadat/ttpa/got1/egln1a/slc19a1/pdxdc1/ilvbl/gcat/alas2/ogfod2/p4ha1b/abat/etnppl/tktb/mmachc/gad1b/slc46a1/sptlc2b/tat/cyp27c1/cth,39
BP,GO:1903131,mononuclear cell differentiation,36/3857,97/18773,0.371134021,1.806403674,4.049023869,0.000121991,0.007333537,0.00632921,spi1b/rpl22/rac2/bcl6aa/arpc1b/inpp5d/tnpo3/irf7/ptpn6/rpl10a/mafbb/cd79b/sh3rf1/stat5a/csf1ra/cd79a/opa1/upf1/sumf1/slc39a7/irf2bp2b/pak1/sart3/gata1a/mettl3/csf3r/snapc3/kat2a/runx1/si:ch211-243a20.4/ncor2/nrros/lsm8/jak3/prkdc/itk,36
BP,GO:0009066,aspartate family amino acid metabolic process,17/3857,34/18773,0.5,2.433627171,4.254576935,0.00012493,0.007368537,0.006359416,bhmt/got2a/tha1/got1/zgc:172121/si:ch211-256m1.8/gcat/dlst/aass/aspg/cnr2/adi1/mri1/asnsd1/aasdhppt/apip/mtrr,17
MF,GO:0043021,ribonucleoprotein complex binding,29/3772,73/18430,0.397260274,1.941014541,4.086544937,0.000128173,0.01035214,0.009052698,dap1b/ddx17/ptcd3/rplp1/dnajc2/secisbp2/sec61a1a/rack1/ddx5/eif6/cpeb4a/eif3k/pqbp1/ltn1/pelo/eif2a/znf598/letm1/nopchap1/eif5a/uhmk1/rbm39a/maip1/mtrfr/derl1/ncln/eef2b/ola1/tmem147,29
BP,GO:0003012,muscle system process,49/3857,145/18773,0.337931034,1.644796295,3.963485966,0.000131906,0.0076359,0.006590164,tnni2a.2/tnnt1/tpm3/fbxl22/myhb/hhatla/smyhc2/ryr1a/lmod3/tnni2a.4/hspb1/zgc:153184/casq2/tnnc1a/col22a1/stac/tnni1d/lmod2b/lsp1a/bin1b/atp2a1/casq1a/tmem161b/tcap/icam3/tnni1b/gdnfa/tpm2/sulf2b/tpm1/mymk/gja2/desma/tnni2a.3/si:dkey-28b4.8/kcne4/tnnc2.1/scn4ba/myl2b/si:dkey-63b1.1/edn1/synm/tnni4b.2/csrp3/septin15/rock2a/erp44/tnnt2c/tnnt2e,49
BP,GO:0006511,ubiquitin-dependent protein catabolic process,116/3857,414/18773,0.280193237,1.363771748,3.805910154,0.000149158,0.008381116,0.007233323,asb2a.1/zgc:136908/fbxl22/psmd14/ube2l3b/psmc6/cul2/klhl41a/ube3a/ubxn2a/psmc1a/ube2d4/usp38/psmd11b/keap1a/tollip/zranb1b/zfand2a/psmd4a/klhl23/usp14/vcp/kbtbd8/psmc5/psmd7/hsp90ab1/fbxw5/anapc1/ube3c/csnk1e/nploc4/ubr4/rbbp6/rc3h1b/plaa/si:ch211-59o9.10/cul4b/kbtbd12/arih1/psmc3/ube4b/arih2/herpud1/hectd3/sh3rf1/klhl30/rnf34b/ube2g1b/fem1b/chfr/psmd13/gsk3aa/cul3b/uba1/ltn1/ubr1/nccrp1/psmc4/psmb6/psmc2/psmd6/desi1a/znrf2b/psma2a/kctd13/ark2n/axin1/fbxo31/klhl40a/det1/wdr81/ndfip1/spsb3a/herc56.1/znf598/uchl5/vps37a/vps37d/cul5b/kctd17/rbx1/psmd8/nedd4l/rnf6/rnf144b/prmt6/rnf114/ube2s/psmb4/fbxl14b/shrprbck1r/si:ch1073-228j22.2/rhobtb3/trim71/cdc34a/edn1/rnf128a/fbxo6.3/fbxl7/gsk3ab/fhit/ccdc22/psmd3/psmb3/kbtbd2/fbxo2/nsfl1c/rnf8/klhl11/fzr1a/ube2d2/rad23aa/ubxn7/fbxl3a/fbxl18/smurf2,116
MF,GO:0031406,carboxylic acid binding,32/3772,84/18430,0.380952381,1.861334141,4.013654441,0.000150394,0.01035214,0.009052698,si:dkey-238d18.5/fabp1b.1/tmem175/plod1a/p4ha1a/fabp4a/egln1b/ptgdsb.1/nr1h4/p4htmb/ogfod1/egln1a/fabp7a/slc19a1/rbp2b/sesn1/sesn4/fabp6/rbp5/glra3/ogfod2/p4ha1b/slc7a6/nags/crabp2a/bckdhbl/slc46a1/apoc1/mag/cyp27c1/acox1/fabp2,32
BP,GO:0009894,regulation of catabolic process,89/3857,303/18773,0.293729373,1.429655566,3.83408921,0.00015067,0.008381116,0.007233323,dap1b/ube3a/pnpla3/rubcn/ulk2/prkag2b/keap1a/dram2b/mtmr3/rbm24a/psmd2/usp14/vcp/mtcl3a/hsp90ab1/csnk1e/tent5c/igf2bp2a/usp10/carhsp1/rc3h1b/dcp1a/asah1b/rnft2/syncripl/oaz1b/plekhn1/usp13/tent5ab/herpud1/gdnfa/polr2g/sh3rf1/dicer1/igf2bp3/gsk3aa/tmem59/fastkd3/ybx1/elavl1a/upf1/ythdf1/sesn1/samd4a/rptor/desi1a/larp1/tigara/rragd/axin1/sesn4/klhl40a/det1/ctns/epm2a/adam8a/asb5b/tmem39a/tnrc6c1/mettl3/nprl2/waca/rnf152/fxr2/tbrg4/prmt6/ufl1/zfp36l2/edn1/rhbdf1a/rraga/gsk3ab/fhit/snx30/cptp/ccdc22/apoc1/psmd3/gfap/azin1b/ap3d1/scoca/fzr1a/pan3/becn1/supv3l1/dis3l2/sting1/prkag3b,89
BP,GO:0006914,autophagy,72/3857,235/18773,0.306382979,1.491243884,3.85348394,0.000155504,0.008381116,0.007233323,zgc:136908/dap1b/hspa8/ubxn2a/rubcn/ulk2/keap1a/tollip/atg9b/dram2b/mtmr3/vcp/mtcl3a/dnajc16l/usp10/asah1b/vmp1/usp13/atg4b/tbc1d14/ufc1/atg4da/spata18/wdr45b/gsk3aa/retreg3/map1lc3c/tmem59/atg16l1/hdac10/bcas3/tmem41b/sesn1/rab1ba/rptor/si:dkey-28b4.8/tigara/rragd/atg4c/atg2a/sesn4/ctns/wdr81/epm2a/sec16b/smcr8a/gabarapl2/tmem39a/park7/nprl2/waca/rnf152/snx7/atp13a2/ufl1/hspb7/rraga/arl8ba/gsk3ab/atg7/snx30/cptp/tp53inp1/gfap/stx12/ap3d1/scoca/nsfl1c/ilrun/becn1/sting1/mfsd8,72
BP,GO:0061919,process utilizing autophagic mechanism,72/3857,235/18773,0.306382979,1.491243884,3.85348394,0.000155504,0.008381116,0.007233323,zgc:136908/dap1b/hspa8/ubxn2a/rubcn/ulk2/keap1a/tollip/atg9b/dram2b/mtmr3/vcp/mtcl3a/dnajc16l/usp10/asah1b/vmp1/usp13/atg4b/tbc1d14/ufc1/atg4da/spata18/wdr45b/gsk3aa/retreg3/map1lc3c/tmem59/atg16l1/hdac10/bcas3/tmem41b/sesn1/rab1ba/rptor/si:dkey-28b4.8/tigara/rragd/atg4c/atg2a/sesn4/ctns/wdr81/epm2a/sec16b/smcr8a/gabarapl2/tmem39a/park7/nprl2/waca/rnf152/snx7/atp13a2/ufl1/hspb7/rraga/arl8ba/gsk3ab/atg7/snx30/cptp/tp53inp1/gfap/stx12/ap3d1/scoca/nsfl1c/ilrun/becn1/sting1/mfsd8,72
BP,GO:0060047,heart contraction,61/3857,192/18773,0.317708333,1.546367265,3.869498199,0.000160277,0.008491986,0.00732901,tnni2a.2/fbxl22/smyhc2/trim55a/tmem65/rangrf/cmlc1/trdn/tnni2a.4/casq2/tnnc1a/tnni1d/smyd2a/vcp/emd/bin1b/ttn.2/tmem161b/vcla/lmna/tcap/icam3/tnni1b/adrb2a/bnip3lb/smyd1b/adrb2b/bag3/desma/tnni2a.3/myzap/dhrs9/mcu/vapb/si:dkey-28b4.8/kcne4/alpk2/dlst/scn4ba/myl2b/mybpc3/dspb/atp1a2a/ilk/vdac2/sgcg/scn5lab/dldh/melk/tnni4b.2/csrp3/itga3b/septin15/si:ch211-266g18.10/kcnh7/surf1/spen/erp44/tnnt2c/tnnt2e/plcg1,61
BP,GO:0003015,heart process,62/3857,196/18773,0.316326531,1.53964168,3.861887653,0.000163096,0.008497316,0.00733361,tnni2a.2/fbxl22/smyhc2/trim55a/tmem65/rangrf/cmlc1/trdn/tnni2a.4/casq2/tnnc1a/tnni1d/smyd2a/vcp/emd/bin1b/ttn.2/tmem161b/vcla/lmna/tcap/icam3/tnni1b/adrb2a/bnip3lb/smyd1b/adrb2b/bag3/desma/tnni2a.3/myzap/dhrs9/mcu/vapb/si:dkey-28b4.8/kcne4/alpk2/rbfox1l/dlst/scn4ba/myl2b/mybpc3/dspb/atp1a2a/ilk/vdac2/sgcg/scn5lab/dldh/melk/tnni4b.2/csrp3/itga3b/septin15/si:ch211-266g18.10/kcnh7/surf1/spen/erp44/tnnt2c/tnnt2e/plcg1,62
MF,GO:0004722,protein serine/threonine phosphatase activity,35/3772,95/18430,0.368421053,1.800106045,3.966142055,0.000164389,0.01035214,0.009052698,dusp22b/ssh2a/dusp1/ppm1la/ppm1db/dusp22a/dusp10/pptc7b/ctdsp2/ppp1cb/ssh2b/dusp4/ppp6c/ilkap/ctdsp1/ctdsplb/pdp1/ppef2a/ppm1h/ppp3ccb/cdkn3/ppp5c/dusp3a/ppp1r1b/si:ch211-121a2.2/ssh1b/ppm1j/cdc14b/si:ch211-203d1.3/ppp4cb/si:ch211-223p8.8/ppm1e/timm50/dusp13a/ssu72,35
MF,GO:0051087,protein-folding chaperone binding,24/3772,57/18430,0.421052632,2.057264051,4.055367574,0.000166828,0.01035214,0.009052698,dnajb4/ahsa1a/dnajb12a/zgc:56596/dnajb6b/grpel1/dnaja1/bag2/ahsa1b/bag1/dnajc2/bag3/dnajb9a/hscb/ptges3a/cdc37l1/ptges3l/pfdn6/dnaja2a/hikeshi/dnajb5/dnajb1b/timm44/bag5,24
MF,GO:0017018,myosin phosphatase activity,31/3772,81/18430,0.382716049,1.869951429,3.980436347,0.000171772,0.01035214,0.009052698,dusp22b/ssh2a/dusp1/ppm1la/ppm1db/dusp22a/dusp10/pptc7b/ctdsp2/ppp1cb/ssh2b/dusp4/ppp6c/ilkap/ctdsp1/ctdsplb/ppef2a/ppm1h/ppp3ccb/cdkn3/ppp5c/dusp3a/ppp1r1b/si:ch211-121a2.2/ssh1b/si:ch211-203d1.3/ppp4cb/si:ch211-223p8.8/ppm1e/dusp13a/ssu72,31
BP,GO:0042274,ribosomal small subunit biogenesis,27/3857,67/18773,0.402985075,1.961430855,4.008841603,0.000174503,0.008942565,0.007717882,rps16/rps19/rpsa/rps4x/srfbp1/rps8b/rps27.2/tsr2/rps14/rps7/rps21/rps15a/utp3/rps5/wdr75/riok2/rps3a/rps9/riok3/dcaf13/tsr1/ddx52/ltv1/wdr46/trmt112/nob1/utp4,27
BP,GO:0060048,cardiac muscle contraction,24/3857,57/18773,0.421052632,2.04937025,4.034721494,0.00017759,0.008953978,0.007727732,tnni2a.2/fbxl22/smyhc2/tnni2a.4/casq2/tnnc1a/tnni1d/bin1b/tmem161b/tcap/icam3/tnni1b/desma/tnni2a.3/si:dkey-28b4.8/kcne4/scn4ba/myl2b/tnni4b.2/csrp3/septin15/erp44/tnnt2c/tnnt2e,24
BP,GO:0031344,regulation of cell projection organization,65/3857,209/18773,0.311004785,1.513739389,3.797817863,0.000198156,0.009832306,0.008485773,abcc4/tncb/ulk2/col15a1b/casp3a/kctd12.1/rac2/ephb3a/arhgap35a/fignl2/kctd12.2/ezrb/tfg/dock11/twf2b/clcf1/camk2g2/sh3yl1/snap29/il6st/m17/gsk3aa/ndel1b/slit2/cdc42ep1a/tapt1b/mcm2/pak2b/appa/abitram/man1a2/znf365/mapkap1/pak1/arhgap24/plxna3/atoh7/si:ch211-247j9.1/lamb1a/ntrk1/eps8l1b/dbnlb/cdc42ep5/zmynd10/pik3cd/eps8l1a/plxnb3/reep1/nedd4l/appb/atp6v1f/plxna2/efhc2/sfpq/gsk3ab/grk5l/tiam1b/cdc42/sez6b/ntrk3a/si:ch211-66i15.4/pik3ca/eps8l2/podxl/cntfr,65
BP,GO:0007005,mitochondrion organization,68/3857,221/18773,0.307692308,1.497616721,3.783987028,0.000203144,0.009874293,0.00852201,yme1l1a/dnm1l/rrm2b/chchd4a/marchf5l/slc25a42/lyrm7/chchd10/cluha/coa3a/apoob/chchd6a/tmem126a/mfn1b/bcl2l16/cox19/cox17/ndufb2/bnip3lb/rpl37/uqcc6/spata18/dnajc11a/opa1/cibar1/uqcc1/lyrm2/bcl2b/rab5if/sdhaf2/slc25a1a/ppifb/slc30a9/mcl1b/micos13/ndufaf5/slc25a46/cox20/immt/dlst/rhot1a/pet100/phb2a/letm1/mpv17/si:dkey-88p24.11/atp13a2/mul2/bnip3/higd1a/ndufaf1/slc25a33/slc35f6/fis1/cox7a2l/ttc19/maip1/bida/mffa/slc25a36a/timm50/mief2/higd2a/twnk/surf1/supv3l1/trak1a/yme1l1b,68
BP,GO:0050853,B cell receptor signaling pathway,9/3857,13/18773,0.692307692,3.369637622,4.346013794,0.00020532,0.009874293,0.00852201,btk/syk/prkcbb/cd79b/cd79a/tec/si:ch211-243a20.4/si:dkey-52l18.4/itk,9
MF,GO:0003712,transcription coregulator activity,87/3772,299/18430,0.2909699,1.421679547,3.729122244,0.000219479,0.01176988,0.010292478,id4/kdm7ab/rybpb/sap18/tob1b/pbxip1a/tbl1xr1a/fhl2a/ppargc1b/wbp2nl/tle3a/zmiz2/sirt1/hipk2/rerea/rereb/dmap1/atxn7l3b/prkcbb/eaf1/cry1a/fhl5/ctnnb1/jupa/pbxip1b/arglu1a/id2a/sertad2b/dyrk1ab/thrap3b/sin3ab/gps2/lpin2/taf5l/mtdhb/prkcbp1l/mideasa/cited4a/mrtfbb/mier1b/irf2bp2b/ezh2/yap1/zmp:0000001236/ccdc124/crebbpa/cbfa2t3/mysm1/eny2/ncoa4/kat2a/phf2/cbfa2t2/mta2/ncor2/kat8/med13a/kdm2aa/scai/maml3/kdm3b/dnajb1b/id1/mideasb/ncoa2/kctd15a/phf12b/kat7a/hdac1/taf6l/bcor/arid5b/si:ch211-13c6.2/med19a/tle3b/cdyl/sfr1/yaf2/uri1/cdca4/ncor1/kmt2cb/mier2/pias2/med6/atxn7l3a/net1,87
MF,GO:0004715,non-membrane spanning protein tyrosine kinase activity,21/3772,48/18430,0.4375,2.137625928,4.00334564,0.000221336,0.01176988,0.010292478,tnk2a/btk/syk/tnk2b/baz1b/fes/pkdccb/ptk6b/hck/wee1/tec/srms/ptk2ba/znf143b/tnk1/csk/jak3/melk/yes1/frk/itk,21
BP,GO:0048741,skeletal muscle fiber development,31/3857,82/18773,0.37804878,1.840059569,3.876632615,0.000239392,0.011171931,0.009641936,chrna1/actn2b/ryr1a/lmod3/klhl41a/mybpc1/col6a1/dok7b/myog/zgc:112052/inpp5ka/dag1/tcap/adss1/six1b/smyd1b/cavin4b/myod1/neu1/spry4/mymk/myorg/fkrp/rbfox1l/klhl40a/lgals2a/smo/myo18ab/mpv17/myf6/hnrnpl2,31
BP,GO:0080134,regulation of response to stress,90/3857,311/18773,0.289389068,1.408530196,3.694187105,0.000243784,0.011171931,0.009641936,dhx30/tncb/mavs/usp4/f2r/dnajb6b/smyd2a/ptpn22/si:dkey-237i9.1/pik3r6b/usp14/grna/tnfaip6/tmsb/rps19/slc15a2/tlr9/fignl2/kmt5b/tlr22/metrnla/rnft2/ndrg1a/ptger4b/pparaa/clcf1/tlr18/nr1h4/rnf169/ripk1l/herpud1/il6st/cd248b/dpp9/babam2/m17/usp1/rpl11/cxcl8a/otud4/foxo3b/rmi2/mia3/cd248a/uba1/nr1h5/gp9/sesn1/wdr76/unc93b1/atm/marchf8/si:dkey-237j10.2/sesn4/yju2/znf365/irf1b/lgals2a/ahsg2/mettl3/ppardb/zdhhc18a/eef1e1/ifih1/cpb2/sema7a/tlr3/cd74a/ninj1/ufl1/plg/zmp:0000000936/mapkapk2a/sigirr/mmp9/sfpq/serpinc1/cptp/lgr4/ube2nb/ikbke/irak4/pros1/wdr48b/rnf8/f2/sting1/pparab/kng1/cntfr,90
CC,GO:0062023,collagen-containing extracellular matrix,66/3978,214/19331,0.308411215,1.498717244,3.734247448,0.00024386,0.00407482,0.003254225,col5a1/col5a3a/col5a2a/col1a2/col1a1a/tncb/tnn/col6a1/col22a1/col6a2/lamb2/fibcd1b/col15a1b/angptl5/plod1a/prg4b/tnxba/dag1/col16a1/loxl2b/marco/elnb/scara3/frem3/vtna/abi3bpb/col4a5/gpc5b/lama4/col4a1/col18a1a/hapln1b/slc35c2/vcanb/ptprh/colec12/sparc/hspg2/col4a2/lamc1/si:ch211-196i2.1/hapln1a/ncanb/vcana/bcan/nid2a/fras1/angptl4/lamb1a/col11a1a/coch/gpc1b/matn4/lamc3/col4a6/colq/gpc6a/col5a2b/lama1/thbs1b/fgl1b/col2a1a/fgg/lamc2/f2/ntn4,66
BP,GO:0006936,muscle contraction,46/3857,137/18773,0.335766423,1.634260582,3.788833838,0.000246126,0.011171931,0.009641936,tnni2a.2/tnnt1/tpm3/fbxl22/myhb/smyhc2/ryr1a/lmod3/tnni2a.4/zgc:153184/casq2/tnnc1a/col22a1/stac/tnni1d/lmod2b/lsp1a/bin1b/atp2a1/casq1a/tmem161b/tcap/icam3/tnni1b/gdnfa/tpm2/sulf2b/tpm1/gja2/desma/tnni2a.3/si:dkey-28b4.8/kcne4/tnnc2.1/scn4ba/myl2b/si:dkey-63b1.1/edn1/synm/tnni4b.2/csrp3/septin15/rock2a/erp44/tnnt2c/tnnt2e,46
BP,GO:0006457,protein folding,51/3857,156/18773,0.326923077,1.591217766,3.770585826,0.000246597,0.011171931,0.009641936,hsp70.3/dnajb4/unc45b/hspa8/ahsa1a/hspa4a/dnajb12a/hspb1/cct4/chchd4a/dnajb6b/hsp90aa1.1/cct5/hsp90ab1/grpel1/pfdn2/dnaja1/cct8/pfdn1/ahsa1b/hspa5/dnajc2/si:dkey-1k23.3/tbca/ppiab/hspa14/ptges3a/hsc70/cct3/ppie/cdc37l1/ppifb/cct2/nudcd2/ranbp2/ptges3l/qsox1/pfdn6/dnaja2a/nudcd3/fkbp11/cct7/dnajb5/cct6a/fkbp10a/hspb9/vbp1/dnajb1b/erp44/tcp1/ppih,51
MF,GO:0003714,transcription corepressor activity,35/3772,97/18430,0.360824742,1.762990456,3.821972623,0.000262573,0.012282027,0.010740338,id4/sap18/tob1b/tbl1xr1a/tle3a/sirt1/hipk2/rerea/rereb/dmap1/eaf1/cry1a/id2a/sin3ab/prkcbp1l/mideasa/mier1b/irf2bp2b/cbfa2t3/cbfa2t2/mta2/ncor2/scai/dnajb1b/id1/mideasb/kctd15a/phf12b/hdac1/bcor/tle3b/cdyl/uri1/ncor1/mier2,35
BP,GO:0006913,nucleocytoplasmic transport,40/3857,115/18773,0.347826087,1.692958032,3.790331666,0.000266336,0.011726307,0.010120391,alyref/nup93/tnpo3/zc3h11a/nutf2/ipo9/ddx19b/nkd1/eif6/kpna4/sarnp/tnpo2a/desi1a/snupn/ranbp2/ipo7/xpo1b/lsg1/kpna5/nup153/xpo6/nxt2/nup62l/rpain/xpo1a/hikeshi/nup88/eny2/ltv1/cse1l/mdn1/uhmk1/ddx39b/rangap1a/ddx39ab/sec13/ipo13b/kpna2/kpna3/nup160,40
BP,GO:0051169,nuclear transport,40/3857,115/18773,0.347826087,1.692958032,3.790331666,0.000266336,0.011726307,0.010120391,alyref/nup93/tnpo3/zc3h11a/nutf2/ipo9/ddx19b/nkd1/eif6/kpna4/sarnp/tnpo2a/desi1a/snupn/ranbp2/ipo7/xpo1b/lsg1/kpna5/nup153/xpo6/nxt2/nup62l/rpain/xpo1a/hikeshi/nup88/eny2/ltv1/cse1l/mdn1/uhmk1/ddx39b/rangap1a/ddx39ab/sec13/ipo13b/kpna2/kpna3/nup160,40
BP,GO:0006413,translational initiation,35/3857,97/18773,0.360824742,1.756225794,3.797076315,0.000283798,0.012321553,0.010634118,eif4e3/eif4g2a/eif3ja/eif3ha/eif4g1a/eif4a2/polr2g/eif4ebp2/bzw2/eif4e1c/mif4gdb/eif6/eif3k/ybx1/eif3ea/eif2a/eif3s6ip/eif2ak2/mettl3/eif3m/eif4ebp1/eif4e2/eif5a/eif4h/eif3d/eif3f/uhmk1/eif1ad/eif4g3a/eif4eb/denr/eif5b/eif4a1a/paip1/eif2s3,35
CC,GO:0008540,"proteasome regulatory particle, base subcomplex",8/3978,11/19331,0.727272727,3.534165181,4.279365613,0.000288675,0.004672921,0.003731879,psmc6/psmc1a/psmd4a/psmd2/psmc5/psmc3/psmc4/psmc2,8
MF,GO:0045182,translation regulator activity,49/3772,150/18430,0.326666667,1.596094026,3.718533272,0.000299506,0.012282027,0.010740338,eif4e3/dap1b/eif4g2a/rpl10/gfm1/eif3ja/eif3ha/eif4g1a/eif4a2/eif4ebp2/rack1/gtpbp1l/eif4e1c/mif4gdb/eif6/cpeb4a/eif3k/eefsec/eif3ea/eif2a/eif3s6ip/samd4a/gspt1l/eef2k/nanos1/eif3m/elof1/eef1e1/eif4ebp1/fxr2/eif4e2/nelfb/eif5a/eif4h/eif3d/eif3f/mtrfr/eif1ad/eef2b/eif4g3a/eef1a1l1/eif4eb/tcea3/eef1g/denr/eif5b/eif4a1a/paip1/eif2s3,49
MF,GO:0008237,metallopeptidase activity,57/3772,181/18430,0.314917127,1.538685751,3.694490958,0.000299532,0.012282027,0.010740338,yme1l1a/zgc:152830/psmd14/ece1/pm20d1.2/psmd7/xpnpep2/eif3ha/erap2/agbl5/cpxm1a/uqcrc2b/pmpcb/pappa2/pepd/afg3l1/adamts9/stambpa/ybey/anpepa/mmp11b/naaladl1/npsn/xpnpep3/pmpca/spg7/npepps/lta4h/adam8a/adam9b/trabd2b/aopep/adamts3/mysm1/mmp19/cpb2/cpda/adam28/phex/mmp14b/adamts12/adamts17/xpnpep1/adam9a/cpe/eif3f/mmp9/nln/mmp15b/adamts2a/mep1a.1/mmp15a/mipepa/mmp16b/adam22/naalad2/yme1l1b,57
MF,GO:0004869,cysteine-type endopeptidase inhibitor activity,10/3772,16/18430,0.625,3.053751326,4.169012018,0.000300289,0.012282027,0.010740338,cst14b.2/cst3/cst14a.1/ctsf/si:busm1-57f23.1/ahsg2/cast/fetub/cst14a.2/kng1,10
MF,GO:0042805,actinin binding,10/3772,16/18430,0.625,3.053751326,4.169012018,0.000300289,0.012282027,0.010740338,csrp1a/pdlim3b/pdlim5a/ldb3b/pdlim4/pdlim7/pdlim1/pdlim5b/csrp2/csrp3,10
BP,GO:1903034,regulation of response to wounding,17/3857,36/18773,0.472222222,2.298425662,3.965265004,0.000301632,0.012916446,0.011147541,tncb/f2r/tmsb/fignl2/clcf1/il6st/m17/gp9/lgals2a/cpb2/plg/sfpq/serpinc1/pros1/f2/kng1/cntfr,17
BP,GO:0014904,myotube cell development,31/3857,83/18773,0.373493976,1.817890176,3.797373298,0.000307748,0.012941058,0.011168782,chrna1/actn2b/ryr1a/lmod3/klhl41a/mybpc1/col6a1/dok7b/myog/zgc:112052/inpp5ka/dag1/tcap/adss1/six1b/smyd1b/cavin4b/myod1/neu1/spry4/mymk/myorg/fkrp/rbfox1l/klhl40a/lgals2a/smo/myo18ab/mpv17/myf6/hnrnpl2,31
CC,GO:0045335,phagocytic vesicle,17/3978,36/19331,0.472222222,2.294753086,3.957924499,0.000307872,0.004832652,0.003859444,slc15a2/rab11fip5a/rab9a/rab5b/srgap2/ctss2.2/inpp5b/rab8b/appl1/sybl1/rab7a/rab9b/pip4p2/rab11a/si:dkey-13a21.4/rab14/snx3,17
BP,GO:0009067,aspartate family amino acid biosynthetic process,10/3857,16/18773,0.625,3.042033964,4.155230961,0.000310486,0.012941058,0.011168782,bhmt/got1/zgc:172121/aass/adi1/mri1/asnsd1/aasdhppt/apip/mtrr,10
MF,GO:0004721,phosphoprotein phosphatase activity,61/3772,197/18430,0.30964467,1.512924515,3.671612769,0.000312485,0.012282027,0.010740338,pgp/dusp28/dusp22b/ssh2a/dusp1/ppm1la/ppm1db/ptpn22/mtmr3/ptpn18/dusp22a/dusp10/ptpn3/ptpn6/pptc7b/ptpn2a/si:dkey-51e6.1/ptprua/ctdsp2/ppp1cb/ssh2b/dusp4/ptprn2/ppp6c/ilkap/ctdsp1/cdc25b/ptprh/ctdsplb/pdp1/ppef2a/ppm1h/ppp3ccb/cdkn3/epm2a/ppp5c/dusp3a/ppp1r1b/si:ch211-121a2.2/ssh1b/ppm1j/cdc14b/ptprea/ptprb/ptpn11b/si:ch211-203d1.3/ctdspl2a/ptprq/ppp4cb/si:ch211-223p8.8/ppm1e/ptprc/dusp23b/tns1a/timm50/ptprna/ptprz1b/ptpn13/dusp13a/ssu72/ptp4a1,61
BP,GO:0009117,nucleotide metabolic process,81/3857,277/18773,0.292418773,1.423276541,3.608935167,0.000339387,0.013959504,0.012047751,rrm2b/adka/prkag2b/atpsckmt/rfk/dhodh/eno1a/ak4/pde4ca/gpd1c/ampd3a/nt5c2a/kars1/aldob/pde4ba/ak3/gpib/adss1/atp6v1ab/hk1/gpd1b/nudt3b/opa1/nampt1/eno1b/pfkma/atp5mc3b/pde4d/atp5f1e/tigara/umps/prps1a/nme2b.1/pkma/nadkb/nme4/dlst/hprt1l/idh1/nt5c3a/insra/park7/paics/atic/mpv17/nudt12/cnp/antkmt/flad1/itpa/nadk2/gucy1a1/rpia/adpgk2/ampd2b/adcy5/gucy1a2/pklr/ctps1b/adcy1a/papss2b/uck2b/uck1/eno2/tyms/fhit/prpsap2/hprt1/dtymk/atp5pb/taldo1/nt5c1aa/nme7/gapdhs/gart/atp5pf/pde4bb/atp5l/rrm1/prkag3b/ctps1a,81
BP,GO:0120035,regulation of plasma membrane bounded cell projection organization,63/3857,206/18773,0.305825243,1.488529241,3.585148999,0.000408294,0.016575658,0.014305624,abcc4/tncb/ulk2/col15a1b/casp3a/kctd12.1/rac2/ephb3a/arhgap35a/fignl2/kctd12.2/ezrb/tfg/dock11/twf2b/clcf1/camk2g2/sh3yl1/snap29/il6st/m17/gsk3aa/ndel1b/slit2/cdc42ep1a/tapt1b/mcm2/pak2b/appa/abitram/man1a2/znf365/pak1/arhgap24/plxna3/atoh7/si:ch211-247j9.1/lamb1a/ntrk1/eps8l1b/dbnlb/cdc42ep5/zmynd10/pik3cd/eps8l1a/plxnb3/reep1/nedd4l/appb/atp6v1f/plxna2/efhc2/sfpq/gsk3ab/grk5l/tiam1b/cdc42/sez6b/ntrk3a/pik3ca/eps8l2/podxl/cntfr,63
BP,GO:0003013,circulatory system process,85/3857,295/18773,0.288135593,1.402429217,3.542639295,0.000415096,0.016635777,0.01435751,tnni2a.2/fbxl22/smyhc2/trim55a/tmem65/rangrf/cmlc1/trdn/tnni2a.4/casq2/tnnc1a/tnni1d/smyd2a/vcp/emd/agtr1b/nos1/bin1b/ttn.2/tmem161b/ednrba/vcla/lmna/tcap/icam3/tnni1b/npc2.1/adrb2a/bnip3lb/smyd1b/adrb2b/bag3/wt1a/desma/tnni2a.3/avpr2ab/plvapb/myzap/dhrs9/acvrl1/mcu/vapb/si:dkey-28b4.8/agt/kcne4/alpk2/vcana/rbfox1l/dlst/tjp1b/scn4ba/avpr1ab/myl2b/pawr/mybpc3/dspb/tjp2a/atp1a2a/ilk/si:dkey-63b1.1/mfsd2ab/vdac2/sgcg/scn5lab/sulf1/plcb3/prcp/dldh/scube2/edn1/melk/abraa/tnni4b.2/csrp3/itga3b/septin15/npc1/si:ch211-266g18.10/kcnh7/surf1/spen/erp44/tnnt2c/tnnt2e/plcg1,85
BP,GO:0008015,blood circulation,83/3857,287/18773,0.289198606,1.407603172,3.538432654,0.000424712,0.016805699,0.014504161,tnni2a.2/fbxl22/smyhc2/trim55a/tmem65/rangrf/cmlc1/trdn/tnni2a.4/casq2/tnnc1a/tnni1d/smyd2a/vcp/emd/agtr1b/nos1/bin1b/ttn.2/tmem161b/ednrba/vcla/lmna/tcap/icam3/tnni1b/npc2.1/adrb2a/bnip3lb/smyd1b/adrb2b/bag3/wt1a/desma/tnni2a.3/avpr2ab/plvapb/myzap/dhrs9/acvrl1/mcu/vapb/si:dkey-28b4.8/agt/kcne4/alpk2/vcana/dlst/tjp1b/scn4ba/avpr1ab/myl2b/pawr/mybpc3/dspb/tjp2a/atp1a2a/ilk/si:dkey-63b1.1/vdac2/sgcg/scn5lab/sulf1/plcb3/prcp/dldh/scube2/edn1/melk/abraa/tnni4b.2/csrp3/itga3b/septin15/npc1/si:ch211-266g18.10/kcnh7/surf1/spen/erp44/tnnt2c/tnnt2e/plcg1,83
MF,GO:0140662,ATP-dependent protein folding chaperone,17/3772,37/18430,0.459459459,2.244919893,3.845168287,0.000430869,0.016229415,0.014192234,hsp70.3/hspa8/hspa4a/cct4/hsp90aa1.1/cct5/hsp90ab1/cct8/hspa5/hspa12a.3/hspa14/hsc70/cct3/cct2/cct7/cct6a/tcp1,17
BP,GO:0002521,leukocyte differentiation,47/3857,144/18773,0.326388889,1.588617737,3.605568278,0.000439964,0.017191576,0.014837192,spi1b/rpl22/rac2/bcl6aa/arpc1b/inpp5d/tnpo3/pbx1a/irf7/ptpn6/asxl1/rpl10a/mafbb/cd79b/sh3rf1/stat5a/csf1ra/usb1/cd79a/opa1/hax1/cdk9/upf1/sumf1/slc39a7/irf2bp2b/pak1/sart3/gata1a/mettl3/csf3r/snapc3/kat2a/nelfb/runx1/si:ch211-243a20.4/ncor2/nrros/srp54/lsm8/jak3/ncoa2/etsrp/prkdc/ncor1/plcg1/itk,47
CC,GO:0048471,perinuclear region of cytoplasm,46/3978,140/19331,0.328571429,1.596685341,3.606718728,0.00044308,0.006750461,0.005391041,unc45b/rangrf/prkra/rtraf/myo16/hsp90aa1.1/rapgef2b/hsp90ab1/pde4ca/dnaja1/pick1/twf2b/pde4ba/tlk2/usp33/sh3rf1/ptges/dnajc6/osbpl7/pdlim4/cpeb4a/pikfyve/upf1/pde4d/pdlim7/cdkn3/ndfip1/nanos1/osbp2b/ap1s1/th/akap12b/ndor1/lamb1a/optn/cdh2/eif4h/pleca/prkcda/myripa/exoc8/rangap1a/pde4bb/osbpl3b/cav2/sting1,46
BP,GO:0016072,rRNA metabolic process,56/3857,179/18773,0.312849162,1.522716442,3.573223392,0.000447731,0.017279094,0.014912724,sart1/rps16/si:dkey-251i10.3/znhit6/c1d/mrpl44/srfbp1/rps8b/tsr2/eri1/dimt1l/las1l/mphosph10/exosc5/rpl7a/rps7/rps21/mrm1/rpl7/bud23/utp3/wdr75/riok2/ybey/eif6/rpl35/pelo/nop2/nsa2/macroh2a1/riok3/ncl/dcaf13/exosc7/tsr1/nop53/tfb1m/mrm3a/ddx52/ltv1/esf1/fcf1/wdr46/emg1/pop7/drosha/trmt112/utp11/nob1/polr1a/ddx10/exosc4/sde2/rpf1/utp4/krr1,56
BP,GO:0060284,regulation of cell development,76/3857,259/18773,0.293436293,1.428229074,3.52882244,0.000453523,0.017289167,0.014921418,p2ry12/mturn/tncb/her9/ulk2/myog/grna/serpinf1/swap70b/rps19/spi1b/rflnb/bcl6aa/sirt1/inpp5d/irf7/ptpn6/asxl1/mafbb/p4htmb/sh3rf1/dicer1/stat5a/smyd1b/myod1/csf1ra/neu1/hapln1b/mymk/daam2/opa1/slit2/klf17/cdk9/fkrp/vcanb/numbl/hapln1a/ncanb/vcana/numb/bcan/irf2bp2b/lgals2a/plxna3/ezh2/hey1/sox10/atoh7/gata1a/mettl3/csf3r/mpv17/dbnlb/myf6/fxr2/kat2a/nlk1/nelfb/plxnb3/znf16l/runx1/cdh2/si:ch211-243a20.4/bhlhe41/si:dkeyp-68b7.7/hnrnpl2/her4.3/plxna2/lama1/zbtb16a/mmp9/id1/hdac1/tiam1b/alcama,76
CC,GO:0031430,M band,12/3978,22/19331,0.545454545,2.650623886,3.943040756,0.000457136,0.006765606,0.005403136,lmod3/klhl41a/mybpc1/myom2a/myom1b/igfn1.3/mybpha/ttn.2/mybpc2a/smyd1b/mybpc2b/mybpc3,12
BP,GO:0006606,protein import into nucleus,21/3857,50/18773,0.42,2.044246824,3.759710034,0.000461408,0.017377841,0.014997948,nup93/tnpo3/nutf2/ipo9/nkd1/kpna4/tnpo2a/snupn/ranbp2/ipo7/kpna5/nup153/nup62l/rpain/hikeshi/nup88/cse1l/sec13/ipo13b/kpna2/kpna3,21
BP,GO:0031101,fin regeneration,33/3857,92/18773,0.358695652,1.745862971,3.646756829,0.000472255,0.017574648,0.015167802,hspa8/faf1/col1a1a/col22a1/inhbaa/lrp5/jag1b/sirt1/il1b/scn8ab/atp6v1e1b/junbb/tubb5/hapln1a/axin1/nid2a/ezh2/yap1/lamb1a/serpinh1b/dspb/has2/mta2/ddx52/vdac2/erbb3b/mmp9/hdac1/prdx5/igf2b/bglap/plcg1/notch1b,33
CC,GO:0030312,external encapsulating structure,94/3978,333/19331,0.282282282,1.371744293,3.483085833,0.000486983,0.00681776,0.005444787,col5a1/apoeb/col5a3a/col5a2a/col1a2/col1a1a/tncb/postna/mfap5/tnn/col6a1/col22a1/col6a2/lamb2/fibcd1b/col15a1b/angptl5/plod1a/prg4b/tnxba/dag1/col16a1/spon2b/loxl2b/marco/elnb/scara3/frem3/vtna/abi3bpb/col4a5/gpc5b/lama4/col4a1/col18a1a/hapln1b/adamts9/slc35c2/mmp11b/postnb/vcanb/ptprh/colec12/sparc/hspg2/col4a2/lamc1/si:ch211-196i2.1/hapln1a/ncanb/lingo3a/vcana/bcan/nid2a/fras1/ahsg2/angptl4/fbn2b/spon1a/lamb1a/col11a1a/coch/adamts3/gpc1b/mmp19/matn4/lamc3/mmp14b/nrros/col4a6/colq/adamts17/ccn4a/gpc6a/col5a2b/lama1/thbs1b/fgl1b/mmp9/lrig2/col2a1a/mmp15b/zp3b/adamts2a/fgg/mmp15a/sspo/tgfbi/lamc2/hpse2/mmp16b/f2/igfals/ntn4,94
CC,GO:0031012,extracellular matrix,94/3978,333/19331,0.282282282,1.371744293,3.483085833,0.000486983,0.00681776,0.005444787,col5a1/apoeb/col5a3a/col5a2a/col1a2/col1a1a/tncb/postna/mfap5/tnn/col6a1/col22a1/col6a2/lamb2/fibcd1b/col15a1b/angptl5/plod1a/prg4b/tnxba/dag1/col16a1/spon2b/loxl2b/marco/elnb/scara3/frem3/vtna/abi3bpb/col4a5/gpc5b/lama4/col4a1/col18a1a/hapln1b/adamts9/slc35c2/mmp11b/postnb/vcanb/ptprh/colec12/sparc/hspg2/col4a2/lamc1/si:ch211-196i2.1/hapln1a/ncanb/lingo3a/vcana/bcan/nid2a/fras1/ahsg2/angptl4/fbn2b/spon1a/lamb1a/col11a1a/coch/adamts3/gpc1b/mmp19/matn4/lamc3/mmp14b/nrros/col4a6/colq/adamts17/ccn4a/gpc6a/col5a2b/lama1/thbs1b/fgl1b/mmp9/lrig2/col2a1a/mmp15b/zp3b/adamts2a/fgg/mmp15a/sspo/tgfbi/lamc2/hpse2/mmp16b/f2/igfals/ntn4,94
MF,GO:0003743,translation initiation factor activity,27/3772,71/18430,0.38028169,1.858057145,3.674686075,0.000495151,0.017904668,0.015657202,eif4e3/eif4g2a/eif3ja/eif3ha/eif4g1a/eif4a2/eif4ebp2/eif4e1c/eif6/eif3k/eif3ea/eif2a/eif3s6ip/eif3m/eif4ebp1/eif4e2/eif5a/eif4h/eif3d/eif3f/eif1ad/eif4g3a/eif4eb/denr/eif5b/eif4a1a/eif2s3,27
BP,GO:0048872,homeostasis of number of cells,53/3857,168/18773,0.31547619,1.535502858,3.545320498,0.00050225,0.018470983,0.015941384,p2ry12/tnfsf13b/nr4a3/abcb10/casp3a/hmgcs1/rps19/spi1b/rac2/bdh2/nr4a2a/rps14/hif1al/rplp1/rpl35a/kif2c/nemp1/rps15a/rps3/ift88/rpl27/p4htmb/stat5a/rpl18/rpl11/csnk2b/rps29/rpl35/elavl1a/klf17/numbl/sparc/polr3h/hdac9b/rps9/gata2a/numb/polr3k/sart3/sox10/alas2/gata1a/csf3r/ncoa4/ufl1/slc4a1a/melk/gfi1b/tspo/sae1/crcp/snx3/fam210b,53
BP,GO:0051604,protein maturation,99/3857,355/18773,0.278873239,1.357346986,3.456503255,0.000522134,0.01886493,0.01628138,hsp70.3/yme1l1a/dnajb4/unc45b/hspa8/ahsa1a/hspa4a/dnajb12a/hspb1/cct4/chchd4a/pmm2/dnajb6b/hsp90aa1.1/ece1/lmf2a/cct5/hsp90ab1/grpel1/pfdn2/dnaja1/cct8/pfdn1/ahsa1b/hspa5/dhps/pmpcb/naa10/atg4b/isca2/ddi2/dnajc2/si:dkey-1k23.3/tbca/ppiab/afg3l1/atg4da/naa30/hspa14/f13a1b/ptges3a/hsc70/cct3/naa35/ppie/myrf/cdc37l1/ppifb/pmpca/cct2/nudcd2/pcsk5a/ranbp2/ptges3l/atg4c/spg7/furina/cfd/qsox1/pfdn6/cast/dnaja2a/nfu1/nudcd3/fkbp11/adamts3/pigo/cct7/cpda/dnajb5/dhh/naa60/st14a/cct6a/runx1/fkbp10a/phex/mmp14b/tmem260/hspb9/ercc6l/naa20/vbp1/cpe/hm13/lias/dnajb1b/mms19/slc30a5/lipt2/pisd/fgg/mipepa/pigu/erp44/tcp1/ppih/naa50/yme1l1b,99
BP,GO:0071826,protein-RNA complex organization,42/3857,126/18773,0.333333333,1.622418114,3.564650172,0.000530692,0.01886493,0.01628138,snrpe/znhit6/dyrk3/rpl38/rps19/rpsa/ddx28/rps27.2/rps14/rpl5a/eif3ja/eif3ha/tfip11/gemin6/rps5/eif6/eif3k/snrpg/ptges3a/eif3ea/luc7l3/eif3s6ip/yju2/clp1/sart3/prpf6/eif3m/celf3a/nop53/celf2/nopchap1/eif3d/clns1a/mdn1/prpf31/snrpd1/eif3f/khdc4/snrpd2/denr/sf3b1/eif2s3,42
BP,GO:1902532,negative regulation of intracellular signal transduction,58/3857,188/18773,0.308510638,1.501599744,3.51486665,0.000531066,0.01886493,0.01628138,deptor/pik3ip1/dusp1/arhgap45b/si:dkey-237i9.1/nfkbiaa/inpp5ka/bcl6aa/ddit4/dusp10/ptpn2a/herpud1/aida/il17rd/arhgap25/dusp4/gsk3aa/spry4/stambpa/tnfaip8l1/aplnrb/mapkapk5/sesn1/atm/tp53bp2b/arhgap17a/strn3/kctd13/sesn4/gmip/yju2/arhgap24/akap12b/si:ch211-247j9.1/tnip1/arhgap22b/si:ch211-121a2.2/nprl2/rnf152/arhgap29b/cd74a/ufl1/tsc1b/si:ch211-223p8.8/arnt/gsk3ab/grk5l/cptp/bcor/kptn/chuk/pde10a/uri1/dlg5a/dusp13a/kank2/sh3bp1/castor2,58
MF,GO:0032182,ubiquitin-like protein binding,28/3772,75/18430,0.373333333,1.824107458,3.627744149,0.000556658,0.018938927,0.016561638,faf1/ubxn2a/tollip/nploc4/plaa/tsg101a/usp13/cbx4/zgc:123278/smarcad1b/pcf11/cuedc1b/tab2/aup1/faf2/shrprbck1r/otub1a/ube2nb/uspl1/wdr48b/nsfl1c/rnf8/ilrun/ascc2/rad23aa/usp18/ubxn7/dcun1d2a,28
MF,GO:0008135,"translation factor activity, RNA binding",41/3772,123/18430,0.333333333,1.628667374,3.54865889,0.000565654,0.018938927,0.016561638,eif4e3/eif4g2a/gfm1/eif3ja/eif3ha/eif4g1a/eif4a2/eif4ebp2/gtpbp1l/eif4e1c/eif6/cpeb4a/eif3k/eefsec/eif3ea/eif2a/eif3s6ip/gspt1l/eef2k/eif3m/elof1/eef1e1/eif4ebp1/eif4e2/nelfb/eif5a/eif4h/eif3d/eif3f/mtrfr/eif1ad/eef2b/eif4g3a/eef1a1l1/eif4eb/tcea3/eef1g/denr/eif5b/eif4a1a/eif2s3,41
BP,GO:0006364,rRNA processing,51/3857,161/18773,0.316770186,1.541801065,3.510833029,0.000570279,0.01980769,0.01709503,sart1/rps16/si:dkey-251i10.3/znhit6/c1d/mrpl44/srfbp1/rps8b/tsr2/eri1/dimt1l/las1l/mphosph10/rpl7a/rps7/rps21/mrm1/rpl7/bud23/utp3/wdr75/riok2/ybey/eif6/rpl35/nop2/nsa2/riok3/ncl/dcaf13/exosc7/tsr1/nop53/tfb1m/mrm3a/ddx52/ltv1/esf1/fcf1/wdr46/emg1/pop7/drosha/trmt112/utp11/nob1/ddx10/sde2/rpf1/utp4/krr1,51
BP,GO:0022411,cellular component disassembly,51/3857,161/18773,0.316770186,1.541801065,3.510833029,0.000570279,0.01980769,0.01709503,zgc:136908/lmod3/rubcn/scinlb/cfl1l/dyrk3/vcp/lmod2b/svila/twf2b/nemp1/scinla/tfip11/add3a/napab/ogfod1/dffb/dicer1/capza1a/dnase2/rack1/gfm2/dnajc6/map1lc3c/si:ch211-266i6.3/nsfa/ltn1/plekhh2/pelo/pcf11/scin/ufsp2/eef2k/atad2b/gabarapl2/tmem39a/znf598/mical2b/add2/eif5a/mical1/flii/stmn1b/ufl1/capgb/mtrfr/map1aa/nckap5l/scaf4a/apc/mfsd8,51
BP,GO:0014902,myotube differentiation,36/3857,104/18773,0.346153846,1.684818811,3.56111278,0.000583661,0.020049722,0.017303915,chrna1/actn2b/ryr1a/lmod3/klhl41a/mybpc1/col6a1/dok7b/rbm24a/myog/dock5/zgc:112052/inpp5ka/dag1/tcap/crk/adss1/six1b/smyd1b/cavin4b/myod1/neu1/spry4/mymk/myorg/jam3b/fkrp/rbfox1l/klhl40a/lgals2a/plekho1b/smo/myo18ab/mpv17/myf6/hnrnpl2,36
MF,GO:0005200,structural constituent of cytoskeleton,21/3772,51/18430,0.411764706,2.011883226,3.670742451,0.000600768,0.019198635,0.016788746,actb1/tubb2b/tubb2/tubd1/zgc:55461/tuba8l4/lmna/actb2/tuba8l3/nefma/arpc2/tubb5/tln2a/tubb4bl/tuba1c/tuba5/lmnb1/pleca/synm/gfap/tln1,21
BP,GO:0060491,regulation of cell projection assembly,26/3857,68/18773,0.382352941,1.861009013,3.61690584,0.000602919,0.020486156,0.01768058,abcc4/rac2/ezrb/dock11/twf2b/sh3yl1/cdc42ep1a/tapt1b/mcm2/appa/abitram/man1a2/mapkap1/arhgap24/si:ch211-247j9.1/lamb1a/eps8l1b/cdc42ep5/zmynd10/eps8l1a/appb/atp6v1f/grk5l/cdc42/eps8l2/podxl,26
BP,GO:0032787,monocarboxylic acid metabolic process,90/3857,319/18773,0.282131661,1.373206554,3.418639062,0.000609765,0.02049596,0.017689041,acadl/pcxb/abhd2a/acsl1a/cpt2/pck1/prkag2b/mmut/zgc:56585/pm20d1.2/elovl6/eno1a/tle3a/slc27a6/slc27a4/hpgd/cpt1b/asah1b/aldob/pparaa/auh/fasn/ccdc57/ldhba/cpt1a2b/pdk2a/acss2/gpib/me2/ptges/hk1/tecrb/cyp7a1/acot20/lpin2/ptges3a/acot22/dcaf5/eno1b/pfkma/hsd17b10/echs1/si:ch211-256m1.8/acad11/ilvbl/tigara/elovl5/hyi/pkma/mpc1/idh1/acsbg2/insra/park7/aclya/acot19/ppardb/abat/gamt/pdhx/adpgk2/phyh/hao1/ptgis/pklr/dldh/gad1b/lias/acsl5/fasn2/ndufab1b/acsf2/lpla/eno2/acacb/pdha1a/lipg/ptgs2b/decr1/olah/gapdhs/acox1/scdb/zgc:85777/prkag3b/apc/pparab/ldhd/peds1/rdh10a,90
MF,GO:0003729,mRNA binding,80/3772,279/18430,0.286738351,1.401004192,3.423734701,0.000625464,0.019198635,0.016788746,msi1b/ddx17/alyref/rbm24a/eif4g2a/g3bp2a/rps26/cluha/igf2bp2a/srsf1a/rpl24/carhsp1/rc3h1b/dcp1a/lsm14aa/ddx61/syncripl/eif4g1a/rbm15/ddx19b/si:ch1073-335m2.2/rps5/rbm38/secisbp2/rbm42/ddx59/snrnp35/igf2bp3/rpl13a/ddx5/cpeb4a/rpl35/elavl1a/eif2a/luc7l3/pcf11/ythdf1/ddx21/hnrnpa3/samd4a/srsf4/ncbp3/rbfox1l/aco1/larp4aa/nanos1/atxn2/ncl/mettl3/park7/exosc7/celf3a/ddx6/atxn2l/fxr2/celf2/cryz/pcbp2/eif3d/zfp36l2/hnrnpl2/rbm8a/lsm8/ddx39b/ptbp1a/a1cf/ddx39ab/pcbp3/cdc40/esrp1/cstf3/g3bp1/eif4g3a/mrpl12/spen/hnrnpd/srsf5a/sf3b1/ddx3xa/esrp2,80
BP,GO:0051170,import into nucleus,21/3857,51/18773,0.411764706,2.004163553,3.651466551,0.00063401,0.021084212,0.018196732,nup93/tnpo3/nutf2/ipo9/nkd1/kpna4/tnpo2a/snupn/ranbp2/ipo7/kpna5/nup153/nup62l/rpain/hikeshi/nup88/cse1l/sec13/ipo13b/kpna2/kpna3,21
MF,GO:0016627,"oxidoreductase activity, acting on the CH-CH group of donors",23/3772,58/18430,0.396551724,1.937552565,3.627695056,0.000637123,0.019198635,0.016788746,acadl/acad8/acad9/si:ch211-210c8.6/blvra/acadsb/dhodh/bdh2/fasn/acadvl/sdha/tecrb/dhcr7/dus1l/acad11/sdhb/ivd/blvrb/decr1/acox1/retsat.2/zgc:85777/cpox,23
BP,GO:2000026,regulation of multicellular organismal development,120/3857,446/18773,0.269058296,1.309575159,3.364664373,0.000664019,0.021849727,0.01885741,p2ry12/mturn/tncb/her9/ulk2/rnf10/grna/phospho1/lrp5/serpinf1/tars1/swap70b/rps19/spi1b/rflnb/ephb3a/bcl6aa/itgb1a/sirt1/inpp5d/loxl2b/irf7/ptpn6/asxl1/mafbb/p4htmb/gdnfa/sh3rf1/dlx3b/lama4/dicer1/stat5a/srpx2/rack1/mafgb/csf1ra/igf2bp3/esrra/hapln1b/daam2/aplnrb/opa1/elavl1a/arhgap18/slit2/klf17/disc1/cdk9/vcanb/lrp1aa/mtdhb/numbl/fgf1a/tapt1b/myrf/mvda/cemip2/maff/hapln1a/sumf1/ncanb/vcana/nme2b.1/gata2a/numb/gbx1/fgf23/bcan/irf2bp2b/lgals2a/ahsg2/plxna3/ezh2/hey1/tgfb3/sox10/nup62l/yjefn3/atoh7/foxo3a/gata1a/ncl/mettl3/csf3r/dbnlb/fxr2/kat2a/nlk1/nelfb/plxnb3/znf16l/runx1/si:ch211-243a20.4/bhlhe41/sox5/ninj1/si:dkeyp-68b7.7/prkd1/her4.3/plxna2/lama1/thbs1b/zbtb16a/mmp9/id1/iars1/hdac1/tiam1b/fap/s1pr1/etsrp/rin2a/si:ch73-40a2.1/itga3b/ptpn13/scg2b/becn1/tmem119b/plcg1/bmp2k,120
MF,GO:0003995,acyl-CoA dehydrogenase activity,8/3772,12/18430,0.666666667,3.257334747,3.967936595,0.000682096,0.019269214,0.016850465,acadl/acad8/acad9/acadsb/acadvl/acad11/ivd/zgc:85777,8
MF,GO:0052890,"oxidoreductase activity, acting on the CH-CH group of donors, with a flavin as acceptor",8/3772,12/18430,0.666666667,3.257334747,3.967936595,0.000682096,0.019269214,0.016850465,acadl/acad8/acad9/acadsb/acadvl/acad11/ivd/zgc:85777,8
BP,GO:0032970,regulation of actin filament-based process,62/3857,206/18773,0.300970874,1.464901792,3.411755238,0.000715131,0.023154775,0.019983731,fbxl22/lmod3/klhl41a/ssh2a/scinlb/rhogb/smyd2a/nrap/rbm24a/hcls1/lmod2b/tmsb/fam49al/svila/wasa/pick1/rhoab/twf2b/fam49ba/scinla/add3a/capza1a/ssh2b/rhpn2/evlb/hax1/plekhh2/cdc42ep1a/thrab/rac1b/scin/arhgap17a/abitram/pak1/arhgef15b/tesk1b/plekhg2/add2/dbnlb/cdc42ep5/ssh1b/wasf2/limk1a/baiap2a/flii/si:ch73-15b2.5/arfip1/si:ch211-203d1.3/carmil3/naa20/kank3/capgb/atrn/ppm1e/itga3b/pfn2a/ect2/tesk1a/rock2a/kank2/rhocb/sh3bp1,62
BP,GO:0010498,proteasomal protein catabolic process,93/3857,333/18773,0.279279279,1.359323285,3.364193168,0.000718494,0.023154775,0.019983731,asb2a.1/zgc:136908/fbxl22/psmd14/psme4b/psmc6/cul2/klhl41a/faf1/ubxn2a/psmc1a/keap1a/zfand2a/psmd4a/klhl23/usp14/vcp/kbtbd8/psmc5/psmd7/hsp90ab1/fbxw5/anapc1/csnk1e/plaa/rnft2/kbtbd12/selenos/psmc3/hspa5/ube4b/herpud1/hectd3/sh3rf1/ddi2/klhl30/rnf34b/ube2g1b/fem1b/gsk3aa/tmub1/dnajb9a/ltn1/ubr1/nccrp1/psmc4/ecpas/psmb6/psmc2/psmd6/desi1a/znrf2b/psma2a/kctd13/axin1/fbxo31/man1a2/klhl40a/det1/spsb3a/znf598/aup1/cul5b/kctd17/psmd8/faf2/ube2s/psmb4/fbxl14b/shrprbck1r/si:ch1073-228j22.2/rhobtb3/trim71/edn1/rhbdf1a/fbxo6.3/fbxl7/gsk3ab/fhit/derl1/psmb3/kbtbd2/ankzf1/fbxo2/nsfl1c/klhl11/fzr1a/rad23aa/edem1/ubxn7/fbxl3a/fbxl18/smurf2,93
MF,GO:0090079,"translation regulator activity, nucleic acid binding",43/3772,132/18430,0.325757576,1.591652206,3.460596869,0.000724005,0.019623199,0.017160017,eif4e3/eif4g2a/gfm1/eif3ja/eif3ha/eif4g1a/eif4a2/eif4ebp2/gtpbp1l/eif4e1c/mif4gdb/eif6/cpeb4a/eif3k/eefsec/eif3ea/eif2a/eif3s6ip/gspt1l/eef2k/eif3m/elof1/eef1e1/eif4ebp1/eif4e2/nelfb/eif5a/eif4h/eif3d/eif3f/mtrfr/eif1ad/eef2b/eif4g3a/eef1a1l1/eif4eb/tcea3/eef1g/denr/eif5b/eif4a1a/paip1/eif2s3,43
MF,GO:0140142,nucleocytoplasmic carrier activity,12/3772,23/18430,0.52173913,2.549218498,3.771242453,0.000738041,0.019623199,0.017160017,nutf2/kpna4/tnpo2a/snupn/xpo1b/kpna5/xpo6/xpo1a/hikeshi/cse1l/kpna2/kpna3,12
BP,GO:0051258,protein polymerization,49/3857,155/18773,0.316129032,1.538680405,3.424399453,0.00075997,0.024161105,0.020852245,lmod3/akap9/slain2/ssh2a/scinlb/tubgcp5/clip1a/hcls1/lmod2b/tmsb/fam49al/svila/wasa/twf2b/fam49ba/scinla/add3a/capza1a/ssh2b/arpc2/ckap5/pstpip1a/ndel1b/evlb/hax1/cdc42ep1a/scin/abitram/fhdc2/plekhg2/add2/dbnlb/cdc42ep5/ssh1b/nin/baiap2a/flii/si:ch211-203d1.3/washc3/ube2s/gas7a/kank3/capgb/tubgcp3/fhdc1/fgg/pfn2a/tubgcp2/kank2,49
BP,GO:0008286,insulin receptor signaling pathway,14/3857,29/18773,0.482758621,2.349708993,3.698809016,0.000775015,0.024161105,0.020852245,znf106a/irs2b/inpp5ka/gsk3aa/socs7/grb10b/pik3r3b/pik3r1/irs4a/gsk3ab/si:ch73-335l21.1/pid1/igf2b/cav2,14
BP,GO:0030098,lymphocyte differentiation,26/3857,69/18773,0.376811594,1.834037868,3.529368237,0.000780637,0.024161105,0.020852245,rpl22/rac2/bcl6aa/arpc1b/inpp5d/tnpo3/irf7/rpl10a/cd79b/sh3rf1/stat5a/cd79a/opa1/upf1/slc39a7/pak1/sart3/mettl3/snapc3/kat2a/runx1/si:ch211-243a20.4/lsm8/jak3/prkdc/itk,26
BP,GO:0034504,protein localization to nucleus,26/3857,69/18773,0.376811594,1.834037868,3.529368237,0.000780637,0.024161105,0.020852245,nup93/tnpo3/lmna/nutf2/ipo9/nkd1/kpna4/tnpo2a/snupn/ranbp2/ipo7/kpna5/nup153/nup62l/rpain/hikeshi/nup88/lmnb1/nol8/cse1l/sec13/uspl1/ipo13b/kpna2/kpna3/tmem147,26
MF,GO:0019783,ubiquitin-like protein peptidase activity,36/3772,106/18430,0.339622642,1.659396947,3.453735633,0.000809251,0.02047653,0.017906234,fbxl22/psmd14/usp21/usp38/usp4/zranb1b/usp14/usp47/senp3b/usp10/usp42/usp5/usp13/usp33/senp8/usp1/stambpa/usp2b/otud4/usp43b/usp7/usp22/usp49/ufsp2/vcpip1/otud7a/uchl5/mysm1/senp5/usp31/senp2/usp34/otub1a/otud5b/uspl1/usp18,36
MF,GO:0044183,protein folding chaperone,21/3772,52/18430,0.403846154,1.973193164,3.56492967,0.000815437,0.02047653,0.017906234,hsp70.3/hspa8/hspa4a/cct4/dnajb6b/hsp90aa1.1/cct5/lyrm7/hsp90ab1/pfdn2/cct8/pfdn1/hspa5/hspa12a.3/hspa14/hsc70/cct3/cct2/cct7/cct6a/tcp1,21
BP,GO:0032956,regulation of actin cytoskeleton organization,61/3857,203/18773,0.300492611,1.462573965,3.369590754,0.000820829,0.02515598,0.021710872,lmod3/klhl41a/ssh2a/scinlb/rhogb/smyd2a/nrap/rbm24a/hcls1/lmod2b/tmsb/fam49al/svila/wasa/pick1/rhoab/twf2b/fam49ba/scinla/add3a/capza1a/ssh2b/rhpn2/evlb/hax1/plekhh2/cdc42ep1a/thrab/rac1b/scin/arhgap17a/abitram/pak1/arhgef15b/tesk1b/plekhg2/add2/dbnlb/cdc42ep5/ssh1b/wasf2/limk1a/baiap2a/flii/si:ch73-15b2.5/arfip1/si:ch211-203d1.3/carmil3/naa20/kank3/capgb/atrn/ppm1e/itga3b/pfn2a/ect2/tesk1a/rock2a/kank2/rhocb/sh3bp1,61
MF,GO:0051015,actin filament binding,63/3772,212/18430,0.297169811,1.451972328,3.357598764,0.000842008,0.020572308,0.01798999,tpm3/actn2b/myhb/smyhc2/fhod3a/myo16/zgc:153184/flnca/scinlb/lcp1/cfl1l/nrap/hcls1/actr3b/coro1cb/coro2aa/coro1a/arpc1b/svila/vcla/twf2b/ablim1b/scinla/frg1/add3a/dmtn/capza1a/myh7bb/tpm2/myo1f/arpc2/tpm1/syne1b/pstpip1a/gas2l1/hip1rb/aif1l/scin/tagln2/abitram/tln2a/myo1b/pls3/myo18ab/add2/dbnlb/zgc:101810/myo5aa/myo1ea/lima1a/flii/myo1cb/cnn3b/xirp2a/gas7a/capgb/coro6/myhz1.1l/kptn/myh9a/xirp1/shroom1/tln1,63
BP,GO:1904888,cranial skeletal system development,74/3857,256/18773,0.2890625,1.406940708,3.333647772,0.00085443,0.025931536,0.022380216,ahsa1a/usp21/psmd12/her9/itga5/pmm2/rbm24a/ece1/lrp5/tinagl1/hmgcs1/egr1/psmd7/jag1b/pkn2a/rpl13/usp5/rspo3/dlx3b/dicer1/vgll2a/irf6/usp7/mia3/vdrb/dhrs9/eif3ea/disc1/pkdccb/hspg2/tapt1b/mapk3/mosmoa/hdac4/ilvbl/sumf1/itpr1b/kctd13/vcpip1/furina/fras1/pak1/sox10/pls3/uchl5/sec23a/smo/mysm1/pdgfrb/bicra/cfdp1/tfap2a/nog3/mmachc/ptpn11b/gnptab/grhl3/plcb3/shrprbck1r/mvp/eif3f/edn1/fam20b/crispld2/adamts2a/chd5/rap1ab/esrp1/polr1a/alcama/esrp2/usp18/tln1/kng1,74
BP,GO:0042246,tissue regeneration,49/3857,156/18773,0.314102564,1.528817069,3.372615406,0.000890417,0.026763888,0.023098577,hspa8/apobec2b/faf1/col1a1a/notch2/cebpd/col22a1/myog/inhbaa/lrp5/jag1b/sirt1/il1b/scn8ab/apobec2a/hapln1b/atp6v1e1b/apoda.1/junbb/cdk9/tubb5/tgif1/hapln1a/axin1/nid2a/ezh2/yap1/lamb1a/pdgfrb/serpinh1b/dspb/has2/runx1/cdh2/mta2/ddx52/vdac2/ninj1/apoda.2/hbegfa/erbb3b/mmp9/hdac1/prdx5/igf2b/bglap/becn1/plcg1/notch1b,49
MF,GO:0008238,exopeptidase activity,31/3772,88/18430,0.352272727,1.721205293,3.440141173,0.000914109,0.021746167,0.019016501,zgc:152830/tpp2/cndp1/pm20d1.2/blmh/xpnpep2/erap2/agbl5/cpxm1a/dpp9/pepd/tpp1/anpepa/naaladl1/xpnpep3/npepps/lta4h/scrn2/aopep/cpb2/dpp6a/cpda/ctsz/xpnpep1/scpep1/prcp/ctsc/cpe/cpvl/fap/naalad2,31
BP,GO:1902903,regulation of supramolecular fiber organization,53/3857,172/18773,0.308139535,1.499793489,3.348425004,0.000927087,0.027575476,0.023799019,lmod3/klhl41a/slain2/ssh2a/scinlb/smyd2a/nrap/rbm24a/clip1a/hcls1/lmod2b/tmsb/fam49al/svila/wasa/pick1/twf2b/fam49ba/scinla/add3a/capza1a/ssh2b/rhpn2/si:ch211-266i6.3/evlb/hax1/plekhh2/cdc42ep1a/thrab/scin/abitram/tesk1b/plekhg2/add2/dbnlb/cdc42ep5/ssh1b/wasf2/limk1a/baiap2a/flii/arfip1/si:ch211-203d1.3/carmil3/kank3/capgb/ppm1e/map1aa/itga3b/pfn2a/tesk1a/kank2/apc,53
BP,GO:0008154,actin polymerization or depolymerization,43/3857,133/18773,0.323308271,1.573623584,3.37585489,0.000935061,0.027575476,0.023799019,lmod3/ssh2a/scinlb/cfl1l/enah/hcls1/lmod2b/tmsb/fam49al/svila/wasa/twf2b/fam49ba/scinla/add3a/capza1a/ssh2b/arpc2/pstpip1a/evlb/hax1/plekhh2/cdc42ep1a/scin/abitram/mical2b/fhdc2/plekhg2/add2/dbnlb/cdc42ep5/ssh1b/mical1/baiap2a/flii/si:ch211-203d1.3/washc3/gas7a/kank3/capgb/fhdc1/pfn2a/kank2,43
BP,GO:0003170,heart valve development,17/3857,39/18773,0.435897436,2.121623688,3.565480972,0.000951481,0.027797476,0.023990616,id4/llgl1/itgb1a/prss23/vcla/tnni1b/jupa/cemip2/npnta/pdlim7/gata2a/ugdh/yap1/fbn2b/has2/nfatc1/apc,17
BP,GO:0097178,ruffle assembly,7/3857,10/18773,0.7,3.40707804,3.871621887,0.001022152,0.029317435,0.025302416,sh3yl1/aif1l/arhgap24/si:ch211-247j9.1/eps8l1b/eps8l1a/eps8l2,7
BP,GO:0022618,protein-RNA complex assembly,40/3857,122/18773,0.327868852,1.595821096,3.357365592,0.001022265,0.029317435,0.025302416,snrpe/znhit6/rpl38/rps19/rpsa/ddx28/rps27.2/rps14/rpl5a/eif3ja/eif3ha/gemin6/rps5/eif6/eif3k/snrpg/ptges3a/eif3ea/luc7l3/eif3s6ip/yju2/clp1/sart3/prpf6/eif3m/celf3a/nop53/celf2/nopchap1/eif3d/clns1a/mdn1/prpf31/snrpd1/eif3f/khdc4/snrpd2/denr/sf3b1/eif2s3,40
BP,GO:0031099,regeneration,66/3857,225/18773,0.293333333,1.427727941,3.282193953,0.001043128,0.029643804,0.025584089,hspa8/apobec2b/faf1/col1a1a/csrp1a/tncb/notch2/cebpd/col22a1/fitm2/myog/inhbaa/lrp5/b3gat1a/fignl2/jag1b/sirt1/clcf1/alms1/il6st/il1b/m17/pepd/scn8ab/apobec2a/hapln1b/adamts9/atp6v1e1b/apoda.1/junbb/cdk9/tubb5/igfbp1a/tgif1/hapln1a/axin1/nid2a/ezh2/yap1/lamb1a/pdgfrb/cnp/serpinh1b/dspb/has2/runx1/cdh2/mta2/ddx52/vdac2/ninj1/apoda.2/hbegfa/erbb3b/mvp/mmp9/sfpq/hdac1/prdx5/igf2b/bglap/becn1/thada/plcg1/notch1b/cntfr,66
BP,GO:0008380,RNA splicing,89/3857,320/18773,0.278125,1.353705114,3.245164693,0.001059614,0.029841025,0.025754301,sart1/ddx17/si:ch211-107m4.1/snrpe/rtraf/zbtb8os/si:ch211-125o16.4/rbm24a/zmat5/rbm12bb/snrpa/ahnak/rpl22/prx/srsf1a/tnpo3/txnl4a/lsm3/tfip11/rbm15/gemin6/rbm38/srsf5b/snrnp35/arglu1a/usb1/dyrk1ab/lsm7/ddx5/snrnp27/rbm17/ybx1/cirbpb/hnrnph3/pqbp1/snrpg/rpl22l1/luc7l3/mbnl3/hnrnpa3/cwc15/rbfox1l/snrpa1/cwc25/yju2/clp1/sart3/bud31/prpf6/rbm6/celf3a/sf3b3/clk4a/snapc3/sf3a3/mbnl1/celf2/wdr83/prpf3/u2af1/hnrnpl2/clns1a/rbm8a/prpf31/scnm1/snrpd1/lsm8/ddx39b/ptbp1a/cfap410/hnrnpua/khdc4/ddx39ab/snrpd2/hnrnpub/cdc40/esrp1/tardbpa/trpt1/arl6ip4/lgals3a/rsrc1/virma/magoh/sf3b1/esrp2/clk2a/sde2/smndc1,89
BP,GO:0019693,ribose phosphate metabolic process,61/3857,205/18773,0.297560976,1.448304951,3.281873269,0.001074505,0.029990208,0.025883053,adka/prkag2b/atpsckmt/rfk/dhodh/eno1a/ak4/pde4ca/ampd3a/nt5c2a/aldob/pde4ba/ak3/gpib/adss1/atp6v1ab/hk1/nudt3b/opa1/eno1b/pfkma/atp5mc3b/pde4d/atp5f1e/tigara/umps/prps1a/nme2b.1/pkma/nme4/dlst/hprt1l/insra/paics/atic/mpv17/antkmt/gucy1a1/adpgk2/ampd2b/adcy5/gucy1a2/pklr/ctps1b/adcy1a/papss2b/nudt14/uck2b/uck1/eno2/prpsap2/hprt1/atp5pb/nme7/gapdhs/gart/atp5pf/pde4bb/atp5l/prkag3b/ctps1a,61
BP,GO:0010506,regulation of autophagy,33/3857,96/18773,0.34375,1.67311868,3.362231442,0.001108587,0.030667638,0.026467709,dap1b/rubcn/ulk2/keap1a/dram2b/mtmr3/vcp/mtcl3a/usp10/asah1b/usp13/gsk3aa/tmem59/sesn1/rptor/rragd/sesn4/ctns/epm2a/tmem39a/nprl2/waca/rnf152/ufl1/rraga/gsk3ab/snx30/cptp/gfap/ap3d1/scoca/becn1/sting1,33
CC,GO:0005759,mitochondrial matrix,52/3978,169/19331,0.307692308,1.495223731,3.291365202,0.001110167,0.01513333,0.012085752,mrpl10/acadl/dhx30/abhd11/acss3/lyrm7/mrps35/ak4/mrpl44/grpel1/mrpl20/dap3/mrps16/ak3/got2a/pdk2a/foxo3b/fastkd3/mrps14/mrps24/mrpl51/mrps22/sdhaf2/aldh4a1/mrpl43/dlst/alas2/sirt4/foxo3a/mrpl21/mrps17/tfb1m/mrpl28/mrps15/pdhx/nags/mrpl34/tbrg4/atad3/mrpl4/mrpl17/mrps34/mrpl53/mrpl47/mrps28/mrpl32/mrpl22/mrpl52/mrpl12/supv3l1/mrps31/dnajc15,52
BP,GO:0006470,protein dephosphorylation,44/3857,138/18773,0.31884058,1.551878196,3.308811189,0.001130687,0.030707799,0.026502371,dusp28/dusp22b/ssh2a/dusp1/ppm1la/ppm1db/ptpn22/ptpn18/dusp22a/dusp10/ptpn3/ptpn6/ptpn2a/ptprua/ssh2b/dusp4/ptprn2/ilkap/cdc25b/ptprh/pdp1/ppm1h/cdkn3/epm2a/dusp3a/si:ch211-121a2.2/ssh1b/ppm1j/cdc14b/ptprea/ptprb/ptpn11b/si:ch211-203d1.3/ptprq/si:ch211-223p8.8/ppm1e/ptprc/dusp23b/timm50/ptprna/ptprz1b/ptpn13/dusp13a/ptp4a1,44
BP,GO:0007264,small GTPase-mediated signal transduction,85/3857,304/18773,0.279605263,1.360909931,3.22602582,0.001139974,0.030707799,0.026502371,arhgap45b/rhogb/rapgef2b/dock5/arhgap12b/rhoq/rac2/arhgap35a/rhoab/dock11/phactr4a/arhgap32b/rab9a/rgl2/cyth1a/arhgap25/iqsec1b/spry4/stambpa/arfgef2/si:ch211-79l17.1/ksr1a/cdc42ep1a/dock9b/mapkapk5/cdc42l/rac1b/rhov/arhgap17a/kctd13/rabif/gmip/git2b/arhgap24/rapgef3/sipa1l2/vav3b/akap12b/git2a/arhgap15/sh2d3ca/si:ch211-247j9.1/rhot1a/arhgap22b/eps8l1b/arhgef28a/cdc42ep5/arhgap29b/arhgap27/rasgrp4/dock4b/eps8l1a/akap13/arhgdia/rab9b/dock7/si:ch1073-13h15.3/abrab/git1/rap1aa/dock8/arhgef2b/arhgap5/rab21/rhoub/rab30/ralgps2/dok1a/tiam1b/cdc42/abraa/rassf1/plekhg7/rap1ab/iqsec2b/sipa1l3/eps8l2/rock2a/kank2/chn1/rhocb/sh3bp1/net1/dok1b/stard13b,85
BP,GO:0120032,regulation of plasma membrane bounded cell projection assembly,25/3857,67/18773,0.373134328,1.81613968,3.403026528,0.001151477,0.030707799,0.026502371,abcc4/rac2/ezrb/dock11/twf2b/sh3yl1/cdc42ep1a/tapt1b/mcm2/appa/abitram/man1a2/arhgap24/si:ch211-247j9.1/lamb1a/eps8l1b/cdc42ep5/zmynd10/eps8l1a/appb/atp6v1f/grk5l/cdc42/eps8l2/podxl,25
BP,GO:0009266,response to temperature stimulus,21/3857,53/18773,0.396226415,1.92853474,3.44220772,0.0011515,0.030707799,0.026502371,dhx30/hspb1/ucp3/hsp90aa1.1/hsp90ab1/metrnla/dnaja1/ddx61/si:dkey-1k23.3/dnmt3aa/cirbpb/trpv1/tmem39a/dnaja2a/per1b/ddx6/hikeshi/bhlhe41/hspb9/clocka/pparab,21
BP,GO:0051246,regulation of protein metabolic process,119/3857,448/18773,0.265625,1.292864435,3.190344303,0.001159156,0.030707799,0.026502371,eif4e3/dap1b/msi1b/si:dkey-7n6.2/ube3a/ptcd3/rtraf/abcb10/camk2n1a/pi15a/dok7b/rbm24a/psmd2/usp14/vcp/a2ml/kbtbd8/serpinf1/rpl10/svbp/hsp90ab1/csnk1e/igf2bp2a/coa3a/rnft2/ddx61/oaz1b/eif3ha/rps3/inavab/herpud1/bcl2l16/ogfod1/polr2g/sh3rf1/aida/hdac6/trmt10c/secisbp2/eif4ebp2/c3b.1/rack1/ccny/igf2bp3/gsk3aa/bzw2/rpl13a/mif4gdb/itm2cb/cpeb4a/eif3k/ybx1/eefsec/hdac10/fkrp/eif2a/eif2ak2/hip1rb/itm2ba/samd4a/desi1a/larp1/appa/ppp1r15b/axin1/casp8/mcl1b/klhl40a/larp4aa/det1/ndfip1/nanos1/serpinb1l1/adam8a/asb5b/tnrc6c1/znf598/cast/mettl3/mknk1/ddx6/smo/rida/casp2/rmnd1/prkg1b/eif4ebp1/serpinh1b/fxr2/runx1/eif5a/appb/mul2/adcy5/prmt6/ube2s/rbm8a/rhobtb3/necab1/diabloa/edn1/rhbdf1a/uhmk1/gsk3ab/dok7a/serping1/fhit/yes1/ccdc22/psmd3/gfap/azin1b/fzr1a/becn1/bag5/caprin1b/magoh/paip1/necab3,119
BP,GO:0007040,lysosome organization,14/3857,30/18773,0.466666667,2.27138536,3.543824333,0.001180408,0.03074964,0.026538481,tmem175/pikfyve/hook1/si:dkey-237j10.2/cln3/rab7a/gnptab/lamtor1/srpx/rraga/si:dkey-13a21.4/rab14/aktip/mfsd8,14
BP,GO:0080171,lytic vacuole organization,14/3857,30/18773,0.466666667,2.27138536,3.543824333,0.001180408,0.03074964,0.026538481,tmem175/pikfyve/hook1/si:dkey-237j10.2/cln3/rab7a/gnptab/lamtor1/srpx/rraga/si:dkey-13a21.4/rab14/aktip/mfsd8,14
BP,GO:0072331,signal transduction by p53 class mediator,18/3857,43/18773,0.418604651,2.037455306,3.463288257,0.001208474,0.030973993,0.026732109,smyd2a/rps19/bcl6aa/usp10/hipk2/rps29/si:dkey-9i23.15/si:dkey-74k8.3/yju2/sart3/nup62l/eef1e1/cd74a/cdkn1a/xrcc5/fhit/bcor/uri1,18
BP,GO:0009968,negative regulation of signal transduction,124/3857,470/18773,0.263829787,1.284126678,3.172149939,0.001214148,0.030973993,0.026732109,deptor/tollip/usp4/pik3ip1/dusp1/arhgap45b/si:dkey-237i9.1/arrb2b/skila/nfkbiaa/amer1/inpp5ka/bcl6aa/tle3a/ddit4/dusp10/inpp5d/btk/dab2/phactr4a/rerea/rspo3/ptpn2a/herpud1/aida/stk3/nkd1/dact3a/il17rd/rnf34b/ldlrad4a/rack1/arhgap25/jupa/dusp4/sulf2b/gsk3aa/spry4/stambpa/cdk5rap3/otud4/foxo3b/chrdl2/tnfaip8l1/aplnrb/churc1/socs7/tcf7l1a/mapkapk5/numbl/spartb/sesn1/nog2/atm/grb10b/tp53bp2b/arhgap17a/strn3/kctd13/axin1/lgals3b/sesn4/gmip/yju2/arhgap24/akap12b/nup62l/trabd2b/gatad2b/si:ch211-247j9.1/mettl3/tnip1/arhgap22b/si:ch211-121a2.2/nprl2/si:ch211-284o19.8/gpc1b/rnf152/gpx4b/pitpnc1a/arhgap29b/nlk1/nkd2b/nkd2a/tegt/cd74a/ldb2a/nrros/nog3/ufl1/sulf1/tsc1b/slc35f6/scube2/tmem170b/tmem88b/si:ch211-223p8.8/ptbp1a/arnt/gsk3ab/grk5l/otud5b/cptp/lgr4/pid1/ptk7a/bcor/kptn/chuk/ncln/tle3b/pde10a/uri1/dlg5a/fstl3/dusp13a/lgals3a/kank2/ube2d2/sh3bp1/castor2/apc/sox17/smurf2,124
BP,GO:0003171,atrioventricular valve development,13/3857,27/18773,0.481481481,2.343492832,3.552358879,0.001228655,0.030973993,0.026732109,id4/llgl1/itgb1a/prss23/vcla/jupa/cemip2/npnta/pdlim7/gata2a/ugdh/has2/nfatc1,13
BP,GO:0072332,intrinsic apoptotic signaling pathway by p53 class mediator,13/3857,27/18773,0.481481481,2.343492832,3.552358879,0.001228655,0.030973993,0.026732109,rps19/bcl6aa/hipk2/rps29/si:dkey-9i23.15/si:dkey-74k8.3/sart3/nup62l/cd74a/xrcc5/fhit/bcor/uri1,13
CC,GO:0000314,organellar small ribosomal subunit,11/3978,21/19331,0.523809524,2.545440398,3.606803335,0.001236775,0.016016241,0.012790861,mrps35/dap3/mrps16/mrps14/mrps24/mrps22/mrps17/mrps15/mrps34/mrps28/mrps31,11
CC,GO:0005763,mitochondrial small ribosomal subunit,11/3978,21/19331,0.523809524,2.545440398,3.606803335,0.001236775,0.016016241,0.012790861,mrps35/dap3/mrps16/mrps14/mrps24/mrps22/mrps17/mrps15/mrps34/mrps28/mrps31,11
BP,GO:0051153,regulation of striated muscle cell differentiation,12/3857,24/18773,0.5,2.433627171,3.573606215,0.00124649,0.031172218,0.026903187,rbm24a/myog/dab2/smyd1b/myod1/neu1/mymk/fkrp/thrab/mpv17/myf6/hnrnpl2,12
MF,GO:0043130,ubiquitin binding,24/3772,64/18430,0.375,1.832250795,3.38326709,0.00125003,0.02897506,0.025337995,faf1/ubxn2a/tollip/nploc4/plaa/tsg101a/usp13/zgc:123278/smarcad1b/pcf11/cuedc1b/tab2/aup1/faf2/shrprbck1r/otub1a/ube2nb/wdr48b/nsfl1c/rnf8/ilrun/ascc2/rad23aa/ubxn7,24
BP,GO:0002262,myeloid cell homeostasis,44/3857,139/18773,0.316546763,1.540713605,3.253685384,0.001330546,0.033010221,0.028489476,p2ry12/nr4a3/abcb10/casp3a/hmgcs1/rps19/spi1b/rac2/bdh2/nr4a2a/rps14/hif1al/rplp1/rpl35a/nemp1/rps15a/rps3/rpl27/p4htmb/stat5a/rpl18/rpl11/csnk2b/rps29/rpl35/elavl1a/klf17/numbl/sparc/hdac9b/rps9/gata2a/numb/alas2/gata1a/csf3r/ncoa4/ufl1/slc4a1a/melk/gfi1b/tspo/snx3/fam210b,44
MF,GO:0140993,histone modifying activity,45/3772,144/18430,0.3125,1.526875663,3.219803699,0.001456898,0.032925902,0.028792912,kdm7ab/dot1l/smyd2a/kdm6ba/padi2/kmt5b/sirt1/dmap1/prkcbb/hdac6/setbp1/smyd1b/ezh1/baz1b/hdac9b/hdac4/setd2/ezh2/sirt4/mettl21a/crebbpa/mysm1/prdm2b/kat2a/hdac11/naa60/phf2/kat8/prmt6/kdm2aa/kmt2bb/kdm3b/sirt3/kat7a/hdac1/sirt5/setd1ba/hdac5/kdm4b/cdk5/kmt2cb/clocka/kdm4ab/carm1l/naa50,45
BP,GO:0032869,cellular response to insulin stimulus,19/3857,47/18773,0.404255319,1.967613458,3.377397863,0.001472005,0.036232189,0.031270196,znf106a/pck1/irs2b/inpp5ka/rps6kb1b/gsk3aa/lpin2/socs7/grb10b/slc39a14/pik3r3b/pik3r1/irs4a/gsk3ab/si:ch73-335l21.1/pid1/igf2b/bglap/cav2,19
BP,GO:0032006,regulation of TOR signaling,26/3857,72/18773,0.361111111,1.757619624,3.275208505,0.001612788,0.039387313,0.033993226,deptor/wdr59/lamtor3/ddit4/gpr137c/fam83d/gsk3aa/tnfaip8l1/naa35/mapkapk5/sesn1/atm/rragd/sesn4/nprl2/waca/rnf152/tsc1b/lamtor1/rraga/gsk3ab/grk5l/otud5b/kptn/sec13/castor2,26
MF,GO:0005539,glycosaminoglycan binding,35/3772,106/18430,0.330188679,1.613302587,3.212306349,0.00166029,0.03660738,0.032012275,vegfab/col5a1/apoeb/col5a3a/lrrc17/tnfaip6/pglyrp6/rspo3/stab2/sod3b/sulf2b/hapln1b/aplp2/slit2/vcanb/fgf1a/pglyrp2/appa/hapln1a/ncanb/vcana/bcan/ntd5/col11a1a/appb/colq/gnsa/sulf1/ccn4a/thbs1b/lpla/fstl1b/lipg/hamp/lrpap1,35
MF,GO:0004602,glutathione peroxidase activity,9/3772,16/18430,0.5625,2.748376193,3.54911584,0.001744887,0.037556623,0.032842366,gpx4a/mgst3b/gstk1/mgst3a/gpx1a/gpx9/gpx4b/gpx7/ltc4s,9
BP,GO:0071383,cellular response to steroid hormone stimulus,14/3857,31/18773,0.451612903,2.198114864,3.39488636,0.001749125,0.042385774,0.036581048,esrrga/abhd2a/pck1/paqr7b/esrra/esr2a/strn3/ar/pgr/sstr5/arnt/hamp/kank2/esr2b,14
BP,GO:0061709,reticulophagy,9/3857,16/18773,0.5625,2.737830568,3.536222955,0.001795769,0.043181345,0.037267666,ulk2/atg9b/ufc1/retreg3/atg2a/snx7/ufl1/snx30/sting1,9
BP,GO:0051094,positive regulation of developmental process,76/3857,271/18773,0.280442804,1.364986458,3.077555991,0.00184334,0.043522432,0.037562041,si:ch211-106h11.3/mturn/tncb/rbm24a/myog/grna/serpinf1/wdfy2/swap70b/ephb3a/itgb1a/kmt5b/metrnla/sirt1/inpp5d/dab2/loxl2b/clcf1/il6st/il1b/gdnfa/stat5a/srpx2/zgc:110006/m17/stab2/rack1/myod1/csf1ra/hapln1b/aplnrb/opa1/elavl1a/vcanb/mtdhb/thrab/numbl/fgf1a/tapt1b/hapln1a/ncanb/vcana/gata2a/numb/bcan/crebl2/lgals2a/plxna3/ezh2/atoh7/csf3r/megf10/per1b/dbnlb/myf6/fxr2/nlk1/nelfb/plxnb3/znf16l/runx1/sox5/ccn4a/plxna2/arhgef2b/edn1/hdac1/tiam1b/mffa/gdf10a/si:ch73-40a2.1/mief2/itga3b/alcama/tmem119b/cntfr,76
BP,GO:0002183,cytoplasmic translational initiation,13/3857,28/18773,0.464285714,2.259796659,3.392271865,0.001865645,0.043522432,0.037562041,eif3ja/eif3ha/eif4a2/eif3k/eif3ea/eif3s6ip/mettl3/eif3m/eif3d/eif3f/denr/eif4a1a/eif2s3,13
BP,GO:0110020,regulation of actomyosin structure organization,13/3857,28/18773,0.464285714,2.259796659,3.392271865,0.001865645,0.043522432,0.037562041,klhl41a/smyd2a/nrap/rbm24a/rhpn2/thrab/tesk1b/limk1a/atrn/ppm1e/itga3b/ect2/tesk1a,13
BP,GO:1905517,macrophage migration,13/3857,28/18773,0.464285714,2.259796659,3.392271865,0.001865645,0.043522432,0.037562041,cxcr3.2/rac2/cyba/bcl6aa/ptpn6/il1b/csf1ra/cdc42l/lgals3b/dock8/asap1b/cdc42/lgals3a,13
MF,GO:0030020,extracellular matrix structural constituent conferring tensile strength,19/3772,48/18430,0.395833333,1.934042506,3.286928421,0.001881983,0.039565408,0.034599,col5a1/col5a3a/col5a2a/col1a2/col1a1a/col22a1/col15a1b/col16a1/scara3/col4a5/col4a1/col18a1a/col4a2/si:ch211-196i2.1/col11a1a/col4a6/colq/col5a2b/col2a1a,19
BP,GO:0000096,sulfur amino acid metabolic process,10/3857,19/18773,0.526315789,2.561712812,3.463258611,0.001948125,0.044778216,0.038645846,cdo1/blmh/bhmt/zgc:172121/cnr2/adi1/mri1/apip/mtrr/cth,10
BP,GO:1905952,regulation of lipid localization,10/3857,19/18773,0.526315789,2.561712812,3.463258611,0.001948125,0.044778216,0.038645846,abca1a/pparaa/zgc:77486/plin6/yjefn3/ppardb/acsl5/apoc1/npc1/pparab,10
CC,GO:0097526,spliceosomal tri-snRNP complex,12/3978,25/19331,0.48,2.33254902,3.393585058,0.001981061,0.025029018,0.019988629,sart1/snrpe/txnl4a/lsm7/snrpg/prpf6/prpf3/prpf31/snrpd1/lsm8/cfap410/snrpd2,12
BP,GO:0051056,regulation of small GTPase mediated signal transduction,39/3857,122/18773,0.319672131,1.555925569,3.132560072,0.001983357,0.045255288,0.039057583,arhgap45b/rhoab/dock11/cyth1a/arhgap25/iqsec1b/spry4/stambpa/arfgef2/dock9b/arhgap17a/kctd13/gmip/git2b/arhgap24/sipa1l2/akap12b/git2a/si:ch211-247j9.1/arhgap22b/eps8l1b/arhgef28a/arhgap29b/eps8l1a/akap13/dock7/abrab/git1/dock8/arhgef2b/abraa/iqsec2b/sipa1l3/eps8l2/kank2/chn1/sh3bp1/net1/stard13b,39
BP,GO:0030218,erythrocyte differentiation,40/3857,126/18773,0.317460317,1.545160109,3.122185925,0.002021281,0.045786413,0.03951597,p2ry12/abcb10/casp3a/hmgcs1/rps19/spi1b/bdh2/rps14/hif1al/rplp1/rpl35a/nemp1/rps15a/rps3/rpl27/p4htmb/stat5a/rpl18/rpl11/csnk2b/rps29/rpl35/elavl1a/klf17/numbl/sparc/hdac9b/rps9/gata2a/numb/alas2/gata1a/ncoa4/ufl1/slc4a1a/melk/gfi1b/tspo/snx3/fam210b,40
CC,GO:0019867,outer membrane,40/3978,126/19331,0.317460317,1.542691151,3.110874908,0.002086228,0.025131772,0.02007069,abcb6a/dnm1l/marchf5l/myoc/gpam/tomm22/rps6kb1b/cpt1b/mfn1b/bcl2l16/zgc:56235/bnip3lb/hk1/spata18/syne1b/zgc:172295/tomm40/bcl2b/tigara/mcl1b/slc25a46/syne1a/slc44a2/rhot1a/vdac1/nav3/sh3glb1a/mul2/bnip3/vdac2/atad1b/fis1/armc1/tspo/bida/cptp/mffa/mief2/ltc4s/tomm20b,40
CC,GO:0031968,organelle outer membrane,40/3978,126/19331,0.317460317,1.542691151,3.110874908,0.002086228,0.025131772,0.02007069,abcb6a/dnm1l/marchf5l/myoc/gpam/tomm22/rps6kb1b/cpt1b/mfn1b/bcl2l16/zgc:56235/bnip3lb/hk1/spata18/syne1b/zgc:172295/tomm40/bcl2b/tigara/mcl1b/slc25a46/syne1a/slc44a2/rhot1a/vdac1/nav3/sh3glb1a/mul2/bnip3/vdac2/atad1b/fis1/armc1/tspo/bida/cptp/mffa/mief2/ltc4s/tomm20b,40
BP,GO:0043161,proteasome-mediated ubiquitin-dependent protein catabolic process,75/3857,268/18773,0.279850746,1.36210476,3.036064481,0.002089692,0.04699553,0.040559499,asb2a.1/zgc:136908/fbxl22/psmd14/psmc6/cul2/klhl41a/ubxn2a/psmc1a/keap1a/zfand2a/psmd4a/klhl23/usp14/vcp/kbtbd8/psmc5/psmd7/hsp90ab1/fbxw5/anapc1/csnk1e/plaa/kbtbd12/psmc3/hectd3/sh3rf1/klhl30/rnf34b/ube2g1b/fem1b/gsk3aa/ltn1/ubr1/nccrp1/psmc4/psmb6/psmc2/psmd6/desi1a/znrf2b/psma2a/kctd13/axin1/fbxo31/klhl40a/det1/spsb3a/znf598/cul5b/kctd17/psmd8/ube2s/psmb4/fbxl14b/shrprbck1r/si:ch1073-228j22.2/rhobtb3/trim71/edn1/fbxo6.3/fbxl7/gsk3ab/fhit/psmb3/kbtbd2/fbxo2/nsfl1c/klhl11/fzr1a/rad23aa/ubxn7/fbxl3a/fbxl18/smurf2,75
MF,GO:0043177,organic acid binding,32/3772,96/18430,0.333333333,1.628667374,3.132761215,0.002161563,0.044410286,0.03883573,si:dkey-238d18.5/fabp1b.1/tmem175/plod1a/p4ha1a/fabp4a/egln1b/ptgdsb.1/nr1h4/p4htmb/ogfod1/egln1a/fabp7a/slc19a1/rbp2b/sesn1/sesn4/fabp6/rbp5/glra3/ogfod2/p4ha1b/slc7a6/nags/crabp2a/bckdhbl/slc46a1/apoc1/mag/cyp27c1/acox1/fabp2,32
BP,GO:1903706,regulation of hemopoiesis,27/3857,77/18773,0.350649351,1.706699575,3.159801113,0.002173444,0.048529891,0.041883729,p2ry12/mturn/rps19/spi1b/bcl6aa/inpp5d/irf7/ptpn6/asxl1/mafbb/p4htmb/sh3rf1/stat5a/csf1ra/opa1/klf17/cdk9/irf2bp2b/ezh2/gata1a/mettl3/csf3r/kat2a/nelfb/runx1/si:ch211-243a20.4/si:dkeyp-68b7.7,27
BP,GO:0032007,negative regulation of TOR signaling,15/3857,35/18773,0.428571429,2.085966147,3.26996118,0.002297882,0.04983708,0.043011899,deptor/ddit4/gsk3aa/tnfaip8l1/mapkapk5/sesn1/atm/sesn4/nprl2/rnf152/tsc1b/gsk3ab/grk5l/kptn/castor2,15
MF,GO:1901981,phosphatidylinositol phosphate binding,29/3772,85/18430,0.341176471,1.666988959,3.126573323,0.002301184,0.046228234,0.040425482,rubcn/zgc:153184/phlda2/scinlb/plekha5/amer1/svila/scinla/plekhn1/zfyve26/zgc:92360/wdr45b/ttpa/hip1rb/scin/dennd1a/atg2a/mapkap1/si:ch211-200p22.4/golph3a/flii/bbs5/capgb/ttpal/snx10a/dennd1c/sestd1/phlda1/snx3,29
BP,GO:0006473,protein acetylation,7/3857,11/18773,0.636363636,3.097343673,3.538182921,0.002311701,0.04983708,0.043011899,naa10/naa30/naa35/kat2a/naa60/naa20/naa50,7
BP,GO:0031529,ruffle organization,7/3857,11/18773,0.636363636,3.097343673,3.538182921,0.002311701,0.04983708,0.043011899,sh3yl1/aif1l/arhgap24/si:ch211-247j9.1/eps8l1b/eps8l1a/eps8l2,7
BP,GO:0034063,stress granule assembly,7/3857,11/18773,0.636363636,3.097343673,3.538182921,0.002311701,0.04983708,0.043011899,g3bp2a/lsm14aa/ddx61/atxn2/ddx6/atxn2l/g3bp1,7
BP,GO:0060323,head morphogenesis,7/3857,11/18773,0.636363636,3.097343673,3.538182921,0.002311701,0.04983708,0.043011899,notch2/jag1b/tcf7l1a/specc1/grhl3/edn1/crispld2,7
BP,GO:0002253,activation of immune response,40/3857,127/18773,0.31496063,1.532993494,3.064677875,0.002375242,0.050856205,0.043891455,c1qa/mavs/usp4/c1qc/ptpn22/si:dkey-237i9.1/slc15a2/tlr9/tlr22/btk/c1qb/syk/tlr18/prkcbb/cd79b/si:ch1073-280e3.1/otud4/cd79a/c8b/themis2/unc93b1/tec/si:dkey-237j10.2/c7b/ifih1/tlr3/si:ch211-243a20.4/ninj1/mapkapk2a/csk/c4b/cptp/lgr4/ube2nb/cfbl/ikbke/si:dkey-52l18.4/masp2/sting1/itk,40
MF,GO:0004712,protein serine/threonine/tyrosine kinase activity,14/3772,32/18430,0.4375,2.137625928,3.267296382,0.002433174,0.047817152,0.041814952,tnk2a/dyrk2/dyrk3/map2k6/tnk2b/dyrk1ab/map2k4a/tesk1b/clk4a/rap1aa/tesk1a/map2k7/clk2a/tesk2,14
BP,GO:0009611,response to wounding,51/3857,171/18773,0.298245614,1.45163726,3.016906871,0.002486947,0.052885695,0.045643006,p2ry12/thbd/tncb/si:ch211-156j16.1/f9a/ppl/f2r/tmsb/b3gat1a/rac2/fignl2/il6r/rhoab/clcf1/il6st/prkcbb/fermt3b/m17/scn8ab/cxcl8a/f13a1b/lrrc32/prozb/gp9/f3b/cdk9/lgals2a/arhgap24/si:ch211-247j9.1/ntrk1/pdgfrb/cpb2/cnp/gucy1a1/f10/prcp/hbegfa/pleca/plg/fgl1b/mmp9/sfpq/serpinc1/habp2/fgg/proza/pros1/f2/rhocb/kng1/cntfr,51
CC,GO:0031252,cell leading edge,47/3978,155/19331,0.303225806,1.47351887,3.012838279,0.002586221,0.030446878,0.02431543,lcp1/inpp5ka/itgb1a/ezrb/phactr4a/sh3yl1/abi3a/sh3rf1/srgap2/kcnc3a/atp6ap2/panx1a/abi1a/pdlim4/trpv1/aif1l/sh3bgrl3/abi2a/abitram/tln2a/arhgef7b/actc2/plekho1b/eps8l1b/nav3/dbnlb/appl1/wasf2/eps8l1a/ilk/cdh2/baiap2a/myo1cb/clcn2b/arhgef6/carmil3/dock8/arhgef2b/amot/fap/kptn/jcada/eps8l2/podxl/plcg1/scrib/tln1,47
BP,GO:0009259,ribonucleotide metabolic process,58/3857,200/18773,0.29,1.411503759,2.975100771,0.002684777,0.056706843,0.048940848,adka/prkag2b/atpsckmt/rfk/dhodh/eno1a/ak4/pde4ca/ampd3a/nt5c2a/aldob/pde4ba/ak3/gpib/adss1/atp6v1ab/hk1/nudt3b/opa1/eno1b/pfkma/atp5mc3b/pde4d/atp5f1e/tigara/umps/nme2b.1/pkma/nme4/dlst/hprt1l/insra/paics/atic/mpv17/antkmt/gucy1a1/adpgk2/ampd2b/adcy5/gucy1a2/pklr/ctps1b/adcy1a/papss2b/uck2b/uck1/eno2/hprt1/atp5pb/nme7/gapdhs/gart/atp5pf/pde4bb/atp5l/prkag3b/ctps1a,58
BP,GO:0051058,negative regulation of small GTPase mediated signal transduction,13/3857,29/18773,0.448275862,2.181872636,3.238861996,0.002751781,0.057038919,0.049227447,arhgap45b/arhgap25/spry4/stambpa/arhgap17a/kctd13/gmip/arhgap24/akap12b/si:ch211-247j9.1/arhgap22b/arhgap29b/sh3bp1,13
BP,GO:0051147,regulation of muscle cell differentiation,13/3857,29/18773,0.448275862,2.181872636,3.238861996,0.002751781,0.057038919,0.049227447,rbm24a/myog/dab2/smyd1b/myod1/neu1/mymk/fkrp/thrab/mpv17/myf6/hnrnpl2/igf2b,13
BP,GO:0010876,lipid localization,77/3857,279/18773,0.275985663,1.343292417,2.937682056,0.002755239,0.057038919,0.049227447,rbp4/apoeb/prelid3b/fabp1b.1/abcc4/fitm2/atg9b/abca1b/apol1/fabp4a/slc27a6/abca1a/slc27a4/cpt1b/atp10b/pparaa/gm2a/gramd1c/prelid1a/vmp1/npc2.1/spns3/stab2/pla2g1b/osbpl7/apoda.1/xkr8.3/fabp7a/zgc:77486/rbp2b/tmem41b/pitpnbl/apoa4a/stard7/plin6/atp11a/fabp6/osbp2b/pla2g12a/yjefn3/slco1d1/apoa4b.2/rbp5/aup1/ppardb/pitpnc1a/tmem30ab/naxe/apobb.1/plekha8/cert1a/esyt3/mfsd2ab/abca3b/afp4/apoda.2/crabp2a/vps51/esyt2a/acsl5/atp8b5b/tmem30b/apoc2/apol/cptp/stra6l/apoc1/esyt2b/tmem30aa/apoa1b/npc1/osbpl3b/pitpnb/slc5a8/pparab/fabp2/stard13b,77
MF,GO:0140994,RNA polymerase II CTD heptapeptide repeat modifying activity,8/3772,14/18430,0.571428571,2.792001212,3.40254621,0.002787534,0.053322692,0.046629415,ctdsp2/dyrk1ab/ctdsp1/cdk9/ctdsplb/cdk8/cdk7/ssu72,8
MF,GO:0043022,ribosome binding,20/3772,53/18430,0.377358491,1.843774385,3.120515418,0.002831293,0.053322692,0.046629415,dap1b/ptcd3/dnajc2/sec61a1a/rack1/eif6/cpeb4a/eif3k/ltn1/pelo/eif2a/znf598/letm1/eif5a/maip1/mtrfr/ncln/eef2b/ola1/tmem147,20
BP,GO:0110053,regulation of actin filament organization,42/3857,136/18773,0.308823529,1.503122665,2.99439603,0.002833599,0.058062421,0.05011078,lmod3/ssh2a/scinlb/hcls1/lmod2b/tmsb/fam49al/svila/wasa/pick1/twf2b/fam49ba/scinla/add3a/capza1a/ssh2b/rhpn2/evlb/hax1/plekhh2/cdc42ep1a/scin/abitram/tesk1b/plekhg2/add2/dbnlb/cdc42ep5/ssh1b/wasf2/limk1a/baiap2a/flii/arfip1/si:ch211-203d1.3/carmil3/kank3/capgb/ppm1e/pfn2a/tesk1a/kank2,42
BP,GO:0031347,regulation of defense response,51/3857,172/18773,0.296511628,1.443197509,2.969253604,0.00284217,0.058062421,0.05011078,mavs/usp4/ptpn22/si:dkey-237i9.1/pik3r6b/grna/tnfaip6/tmsb/rps19/slc15a2/tlr9/tlr22/metrnla/ptger4b/pparaa/tlr18/nr1h4/ripk1l/cd248b/dpp9/rpl11/cxcl8a/otud4/foxo3b/cd248a/uba1/nr1h5/unc93b1/atm/marchf8/si:dkey-237j10.2/irf1b/ahsg2/mettl3/ppardb/zdhhc18a/ifih1/sema7a/tlr3/ninj1/ufl1/zmp:0000000936/mapkapk2a/sigirr/mmp9/cptp/lgr4/ikbke/irak4/sting1/pparab,51
BP,GO:0006577,amino-acid betaine metabolic process,8/3857,14/18773,0.571428571,2.781288196,3.390371362,0.002860401,0.058062421,0.05011078,acadl/crata/cpt1b/bhmt/cpt1a2b/bbox1/zgc:154046/tmlhe,8
BP,GO:0017004,cytochrome complex assembly,12/3857,26/18773,0.461538462,2.246425081,3.234006353,0.002953986,0.058585433,0.050562166,coa6/lyrm7/coa3a/cox19/cox17/rpl37/uqcc6/uqcc1/cox20/pet100/ttc19/surf1,12
BP,GO:1903050,regulation of proteolysis involved in protein catabolic process,20/3857,53/18773,0.377358491,1.836699752,3.101762619,0.002968873,0.058585433,0.050562166,ube3a/usp14/vcp/hsp90ab1/csnk1e/rnft2/herpud1/sh3rf1/gsk3aa/desi1a/axin1/klhl40a/det1/prmt6/edn1/rhbdf1a/gsk3ab/fhit/ccdc22/fzr1a,20
BP,GO:0030851,granulocyte differentiation,18/3857,46/18773,0.391304348,1.904577786,3.123522466,0.002979873,0.058585433,0.050562166,spi1b/inpp5d/pbx1a/ptpn6/asxl1/usb1/hax1/cdk9/gata1a/csf3r/nelfb/runx1/ncor2/srp54/ncoa2/etsrp/ncor1/plcg1,18
BP,GO:0035023,regulation of Rho protein signal transduction,18/3857,46/18773,0.391304348,1.904577786,3.123522466,0.002979873,0.058585433,0.050562166,rhoab/dock11/dock9b/kctd13/akap12b/eps8l1b/arhgef28a/eps8l1a/akap13/dock7/abrab/dock8/arhgef2b/abraa/eps8l2/kank2/net1/stard13b,18
BP,GO:0072527,pyrimidine-containing compound metabolic process,18/3857,46/18773,0.391304348,1.904577786,3.123522466,0.002979873,0.058585433,0.050562166,thtpa/dhodh/zgc:103586/umps/nme2b.1/nme4/cps1/mpv17/cdab/aldh6a1/ctps1b/dpys/uck2b/uck1/tyms/dtymk/nme7/ctps1a,18
MF,GO:0031267,small GTPase binding,40/3772,129/18430,0.310077519,1.515039417,2.977812037,0.003020936,0.05573319,0.048737338,rangrf/golga4/dennd5b/dock5/pkn1a/rilp/rab11fip5a/fam49al/wasa/pkn2a/fam49ba/cfap45/ipo9/ccdc186/srgap2/daam2/rin3/cdc42ep1a/tnpo2a/trip11/ipo7/xpo1b/git2b/xpo6/git2a/plekhg2/xpo1a/cdc42ep5/dock4b/git1/rab11fip5b/cse1l/vps51/myripa/rangap1a/rin2a/ipo13b/rab11fip1a/rabgef1/rock2a,40
CC,GO:0030055,cell-substrate junction,29/3978,86/19331,0.337209302,1.638660891,3.021428224,0.003052701,0.035139975,0.028063422,pxnb/actb1/enah/parvg/itgb1a/vcla/actb2/fermt3b/lpp/focad/evlb/itgbl1/itgb2/tln2a/nexn/arhgap24/ptk2ba/si:ch211-247j9.1/ilk/flii/xirp2a/pleca/itgb8/tns1a/xirp1/cav2/dixdc1a/tln1/pgm5,29
MF,GO:0004407,histone deacetylase activity,10/3772,20/18430,0.5,2.44300106,3.275322904,0.003089827,0.055864074,0.048851793,sirt1/hdac6/hdac9b/hdac4/sirt4/hdac11/sirt3/hdac1/sirt5/hdac5,10
BP,GO:0031929,TOR signaling,30/3857,90/18773,0.333333333,1.622418114,3.009775316,0.00310418,0.060384719,0.05211504,deptor/wdr59/prr5a/lamtor3/ddit4/rps6kb1b/gpr137c/fam83d/gsk3aa/tnfaip8l1/naa35/mapkapk5/sesn1/rptor/atm/rragd/sesn4/mapkap1/nprl2/waca/rnf152/tsc1b/lamtor1/rraga/gsk3ab/grk5l/otud5b/kptn/sec13/castor2,30
BP,GO:0043401,steroid hormone receptor signaling pathway,11/3857,23/18773,0.47826087,2.327817294,3.240078316,0.003110026,0.060384719,0.05211504,esrrga/abhd2a/paqr7b/esrra/esr2a/strn3/ar/pgr/arnt/kank2/esr2b,11
MF,GO:0004175,endopeptidase activity,107/3772,410/18430,0.26097561,1.275127383,2.857904552,0.003203053,0.056775677,0.049648968,yme1l1a/tpp2/f9a/pik3ip1/zgc:123217/ctsla/ece1/capn1/casp3a/napsa/clpp/capn9/casp7/blmh/prss23/zgc:163079/ctsd/prss35/si:dkeyp-93a5.2/casp17/usp13/uqcrc2b/usp33/zgc:92313/pmpcb/c1r/atg4b/pappa2/ddi2/si:ch1073-280e3.1/usp1/afg3l1/atg4da/prep/adamts9/tpp1/ybey/ctss2.2/prss59.2/mmp11b/prozb/ctsf/mst1/psmb6/zgc:100868/npsn/pmpca/zgc:112285/pcsk5a/ufsp2/atg4c/spg7/casp8/furina/cfd/adam8a/adam9b/trabd2b/st14/adamts3/capn15/capn3b/zgc:110239/casp2/mmp19/adam28/st14a/ctsz/snx7/capn1a/phex/htra3a/mmp14b/adamts12/adamts17/f10/adam9a/plg/capn7/ctsc/hm13/capn2b/tmprss4a/rhbdf1a/mmp9/nln/tmprss3a/mmp15b/cfbl/fap/parlb/prss1/adamts2a/anos1a/habp2/uspl1/mep1a.1/mmp15a/mipepa/proza/pigu/capn3a/masp2/mmp16b/f2/adam22/yme1l1b,107
BP,GO:0016236,macroautophagy,40/3857,129/18773,0.310077519,1.509226153,2.951140681,0.003246168,0.062254724,0.053728948,zgc:136908/ubxn2a/rubcn/ulk2/atg9b/vcp/vmp1/atg4b/tbc1d14/ufc1/atg4da/wdr45b/retreg3/map1lc3c/atg16l1/hdac10/tmem41b/sesn1/rab1ba/si:dkey-28b4.8/atg4c/atg2a/sesn4/wdr81/gabarapl2/tmem39a/snx7/atp13a2/ufl1/arl8ba/atg7/snx30/tp53inp1/stx12/scoca/nsfl1c/ilrun/becn1/sting1/mfsd8,40
BP,GO:0034101,erythrocyte homeostasis,40/3857,129/18773,0.310077519,1.509226153,2.951140681,0.003246168,0.062254724,0.053728948,p2ry12/abcb10/casp3a/hmgcs1/rps19/spi1b/bdh2/rps14/hif1al/rplp1/rpl35a/nemp1/rps15a/rps3/rpl27/p4htmb/stat5a/rpl18/rpl11/csnk2b/rps29/rpl35/elavl1a/klf17/numbl/sparc/hdac9b/rps9/gata2a/numb/alas2/gata1a/ncoa4/ufl1/slc4a1a/melk/gfi1b/tspo/snx3/fam210b,40
CC,GO:0098800,inner mitochondrial membrane protein complex,15/3978,36/19331,0.416666667,2.024782135,3.132651593,0.003253404,0.036636163,0.029258306,grpel1/apoob/chchd6a/micu2/smdt1b/afg3l1/mcu/timm17a/spg7/micos13/immt/micos10/timm23a/timm50/dnajc15,15
BP,GO:1901293,nucleoside phosphate biosynthetic process,61/3857,214/18773,0.285046729,1.387394929,2.898260632,0.003279543,0.062511292,0.05395038,rrm2b/acsl1a/adka/pmm2/atpsckmt/rfk/elovl6/dhodh/ak4/ampd3a/kars1/ak3/uap1/pdk2a/acss2/adss1/nampt1/gmds/atp5mc3b/atp5f1e/elovl5/umps/prps1a/nme2b.1/ugdh/nadkb/nme4/dlst/hprt1l/aclya/paics/atic/mpv17/antkmt/flad1/nadk2/pdhx/gucy1a1/ampd2b/gfus.1/adcy5/gucy1a2/ctps1b/adcy1a/papss2b/acsl5/uck2b/uck1/tyms/prpsap2/acacb/hprt1/dtymk/pdha1a/atp5pb/nme7/gart/atp5pf/atp5l/rrm1/ctps1a,61
BP,GO:0055013,cardiac muscle cell development,17/3857,43/18773,0.395348837,1.924263345,3.085424855,0.003395323,0.063938435,0.055182076,cmlc1/fhod3a/nrap/vcp/tcap/icam3/smyd1b/opa1/mat2aa/adprhl1/alpk2/rbfox1l/nexn/ilk/gsk3ab/septin15/tln1,17
BP,GO:0170036,import into the mitochondrion,17/3857,43/18773,0.395348837,1.924263345,3.085424855,0.003395323,0.063938435,0.055182076,grpel1/sfxn3/bcl2l16/micu2/smdt1b/mcu/tomm40/timm17a/slc25a39/timm23a/vdac2/slc25a33/timm44/slc25a36a/timm50/tomm20b/dnajc15,17
MF,GO:0051020,GTPase binding,41/3772,134/18430,0.305970149,1.494970798,2.917113112,0.003530794,0.061381488,0.053676639,rangrf/golga4/dennd5b/dock5/pkn1a/rilp/rab11fip5a/fam49al/wasa/pkn2a/fam49ba/cfap45/ipo9/ccdc186/srgap2/daam2/rin3/radil/cdc42ep1a/tnpo2a/trip11/ipo7/xpo1b/git2b/xpo6/git2a/plekhg2/xpo1a/cdc42ep5/dock4b/git1/rab11fip5b/cse1l/vps51/myripa/rangap1a/rin2a/ipo13b/rab11fip1a/rabgef1/rock2a,41
BP,GO:0031329,regulation of cellular catabolic process,35/3857,110/18773,0.318181818,1.548671836,2.934757273,0.00356411,0.066431269,0.057333516,dap1b/pnpla3/rubcn/ulk2/keap1a/dram2b/mtmr3/vcp/mtcl3a/usp10/asah1b/usp13/gsk3aa/tmem59/sesn1/rptor/rragd/sesn4/ctns/epm2a/adam8a/tmem39a/nprl2/waca/rnf152/ufl1/rraga/gsk3ab/snx30/cptp/gfap/ap3d1/scoca/becn1/sting1,35
BP,GO:0032922,circadian regulation of gene expression,14/3857,33/18773,0.424242424,2.064895782,3.113387578,0.003570203,0.066431269,0.057333516,egr1/npas2/cry1a/ppp1cb/cry1b/nfil3-6/per3/nampt1/nfil3-5/nr1d2a/per1b/bhlhe41/ciarta/clocka,14
BP,GO:0072330,monocarboxylic acid biosynthetic process,29/3857,87/18773,0.333333333,1.622418114,2.958949699,0.003603777,0.066659204,0.057530235,abhd2a/prkag2b/elovl6/tle3a/fasn/ccdc57/ptges/tecrb/cyp7a1/ptges3a/dcaf5/elovl5/acsbg2/park7/aclya/gamt/ptgis/lias/fasn2/ndufab1b/lpla/acacb/lipg/ptgs2b/olah/scdb/prkag3b/apc/rdh10a,29
BP,GO:0010648,negative regulation of cell communication,124/3857,484/18773,0.256198347,1.246982518,2.799289524,0.003672668,0.067130774,0.057937224,deptor/tollip/usp4/pik3ip1/dusp1/arhgap45b/si:dkey-237i9.1/arrb2b/skila/nfkbiaa/amer1/inpp5ka/bcl6aa/tle3a/ddit4/dusp10/inpp5d/btk/dab2/phactr4a/rerea/rspo3/ptpn2a/herpud1/aida/stk3/nkd1/dact3a/il17rd/rnf34b/ldlrad4a/rack1/arhgap25/jupa/dusp4/sulf2b/gsk3aa/spry4/stambpa/cdk5rap3/otud4/foxo3b/chrdl2/tnfaip8l1/aplnrb/churc1/socs7/tcf7l1a/mapkapk5/numbl/spartb/sesn1/nog2/atm/grb10b/tp53bp2b/arhgap17a/strn3/kctd13/axin1/lgals3b/sesn4/gmip/yju2/arhgap24/akap12b/nup62l/trabd2b/gatad2b/si:ch211-247j9.1/mettl3/tnip1/arhgap22b/si:ch211-121a2.2/nprl2/si:ch211-284o19.8/gpc1b/rnf152/gpx4b/pitpnc1a/arhgap29b/nlk1/nkd2b/nkd2a/tegt/cd74a/ldb2a/nrros/nog3/ufl1/sulf1/tsc1b/slc35f6/scube2/tmem170b/tmem88b/si:ch211-223p8.8/ptbp1a/arnt/gsk3ab/grk5l/otud5b/cptp/lgr4/pid1/ptk7a/bcor/kptn/chuk/ncln/tle3b/pde10a/uri1/dlg5a/fstl3/dusp13a/lgals3a/kank2/ube2d2/sh3bp1/castor2/apc/sox17/smurf2,124
BP,GO:0023057,negative regulation of signaling,124/3857,484/18773,0.256198347,1.246982518,2.799289524,0.003672668,0.067130774,0.057937224,deptor/tollip/usp4/pik3ip1/dusp1/arhgap45b/si:dkey-237i9.1/arrb2b/skila/nfkbiaa/amer1/inpp5ka/bcl6aa/tle3a/ddit4/dusp10/inpp5d/btk/dab2/phactr4a/rerea/rspo3/ptpn2a/herpud1/aida/stk3/nkd1/dact3a/il17rd/rnf34b/ldlrad4a/rack1/arhgap25/jupa/dusp4/sulf2b/gsk3aa/spry4/stambpa/cdk5rap3/otud4/foxo3b/chrdl2/tnfaip8l1/aplnrb/churc1/socs7/tcf7l1a/mapkapk5/numbl/spartb/sesn1/nog2/atm/grb10b/tp53bp2b/arhgap17a/strn3/kctd13/axin1/lgals3b/sesn4/gmip/yju2/arhgap24/akap12b/nup62l/trabd2b/gatad2b/si:ch211-247j9.1/mettl3/tnip1/arhgap22b/si:ch211-121a2.2/nprl2/si:ch211-284o19.8/gpc1b/rnf152/gpx4b/pitpnc1a/arhgap29b/nlk1/nkd2b/nkd2a/tegt/cd74a/ldb2a/nrros/nog3/ufl1/sulf1/tsc1b/slc35f6/scube2/tmem170b/tmem88b/si:ch211-223p8.8/ptbp1a/arnt/gsk3ab/grk5l/otud5b/cptp/lgr4/pid1/ptk7a/bcor/kptn/chuk/ncln/tle3b/pde10a/uri1/dlg5a/fstl3/dusp13a/lgals3a/kank2/ube2d2/sh3bp1/castor2/apc/sox17/smurf2,124
CC,GO:0030684,preribosome,25/3978,72/19331,0.347222222,1.687318446,2.974124006,0.003695393,0.040727944,0.032526076,si:dkey-251i10.3/rps4x/srfbp1/mphosph10/rps7/rps15a/utp3/wdr75/riok2/rps3a/nsa2/riok3/dcaf13/nop14/ltv1/mdn1/fcf1/wdr46/emg1/utp11/wdr74/nob1/rpf1/utp4/krr1,25
BP,GO:0002757,immune response-activating signaling pathway,30/3857,91/18773,0.32967033,1.604589344,2.939838041,0.003736646,0.067130774,0.057937224,mavs/usp4/ptpn22/si:dkey-237i9.1/slc15a2/tlr9/tlr22/btk/syk/tlr18/prkcbb/cd79b/otud4/cd79a/themis2/unc93b1/tec/si:dkey-237j10.2/ifih1/tlr3/si:ch211-243a20.4/ninj1/mapkapk2a/csk/cptp/lgr4/ube2nb/si:dkey-52l18.4/sting1/itk,30
BP,GO:0007266,Rho protein signal transduction,30/3857,91/18773,0.32967033,1.604589344,2.939838041,0.003736646,0.067130774,0.057937224,arhgap35a/rhoab/dock11/phactr4a/cdc42ep1a/dock9b/cdc42l/rhov/kctd13/akap12b/eps8l1b/arhgef28a/cdc42ep5/eps8l1a/akap13/arhgdia/dock7/abrab/dock8/arhgef2b/arhgap5/rhoub/cdc42/abraa/plekhg7/eps8l2/rock2a/kank2/net1/stard13b,30
BP,GO:0070646,protein modification by small protein removal,30/3857,91/18773,0.32967033,1.604589344,2.939838041,0.003736646,0.067130774,0.057937224,psmd14/usp21/usp38/usp4/zranb1b/usp14/usp47/senp3b/usp10/usp42/cops8/usp5/usp13/usp33/senp8/usp1/stambpa/usp2b/usp43b/usp7/usp22/usp49/uchl5/senp5/usp31/senp2/usp34/otub1a/uspl1/usp18,30
MF,GO:0016831,carboxy-lyase activity,13/3772,30/18430,0.433333333,2.117267586,3.106764138,0.003816456,0.065095782,0.0569247,pck1/csad/pdxdc1/mvda/umps/acod1/paics/urod/amd1/gad1b/pisd/azin1b/acmsd,13
BP,GO:2000058,regulation of ubiquitin-dependent protein catabolic process,16/3857,40/18773,0.4,1.946901737,3.048492615,0.003859494,0.068941597,0.059500055,ube3a/vcp/hsp90ab1/csnk1e/sh3rf1/gsk3aa/desi1a/axin1/klhl40a/det1/prmt6/edn1/gsk3ab/fhit/ccdc22/fzr1a,16
BP,GO:0055006,cardiac cell development,18/3857,47/18773,0.382978723,1.864054855,3.01593265,0.003915791,0.069156858,0.059685836,cmlc1/fhod3a/nrap/vcp/tcap/icam3/smyd1b/opa1/mat2aa/adprhl1/alpk2/rbfox1l/nexn/fbn2b/ilk/gsk3ab/septin15/tln1,18
BP,GO:1902105,regulation of leukocyte differentiation,18/3857,47/18773,0.382978723,1.864054855,3.01593265,0.003915791,0.069156858,0.059685836,spi1b/bcl6aa/inpp5d/irf7/ptpn6/asxl1/mafbb/sh3rf1/stat5a/opa1/cdk9/irf2bp2b/mettl3/csf3r/kat2a/nelfb/runx1/si:ch211-243a20.4,18
BP,GO:0072521,purine-containing compound metabolic process,89/3857,334/18773,0.266467066,1.296962984,2.784586889,0.004091464,0.071853459,0.062013138,acsl1a/adka/prkag2b/fitm2/hmgcs1/atpsckmt/elovl6/eno1a/ak4/pde4ca/gpd1c/ampd3a/nt5c2a/aldob/allc/pde4ba/ak3/macrod1/pdk2a/acss2/gpib/adss1/atp6v1ab/hk1/gpd1b/nudt3b/gda/acot20/opa1/nampt1/acot22/eno1b/pfkma/hmgcra/acot9.1/atp5mc3b/mvda/pde4d/tdo2a/atp5f1e/tigara/elovl5/prps1a/nme2b.1/pkma/nadkb/nme4/dlst/hprt1l/idh1/aass/insra/aclya/paics/acot19/atic/nudt12/antkmt/nadk2/pdhx/oard1/gucy1a1/rpia/adpgk2/ampd2b/adcy5/gucy1a2/pklr/adcy1a/si:dkey-97m3.1/papss2b/acsl5/eno2/fhit/prpsap2/acacb/hprt1/pdha1a/atp5pb/taldo1/nt5c1aa/nme7/gapdhs/gart/atp5pf/macrod2/pde4bb/atp5l/prkag3b,89
BP,GO:0042060,wound healing,34/3857,107/18773,0.317757009,1.546604184,2.883321792,0.004129138,0.072109982,0.06223453,p2ry12/thbd/si:ch211-156j16.1/f9a/ppl/f2r/il6r/rhoab/prkcbb/fermt3b/f13a1b/lrrc32/prozb/gp9/f3b/lgals2a/arhgap24/si:ch211-247j9.1/pdgfrb/cpb2/f10/prcp/pleca/plg/fgl1b/mmp9/serpinc1/habp2/fgg/proza/pros1/f2/rhocb/kng1,34
MF,GO:0030170,pyridoxal phosphate binding,19/3772,51/18430,0.37254902,1.8202753,2.975658937,0.004213758,0.067881751,0.059360963,si:ch211-217a12.1/csad/oat/pygl/got2a/gpt/shmt2/sptlc2a/aadat/got1/pdxdc1/gcat/alas2/abat/etnppl/gad1b/sptlc2b/tat/cth,19
MF,GO:0070279,vitamin B6 binding,19/3772,51/18430,0.37254902,1.8202753,2.975658937,0.004213758,0.067881751,0.059360963,si:ch211-217a12.1/csad/oat/pygl/got2a/gpt/shmt2/sptlc2a/aadat/got1/pdxdc1/gcat/alas2/abat/etnppl/gad1b/sptlc2b/tat/cth,19
BP,GO:0030041,actin filament polymerization,38/3857,123/18773,0.308943089,1.503704594,2.849987493,0.004332639,0.074620764,0.064401461,lmod3/ssh2a/scinlb/hcls1/lmod2b/tmsb/fam49al/svila/wasa/twf2b/fam49ba/scinla/add3a/capza1a/ssh2b/arpc2/pstpip1a/evlb/hax1/cdc42ep1a/scin/abitram/fhdc2/plekhg2/add2/dbnlb/cdc42ep5/ssh1b/baiap2a/flii/si:ch211-203d1.3/washc3/gas7a/kank3/capgb/fhdc1/pfn2a/kank2,38
BP,GO:0050851,antigen receptor-mediated signaling pathway,12/3857,27/18773,0.444444444,2.163224152,3.075706508,0.00433425,0.074620764,0.064401461,ptpn22/btk/syk/prkcbb/cd79b/cd79a/themis2/tec/si:ch211-243a20.4/ube2nb/si:dkey-52l18.4/itk,12
BP,GO:0009165,nucleotide biosynthetic process,46/3857,155/18773,0.296774194,1.444475482,2.82553734,0.004344523,0.074620764,0.064401461,rrm2b/adka/atpsckmt/rfk/dhodh/ak4/ampd3a/kars1/ak3/adss1/nampt1/atp5mc3b/atp5f1e/umps/prps1a/nme2b.1/nadkb/nme4/dlst/hprt1l/paics/atic/mpv17/antkmt/flad1/nadk2/gucy1a1/ampd2b/adcy5/gucy1a2/ctps1b/adcy1a/papss2b/uck2b/uck1/tyms/prpsap2/hprt1/dtymk/atp5pb/nme7/gart/atp5pf/atp5l/rrm1/ctps1a,46
BP,GO:0007041,lysosomal transport,19/3857,51/18773,0.37254902,1.813290834,2.957391021,0.004405988,0.075262942,0.064955693,hspa8/vcp/tsg101a/scarb2a/sorl1/zgc:123278/pikfyve/hook1/ap4m1/sybl1/rab7a/gnptab/vps51/arl8ba/si:dkey-13a21.4/ap3d1/aktip/trak1a/m6pr,19
MF,GO:0005201,extracellular matrix structural constituent,26/3772,77/18430,0.337662338,1.649818898,2.898568285,0.004419156,0.067881751,0.059360963,col5a1/col5a3a/col5a2a/col1a2/col1a1a/col22a1/lamb2/col15a1b/col16a1/elnb/scara3/col4a5/lama4/col4a1/col18a1a/col4a2/si:ch211-196i2.1/fbn2b/lamb1a/col11a1a/col4a6/colq/col5a2b/lama1/col2a1a/zp3b,26
CC,GO:0000315,organellar large ribosomal subunit,15/3978,37/19331,0.405405405,1.970058294,3.00634799,0.004445005,0.046990056,0.037527112,mrpl10/mrpl44/mrpl51/mrpl43/mrpl21/mrpl28/mrpl34/mrpl4/mrpl17/mrpl53/mrpl47/mrpl32/mrpl22/mrpl52/mrpl12,15
CC,GO:0005762,mitochondrial large ribosomal subunit,15/3978,37/19331,0.405405405,1.970058294,3.00634799,0.004445005,0.046990056,0.037527112,mrpl10/mrpl44/mrpl51/mrpl43/mrpl21/mrpl28/mrpl34/mrpl4/mrpl17/mrpl53/mrpl47/mrpl32/mrpl22/mrpl52/mrpl12,15
BP,GO:0016311,dephosphorylation,56/3857,196/18773,0.285714286,1.390644098,2.79560248,0.004445836,0.075529262,0.06518554,dusp28/dusp22b/ssh2a/dusp1/ppm1la/ppm1db/ptpn22/mtmr3/ptpn18/mtmr7b/dusp22a/inpp5ka/dusp10/inpp5d/ptpn3/mtmr6/ptpn6/ptpn2a/ptprua/ssh2b/dusp4/ptprn2/ilkap/igbp1/cdc25b/ptprh/pdp1/ppm1h/inpp5b/cdkn3/epm2a/lhpp/plpp1a/dusp3a/sgpp1b/si:ch211-121a2.2/inpp5l/ssh1b/ppm1j/cdc14b/ptprea/ptprb/ptpn11b/si:ch211-203d1.3/pip4p2/ptprq/si:ch211-223p8.8/ppm1e/ptprc/dusp23b/timm50/ptprna/ptprz1b/ptpn13/dusp13a/ptp4a1,56
MF,GO:0051371,muscle alpha-actinin binding,7/3772,12/18430,0.583333333,2.850167904,3.252219877,0.004463356,0.067881751,0.059360963,pdlim3b/pdlim5a/ldb3b/pdlim4/pdlim7/pdlim1/pdlim5b,7
MF,GO:0051393,alpha-actinin binding,7/3772,12/18430,0.583333333,2.850167904,3.252219877,0.004463356,0.067881751,0.059360963,pdlim3b/pdlim5a/ldb3b/pdlim4/pdlim7/pdlim1/pdlim5b,7
MF,GO:0070628,proteasome binding,7/3772,12/18430,0.583333333,2.850167904,3.252219877,0.004463356,0.067881751,0.059360963,psmd14/psme4b/usp14/adrm1/psmg1/uchl5/rad23aa,7
MF,GO:0035091,phosphatidylinositol binding,48/3772,164/18430,0.292682927,1.430049401,2.80619543,0.004518149,0.067881751,0.059360963,si:rp71-46j2.7/rubcn/zgc:153184/phlda2/scinlb/plekha5/amer1/eea1/ncf4/svila/scinla/plekhn1/arhgap32b/sh3yl1/aida/zfyve26/zgc:92360/wdr45b/ttpa/pcf11/hip1rb/pitpnbl/scin/snx18a/dennd1a/atg2a/mapkap1/si:ch211-195b13.1/si:ch211-200p22.4/snx19b/snx7/esyt3/golph3a/pik3c2a/flii/zcchc14/bbs5/esyt2a/capgb/ttpal/snx30/snx10a/dennd1c/sh3pxd2aa/sestd1/phlda1/pitpnb/snx3,48
BP,GO:0000054,ribosomal subunit export from nucleus,7/3857,12/18773,0.583333333,2.8392317,3.240805593,0.004566548,0.075529262,0.06518554,eif6/xpo1b/lsg1/xpo1a/nup88/ltv1/mdn1,7
BP,GO:0006206,pyrimidine nucleobase metabolic process,7/3857,12/18773,0.583333333,2.8392317,3.240805593,0.004566548,0.075529262,0.06518554,dhodh/umps/cps1/aldh6a1/ctps1b/dpys/ctps1a,7
BP,GO:0006555,methionine metabolic process,7/3857,12/18773,0.583333333,2.8392317,3.240805593,0.004566548,0.075529262,0.06518554,bhmt/zgc:172121/cnr2/adi1/mri1/apip/mtrr,7
BP,GO:0009437,carnitine metabolic process,7/3857,12/18773,0.583333333,2.8392317,3.240805593,0.004566548,0.075529262,0.06518554,acadl/crata/cpt1b/cpt1a2b/bbox1/zgc:154046/tmlhe,7
BP,GO:0033750,ribosome localization,7/3857,12/18773,0.583333333,2.8392317,3.240805593,0.004566548,0.075529262,0.06518554,eif6/xpo1b/lsg1/xpo1a/nup88/ltv1/mdn1,7
CC,GO:0016281,eukaryotic translation initiation factor 4F complex,7/3978,12/19331,0.583333333,2.834694989,3.236039902,0.004610425,0.047764001,0.038145199,eif4e3/eif4g2a/eif4g1a/eif4e1c/eif4e2/eif4g3a/eif4eb,7
BP,GO:1903008,organelle disassembly,11/3857,24/18773,0.458333333,2.230824907,3.068080478,0.004686863,0.077111237,0.066550864,zgc:136908/dyrk3/vcp/rack1/gfm2/ltn1/pelo/ufsp2/znf598/ufl1/mtrfr,11
MF,GO:0004177,aminopeptidase activity,14/3772,34/18430,0.411764706,2.011883226,2.995763487,0.004760949,0.067881751,0.059360963,zgc:152830/tpp2/blmh/xpnpep2/erap2/dpp9/pepd/anpepa/xpnpep3/npepps/lta4h/aopep/dpp6a/xpnpep1,14
MF,GO:0033558,protein lysine deacetylase activity,10/3772,21/18430,0.476190476,2.326667677,3.085716799,0.004827018,0.067881751,0.059360963,sirt1/hdac6/hdac9b/hdac4/sirt4/hdac11/sirt3/hdac1/sirt5/hdac5,10
BP,GO:0032868,response to insulin,20/3857,55/18773,0.363636364,1.76991067,2.907675028,0.004861316,0.078009661,0.067326249,znf106a/pck1/irs2b/inpp5ka/rps6kb1b/slc2a1b/gsk3aa/lpin2/socs7/grb10b/slc39a14/pik3r3b/pik3r1/irs4a/gsk3ab/si:ch73-335l21.1/pid1/igf2b/bglap/cav2,20
BP,GO:1990542,mitochondrial transmembrane transport,27/3857,81/18773,0.333333333,1.622418114,2.854636087,0.004863417,0.078009661,0.067326249,chchd4a/ucp3/slc25a12/grpel1/sfxn3/bcl2l16/micu2/smdt1b/mcu/tomm40/timm17a/slc25a1a/slc25a55a/slc25a39/mpc1/letm1/slc25a1b/timm23a/slc25a29/vdac2/slc25a33/slc25a24/timm44/slc25a36a/timm50/tomm20b/dnajc15,27
MF,GO:0031072,heat shock protein binding,18/3772,48/18430,0.375,1.832250795,2.928719812,0.004869338,0.067881751,0.059360963,hsp70.3/unc45b/hspa8/dnajb12a/dnajb6b/dnaja1/stip1/hspa5/dnajc2/hspa14/ptges3a/hsc70/cdc37l1/ptges3l/fkbp6/dnaja2a/hikeshi/dnajb1b,18
BP,GO:0006091,generation of precursor metabolites and energy,69/3857,251/18773,0.274900398,1.338010158,2.741426318,0.004876379,0.078009661,0.067326249,ppp1r3cb/uqcr10/gyg1b/ppp1r3db/prkag2b/coa6/slc25a12/pm20d1.2/atpsckmt/eno1a/inpp5ka/cyc1/uqcrq/gbe1b/ppp1r3aa/ndufb6/aldob/tcap/ndufs6/gyg1a/pygl/etfdh/gpib/ppp1cb/phkg2/hk1/wdr45b/coq10a/sdha/ndufa7/fdx1/eno1b/pfkma/idh3b/ugp2a/sdhaf2/atp5f1e/uqcrh/tigara/sdhdb/atg2a/ndufv2/slc25a55a/pkma/aco1/sdhb/epm2a/dlst/phka1a/idh1/insra/cox7b/lyrm5a/antkmt/reep1/phka2/rpia/ugp2b/adpgk2/aco2/pklr/ndufaf1/cox7a2l/eno2/taldo1/uqcrb/gapdhs/ndufs4/prkag3b,69
MF,GO:0003724,RNA helicase activity,24/3772,70/18430,0.342857143,1.675200727,2.871077735,0.004905093,0.067881751,0.059360963,ddx17/dhx30/ddx28/ddx61/ddx19b/eif4a2/ddx59/ddx5/upf1/ddx21/ddx6/ifih1/ddx52/tdrd9/ddx39b/ddx24/dhx15/ddx39ab/ythdc2/g3bp1/supv3l1/ddx10/ddx3xa/eif4a1a,24
MF,GO:0008186,"ATP-dependent activity, acting on RNA",24/3772,70/18430,0.342857143,1.675200727,2.871077735,0.004905093,0.067881751,0.059360963,ddx17/dhx30/ddx28/ddx61/ddx19b/eif4a2/ddx59/ddx5/upf1/ddx21/ddx6/ifih1/ddx52/tdrd9/ddx39b/ddx24/dhx15/ddx39ab/ythdc2/g3bp1/supv3l1/ddx10/ddx3xa/eif4a1a,24
BP,GO:0051129,negative regulation of cellular component organization,47/3857,160/18773,0.29375,1.429755963,2.776052142,0.004921844,0.078009661,0.067326249,lmod3/rubcn/tncb/ssh2a/ulk2/scinlb/lmod2b/tmsb/lcmt1/zw10/fignl2/svila/twf2b/scinla/add3a/aida/capza1a/ssh2b/rhpn2/si:ch211-266i6.3/slit2/plekhh2/mcm2/scin/lgals3b/mcl1b/arhgap24/tmem39a/si:ch211-247j9.1/add2/ssh1b/phf2/flii/si:ch211-203d1.3/slc35f6/kank3/capgb/sfpq/cptp/scaf4a/ptpn13/lrpap1/ndc80/lgals3a/kank2/apc/terf1,47
BP,GO:0071542,dopaminergic neuron differentiation,10/3857,21/18773,0.476190476,2.317740163,3.072341859,0.004969778,0.078009661,0.067326249,nr4a2a/gdnfa/park7/per1b/manf/bdnf/anos1a/arnt2/sim1a/sncgb,10
MF,GO:0016829,lyase activity,58/3772,206/18430,0.281553398,1.3756705,2.750541603,0.004970877,0.067881751,0.059360963,hccsb/pck1/cfh/rnaset2l/csad/pm20d1.2/eno1a/ca15b/aldob/rps3/auh/fasn/mocs1/tha1/usb1/npl/alad/eno1b/pdxdc1/tyw1/echs1/gmds/mvda/ilvbl/umps/pam/ca4c/acod1/aco1/park7/cahz/aclya/paics/hpda/etnppl/neil3/gucy1a1/urod/adcy5/aco2/gucy1a2/ptgis/pcbd1/adcy1a/amd1/gad1b/eno2/endouc/apip/pisd/azin1b/ggcta/ltc4s/hmces/pus7/scly/acmsd/cth,58
CC,GO:0005865,striated muscle thin filament,14/3978,34/19331,0.411764706,2.000961169,2.973469454,0.005013569,0.047889928,0.038245766,tnni2a.2/tnnt1/lmod3/tnni2a.4/tnnc1a/tnni1d/lmod2b/tnni1b/tpm2/tnni2a.3/tnnc2.1/tnni4b.2/tnnt2c/tnnt2e,14
CC,GO:0036379,myofilament,14/3978,34/19331,0.411764706,2.000961169,2.973469454,0.005013569,0.047889928,0.038245766,tnni2a.2/tnnt1/lmod3/tnni2a.4/tnnc1a/tnni1d/lmod2b/tnni1b/tpm2/tnni2a.3/tnnc2.1/tnni4b.2/tnnt2c/tnnt2e,14
MF,GO:0101005,deubiquitinase activity,30/3772,93/18430,0.322580645,1.576129716,2.825510832,0.005031059,0.067881751,0.059360963,fbxl22/psmd14/usp21/usp38/usp4/zranb1b/usp14/usp47/usp10/usp42/usp5/usp13/usp33/usp1/stambpa/usp2b/otud4/usp43b/usp7/usp22/usp49/vcpip1/otud7a/uchl5/mysm1/usp31/usp34/otub1a/otud5b/usp18,30
BP,GO:0030193,regulation of blood coagulation,8/3857,15/18773,0.533333333,2.595868983,3.144151777,0.005031947,0.078009661,0.067326249,f2r/gp9/cpb2/plg/serpinc1/pros1/f2/kng1,8
BP,GO:0032790,ribosome disassembly,8/3857,15/18773,0.533333333,2.595868983,3.144151777,0.005031947,0.078009661,0.067326249,rack1/gfm2/ltn1/pelo/ufsp2/znf598/ufl1/mtrfr,8
BP,GO:0046112,nucleobase biosynthetic process,8/3857,15/18773,0.533333333,2.595868983,3.144151777,0.005031947,0.078009661,0.067326249,dhodh/umps/hprt1l/cps1/ctps1b/hprt1/gart/ctps1a,8
BP,GO:0048742,regulation of skeletal muscle fiber development,8/3857,15/18773,0.533333333,2.595868983,3.144151777,0.005031947,0.078009661,0.067326249,myog/myod1/neu1/mymk/fkrp/mpv17/myf6/hnrnpl2,8
BP,GO:1900046,regulation of hemostasis,8/3857,15/18773,0.533333333,2.595868983,3.144151777,0.005031947,0.078009661,0.067326249,f2r/gp9/cpb2/plg/serpinc1/pros1/f2/kng1,8
BP,GO:1903036,positive regulation of response to wounding,8/3857,15/18773,0.533333333,2.595868983,3.144151777,0.005031947,0.078009661,0.067326249,tncb/f2r/clcf1/il6st/m17/lgals2a/f2/cntfr,8
BP,GO:0045637,regulation of myeloid cell differentiation,18/3857,48/18773,0.375,1.825220379,2.910942015,0.005081464,0.078009661,0.067326249,p2ry12/mturn/rps19/spi1b/bcl6aa/inpp5d/ptpn6/asxl1/mafbb/p4htmb/stat5a/klf17/cdk9/irf2bp2b/gata1a/csf3r/nelfb/runx1,18
CC,GO:0031941,filamentous actin,8/3978,15/19331,0.533333333,2.591721133,3.139104005,0.005084838,0.047889928,0.038245766,pdlim3b/pdlim5a/ldb3b/pdlim4/pdlim7/pdlim1/specc1/pdlim5b,8
CC,GO:0034361,very-low-density lipoprotein particle,8/3978,15/19331,0.533333333,2.591721133,3.139104005,0.005084838,0.047889928,0.038245766,apoeb/apoa4a/apoa4b.2/apobb.1/lpla/apoc2/apoc1/apoa1b,8
CC,GO:0034385,triglyceride-rich plasma lipoprotein particle,8/3978,15/19331,0.533333333,2.591721133,3.139104005,0.005084838,0.047889928,0.038245766,apoeb/apoa4a/apoa4b.2/apobb.1/lpla/apoc2/apoc1/apoa1b,8
BP,GO:0003181,atrioventricular valve morphogenesis,9/3857,18/18773,0.5,2.433627171,3.094338684,0.005117953,0.078009661,0.067326249,itgb1a/vcla/jupa/cemip2/pdlim7/gata2a/ugdh/has2/nfatc1,9
BP,GO:0008535,respiratory chain complex IV assembly,9/3857,18/18773,0.5,2.433627171,3.094338684,0.005117953,0.078009661,0.067326249,coa6/coa3a/cox19/cox17/rpl37/uqcc6/cox20/pet100/surf1,9
BP,GO:0042541,hemoglobin biosynthetic process,9/3857,18/18773,0.5,2.433627171,3.094338684,0.005117953,0.078009661,0.067326249,abcb10/rps19/bdh2/rpl10a/rpl11/alas2/tfa/cpox/snx3,9
BP,GO:0032543,mitochondrial translation,16/3857,41/18773,0.390243902,1.899416329,2.931666245,0.005140752,0.078009661,0.067326249,ptcd3/mrps35/mrpl44/coa3a/gfm1/trmt10c/mrps18b/gfm2/mrps24/mrpl43/rmnd1/mtg1/mrps34/mrpl47/lars2/mrpl52,16
BP,GO:0010720,positive regulation of cell development,30/3857,93/18773,0.322580645,1.570082046,2.802491518,0.005331872,0.080519001,0.069491935,myog/grna/serpinf1/swap70b/inpp5d/myod1/hapln1b/opa1/vcanb/numbl/hapln1a/ncanb/vcana/numb/bcan/lgals2a/plxna3/ezh2/atoh7/dbnlb/myf6/fxr2/nlk1/plxnb3/znf16l/runx1/plxna2/hdac1/tiam1b/alcama,30
MF,GO:0004725,protein tyrosine phosphatase activity,34/3772,109/18430,0.311926606,1.524074056,2.783752953,0.005351713,0.070683261,0.061810816,pgp/dusp22b/dusp1/ptpn22/mtmr3/ptpn18/dusp22a/dusp10/ptpn3/ptpn6/ptpn2a/ptprua/dusp4/ptprn2/cdc25b/ptprh/cdkn3/epm2a/dusp3a/si:ch211-121a2.2/cdc14b/ptprea/ptprb/ptpn11b/ptprq/si:ch211-223p8.8/ptprc/dusp23b/timm50/ptprna/ptprz1b/ptpn13/dusp13a/ptp4a1,34
MF,GO:0000287,magnesium ion binding,35/3772,113/18430,0.309734513,1.513363489,2.776747536,0.005395072,0.070683261,0.061810816,thtpa/eno1a/farsa/ppa2/atp10b/thg1l/ydjc/adss1/mtg2/comtb/rps6ka2/eno1b/mast2/idh3b/ilvbl/adprhl1/wee1/prps1a/pkma/atp11a/hprt1l/idh1/nt5c3a/matn4/pklr/aasdhppt/atp8b5b/eno2/prpsap2/hprt1/irak4/nt5c1aa/fen1/adprh/gss,35
BP,GO:0071375,cellular response to peptide hormone stimulus,25/3857,74/18773,0.337837838,1.644342683,2.824083122,0.005421842,0.081094154,0.069988321,znf106a/nr4a3/pck1/irs2b/nr4a1/inpp5ka/nr4a2a/rps6kb1b/ghra/stat5a/gsk3aa/lpin2/socs7/grb10b/slc39a14/pik3r3b/pik3r1/irs4a/jak3/gsk3ab/si:ch73-335l21.1/pid1/igf2b/bglap/cav2,25
BP,GO:1905037,autophagosome organization,25/3857,74/18773,0.337837838,1.644342683,2.824083122,0.005421842,0.081094154,0.069988321,ubxn2a/ulk2/atg9b/vmp1/atg4b/tbc1d14/atg4da/wdr45b/map1lc3c/atg16l1/tmem41b/rab1ba/si:dkey-28b4.8/atg4c/atg2a/gabarapl2/tmem39a/atp13a2/atg7/snx30/tp53inp1/stx12/nsfl1c/becn1/sting1,25
BP,GO:0002764,immune response-regulating signaling pathway,31/3857,97/18773,0.319587629,1.555514274,2.789286099,0.005448312,0.081102009,0.0699951,mavs/usp4/ptpn22/si:dkey-237i9.1/slc15a2/tlr9/tlr22/btk/syk/tlr18/prkcbb/cd79b/otud4/cd79a/themis2/unc93b1/tec/si:dkey-237j10.2/vav3b/ifih1/tlr3/si:ch211-243a20.4/ninj1/mapkapk2a/csk/cptp/lgr4/ube2nb/si:dkey-52l18.4/sting1/itk,31
BP,GO:0006839,mitochondrial transport,32/3857,101/18773,0.316831683,1.542100386,2.777786665,0.005546883,0.082177988,0.070923724,chchd4a/ucp3/slc25a12/grpel1/sfxn3/bcl2l16/micu2/smdt1b/bnip3lb/mcu/tomm40/timm17a/slc25a1a/ppifb/slc25a55a/slc25a39/mpc1/rhot1a/letm1/slc25a1b/timm23a/slc25a29/bnip3/vdac2/slc25a33/slc35f6/slc25a24/timm44/slc25a36a/timm50/tomm20b/dnajc15,32
BP,GO:0009123,nucleoside monophosphate metabolic process,19/3857,52/18773,0.365384615,1.778419856,2.85828125,0.005628273,0.082667729,0.071346395,adka/rfk/dhodh/ak4/ampd3a/nt5c2a/ak3/adss1/umps/prps1a/hprt1l/paics/atic/ampd2b/uck2b/uck1/tyms/hprt1/gart,19
BP,GO:0006414,translational elongation,22/3857,63/18773,0.349206349,1.69967612,2.828683371,0.005659275,0.082667729,0.071346395,mrpl44/rplp2/gfm1/rplp1/secisbp2/rack1/gtpbp1l/ltn1/eefsec/pelo/eef2k/znf598/elof1/eef1e1/nelfb/eif5a/ufl1/mtrfr/eef2b/eef1a1l1/tcea3/eef1g,22
BP,GO:0140053,mitochondrial gene expression,22/3857,63/18773,0.349206349,1.69967612,2.828683371,0.005659275,0.082667729,0.071346395,ptcd3/mrps35/mrpl44/coa3a/gfm1/trmt10c/mrps18b/gfm2/cdk5rap1/fastkd3/mrps24/mrpl43/tfb1m/rmnd1/mtg1/tbrg4/mrps34/kansl3/mrpl47/lars2/mrpl52/supv3l1,22
MF,GO:0016874,ligase activity,56/3772,199/18430,0.281407035,1.374955371,2.697740921,0.005766634,0.074471964,0.065123947,pcxb/ube3a/acsl1a/acss3/tars1/glulb/ube3c/farsa/slc27a6/uba3/slc27a4/kars1/mthfd1b/ttll6/acss2/mccc1/adss1/atp6v1ab/lrrc47/cbx4/mars2/uba1/mccc2/rars1/si:ch211-256m1.8/atp5f1e/znf451/ranbp2/gcat/cps1/glulc/acsbg2/paics/nars2/asnsd1/si:dkey-29p10.4/ctps1b/acsl5/gclm/rnf128a/ttll11/acsf2/atg7/iars1/pars2/acacb/lipt2/atp5pb/sae1/lars2/gart/pias2/atp5l/gss/ctps1a/lgsn,56
BP,GO:0090407,organophosphate biosynthetic process,98/3857,377/18773,0.25994695,1.265227919,2.64534377,0.005861196,0.085219066,0.073548327,ckmt2a/rrm2b/tamm41/acsl1a/adka/pmm2/fitm2/gpam/hmgcs1/bpnt2/atpsckmt/rfk/elovl6/dhodh/pip5k1ab/ak4/zgc:77375/hdhd5/ampd3a/kars1/kdsr/itpka/ak3/uap1/mocs1/chka/pdk2a/acss2/ckma/dgkaa/adss1/ttc7b/lpcat2/pip4k2aa/etnk1/zgc:172295/nampt1/lpcat1/gmds/atp5mc3b/mvda/atp5f1e/elovl5/umps/prps1a/nme2b.1/ugdh/nadkb/nme4/dlst/hprt1l/aclya/cdipt/paics/atic/pigo/mpv17/pi4k2a/antkmt/flad1/nadk2/pdhx/pik3cd/gucy1a1/pik3c2a/ampd2b/gfus.1/adcy5/gucy1a2/impa1/si:dkey-172j4.3/ctps1b/dgkza/adcy1a/papss2b/acsl5/uck2b/uck1/tyms/prpsap2/slc30a5/acacb/hprt1/dtymk/pdha1a/atp5pb/pisd/pigu/nme7/gart/pik3ca/atp5pf/atp5l/rrm1/chpt1/abhd4/ctps1a/sgms1b,98
MF,GO:0016887,ATP hydrolysis activity,84/3772,318/18430,0.264150943,1.29064207,2.652089653,0.005932802,0.074966095,0.065556052,hsp70.3/zgc:136908/yme1l1a/abcb6a/hspa8/psmc6/psmc1a/abcc4/cct4/abcb10/hsp90aa1.1/vcp/cct5/abca1b/psmc5/hsp90ab1/clpb/vps4b/atp2a1/fignl2/abca1a/afg1la/atp10b/kif2c/afg1lb/cct8/abcc2/psmc3/hspa5/znfx1/wu:fb13g09/kif3a/afg3l1/atp6v1ab/pex1/vps4a/hspa14/smc2/nsfa/abcc12/smarcad1b/hsc70/cct3/abca2/psmc4/psmc2/ighmbp2/atp6v1g1/si:dkey-28b4.8/abcf1/cct2/rad50/kif3cb/spg7/atad2b/kif5ba/atp11a/nav3/afg2b/cct7/abcb9/cct6a/atp1a2a/nav1b/atp13a2/abca3b/atad1b/atad3/ercc6l/abcb8/tdrd9/mdn1/srp54/atp8b5b/atp1a3a/ercc3/chd5/kif21b/kif13bb/supv3l1/tcp1/ola1/yme1l1b/btaf1,84
BP,GO:0030111,regulation of Wnt signaling pathway,52/3857,182/18773,0.285714286,1.390644098,2.692895438,0.005950591,0.086118278,0.074324392,id4/tollip/zranb1b/lrp5/amer1/csnk1e/tle3a/btk/dab2/rspo3/eaf1/gpc5b/stk3/gskip/nkd1/dact3a/atp6ap2/rack1/ccny/jupa/sulf2b/gsk3aa/cdk5rap3/foxo3b/daam2/tcf7l1a/cemip2/grb10b/axin1/ugdh/gbx1/rab8b/dvl2/nup62l/trabd2b/gpx4b/nlk1/nkd2b/nkd2a/dmxl2/sulf1/tmem170b/tmem88b/sfrp1a/znf703/gsk3ab/otud5b/lgr4/ptk7a/tle3b/apc/sox17,52
CC,GO:0032432,actin filament bundle,17/3978,45/19331,0.377777778,1.835802469,2.857199181,0.005958289,0.054465656,0.043497262,pdlim3b/lcp1/coro1cb/rflnb/pdlim5a/ablim1b/ldb3b/lpp/pdlim4/evlb/gas2l1/pdlim7/pdlim1/pls3/xirp2a/pdlim5b/xirp1,17
MF,GO:0004197,cysteine-type endopeptidase activity,30/3772,94/18430,0.319148936,1.559362379,2.758063423,0.005970751,0.074966095,0.065556052,ctsla/capn1/casp3a/capn9/casp7/blmh/casp17/usp13/usp33/atg4b/usp1/atg4da/ctss2.2/ctsf/ufsp2/atg4c/casp8/capn15/capn3b/zgc:110239/casp2/ctsz/snx7/capn1a/capn7/ctsc/capn2b/uspl1/pigu/capn3a,30
CC,GO:0005925,focal adhesion,27/3978,82/19331,0.329268293,1.600071736,2.771773274,0.005993325,0.054465656,0.043497262,pxnb/actb1/enah/parvg/itgb1a/vcla/actb2/lpp/focad/evlb/itgbl1/itgb2/tln2a/nexn/arhgap24/ptk2ba/si:ch211-247j9.1/ilk/flii/xirp2a/pleca/itgb8/tns1a/xirp1/cav2/dixdc1a/tln1,27
BP,GO:0050878,regulation of body fluid levels,28/3857,86/18773,0.325581395,1.58468746,2.763485037,0.00603693,0.08696518,0.075055311,p2ry12/thbd/si:ch211-156j16.1/f9a/f2r/si:ch73-234b20.5/prkcbb/fermt3b/f13a1b/lrrc32/prozb/gp9/f3b/vcana/cpb2/has2/aqp1a.1/f10/plg/cse1l/fgl1b/serpinc1/habp2/fgg/proza/pros1/f2/kng1,28
BP,GO:0048545,response to steroid hormone,20/3857,56/18773,0.357142857,1.738305122,2.813621538,0.006127559,0.087865816,0.075832605,esrrga/abhd2a/pck1/paqr7b/crhr1/spata18/esrra/esr2a/junbb/strn3/ar/jun/pgr/sstr5/arnt/slc37a4a/hamp/kank2/jund/esr2b,20
BP,GO:0030178,negative regulation of Wnt signaling pathway,29/3857,90/18773,0.322222222,1.56833751,2.748262255,0.006191004,0.088370227,0.076267937,tollip/amer1/tle3a/btk/dab2/rspo3/stk3/nkd1/dact3a/rack1/jupa/gsk3aa/cdk5rap3/foxo3b/tcf7l1a/grb10b/axin1/trabd2b/gpx4b/nkd2b/nkd2a/tmem170b/tmem88b/gsk3ab/otud5b/ptk7a/tle3b/apc/sox17,29
MF,GO:0004222,metalloendopeptidase activity,33/3772,106/18430,0.311320755,1.521113868,2.729447783,0.006207941,0.076002485,0.06646235,yme1l1a/ece1/uqcrc2b/pmpcb/pappa2/afg3l1/adamts9/ybey/mmp11b/npsn/pmpca/spg7/adam8a/adam9b/trabd2b/adamts3/mmp19/adam28/phex/mmp14b/adamts12/adamts17/adam9a/mmp9/nln/mmp15b/adamts2a/mep1a.1/mmp15a/mipepa/mmp16b/adam22/yme1l1b,33
MF,GO:0004713,protein tyrosine kinase activity,41/3772,138/18430,0.297101449,1.451638311,2.701463413,0.006223013,0.076002485,0.06646235,tnk2a/ephb3a/hipk2/btk/map2k6/syk/hipk3b/aatkb/tnk2b/fgfrl1a/baz1b/csf1ra/fes/egfra/epha6/pkdccb/ptk6b/epha2b/hck/wee1/tec/srms/ptk2ba/insra/ntrk1/clk4a/pdgfrb/znf143b/met/tnk1/erbb3b/csk/jak3/melk/yes1/ntrk3a/si:ch73-40a2.1/frk/clk2a/si:ch73-206d17.1/itk,41
MF,GO:0003713,transcription coactivator activity,37/3772,122/18430,0.303278689,1.481820315,2.70859417,0.006305516,0.076002485,0.06646235,ppargc1b/wbp2nl/zmiz2/hipk2/atxn7l3b/prkcbb/ctnnb1/jupa/arglu1a/sertad2b/dyrk1ab/lpin2/taf5l/cited4a/mrtfbb/ezh2/yap1/zmp:0000001236/ccdc124/crebbpa/mysm1/eny2/ncoa4/kat2a/phf2/mta2/med13a/maml3/ncoa2/taf6l/arid5b/sfr1/cdca4/kmt2cb/med6/atxn7l3a/net1,37
BP,GO:0016071,mRNA metabolic process,120/3857,474/18773,0.253164557,1.232216289,2.603886669,0.00632116,0.089817933,0.077517379,sart1/ddx17/si:ch211-107m4.1/snrpe/rbm24a/zmat5/snrpa/rpl22/tent5c/igf2bp2a/srsf1a/carhsp1/rc3h1b/dcp1a/exosc5/tnpo3/txnl4a/cpsf3/syncripl/plekhn1/lsm3/tfip11/rbm15/tent5ab/gdnfa/polr2g/gemin6/dicer1/rbm38/srsf5b/snrnp35/pabpc1b/arglu1a/igf2bp3/lsm7/ddx5/snrnp27/rbm17/fastkd3/ybx1/cirbpb/pqbp1/snrpg/cpsf1/snd1/rpl22l1/pelo/luc7l3/upf1/pcf11/ythdf1/hnrnpa3/samd4a/larp1/ncbp3/cwc15/rbfox1l/snrpa1/cwc25/yju2/clp1/sart3/bud31/tnrc6c1/upf2/mettl3/prpf6/rbm6/exosc7/celf3a/rida/sf3b3/snapc3/sf3a3/fxr2/celf2/wdr83/prpf3/tbrg4/gpatch1/zfp36l2/pus3/u2af1/hnrnpl2/clns1a/rbm8a/prpf31/scnm1/snrpd1/lsm8/ddx39b/ptbp1a/cfap410/rbm39a/hnrnpua/khdc4/ddx39ab/snrpd2/hnrnpub/cdc40/esrp1/zcchc7/cstf3/tardbpa/smg5/wdr33/arl6ip4/pan3/lgals3a/supv3l1/rsrc1/virma/magoh/sf3b1/ssu72/dis3l2/exosc4/esrp2/sde2/smndc1,120
BP,GO:0051240,positive regulation of multicellular organismal process,78/3857,292/18773,0.267123288,1.300156982,2.628639605,0.006406336,0.090616324,0.078206431,tnfsf13b/tncb/f2r/myog/rnf10/grna/serpinf1/swap70b/atpsckmt/tlr9/ephb3a/itgb1a/kmt5b/sirt1/kars1/inpp5d/dab2/loxl2b/fam49ba/gdnfa/b2ml/srpx2/rack1/panx1a/sulf2b/myod1/csf1ra/hapln1b/mymk/avpr2ab/aplnrb/mhc2d8.46a/opa1/elavl1a/vcanb/mtdhb/numbl/fgf1a/tapt1b/myrf/hapln1a/ncanb/vcana/gata2a/numb/bcan/lgals2a/plxna3/ezh2/atoh7/avpr1ab/dbnlb/myf6/fxr2/kat2a/nlk1/plxnb3/znf16l/runx1/cd74a/si:ch211-243a20.4/sox5/sulf1/dock8/plxna2/zbtb16a/edn1/hhla2b.1/hdac1/tiam1b/ikbke/si:ch73-40a2.1/itga3b/igf2b/f2/zgc:153911/sting1/tmem119b,78
BP,GO:0009161,ribonucleoside monophosphate metabolic process,18/3857,49/18773,0.367346939,1.787970983,2.80842515,0.006516334,0.091757021,0.07919091,adka/rfk/dhodh/ak4/ampd3a/nt5c2a/ak3/adss1/umps/prps1a/hprt1l/paics/atic/ampd2b/uck2b/uck1/hprt1/gart,18
BP,GO:0008064,regulation of actin polymerization or depolymerization,33/3857,106/18773,0.311320755,1.515277295,2.705269775,0.006593738,0.092430606,0.079772248,lmod3/ssh2a/scinlb/hcls1/lmod2b/tmsb/fam49al/svila/wasa/twf2b/fam49ba/scinla/add3a/capza1a/ssh2b/evlb/hax1/plekhh2/cdc42ep1a/scin/abitram/plekhg2/add2/dbnlb/cdc42ep5/ssh1b/baiap2a/flii/si:ch211-203d1.3/kank3/capgb/pfn2a/kank2,33
MF,GO:0001098,basal transcription machinery binding,11/3772,25/18430,0.44,2.149840933,2.918362438,0.006631101,0.077850852,0.068078703,rtraf/smyd2a/scaf1/pcf11/rtf1/elof1/waca/ctr9/gtf2e2/gtf2f1/scaf4a,11
MF,GO:0001099,basal RNA polymerase II transcription machinery binding,11/3772,25/18430,0.44,2.149840933,2.918362438,0.006631101,0.077850852,0.068078703,rtraf/smyd2a/scaf1/pcf11/rtf1/elof1/waca/ctr9/gtf2e2/gtf2f1/scaf4a,11
BP,GO:0009141,nucleoside triphosphate metabolic process,37/3857,122/18773,0.303278689,1.476134514,2.682949033,0.006724848,0.09363948,0.080815567,prkag2b/atpsckmt/eno1a/ak4/aldob/ak3/gpib/atp6v1ab/hk1/opa1/eno1b/pfkma/atp5mc3b/atp5f1e/tigara/nme2b.1/pkma/nme4/dlst/insra/antkmt/itpa/adpgk2/pklr/ctps1b/uck2b/uck1/eno2/tyms/dtymk/atp5pb/nme7/gapdhs/atp5pf/atp5l/prkag3b/ctps1a,37
BP,GO:0006631,fatty acid metabolic process,58/3857,208/18773,0.278846154,1.357215153,2.634316604,0.006739886,0.09363948,0.080815567,acadl/abhd2a/acsl1a/cpt2/pck1/prkag2b/mmut/zgc:56585/pm20d1.2/elovl6/slc27a6/slc27a4/hpgd/cpt1b/asah1b/pparaa/auh/fasn/ccdc57/cpt1a2b/pdk2a/ptges/tecrb/acot20/lpin2/ptges3a/acot22/dcaf5/hsd17b10/echs1/si:ch211-256m1.8/acad11/ilvbl/elovl5/acsbg2/aclya/acot19/ppardb/phyh/hao1/ptgis/lias/acsl5/fasn2/ndufab1b/acsf2/lpla/acacb/lipg/ptgs2b/decr1/olah/acox1/scdb/zgc:85777/prkag3b/pparab/peds1,58
MF,GO:0016830,carbon-carbon lyase activity,19/3772,53/18430,0.358490566,1.751585666,2.779575559,0.006815782,0.078993169,0.069077631,pck1/csad/aldob/mocs1/tha1/npl/pdxdc1/tyw1/mvda/ilvbl/umps/acod1/paics/urod/amd1/gad1b/pisd/azin1b/acmsd,19
BP,GO:0006790,sulfur compound metabolic process,61/3857,221/18773,0.2760181,1.343450294,2.611671597,0.007061712,0.097676604,0.084299806,acsl1a/cdo1/fitm2/mmut/csad/hmgcs1/elovl6/thtpa/gstk1/gpx1a/blmh/ahcy/bhmt/pdk2a/acss2/extl3/chpfa/zgc:172121/acot20/mat2ab/acot22/mat2aa/chsy3/hmgcra/acot9.1/mvda/gsto1/tdo2a/ext1a/sumf1/elovl5/sult1st6/gsta.1/dlst/sult2st2/aass/aclya/acot19/cnr2/adi1/mri1/ext1b/pdhx/gstt1b/mical1/chst7/si:dkey-97m3.1/papss2b/lias/acsl5/gclm/apip/acacb/pdha1a/mtrr/sqor/tpst1/chpf2/gss/ahcyl2b/cth,61
MF,GO:0050840,extracellular matrix binding,10/3772,22/18430,0.454545455,2.220910055,2.906638866,0.00724584,0.082914428,0.072506678,rpsa/itgb1a/dag1/vtna/cd248b/cd248a/sparc/lgals3b/lgals2a/lgals3a,10
BP,GO:0009086,methionine biosynthetic process,6/3857,10/18773,0.6,2.920352606,3.088757014,0.007305144,0.099340193,0.085735567,bhmt/zgc:172121/adi1/mri1/apip/mtrr,6
BP,GO:0045658,regulation of neutrophil differentiation,6/3857,10/18773,0.6,2.920352606,3.088757014,0.007305144,0.099340193,0.085735567,spi1b/inpp5d/ptpn6/asxl1/csf3r/runx1,6
BP,GO:0170040,proteinogenic amino acid catabolic process,23/3857,68/18773,0.338235294,1.646277204,2.714865649,0.007339575,0.099340193,0.085735567,si:ch211-217a12.1/cdo1/nos1/oat/glsa/gldc/got2a/gls2a/gpt/tha1/mccc2/gcsha/si:ch211-256m1.8/arg1/gcat/aldh4a1/gls2b/dlst/aass/ivd/hpda/dao.2/tat,23
BP,GO:1902904,negative regulation of supramolecular fiber organization,23/3857,68/18773,0.338235294,1.646277204,2.714865649,0.007339575,0.099340193,0.085735567,lmod3/ssh2a/scinlb/lmod2b/tmsb/svila/twf2b/scinla/add3a/capza1a/ssh2b/rhpn2/si:ch211-266i6.3/plekhh2/scin/add2/ssh1b/flii/si:ch211-203d1.3/kank3/capgb/kank2/apc,23
BP,GO:0040007,growth,104/3857,406/18773,0.256157635,1.246784364,2.556321354,0.007340878,0.099340193,0.085735567,chrna1/hspa8/apobec2b/faf1/col1a1a/tncb/notch2/tnn/ulk2/lrrc17/cebpd/ncaldb/col22a1/itga5/myog/inhbaa/grna/lrp5/casp3a/swap70b/nos1/rpl22/ap1g2/kmt5b/jag1b/sirt1/asah1b/fcho1/col4a5/il1b/eaf1/osgn1/ppp1cb/stat5a/extl3/scn8ab/apobec2a/hapln1b/gjd2b/atp6v1e1b/apoda.1/slit2/junbb/rpl22l1/cdk9/fgf1a/tubb5/tgif1/rptor/hapln1a/adprhl1/axin1/nid2a/dvl2/plxna3/ezh2/yap1/akap12b/insra/dcaf13/dio2/lamb1a/pdgfrb/itgav/dbnlb/serpinh1b/dspb/has2/pik3cd/lats2/runx1/cdh2/appb/mta2/mul2/ddx52/vdac2/col4a6/ninj1/apoda.2/hbegfa/igfbp2b/rap1aa/plk4/clns1a/erbb3b/tmem108/ist1/mmp9/myo10l1/mapk8ip3/wfdc1/hdac1/robo3/itga3b/tardbpa/prdx5/pik3ca/igf2b/bglap/becn1/supv3l1/plcg1/notch1b,104
CC,GO:0014704,intercalated disc,6/3978,10/19331,0.6,2.915686275,3.08433313,0.007366147,0.065787317,0.052538947,ctnnb1/jupa/pkp2/cxadr/cdh2/xirp1,6
BP,GO:0003179,heart valve morphogenesis,10/3857,22/18773,0.454545455,2.212388338,2.893308737,0.007453944,0.100435467,0.086680844,itgb1a/vcla/jupa/cemip2/pdlim7/gata2a/ugdh/fbn2b/has2/nfatc1,10
BP,GO:0072528,pyrimidine-containing compound biosynthetic process,13/3857,32/18773,0.40625,1.977322077,2.813650971,0.007610127,0.101805354,0.087863125,dhodh/umps/nme2b.1/nme4/cps1/mpv17/ctps1b/uck2b/uck1/tyms/dtymk/nme7/ctps1a,13
BP,GO:0009064,glutamine family amino acid metabolic process,20/3857,57/18773,0.350877193,1.707808541,2.721451591,0.007651155,0.101805354,0.087863125,glulb/nos1/oat/glsa/gls2a/aldh18a1/si:ch211-256m1.8/arg1/pycr1a/aldh4a1/gls2b/cps1/glulc/nags/asnsd1/ctps1b/dao.2/pycr3/ctps1a/lgsn,20
BP,GO:0042176,regulation of protein catabolic process,24/3857,72/18773,0.333333333,1.622418114,2.690729012,0.007653314,0.101805354,0.087863125,psmd2/usp14/vcp/hsp90ab1/csnk1e/rnft2/oaz1b/herpud1/sh3rf1/gsk3aa/desi1a/axin1/klhl40a/det1/adam8a/asb5b/edn1/rhbdf1a/gsk3ab/fhit/psmd3/gfap/azin1b/fzr1a,24
CC,GO:1990204,oxidoreductase complex,31/3978,99/19331,0.313131313,1.521654453,2.64874398,0.007744141,0.067990932,0.054298793,abhd11/coa6/ndufs3/ncf4/cyba/cyc1/ndufa6/uqcrq/ndufb6/ndufs6/ncf2/ndufb2/cox6b2/ndufb10/sdha/ndufa7/gcsha/uqcrh/sdhdb/ndufv2/sdhb/dlst/kat2a/pdhx/cybb/dldh/ndufab1b/bckdha/uqcrb/rrm1/ndufs4,31
BP,GO:0009895,negative regulation of catabolic process,25/3857,76/18773,0.328947368,1.601070507,2.669931727,0.007925804,0.103384642,0.089226129,dap1b/rubcn/rbm24a/usp14/hsp90ab1/tent5c/igf2bp2a/syncripl/tent5ab/gdnfa/igf2bp3/ybx1/elavl1a/larp1/tigara/rragd/tmem39a/prmt6/edn1/rraga/fhit/cptp/apoc1/azin1b/ap3d1,25
BP,GO:0010830,regulation of myotube differentiation,9/3857,19/18773,0.473684211,2.305541531,2.895172476,0.007970798,0.103384642,0.089226129,rbm24a/myog/myod1/neu1/mymk/fkrp/mpv17/myf6/hnrnpl2,9
BP,GO:0020027,hemoglobin metabolic process,9/3857,19/18773,0.473684211,2.305541531,2.895172476,0.007970798,0.103384642,0.089226129,abcb10/rps19/bdh2/rpl10a/rpl11/alas2/tfa/cpox/snx3,9
BP,GO:0061041,regulation of wound healing,9/3857,19/18773,0.473684211,2.305541531,2.895172476,0.007970798,0.103384642,0.089226129,f2r/gp9/lgals2a/cpb2/plg/serpinc1/pros1/f2/kng1,9
BP,GO:0048589,developmental growth,98/3857,381/18773,0.257217848,1.251944687,2.526429113,0.008014791,0.103384642,0.089226129,chrna1/hspa8/apobec2b/faf1/col1a1a/tncb/notch2/tnn/ulk2/cebpd/ncaldb/col22a1/itga5/myog/inhbaa/grna/lrp5/casp3a/swap70b/nos1/rpl22/ap1g2/kmt5b/jag1b/sirt1/asah1b/fcho1/col4a5/il1b/eaf1/ppp1cb/stat5a/extl3/scn8ab/apobec2a/hapln1b/gjd2b/atp6v1e1b/apoda.1/slit2/junbb/rpl22l1/cdk9/fgf1a/tubb5/tgif1/hapln1a/adprhl1/axin1/nid2a/dvl2/plxna3/ezh2/yap1/akap12b/insra/dcaf13/dio2/lamb1a/pdgfrb/itgav/dbnlb/serpinh1b/dspb/has2/pik3cd/lats2/runx1/cdh2/appb/mta2/ddx52/vdac2/col4a6/ninj1/apoda.2/hbegfa/igfbp2b/rap1aa/plk4/clns1a/erbb3b/tmem108/ist1/mmp9/myo10l1/mapk8ip3/hdac1/robo3/itga3b/tardbpa/prdx5/pik3ca/igf2b/bglap/becn1/plcg1/notch1b,98
CC,GO:1905354,exoribonuclease complex,9/3978,19/19331,0.473684211,2.301857585,2.889870245,0.008058866,0.069117717,0.055198664,exosc1/c1d/las1l/exosc5/exosc7/wu:fc33b09/pan3/supv3l1/exosc4,9
MF,GO:0061608,nuclear import signal receptor activity,8/3772,16/18430,0.5,2.44300106,2.929219662,0.008070713,0.09119906,0.07975139,nutf2/kpna4/tnpo2a/snupn/kpna5/hikeshi/kpna2/kpna3,8
BP,GO:0006417,regulation of translation,47/3857,164/18773,0.286585366,1.394883867,2.582757916,0.008092668,0.103384642,0.089226129,eif4e3/dap1b/msi1b/ptcd3/rbm24a/kbtbd8/rpl10/igf2bp2a/coa3a/ddx61/eif3ha/rps3/ogfod1/polr2g/trmt10c/secisbp2/eif4ebp2/rack1/igf2bp3/bzw2/rpl13a/mif4gdb/cpeb4a/eif3k/ybx1/eefsec/eif2a/eif2ak2/samd4a/larp1/larp4aa/nanos1/tnrc6c1/znf598/mettl3/mknk1/ddx6/rida/rmnd1/eif4ebp1/fxr2/eif5a/rbm8a/uhmk1/caprin1b/magoh/paip1,47
BP,GO:0032102,negative regulation of response to external stimulus,21/3857,61/18773,0.344262295,1.675612151,2.687547629,0.008127948,0.103384642,0.089226129,grna/tnfaip6/fignl2/metrnla/inpp5d/ptger4b/pparaa/nr1h4/foxo3b/nr1h5/marchf8/mettl3/ppardb/zdhhc18a/cpb2/plg/sigirr/sfpq/pros1/pparab/kng1,21
BP,GO:0031365,N-terminal protein amino acid modification,7/3857,13/18773,0.538461538,2.620829261,2.972668168,0.008150796,0.103384642,0.089226129,nmt1a/naa10/naa30/naa35/naa60/naa20/naa50,7
BP,GO:0043248,proteasome assembly,7/3857,13/18773,0.538461538,2.620829261,2.972668168,0.008150796,0.103384642,0.089226129,psmd11b/adrm1/psmg3/ecpas/psmd9/psmg1/pomp,7
BP,GO:0060351,cartilage development involved in endochondral bone morphogenesis,7/3857,13/18773,0.538461538,2.620829261,2.972668168,0.008150796,0.103384642,0.089226129,chrna1/notch2/jag1b/disc1/rap1aa/edn1/mmp9,7
BP,GO:0070534,protein K63-linked ubiquitination,7/3857,13/18773,0.538461538,2.620829261,2.972668168,0.008150796,0.103384642,0.089226129,kcmf1/ube2v2/znf598/rnf152/ube2nb/ube2v1/rnf8,7
CC,GO:0034518,RNA cap binding complex,7/3978,13/19331,0.538461538,2.616641528,2.967946154,0.008226298,0.069117717,0.055198664,eif4e3/eif4g2a/eif4g1a/eif4e1c/eif4e2/eif4g3a/eif4eb,7
BP,GO:0072594,establishment of protein localization to organelle,53/3857,189/18773,0.28042328,1.364891429,2.563768879,0.008242307,0.103384642,0.089226129,hspa8/zgc:56596/chchd4a/zfand2a/nup93/grpel1/tnpo3/nutf2/sgtb/ipo9/scarb2a/pmpcb/nkd1/sorl1/sec61a1a/pex1/kpna4/pex13/tnpo2a/tomm40/snupn/timm17a/pmpca/ranbp2/ipo7/kpna5/nup153/nup62l/vps37a/rpain/vps37d/hikeshi/nup88/timm23a/srprb/gnptab/cse1l/srp54/maip1/mffa/timm44/cd68/sec13/ipo13b/timm50/ap3d1/mipepa/kpna2/tomm20b/kpna3/dnajc15/m6pr/scrib,53
BP,GO:0016237,microautophagy,8/3857,16/18773,0.5,2.433627171,2.91721495,0.008268126,0.103384642,0.089226129,ulk2/atg9b/atg4b/atg4da/atg4c/atg2a/snx7/snx30,8
BP,GO:0030852,regulation of granulocyte differentiation,8/3857,16/18773,0.5,2.433627171,2.91721495,0.008268126,0.103384642,0.089226129,spi1b/inpp5d/ptpn6/asxl1/cdk9/csf3r/nelfb/runx1,8
BP,GO:0034727,piecemeal microautophagy of the nucleus,8/3857,16/18773,0.5,2.433627171,2.91721495,0.008268126,0.103384642,0.089226129,ulk2/atg9b/atg4b/atg4da/atg4c/atg2a/snx7/snx30,8
CC,GO:0044291,cell-cell contact zone,8/3978,16/19331,0.5,2.429738562,2.91219839,0.00835214,0.069117717,0.055198664,vcla/ctnnb1/jupa/jam3b/pkp2/cxadr/cdh2/xirp1,8
CC,GO:0005604,basement membrane,18/3978,50/19331,0.36,1.749411765,2.700799987,0.008406209,0.069117717,0.055198664,lamb2/col15a1b/dag1/loxl2b/col4a5/lama4/col4a1/sparc/hspg2/col4a2/lamc1/nid2a/lamb1a/lamc3/col4a6/lama1/lamc2/ntn4,18
BP,GO:0000122,negative regulation of transcription by RNA polymerase II,62/3857,227/18773,0.273127753,1.329382243,2.538878331,0.008472438,0.105192362,0.090786283,id4/dnajb4/smyd2a/skila/zbtb1/cbx8b/pparaa/loxl2b/dmap1/nr1h4/eaf1/zbtb34/nr1d4b/id2a/kcnip3b/per3/cbx4/foxo3b/sin3ab/mbd3b/nr1h5/vdrb/sox8a/cbx7b/zbtb20/thrab/tgif1/hdac4/dr1/gata2a/mier1b/sox10/macroh2a1/atf4a/gatad2b/gata1a/bend3/ppardb/per1b/thrb/ldb2a/gatad2ab/mta2/ncor2/zbtb16a/dnajb1b/sox3/id1/prdm1b/phf12b/hdac1/bcor/gata6/lin37/hdac5/uri1/scaf4a/ncor1/bmi1a/mier2/kank2/pparab,62
BP,GO:0043434,response to peptide hormone,28/3857,88/18773,0.318181818,1.548671836,2.623380935,0.008522893,0.105192362,0.090786283,znf106a/nr4a3/pck1/akt3a/irs2b/nr4a1/inpp5ka/nr4a2a/rps6kb1b/slc2a1b/ghra/stat5a/gsk3aa/lpin2/socs7/grb10b/slc39a14/pik3r3b/pik3r1/irs4a/stat4/jak3/gsk3ab/si:ch73-335l21.1/pid1/igf2b/bglap/cav2,28
BP,GO:0006869,lipid transport,70/3857,261/18773,0.268199234,1.305393885,2.526433228,0.008527011,0.105192362,0.090786283,rbp4/apoeb/prelid3b/fabp1b.1/abcc4/atg9b/abca1b/apol1/fabp4a/slc27a6/abca1a/slc27a4/cpt1b/atp10b/gm2a/gramd1c/prelid1a/vmp1/npc2.1/spns3/stab2/pla2g1b/osbpl7/apoda.1/xkr8.3/fabp7a/rbp2b/tmem41b/pitpnbl/apoa4a/stard7/atp11a/fabp6/osbp2b/pla2g12a/yjefn3/slco1d1/apoa4b.2/rbp5/pitpnc1a/tmem30ab/naxe/apobb.1/plekha8/cert1a/esyt3/mfsd2ab/abca3b/afp4/apoda.2/crabp2a/vps51/esyt2a/acsl5/atp8b5b/tmem30b/apoc2/apol/cptp/stra6l/apoc1/esyt2b/tmem30aa/apoa1b/npc1/osbpl3b/pitpnb/slc5a8/fabp2/stard13b,70
BP,GO:0050905,neuromuscular process,22/3857,65/18773,0.338461538,1.647378393,2.65861287,0.0085473,0.105192362,0.090786283,tnni2a.2/tnnt1/smyhc2/ryr1a/opa3/tnni2a.4/zgc:153184/tnnc1a/stac/tnni1d/casq1a/tcap/snap29/tnni1b/ankk1/gja2/tnni2a.3/tnnc2.1/reep1/erbb3b/synm/tnni4b.2,22
MF,GO:0044325,transmembrane transporter binding,14/3772,36/18430,0.388888889,1.900111936,2.742262649,0.008618227,0.095010697,0.083084575,rangrf/stac/pde4ba/herpud1/asb10/si:ch211-126j24.1/zgc:162193/kcne4/scn4ba/pacs2/pacs1a/kcnab1a/asb16/pde4bb,14
MF,GO:0060590,ATPase regulator activity,14/3772,36/18430,0.388888889,1.900111936,2.742262649,0.008618227,0.095010697,0.083084575,ahsa1a/hspa4a/atp1b1b/grpel1/atp1b1a/bag2/ahsa1b/bag1/bag3/hscb/gtf2h4/zgc:112962/bag5/dnajc15,14
BP,GO:0051253,negative regulation of RNA metabolic process,98/3857,382/18773,0.256544503,1.248667344,2.496902997,0.008648162,0.106016296,0.091497379,id4/dnajb4/sap18/cbx7a/zc3h4/smyd2a/smarce1/rbm24a/skila/zbtb1/tent5c/igf2bp2a/cbx8b/sirt1/pparaa/loxl2b/syncripl/dmap1/nr1h4/tent5ab/gdnfa/eaf1/cry1a/zbtb34/cry1b/nr1d4b/zgc:112083/id2a/kcnip3b/igf2bp3/per3/cbx4/dnmt3aa/foxo3b/sin3ab/mbd3b/ybx1/nr1h5/elavl1a/vdrb/sox8a/cbx7b/zbtb20/thrab/tgif1/mideasa/larp1/hdac4/dr1/phc1/gata2a/mier1b/sox10/macroh2a1/atf4a/gatad2b/gata1a/bend3/ppardb/cbfa2t3/per1b/thrb/nelfb/tegt/ldb2a/cbfa2t2/gatad2ab/mta2/ncor2/bhlhe41/si:ch211-132b12.7/prmt6/ciarta/scmh1/zbtb16a/dnajb1b/znf703/sox3/id1/mideasb/prdm1b/hinfp/kctd15a/phf12b/hdac1/bcor/gata6/lin37/hdac5/uri1/scaf4a/ncor1/rnf8/bmi1a/mier2/kank2/si:ch211-230g15.5/pparab,98
BP,GO:0002684,positive regulation of immune system process,65/3857,240/18773,0.270833333,1.318214718,2.522940017,0.008733199,0.106640541,0.092036134,vegfab/tnfsf13b/c1qa/mavs/usp4/c1qc/ptpn22/si:dkey-237i9.1/slc15a2/tlr9/rac2/kmt5b/tlr22/kars1/inpp5d/il6r/btk/c1qb/fam49ba/syk/tlr18/prkcbb/cd79b/b2ml/si:ch1073-280e3.1/csf1ra/otud4/cd79a/mhc2d8.46a/opa1/oxsr1a/plvapb/c8b/themis2/unc93b1/tec/si:dkey-237j10.2/c7b/ezh2/adam8a/ifih1/tlr3/runx1/cd74a/si:ch211-243a20.4/ninj1/dock8/mapkapk2a/asap1b/csk/mmp9/hhla2b.1/c4b/cptp/lgr4/ube2nb/cfbl/ikbke/si:dkey-52l18.4/rsad2/masp2/igf2b/zgc:153911/sting1/itk,65
CC,GO:0032040,small-subunit processome,16/3978,43/19331,0.372093023,1.808177535,2.700530549,0.008872798,0.07181421,0.057352133,si:dkey-251i10.3/rps4x/mphosph10/rps7/rps15a/utp3/wdr75/rps3a/dcaf13/nop14/fcf1/wdr46/emg1/utp11/utp4/krr1,16
BP,GO:0030833,regulation of actin filament polymerization,32/3857,104/18773,0.307692308,1.497616721,2.587646887,0.008902998,0.10727774,0.092586069,lmod3/ssh2a/scinlb/hcls1/lmod2b/tmsb/fam49al/svila/wasa/twf2b/fam49ba/scinla/add3a/capza1a/ssh2b/evlb/hax1/cdc42ep1a/scin/abitram/plekhg2/add2/dbnlb/cdc42ep5/ssh1b/baiap2a/flii/si:ch211-203d1.3/kank3/capgb/pfn2a/kank2,32
BP,GO:0031331,positive regulation of cellular catabolic process,14/3857,36/18773,0.388888889,1.892821133,2.726588436,0.00892273,0.10727774,0.092586069,pnpla3/gsk3aa/tmem59/sesn1/sesn4/adam8a/nprl2/rnf152/ufl1/gsk3ab/snx30/scoca/becn1/sting1,14
BP,GO:0030832,regulation of actin filament length,33/3857,108/18773,0.305555556,1.487216605,2.582104809,0.008939603,0.10727774,0.092586069,lmod3/ssh2a/scinlb/hcls1/lmod2b/tmsb/fam49al/svila/wasa/twf2b/fam49ba/scinla/add3a/capza1a/ssh2b/evlb/hax1/plekhh2/cdc42ep1a/scin/abitram/plekhg2/add2/dbnlb/cdc42ep5/ssh1b/baiap2a/flii/si:ch211-203d1.3/kank3/capgb/pfn2a/kank2,33
BP,GO:0009199,ribonucleoside triphosphate metabolic process,34/3857,112/18773,0.303571429,1.477559354,2.577643284,0.008956971,0.10727774,0.092586069,prkag2b/atpsckmt/eno1a/ak4/aldob/ak3/gpib/atp6v1ab/hk1/opa1/eno1b/pfkma/atp5mc3b/atp5f1e/tigara/nme2b.1/pkma/nme4/dlst/insra/antkmt/adpgk2/pklr/ctps1b/uck2b/uck1/eno2/atp5pb/nme7/gapdhs/atp5pf/atp5l/prkag3b/ctps1a,34
BP,GO:0048738,cardiac muscle tissue development,34/3857,112/18773,0.303571429,1.477559354,2.577643284,0.008956971,0.10727774,0.092586069,unc45b/cmlc1/fhod3a/nrap/rbm24a/vcp/ttn.2/dab2/tcap/icam3/smyd1b/aplnrb/opa1/mat2aa/cdk9/fer1l6/cemip2/adprhl1/alpk2/rbfox1l/nexn/klf2b/mybpc3/rbx1/runx1/ilk/sgcg/smad4a/gsk3ab/hdac1/ddx39ab/itga3b/septin15/tln1,34
BP,GO:0016054,organic acid catabolic process,47/3857,165/18773,0.284848485,1.386430025,2.535227232,0.009109949,0.108280232,0.093451269,acadl/abhd2a/aldh1l2/cpt2/si:ch211-217a12.1/pck1/cdo1/nos1/oat/glsa/cpt1b/blmh/auh/gldc/cpt1a2b/got2a/gls2a/gpt/tha1/npl/lpin2/mccc2/gcsha/echs1/si:ch211-256m1.8/arg1/acad11/tdo2a/ilvbl/gcat/aldh4a1/gls2b/dlst/aass/ivd/hpda/abat/aldh6a1/phyh/hao1/dao.2/bckdha/tat/decr1/acox1/zgc:85777/ldhd,47
BP,GO:0046395,carboxylic acid catabolic process,47/3857,165/18773,0.284848485,1.386430025,2.535227232,0.009109949,0.108280232,0.093451269,acadl/abhd2a/aldh1l2/cpt2/si:ch211-217a12.1/pck1/cdo1/nos1/oat/glsa/cpt1b/blmh/auh/gldc/cpt1a2b/got2a/gls2a/gpt/tha1/npl/lpin2/mccc2/gcsha/echs1/si:ch211-256m1.8/arg1/acad11/tdo2a/ilvbl/gcat/aldh4a1/gls2b/dlst/aass/ivd/hpda/abat/aldh6a1/phyh/hao1/dao.2/bckdha/tat/decr1/acox1/zgc:85777/ldhd,47
CC,GO:0005741,mitochondrial outer membrane,35/3978,116/19331,0.301724138,1.466221546,2.563615165,0.009188601,0.073226084,0.058479681,abcb6a/dnm1l/marchf5l/myoc/gpam/tomm22/rps6kb1b/cpt1b/mfn1b/bcl2l16/zgc:56235/bnip3lb/hk1/spata18/zgc:172295/tomm40/bcl2b/tigara/mcl1b/slc25a46/slc44a2/rhot1a/vdac1/sh3glb1a/mul2/bnip3/vdac2/atad1b/fis1/armc1/tspo/bida/mffa/mief2/tomm20b,35
BP,GO:0000045,autophagosome assembly,24/3857,73/18773,0.328767123,1.600193209,2.612676317,0.00922676,0.108840948,0.093935196,ubxn2a/ulk2/atg9b/vmp1/atg4b/tbc1d14/atg4da/wdr45b/map1lc3c/atg16l1/tmem41b/rab1ba/si:dkey-28b4.8/atg4c/atg2a/gabarapl2/tmem39a/atg7/snx30/tp53inp1/stx12/nsfl1c/becn1/sting1,24
BP,GO:0006090,pyruvate metabolic process,24/3857,73/18773,0.328767123,1.600193209,2.612676317,0.00922676,0.108840948,0.093935196,pcxb/pck1/prkag2b/eno1a/aldob/ldhba/pdk2a/gpib/me2/hk1/eno1b/pfkma/tigara/pkma/mpc1/insra/pdhx/adpgk2/pklr/dldh/eno2/pdha1a/gapdhs/prkag3b,24
MF,GO:0004386,helicase activity,40/3772,137/18430,0.291970803,1.426569962,2.542186776,0.009335063,0.10167346,0.088911002,ddx17/dhx30/ddx28/ddx61/dna2/ddx19b/eif4a2/znfx1/dicer1/ddx59/ddx5/dhx57/smarcad1b/upf1/ddx21/mcm2/ighmbp2/ddx6/recql5/recql/ifih1/hltf/ddx52/xrcc5/ercc6l/tdrd9/ddx39b/ddx24/dhx15/ddx39ab/ercc3/ythdc2/chd5/g3bp1/twnk/supv3l1/ddx10/ddx3xa/eif4a1a/btaf1,40
CC,GO:0031248,protein acetyltransferase complex,25/3978,77/19331,0.324675325,1.577752313,2.58570076,0.009693116,0.07467161,0.059634104,jade2/naa15b/naa25/dmap1/atxn7l3b/naa10/naa30/kansl1a/kansl2/taf5l/naa35/mrgbp/brd8a/kansl1l/crebbpa/eny2/kat2a/zzz3/kat8/naa20/kat7a/kansl3/taf6l/atxn7l3a/naa50,25
CC,GO:1902493,acetyltransferase complex,25/3978,77/19331,0.324675325,1.577752313,2.58570076,0.009693116,0.07467161,0.059634104,jade2/naa15b/naa25/dmap1/atxn7l3b/naa10/naa30/kansl1a/kansl2/taf5l/naa35/mrgbp/brd8a/kansl1l/crebbpa/eny2/kat2a/zzz3/kat8/naa20/kat7a/kansl3/taf6l/atxn7l3a/naa50,25
CC,GO:0005861,troponin complex,11/3978,26/19331,0.423076923,2.055932629,2.742456027,0.009802451,0.07467161,0.059634104,tnni2a.2/tnnt1/tnni2a.4/tnnc1a/tnni1d/tnni1b/tnni2a.3/tnnc2.1/tnni4b.2/tnnt2c/tnnt2e,11
BP,GO:0051493,regulation of cytoskeleton organization,75/3857,284/18773,0.264084507,1.285366464,2.464105495,0.009846598,0.115320758,0.099527596,mid1ip1l/lmod3/klhl41a/slain2/ssh2a/scinlb/rhogb/smyd2a/nrap/rbm24a/clip1a/hcls1/lmod2b/tmsb/fam49al/svila/wasa/pick1/rhoab/twf2b/fam49ba/scinla/add3a/dync1li2/phldb2a/capza1a/ssh2b/rhpn2/gsk3aa/si:ch211-266i6.3/evlb/hax1/plekhh2/cdc42ep1a/gas2l1/thrab/rac1b/scin/arhgap17a/abitram/pak1/arhgef15b/tesk1b/plekhg2/add2/dbnlb/cdc42ep5/ssh1b/wasf2/limk1a/baiap2a/flii/si:ch73-15b2.5/stmn1b/arfip1/mapre3b/si:ch211-203d1.3/carmil3/naa20/plk4/kank3/capgb/atrn/gsk3ab/ppm1e/map1aa/itga3b/pfn2a/ect2/tesk1a/rock2a/kank2/rhocb/sh3bp1/apc,75
BP,GO:0033043,regulation of organelle organization,121/3857,485/18773,0.249484536,1.214304692,2.431494808,0.009895284,0.115320758,0.099527596,mid1ip1l/lmod3/klhl41a/slain2/rubcn/abcc4/ssh2a/scinlb/marchf5l/rhogb/smyd2a/nrap/rbm24a/clip1a/hcls1/lmod2b/tmsb/lcmt1/anapc1/zw10/fam49al/svila/wasa/pick1/ezrb/rhoab/twf2b/fam49ba/alms1/scinla/msnb/add3a/dync1li2/phldb2a/cplx4c/sar1ab/capza1a/tbc1d14/ssh2b/rhpn2/gsk3aa/rmi2/si:ch211-266i6.3/evlb/hax1/plekhh2/cdc42ep1a/gas2l1/thrab/tapt1b/cep76/rac1b/mcm2/lnpk/mapk3/appa/scin/slc25a1a/slc30a9/arhgap17a/abitram/man1a2/mcl1b/syt2a/pak1/arhgef15b/tmem39a/tesk1b/lamb1a/plekhg2/mpv17/add2/dbnlb/cdc42ep5/ssh1b/pde4dip/zmynd10/wasf2/limk1a/baiap2a/atp13a2/appb/flii/si:ch73-15b2.5/stmn1b/arfip1/mapre3b/si:ch211-203d1.3/carmil3/ufl1/atp6v1f/naa20/plk4/slc35f6/mki67/kank3/capgb/rraga/atrn/gsk3ab/bida/grk5l/snx30/ppm1e/mffa/map1aa/si:ch211-13c6.2/mief2/itga3b/pfn2a/ect2/tesk1a/rock2a/ndc80/pan3/kank2/rhocb/si:ch211-244o22.2/sh3bp1/apc/terf1,121
BP,GO:0032984,protein-containing complex disassembly,40/3857,137/18773,0.291970803,1.421096158,2.515469854,0.009959723,0.115320758,0.099527596,zgc:136908/lmod3/rubcn/scinlb/cfl1l/dyrk3/vcp/lmod2b/svila/twf2b/scinla/tfip11/add3a/napab/ogfod1/capza1a/dnajc6/map1lc3c/si:ch211-266i6.3/nsfa/plekhh2/pcf11/scin/eef2k/atad2b/gabarapl2/tmem39a/mical2b/add2/eif5a/mical1/flii/stmn1b/capgb/mtrfr/map1aa/nckap5l/scaf4a/apc/mfsd8,40
BP,GO:0006909,phagocytosis,21/3857,62/18773,0.338709677,1.648586148,2.601171096,0.009960526,0.115320758,0.099527596,tmem175/ncf4/marco/ncf2/timd4/arhgap25/ywhaba/xkr8.3/pikfyve/lrp1aa/colec12/megf10/met/rab7a/gulp1a/srpx/havcr1/rraga/bin2b/si:dkey-13a21.4/rab14,21
BP,GO:0031333,negative regulation of protein-containing complex assembly,21/3857,62/18773,0.338709677,1.648586148,2.601171096,0.009960526,0.115320758,0.099527596,lmod3/ssh2a/scinlb/lmod2b/tmsb/svila/twf2b/scinla/add3a/aida/capza1a/ssh2b/scin/add2/ssh1b/flii/si:ch211-203d1.3/kank3/capgb/cptp/kank2,21
BP,GO:0050776,regulation of immune response,59/3857,216/18773,0.273148148,1.32948151,2.476611839,0.010004426,0.115401609,0.099597374,c1qa/mavs/usp4/c1qc/ptpn22/si:dkey-237i9.1/pik3r6b/rps19/slc15a2/tlr9/bcl6aa/kmt5b/tlr22/inpp5d/btk/c1qb/syk/tlr18/cd248b/prkcbb/cd79b/b2ml/si:ch1073-280e3.1/rpl11/tlx1/otud4/cd79a/cd248a/mhc2d8.46a/opa1/c8b/themis2/card11/unc93b1/tec/si:dkey-237j10.2/c7b/vav3b/mettl3/zdhhc18a/ifih1/tlr3/cd74a/si:ch211-243a20.4/ninj1/mapkapk2a/csk/c4b/otud5b/cptp/lgr4/ube2nb/cfbl/ikbke/si:dkey-52l18.4/rsad2/masp2/sting1/itk,59
MF,GO:0016741,"transferase activity, transferring one-carbon groups",63/3772,234/18430,0.269230769,1.315462109,2.463579242,0.010197416,0.109743615,0.095968159,dot1l/sftpbb/smyd2a/pcmtd1/atpsckmt/lcmt1/as3mt/oclnb/kmt5b/dimt1l/mettl22/mrm1/dmap1/bud23/bhmt/trmt10c/setbp1/smyd1b/shmt2/ezh1/dnmt3aa/comtb/zgc:172121/mettl17/mettl2a/mettl6/trmt61a/tpmt.1/si:ch211-93g23.2/setd2/nop2/mrm2/ndufaf5/tarbp1/ezh2/pcmtd2a/mettl3/mettl21a/atic/tfb1m/mettl21cb/gamt/prdm2b/antkmt/otc/mettl4/mrm3a/prmt6/trmt2a/kmt2bb/mettl27/prdm1b/tmt1a.1/tyms/emg1/setd1ba/trmt112/gart/lcmt2/kmt2cb/mettl1/trmt1l/carm1l,63
BP,GO:0009112,nucleobase metabolic process,13/3857,33/18773,0.393939394,1.917403226,2.682170271,0.010236079,0.117639638,0.101528906,adka/dhodh/allc/gda/umps/hprt1l/cps1/aldh6a1/ctps1b/dpys/hprt1/gart/ctps1a,13
BP,GO:0043604,amide biosynthetic process,34/3857,113/18773,0.300884956,1.464483608,2.518301351,0.010338385,0.118272515,0.102075111,acsl1a/pm20d1.2/elovl6/aanat1/kdsr/pdk2a/acss2/sptlc2a/arg1/elovl5/cps1/smpd5/aclya/ugcg/otc/pdhx/samd8/nags/smpd4/cers3a/cers5/acsl5/gclm/st3gal2/sptlc2b/acacb/pdha1a/pla2g6/ormdl1/gal3st1a/gss/nanp/sgms1b/degs2,34
BP,GO:0042273,ribosomal large subunit biogenesis,18/3857,51/18773,0.352941176,1.717854474,2.610353256,0.010366817,0.118272515,0.102075111,znhit6/ddx28/las1l/rpl5a/rpl35a/rpl7a/rpl26/rpl7/rpl14/eif6/rpl35/nop2/nsa2/nop53/mdn1/trmt112/wdr74/rpf1,18
BP,GO:0007596,blood coagulation,23/3857,70/18773,0.328571429,1.599240713,2.554162944,0.01074811,0.122176702,0.10544462,p2ry12/thbd/si:ch211-156j16.1/f9a/f2r/prkcbb/fermt3b/f13a1b/lrrc32/prozb/gp9/f3b/cpb2/f10/plg/fgl1b/serpinc1/habp2/fgg/proza/pros1/f2/kng1,23
BP,GO:0014866,skeletal myofibril assembly,10/3857,23/18773,0.434782609,2.11619754,2.723693585,0.010795419,0.122269859,0.105525019,tpm3/lmod3/hsp90aa1.1/cct5/chchd10/tcap/smyd1b/fkrp/mef2d/myo18ab,10
BP,GO:0030837,negative regulation of actin filament polymerization,19/3857,55/18773,0.345454545,1.681415137,2.573459303,0.011036807,0.124552553,0.107495098,lmod3/ssh2a/scinlb/lmod2b/tmsb/svila/twf2b/scinla/add3a/capza1a/ssh2b/scin/add2/ssh1b/flii/si:ch211-203d1.3/kank3/capgb/kank2,19
MF,GO:0050660,flavin adenine dinucleotide binding,27/3772,86/18430,0.313953488,1.53397741,2.517818717,0.011095365,0.118002474,0.103190333,acadl/acad8/acad9/nos1/acadsb/txnrd2.2/cry1a/cry1b/acadvl/sdha/si:dkey-239i20.2/acad11/ilvbl/ndor1/ivd/mical2b/coq6/mical1/mmachc/pyroxd1/dldh/dao.2/mtrr/sqor/acox1/zgc:85777/ldhd,27
BP,GO:0009124,nucleoside monophosphate biosynthetic process,16/3857,44/18773,0.363636364,1.76991067,2.599939767,0.011157648,0.125463334,0.108281148,adka/rfk/dhodh/ampd3a/adss1/umps/prps1a/hprt1l/paics/atic/ampd2b/uck2b/uck1/tyms/hprt1/gart,16
CC,GO:0099513,polymeric cytoskeletal fiber,101/3978,398/19331,0.253768844,1.233183893,2.392665895,0.011201694,0.084093873,0.067158895,tpm3/mid1ip1l/dnm1l/slain2/actb1/pdlim3b/tubb2b/ppl/tubb2/krt92/lcp1/tubgcp5/clip1a/hcls1/tubd1/haus3/zgc:55461/tuba8l4/sync/pdlim5a/kif2c/twf2b/lmna/selenos/actb2/tuba8l3/ttll6/dync1li2/ldb3b/wipf1b/nefma/dnah1/tbca/tpm2/kif3a/tpm1/ckap5/pdlim4/si:dkey-222f2.1/desma/pstpip1a/ndel1b/opa1/dctn1b/radil/disc1/gas2l1/tubb5/aif1l/fmn1/hook1/mid1ip1b/kif3cb/pdlim7/pdlim1/kif5ba/tubb4bl/tuba1c/pls3/fhdc2/dnai2b/tuba5/dbnlb/lmnb1/klc1a/krt222/krt94/camsap3/reep1/specc1/stmn1b/mapre3b/clip2/aurka/pdlim5b/pleca/krt4/gas7a/efhc2/dynll1/tubgcp3/synm/map1aa/gfap/rassf1/dnah9l/fhdc1/nckap5l/krt1-c5/kif21b/dnal4b/nme7/dctn2/tubgcp2/incenp/kif13bb/reep2/mxa/apc/shroom1/lgsn,101
MF,GO:0033293,monocarboxylic acid binding,14/3772,37/18430,0.378378378,1.848757559,2.62154671,0.011302086,0.118803319,0.103890653,fabp1b.1/tmem175/fabp4a/ptgdsb.1/nr1h4/fabp7a/rbp2b/fabp6/rbp5/crabp2a/apoc1/cyp27c1/acox1/fabp2,14
BP,GO:0002682,regulation of immune system process,104/3857,412/18773,0.252427184,1.22862731,2.386066008,0.011337977,0.127034104,0.109636801,p2ry12/vegfab/mturn/tnfsf13b/c1qa/mavs/usp4/c1qc/ptpn22/si:dkey-237i9.1/pik3r6b/grna/rps19/spi1b/slc15a2/tlr9/zbtb1/rac2/bcl6aa/kmt5b/tlr22/kars1/inpp5d/il6r/btk/c1qb/fam49ba/irf7/ptpn6/syk/tlr18/asxl1/mafbb/p4htmb/cd248b/prkcbb/cd79b/sh3rf1/b2ml/zbtb34/si:ch1073-280e3.1/stat5a/rpl11/csf1ra/cxcl8a/tlx1/otud4/cd79a/cd248a/mhc2d8.46a/opa1/oxsr1a/plvapb/zbtb20/klf17/cdk9/c8b/themis2/rac1b/card11/unc93b1/tec/si:dkey-237j10.2/c7b/lgals9l3/irf2bp2b/vav3b/ezh2/adam8a/gata1a/mettl3/csf3r/zdhhc18a/ifih1/kat2a/nelfb/tlr3/runx1/cd74a/si:ch211-243a20.4/ninj1/si:dkeyp-68b7.7/zmp:0000000936/dock8/mapkapk2a/asap1b/zbtb16a/csk/mmp9/hhla2b.1/c4b/otud5b/cptp/lgr4/ube2nb/cfbl/ikbke/si:dkey-52l18.4/rsad2/masp2/igf2b/zgc:153911/sting1/itk,104
BP,GO:0046390,ribose phosphate biosynthetic process,37/3857,126/18773,0.293650794,1.429273101,2.458489554,0.011655345,0.12891239,0.111257856,adka/atpsckmt/rfk/dhodh/ak4/ampd3a/ak3/adss1/atp5mc3b/atp5f1e/umps/prps1a/nme2b.1/nme4/dlst/hprt1l/paics/atic/mpv17/antkmt/gucy1a1/ampd2b/adcy5/gucy1a2/ctps1b/adcy1a/papss2b/uck2b/uck1/prpsap2/hprt1/atp5pb/nme7/gart/atp5pf/atp5l/ctps1a,37
BP,GO:0006641,triglyceride metabolic process,14/3857,37/18773,0.378378378,1.841663805,2.6058834,0.0116916,0.12891239,0.111257856,pnpla3/pck1/gpam/dgat1a/lipeb/zgc:172295/lpin2/pnpla4/mpv17/apobb.1/lpla/mogat2/apoc1/lipg,14
BP,GO:0006221,pyrimidine nucleotide biosynthetic process,12/3857,30/18773,0.4,1.946901737,2.639367671,0.011713804,0.12891239,0.111257856,dhodh/umps/nme2b.1/nme4/mpv17/ctps1b/uck2b/uck1/tyms/dtymk/nme7/ctps1a,12
BP,GO:0019318,hexose metabolic process,29/3857,94/18773,0.308510638,1.501599744,2.47912444,0.011878588,0.12891239,0.111257856,pcxb/pck1/prkag2b/pfkfb2b/pmm2/nr4a1/galk2/chst15/pdk2a/gpib/fuca1.2/pfkfb4a/galk1/hk1/pfkma/man2b2/insra/pfkfb4b/glb1/g6pc1a.2/adpgk2/g6pc1a.1/fuca2/pfkfb1/pdha1a/gapdhs/si:dkey-224e22.2/foxo1a/prkag3b,29
BP,GO:0009148,pyrimidine nucleoside triphosphate biosynthetic process,9/3857,20/18773,0.45,2.190264454,2.708176655,0.011887372,0.12891239,0.111257856,nme2b.1/nme4/ctps1b/uck2b/uck1/tyms/dtymk/nme7/ctps1a,9
BP,GO:0030518,nuclear receptor-mediated steroid hormone signaling pathway,9/3857,20/18773,0.45,2.190264454,2.708176655,0.011887372,0.12891239,0.111257856,esrrga/esrra/esr2a/strn3/ar/pgr/arnt/kank2/esr2b,9
BP,GO:0034472,snRNA 3'-end processing,9/3857,20/18773,0.45,2.190264454,2.708176655,0.011887372,0.12891239,0.111257856,ints6l/exosc5/usb1/ints6/ints7/ints1/toe1/exosc7/exosc4,9
BP,GO:0071229,cellular response to acid chemical,9/3857,20/18773,0.45,2.190264454,2.708176655,0.011887372,0.12891239,0.111257856,lamtor3/cpeb4a/sesn1/rptor/rragd/sesn4/lamtor1/rraga/castor2,9
BP,GO:0071230,cellular response to amino acid stimulus,9/3857,20/18773,0.45,2.190264454,2.708176655,0.011887372,0.12891239,0.111257856,lamtor3/cpeb4a/sesn1/rptor/rragd/sesn4/lamtor1/rraga/castor2,9
BP,GO:0045595,regulation of cell differentiation,119/3857,479/18773,0.248434238,1.209192624,2.358379501,0.011918004,0.12891239,0.111257856,p2ry12/si:ch211-106h11.3/mturn/gpr182/tncb/her9/ulk2/cebpd/f2r/rbm24a/myog/grna/nfkbiaa/serpinf1/wdfy2/swap70b/rps19/spi1b/rflnb/bcl6aa/tent5c/metrnla/sirt1/hipk2/inpp5d/dab2/loxl2b/irf7/ptpn6/asxl1/mafbb/p4htmb/il1b/gdnfa/sh3rf1/f11r.1/dicer1/stat5a/dusp4/smyd1b/id2a/myod1/mafgb/csf1ra/neu1/hapln1b/mymk/daam2/churc1/opa1/slit2/klf17/cdk9/fkrp/vcanb/thrab/numbl/nog2/maff/hdac4/hapln1a/ncanb/vcana/numb/klf2b/bcan/crebl2/irf2bp2b/lgals2a/plxna3/ezh2/hey1/sox10/nup62l/atf4a/atoh7/gata1a/mettl3/csf3r/per1b/mpv17/dbnlb/myf6/fxr2/kat2a/nlk1/nelfb/plxnb3/znf16l/runx1/cdh2/appb/si:ch211-243a20.4/bhlhe41/sox5/nog3/si:dkeyp-68b7.7/ccn4a/hnrnpl2/her4.3/plxna2/lama1/arhgef2b/eve1/zbtb16a/edn1/mmp9/id1/parp3/ptbp1a/hdac1/tiam1b/etsrp/gdf10a/gsc/ap3d1/alcama/igf2b/tmem119b,119
BP,GO:0006397,mRNA processing,86/3857,334/18773,0.25748503,1.25324513,2.374649732,0.012007315,0.129213173,0.111517447,sart1/ddx17/si:ch211-107m4.1/snrpe/rbm24a/zmat5/snrpa/rpl22/srsf1a/tnpo3/txnl4a/cpsf3/lsm3/tfip11/rbm15/gemin6/rbm38/srsf5b/snrnp35/pabpc1b/arglu1a/lsm7/ddx5/snrnp27/rbm17/ybx1/cirbpb/pqbp1/snrpg/rpl22l1/luc7l3/pcf11/hnrnpa3/ncbp3/cwc15/rbfox1l/snrpa1/cwc25/yju2/clp1/sart3/bud31/mettl3/prpf6/rbm6/celf3a/sf3b3/snapc3/sf3a3/celf2/wdr83/prpf3/gpatch1/u2af1/hnrnpl2/clns1a/rbm8a/prpf31/scnm1/snrpd1/lsm8/ddx39b/ptbp1a/cfap410/rbm39a/hnrnpua/khdc4/ddx39ab/snrpd2/hnrnpub/cdc40/esrp1/cstf3/tardbpa/wdr33/arl6ip4/pan3/lgals3a/rsrc1/virma/magoh/sf3b1/ssu72/esrp2/sde2/smndc1,86
CC,GO:0046540,U4/U6 x U5 tri-snRNP complex,9/3978,20/19331,0.45,2.186764706,2.702893472,0.012014549,0.088907666,0.071003277,sart1/snrpe/txnl4a/prpf6/prpf3/prpf31/lsm8/cfap410/snrpd2,9
BP,GO:0034655,nucleobase-containing compound catabolic process,77/3857,295/18773,0.261016949,1.270435879,2.380683935,0.012048304,0.129213173,0.111517447,prkag2b/fitm2/rbm24a/rnaset2l/eno1a/pde4ca/tent5c/igf2bp2a/carhsp1/rc3h1b/tent4a/rnaseh2b/dcp1a/exosc5/aldob/pde4ba/syncripl/plekhn1/tent5ab/gdnfa/polr2g/dffb/dicer1/gpib/dnase2/zgc:103586/hk1/nudt3b/igf2bp3/lsm7/fastkd3/ybx1/elavl1a/snd1/eno1b/pfkma/pelo/upf1/ythdf1/samd4a/pde4d/larp1/tigara/pkma/tnrc6c1/insra/upf2/mettl3/exosc7/rida/entpd3/cdab/nudt12/cnp/fxr2/dnase1l4.1/itpa/adpgk2/tbrg4/dnase1l1l/zfp36l2/pklr/rbm8a/eno2/fhit/fen1/zcchc7/gapdhs/smg5/plex9.2/pan3/pde4bb/supv3l1/magoh/dis3l2/prkag3b/exosc4,77
BP,GO:0009150,purine ribonucleotide metabolic process,50/3857,180/18773,0.277777778,1.352015095,2.413107726,0.012097561,0.129213173,0.111517447,adka/prkag2b/atpsckmt/eno1a/ak4/pde4ca/ampd3a/nt5c2a/aldob/pde4ba/ak3/gpib/adss1/atp6v1ab/hk1/nudt3b/opa1/eno1b/pfkma/atp5mc3b/pde4d/atp5f1e/tigara/nme2b.1/pkma/nme4/dlst/hprt1l/insra/paics/atic/antkmt/gucy1a1/adpgk2/ampd2b/adcy5/gucy1a2/pklr/adcy1a/papss2b/eno2/hprt1/atp5pb/nme7/gapdhs/gart/atp5pf/pde4bb/atp5l/prkag3b,50
BP,GO:0060216,definitive hemopoiesis,21/3857,63/18773,0.333333333,1.622418114,2.516341089,0.012111152,0.129213173,0.111517447,haus3/pbx1a/eaf1/hdac6/rps24/mbd3b/cpsf1/rpl22l1/itgb2/sumo2b/csf3r/naca/runx1/ltv1/gfi1b/lpla/apoc2/dhx15/sae1/sf3b1/znf574,21
BP,GO:0006163,purine nucleotide metabolic process,62/3857,231/18773,0.268398268,1.306362637,2.382414952,0.012472457,0.132316435,0.114195717,adka/prkag2b/atpsckmt/eno1a/ak4/pde4ca/gpd1c/ampd3a/nt5c2a/aldob/pde4ba/ak3/gpib/adss1/atp6v1ab/hk1/gpd1b/nudt3b/opa1/nampt1/eno1b/pfkma/atp5mc3b/pde4d/atp5f1e/tigara/prps1a/nme2b.1/pkma/nadkb/nme4/dlst/hprt1l/idh1/insra/paics/atic/nudt12/antkmt/nadk2/gucy1a1/rpia/adpgk2/ampd2b/adcy5/gucy1a2/pklr/adcy1a/papss2b/eno2/fhit/prpsap2/hprt1/atp5pb/taldo1/nme7/gapdhs/gart/atp5pf/pde4bb/atp5l/prkag3b,62
BP,GO:0031214,biomineral tissue development,22/3857,67/18773,0.328358209,1.598202919,2.494303917,0.012529003,0.132316435,0.114195717,col1a1a/her9/phospho1/lrp5/rflnb/ppp2r3b/dlx3b/atg4b/mst1/clec3ba/fgf23/ahsg2/pls3/atf4a/coch/cfdp1/lgr4/fap/bglap/fam20a/tmem119b/bmp2k,22
BP,GO:0097250,mitochondrial respirasome assembly,22/3857,67/18773,0.328358209,1.598202919,2.494303917,0.012529003,0.132316435,0.114195717,lyrm7/coa3a/tmem126a/cox19/cox17/ndufb2/rpl37/uqcc6/uqcc1/lyrm2/rab5if/sdhaf2/ndufaf5/cox20/pet100/si:dkey-88p24.11/higd1a/ndufaf1/cox7a2l/ttc19/higd2a/surf1,22
BP,GO:0001732,formation of cytoplasmic translation initiation complex,8/3857,17/18773,0.470588235,2.290472632,2.706805511,0.012840754,0.132843778,0.114650841,eif3ja/eif3ha/eif3k/eif3ea/eif3s6ip/eif3m/eif3d/eif3f,8
BP,GO:0006595,polyamine metabolic process,8/3857,17/18773,0.470588235,2.290472632,2.706805511,0.012840754,0.132843778,0.114650841,sat1a.2/oaz1b/dhps/srm/hdac10/smox/amd1/azin1b,8
BP,GO:0033617,mitochondrial cytochrome c oxidase assembly,8/3857,17/18773,0.470588235,2.290472632,2.706805511,0.012840754,0.132843778,0.114650841,coa3a/cox19/cox17/rpl37/uqcc6/cox20/pet100/surf1,8
BP,GO:0046849,bone remodeling,8/3857,17/18773,0.470588235,2.290472632,2.706805511,0.012840754,0.132843778,0.114650841,col1a1a/lrp5/inpp5d/crocc2/neu1/suco/acp5b/lgr4,8
BP,GO:0006633,fatty acid biosynthetic process,23/3857,71/18773,0.323943662,1.576716196,2.475718149,0.012876412,0.132843778,0.114650841,abhd2a/prkag2b/elovl6/fasn/ccdc57/ptges/tecrb/ptges3a/dcaf5/elovl5/acsbg2/aclya/ptgis/lias/fasn2/ndufab1b/lpla/acacb/lipg/ptgs2b/olah/scdb/prkag3b,23
BP,GO:0007599,hemostasis,23/3857,71/18773,0.323943662,1.576716196,2.475718149,0.012876412,0.132843778,0.114650841,p2ry12/thbd/si:ch211-156j16.1/f9a/f2r/prkcbb/fermt3b/f13a1b/lrrc32/prozb/gp9/f3b/cpb2/f10/plg/fgl1b/serpinc1/habp2/fgg/proza/pros1/f2/kng1,23
BP,GO:0051494,negative regulation of cytoskeleton organization,23/3857,71/18773,0.323943662,1.576716196,2.475718149,0.012876412,0.132843778,0.114650841,lmod3/ssh2a/scinlb/lmod2b/tmsb/svila/twf2b/scinla/add3a/capza1a/ssh2b/rhpn2/si:ch211-266i6.3/plekhh2/scin/add2/ssh1b/flii/si:ch211-203d1.3/kank3/capgb/kank2/apc,23
CC,GO:0005852,eukaryotic translation initiation factor 3 complex,8/3978,17/19331,0.470588235,2.286812764,2.701813695,0.012966793,0.090059743,0.071923347,eif3ja/eif3ha/eif3k/eif3ea/eif3s6ip/eif3m/eif3d/eif3f,8
BP,GO:0030490,maturation of SSU-rRNA,15/3857,41/18773,0.365853659,1.780702808,2.544717054,0.012971683,0.133386452,0.115119196,rps16/srfbp1/rps8b/tsr2/rps21/utp3/riok2/riok3/dcaf13/tsr1/ddx52/wdr46/trmt112/nob1/utp4,15
MF,GO:0004843,cysteine-type deubiquitinase activity,27/3772,87/18430,0.310344828,1.516345486,2.448861346,0.013022862,0.132170191,0.115579661,fbxl22/usp21/usp38/usp4/zranb1b/usp14/usp47/usp10/usp42/usp5/usp13/usp33/usp1/usp2b/otud4/usp43b/usp7/usp22/usp49/vcpip1/otud7a/uchl5/usp31/usp34/otub1a/otud5b/usp18,27
MF,GO:0008307,structural constituent of muscle,6/3772,11/18430,0.545454545,2.665092066,2.802211677,0.013045575,0.132170191,0.115579661,csrp1a/ttn.2/tcap/csrp2/synm/csrp3,6
CC,GO:0097525,spliceosomal snRNP complex,18/3978,52/19331,0.346153846,1.682126697,2.507125988,0.013089067,0.090059743,0.071923347,sart1/snrpe/snrpa/txnl4a/lsm7/snrpg/luc7l3/snrpa1/sart3/prpf6/sf3b3/prpf3/prpf31/snrpd1/lsm8/cfap410/snrpd2/sf3b1,18
CC,GO:0030027,lamellipodium,23/3978,71/19331,0.323943662,1.574196815,2.467251965,0.013124812,0.090059743,0.071923347,itgb1a/phactr4a/abi3a/sh3rf1/srgap2/abi1a/pdlim4/abi2a/abitram/arhgef7b/actc2/nav3/dbnlb/wasf2/ilk/cdh2/arhgef6/carmil3/amot/fap/kptn/podxl/scrib,23
MF,GO:0000339,RNA cap binding,7/3772,14/18430,0.5,2.44300106,2.739885306,0.013158537,0.132170191,0.115579661,eif4e3/eif4e1c/larp1/ncbp3/eif4e2/eif3d/eif4eb,7
MF,GO:0016722,"oxidoreductase activity, acting on metal ions",7/3772,14/18430,0.5,2.44300106,2.739885306,0.013158537,0.132170191,0.115579661,steap4/hephl1b/cybrd1/steap2/cp/mmachc/mtrr,7
CC,GO:0016529,sarcoplasmic reticulum,15/3978,41/19331,0.365853659,1.777857484,2.537917736,0.013163529,0.090059743,0.071923347,ryr1a/klhl41a/trdn/casq2/rtn2b/atp2a1/casq1a/jph1b/hax1/si:dkey-28b4.8/reep5/rtn2a/si:ch211-266g18.10/fkbp1aa/calua,15
BP,GO:0006851,mitochondrial calcium ion transmembrane transport,6/3857,11/18773,0.545454545,2.654866005,2.79173066,0.013297277,0.133387822,0.115120378,bcl2l16/micu2/smdt1b/mcu/letm1/vdac2,6
BP,GO:0031033,myosin filament organization,6/3857,11/18773,0.545454545,2.654866005,2.79173066,0.013297277,0.133387822,0.115120378,hsp90aa1.1/ttn.2/tcap/smyd1b/mef2d/eef2k,6
BP,GO:0033700,phospholipid efflux,6/3857,11/18773,0.545454545,2.654866005,2.79173066,0.013297277,0.133387822,0.115120378,apoeb/abca1b/abca1a/apoa4a/apoa4b.2/apoa1b,6
BP,GO:0060297,regulation of sarcomere organization,6/3857,11/18773,0.545454545,2.654866005,2.79173066,0.013297277,0.133387822,0.115120378,klhl41a/smyd2a/nrap/rbm24a/thrab/itga3b,6
BP,GO:0060324,face development,6/3857,11/18773,0.545454545,2.654866005,2.79173066,0.013297277,0.133387822,0.115120378,notch2/jag1b/specc1/grhl3/edn1/crispld2,6
BP,GO:0030225,macrophage differentiation,11/3857,27/18773,0.407407407,1.982955473,2.599054137,0.013358525,0.133387822,0.115120378,spi1b/bcl6aa/ptpn6/mafbb/csf1ra/sumf1/irf2bp2b/gata1a/csf3r/ncor2/nrros,11
CC,GO:0072534,perineuronal net,6/3978,11/19331,0.545454545,2.650623886,2.787357016,0.013403861,0.090059743,0.071923347,hapln1b/vcanb/hapln1a/ncanb/vcana/bcan,6
CC,GO:0098966,perisynaptic extracellular matrix,6/3978,11/19331,0.545454545,2.650623886,2.787357016,0.013403861,0.090059743,0.071923347,hapln1b/vcanb/hapln1a/ncanb/vcana/bcan,6
CC,GO:0099535,synapse-associated extracellular matrix,6/3978,11/19331,0.545454545,2.650623886,2.787357016,0.013403861,0.090059743,0.071923347,hapln1b/vcanb/hapln1a/ncanb/vcana/bcan,6
BP,GO:0000097,sulfur amino acid biosynthetic process,7/3857,14/18773,0.5,2.433627171,2.728659246,0.013441191,0.133387822,0.115120378,bhmt/zgc:172121/adi1/mri1/apip/mtrr/cth,7
BP,GO:0040037,negative regulation of fibroblast growth factor receptor signaling pathway,7/3857,14/18773,0.5,2.433627171,2.728659246,0.013441191,0.133387822,0.115120378,il17rd/dusp4/sulf2b/spry4/churc1/gpc1b/sulf1,7
BP,GO:0048679,regulation of axon regeneration,7/3857,14/18773,0.5,2.433627171,2.728659246,0.013441191,0.133387822,0.115120378,tncb/fignl2/clcf1/il6st/m17/sfpq/cntfr,7
BP,GO:0070570,regulation of neuron projection regeneration,7/3857,14/18773,0.5,2.433627171,2.728659246,0.013441191,0.133387822,0.115120378,tncb/fignl2/clcf1/il6st/m17/sfpq/cntfr,7
BP,GO:0097006,regulation of plasma lipoprotein particle levels,7/3857,14/18773,0.5,2.433627171,2.728659246,0.013441191,0.133387822,0.115120378,apoeb/stab2/lpla/apoc2/apoc1/lipg/lrpap1,7
BP,GO:0030223,neutrophil differentiation,13/3857,34/18773,0.382352941,1.861009013,2.555217397,0.013516135,0.133695881,0.115386249,spi1b/inpp5d/pbx1a/ptpn6/asxl1/usb1/hax1/gata1a/csf3r/runx1/ncor2/etsrp/ncor1,13
BP,GO:0032272,negative regulation of protein polymerization,19/3857,56/18773,0.339285714,1.651389866,2.482394476,0.013557772,0.133695881,0.115386249,lmod3/ssh2a/scinlb/lmod2b/tmsb/svila/twf2b/scinla/add3a/capza1a/ssh2b/scin/add2/ssh1b/flii/si:ch211-203d1.3/kank3/capgb/kank2,19
CC,GO:0042627,chylomicron,7/3978,14/19331,0.5,2.429738562,2.723971129,0.01356112,0.090059743,0.071923347,apoeb/apoa4a/apoa4b.2/apobb.1/lpla/apoc2/apoa1b,7
BP,GO:0044272,sulfur compound biosynthetic process,32/3857,107/18773,0.299065421,1.455627467,2.403422154,0.013777137,0.135431857,0.116884483,acsl1a/cdo1/csad/elovl6/bhmt/pdk2a/acss2/extl3/chpfa/zgc:172121/mat2ab/mat2aa/chsy3/ext1a/elovl5/aclya/adi1/mri1/ext1b/pdhx/chst7/papss2b/lias/acsl5/gclm/apip/acacb/pdha1a/mtrr/chpf2/gss/cth,32
BP,GO:1901698,response to nitrogen compound,70/3857,267/18773,0.262172285,1.276059191,2.310231321,0.014513241,0.142220666,0.122743565,znf106a/chrna1/zgc:136908/p2rx5/psmc6/faf1/nr4a3/pck1/akt3a/usp14/vcp/irs2b/nr4a1/nos1/p2rx1/inpp5ka/nr4a2a/rps6kb1b/cpt1b/rnft2/slc2a1b/selenos/fasn/ghra/chrnb1/hspa5/ube4b/gna11a/herpud1/il1b/ddi2/stat5a/panx1a/gsk3aa/tmub1/dnajb9a/lpin2/nccrp1/socs7/ecpas/sesn1/grb10b/gna15.1/man1a2/sesn4/slc39a14/aup1/g6pc1a.2/pik3r3b/pik3r1/faf2/irs4a/rap1aa/stat4/fbxo6.3/jak3/gsk3ab/lpla/si:ch73-335l21.1/pid1/derl1/rap1ab/ankzf1/fbxo2/igf2b/bglap/chrnb2/cav2/castor2/edem1,70
BP,GO:0050778,positive regulation of immune response,46/3857,165/18773,0.278787879,1.356931514,2.3416982,0.014586942,0.142496188,0.122981355,c1qa/mavs/usp4/c1qc/ptpn22/si:dkey-237i9.1/slc15a2/tlr9/kmt5b/tlr22/btk/c1qb/syk/tlr18/prkcbb/cd79b/b2ml/si:ch1073-280e3.1/otud4/cd79a/mhc2d8.46a/opa1/c8b/themis2/unc93b1/tec/si:dkey-237j10.2/c7b/ifih1/tlr3/cd74a/si:ch211-243a20.4/ninj1/mapkapk2a/csk/c4b/cptp/lgr4/ube2nb/cfbl/ikbke/si:dkey-52l18.4/rsad2/masp2/sting1/itk,46
BP,GO:0043254,regulation of protein-containing complex assembly,39/3857,136/18773,0.286764706,1.39575676,2.355394726,0.014656817,0.142732739,0.12318551,psmc6/lmod3/slain2/ssh2a/scinlb/clip1a/hcls1/lmod2b/tmsb/fam49al/svila/wasa/twf2b/fam49ba/scinla/add3a/napab/aida/sar1ab/capza1a/ssh2b/evlb/hax1/cdc42ep1a/scin/abitram/plekhg2/add2/dbnlb/cdc42ep5/ssh1b/baiap2a/flii/si:ch211-203d1.3/kank3/capgb/cptp/pfn2a/kank2,39
CC,GO:0005774,vacuolar membrane,52/3978,190/19331,0.273684211,1.32996216,2.326538901,0.014739517,0.09566648,0.076400989,abcb6a/hspa8/tmem175/wdr59/lamtor3/cax2/gpr137c/si:ch211-157c3.4/vmp1/ccz1/snap29/scarb2a/b2ml/borcs7/sar1ab/atp6ap2/neu1/cybrd1/map1lc3c/tmem59/itm2cb/atg16l1/mhc2d8.46a/tmem106bb/atp6v1c1a/atp6v1g1/znrf2b/marchf8/ctns/wdr81/trim23/cd63/gabarapl2/slc39a14/nprl2/rnf152/abcb9/sybl1/atp6v0d1/cln3/slc38a7/marchf2/pip4p2/lamtor1/arl8ba/ccdc115/cd68/sec13/slc30a2/sting1/kxd1/mfsd8,52
MF,GO:0008757,S-adenosylmethionine-dependent methyltransferase activity,47/3772,170/18430,0.276470588,1.35083588,2.331188786,0.014885986,0.147878368,0.129316086,dot1l/smyd2a/pcmtd1/atpsckmt/lcmt1/as3mt/oclnb/kmt5b/dimt1l/bud23/trmt10c/setbp1/smyd1b/ezh1/dnmt3aa/comtb/zgc:172121/mettl2a/mettl6/trmt61a/tpmt.1/si:ch211-93g23.2/setd2/nop2/mrm2/ndufaf5/tarbp1/ezh2/pcmtd2a/mettl3/mettl21a/tfb1m/mettl21cb/gamt/antkmt/mettl4/prmt6/trmt2a/kmt2bb/mettl27/tmt1a.1/emg1/setd1ba/kmt2cb/mettl1/trmt1l/carm1l,47
BP,GO:0031669,cellular response to nutrient levels,22/3857,68/18773,0.323529412,1.574699934,2.414185585,0.015010904,0.145041833,0.125178374,dap1b/prkag2b/wdr59/wdr45b/cxcl8a/map1lc3c/cpeb4a/sesn1/pak2b/rptor/rragd/sesn4/pak1/gabarapl2/atf4a/nprl2/rnf152/rraga/kptn/becn1/kank2/prkag3b,22
BP,GO:0030217,T cell differentiation,17/3857,49/18773,0.346938776,1.688639262,2.454394722,0.015033127,0.145041833,0.125178374,rpl22/rac2/arpc1b/tnpo3/irf7/rpl10a/sh3rf1/opa1/upf1/pak1/mettl3/snapc3/kat2a/lsm8/jak3/prkdc/itk,17
BP,GO:0061136,regulation of proteasomal protein catabolic process,17/3857,49/18773,0.346938776,1.688639262,2.454394722,0.015033127,0.145041833,0.125178374,usp14/vcp/hsp90ab1/csnk1e/rnft2/herpud1/sh3rf1/gsk3aa/desi1a/axin1/klhl40a/det1/edn1/rhbdf1a/gsk3ab/fhit/fzr1a,17
MF,GO:0034212,peptide N-acetyltransferase activity,12/3772,31/18430,0.387096774,1.89135566,2.519614691,0.015149875,0.148863991,0.13017799,dmap1/naa10/naa30/crebbpa/kat2a/naa60/kat8/naa20/kat7a/hdac1/clocka/naa50,12
BP,GO:0001878,response to yeast,10/3857,24/18773,0.416666667,2.028022643,2.562554741,0.015158674,0.145355871,0.125449405,psmd14/nap1l1/slc15a2/hspa5/sc5d/ccny/ppp6c/xpo1b/limk1a/mogat2,10
BP,GO:0006541,glutamine metabolic process,10/3857,24/18773,0.416666667,2.028022643,2.562554741,0.015158674,0.145355871,0.125449405,glulb/glsa/gls2a/gls2b/cps1/glulc/asnsd1/ctps1b/ctps1a/lgsn,10
CC,GO:0001725,stress fiber,14/3978,38/19331,0.368421053,1.790333677,2.48229902,0.015295015,0.09566648,0.076400989,pdlim3b/coro1cb/pdlim5a/ablim1b/ldb3b/lpp/pdlim4/evlb/gas2l1/pdlim7/pdlim1/xirp2a/pdlim5b/xirp1,14
CC,GO:0032587,ruffle membrane,14/3978,38/19331,0.368421053,1.790333677,2.48229902,0.015295015,0.09566648,0.076400989,lcp1/itgb1a/ezrb/sh3yl1/panx1a/aif1l/sh3bgrl3/plekho1b/eps8l1b/eps8l1a/arhgef2b/jcada/eps8l2/plcg1,14
CC,GO:0097517,contractile actin filament bundle,14/3978,38/19331,0.368421053,1.790333677,2.48229902,0.015295015,0.09566648,0.076400989,pdlim3b/coro1cb/pdlim5a/ablim1b/ldb3b/lpp/pdlim4/evlb/gas2l1/pdlim7/pdlim1/xirp2a/pdlim5b/xirp1,14
BP,GO:0051168,nuclear export,23/3857,72/18773,0.319444444,1.554817359,2.398489265,0.015328071,0.146083992,0.12607781,alyref/nup93/zc3h11a/ddx19b/eif6/sarnp/desi1a/xpo1b/lsg1/nup153/xpo6/nxt2/nup62l/xpo1a/nup88/eny2/ltv1/cse1l/mdn1/uhmk1/ddx39b/rangap1a/ddx39ab,23
BP,GO:0170035,L-amino acid catabolic process,23/3857,72/18773,0.319444444,1.554817359,2.398489265,0.015328071,0.146083992,0.12607781,si:ch211-217a12.1/cdo1/nos1/oat/glsa/gldc/got2a/gls2a/gpt/tha1/mccc2/gcsha/si:ch211-256m1.8/arg1/gcat/aldh4a1/gls2b/dlst/aass/ivd/hpda/dao.2/tat,23
CC,GO:0000407,phagophore assembly site,10/3978,24/19331,0.416666667,2.024782135,2.557004308,0.015328799,0.09566648,0.076400989,ulk2/atg9b/wdr45b/atg16l1/atg2a/snx7/atg7/snx30/ilrun/becn1,10
BP,GO:0032271,regulation of protein polymerization,34/3857,116/18773,0.293103448,1.426609031,2.343646138,0.015562032,0.147862956,0.127613145,lmod3/slain2/ssh2a/scinlb/clip1a/hcls1/lmod2b/tmsb/fam49al/svila/wasa/twf2b/fam49ba/scinla/add3a/capza1a/ssh2b/evlb/hax1/cdc42ep1a/scin/abitram/plekhg2/add2/dbnlb/cdc42ep5/ssh1b/baiap2a/flii/si:ch211-203d1.3/kank3/capgb/pfn2a/kank2,34
BP,GO:0009408,response to heat,12/3857,31/18773,0.387096774,1.884098455,2.505113554,0.015609632,0.147865784,0.127615585,dhx30/hspb1/hsp90aa1.1/hsp90ab1/dnaja1/ddx61/si:dkey-1k23.3/trpv1/dnaja2a/ddx6/hikeshi/hspb9,12
MF,GO:0003755,peptidyl-prolyl cis-trans isomerase activity,15/3772,42/18430,0.357142857,1.745000757,2.451960561,0.015877641,0.153427335,0.134168524,fkbp7/ppiab/fkbp14/ptpa/ppie/ppifb/ranbp2/fkbp15b/fkbp6/fkbp11/fkbp10a/aipl1/aip/fkbp1aa/ppih,15
MF,GO:0008168,methyltransferase activity,60/3772,226/18430,0.265486726,1.297168705,2.280201598,0.016001286,0.153427335,0.134168524,dot1l/sftpbb/smyd2a/pcmtd1/atpsckmt/lcmt1/as3mt/oclnb/kmt5b/dimt1l/mettl22/mrm1/dmap1/bud23/bhmt/trmt10c/setbp1/smyd1b/shmt2/ezh1/dnmt3aa/comtb/zgc:172121/mettl17/mettl2a/mettl6/trmt61a/tpmt.1/si:ch211-93g23.2/setd2/nop2/mrm2/ndufaf5/tarbp1/ezh2/pcmtd2a/mettl3/mettl21a/tfb1m/mettl21cb/gamt/prdm2b/antkmt/mettl4/mrm3a/prmt6/trmt2a/kmt2bb/mettl27/prdm1b/tmt1a.1/tyms/emg1/setd1ba/trmt112/lcmt2/kmt2cb/mettl1/trmt1l/carm1l,60
BP,GO:0019725,cellular homeostasis,81/3857,316/18773,0.256329114,1.247618993,2.257360093,0.016076329,0.151826597,0.131033966,ryr1a/casq2/pck1/flnca/atp1b1b/stc2b/fth1a/tmem175/stc2a/prdx6/txnrd2.2/bdh2/cax2/atp2a1/casq1a/ca15b/kdsr/asah1b/plaa/atp1b1a/abcc2/slc12a7b/herpud1/micu2/smdt1b/adss1/ptprn2/hk1/bag3/stim1b/stc1/homer1b/prdx2/aplnrb/cyp7a1/asph/mcu/slc35g1/txn2/atp6v1g1/si:dkey-28b4.8/toe1/slc30a9/itpr1b/si:dkey-237j10.2/slc39a7/fgf23/trpc6a/slc39a14/rhot1a/scara5/letm1/atp6v0d1/ncoa4/cln3/atp1a2a/dmxl2/atp13a2/plcb3/slc9a7/ube2s/slc4a1a/tmem203/clns1a/gclm/slc12a2/edn1/wwox/atp1a3a/ccdc115/slc30a5/dhrs7ca/ormdl1/hamp/ptprna/prdx5/npc1/si:ch211-266g18.10/slc9a6a/cav2/plcg1,81
CC,GO:0000118,histone deacetylase complex,18/3978,53/19331,0.339622642,1.650388457,2.413411975,0.016095232,0.098086237,0.078333451,tbl1xr1a/dmap1/hdac6/sin3ab/anp32e/mideasa/gatad2b/cfdp1/hdac11/gatad2ab/mta2/kdm3b/znf703/mideasb/phf12b/hdac1/chd5/actr6,18
CC,GO:0030532,small nuclear ribonucleoprotein complex,18/3978,53/19331,0.339622642,1.650388457,2.413411975,0.016095232,0.098086237,0.078333451,sart1/snrpe/snrpa/txnl4a/lsm7/snrpg/luc7l3/snrpa1/sart3/prpf6/sf3b3/prpf3/prpf31/snrpd1/lsm8/cfap410/snrpd2/sf3b1,18
MF,GO:0140098,"catalytic activity, acting on RNA",83/3772,326/18430,0.254601227,1.243982135,2.254648918,0.016123448,0.153427335,0.134168524,rnasel2/ddx17/dhx30/rnaset2l/tars1/ddx28/mrpl44/farsa/eri1/dimt1l/kars1/cpsf3/ddx61/thg1l/mrm1/ddx19b/eif4a2/bud23/dicer1/trmt10c/ddx59/lrrc47/usb1/ddx5/mars2/mettl2a/mettl6/snd1/rars1/trmt61a/tyw1/upf1/ddx21/polr3h/si:ch211-256m1.8/dus1l/toe1/dtwd2/nop2/mrm2/tarbp1/polr3k/slc52a2/mettl3/ddx6/tfb1m/isg20/ifih1/prim1/mrm3a/nars2/ddx52/trmt2a/polr2d/elac1/tdrd9/ddx39b/ddx24/iars1/pars2/isg20l2/endouc/dhx15/ddx39ab/emg1/ythdc2/drosha/fen1/dtd2/lars2/nob1/g3bp1/polr1a/mhc1zka/trpt1/lcmt2/supv3l1/ddx10/mettl1/trmt1l/dis3l2/ddx3xa/eif4a1a,83
BP,GO:0060026,convergent extension,46/3857,166/18773,0.277108434,1.348757228,2.295054413,0.016256466,0.153065232,0.13210297,chrna1/csrp1a/usp4/ier2a/swap70b/rpl22/hipk2/fcho1/cdh1/bcl2l16/eaf1/ppp1cb/ctnnb1/rack1/lpp/slit2/disc1/rpl22l1/mcu/appa/pak1/dvl2/tab2/akap12b/nup62l/ptprea/def6a/has2/lats2/mapk9/cdh2/appb/mmp14b/afp4/rap1aa/smad4a/csk/bbs12/hdac1/yes1/ift80/ttc8/gata6/rap1ab/rock2a/scrib,46
BP,GO:0009156,ribonucleoside monophosphate biosynthetic process,15/3857,42/18773,0.357142857,1.738305122,2.435756946,0.016429894,0.153065232,0.13210297,adka/rfk/dhodh/ampd3a/adss1/umps/prps1a/hprt1l/paics/atic/ampd2b/uck2b/uck1/hprt1/gart,15
BP,GO:1903432,regulation of TORC1 signaling,15/3857,42/18773,0.357142857,1.738305122,2.435756946,0.016429894,0.153065232,0.13210297,deptor/wdr59/lamtor3/gpr137c/sesn1/atm/rragd/sesn4/nprl2/waca/rnf152/rraga/otud5b/kptn/castor2,15
BP,GO:0009142,nucleoside triphosphate biosynthetic process,19/3857,57/18773,0.333333333,1.622418114,2.393134115,0.01651108,0.153065232,0.13210297,atpsckmt/ak4/ak3/atp5mc3b/atp5f1e/nme2b.1/nme4/dlst/antkmt/ctps1b/uck2b/uck1/tyms/dtymk/atp5pb/nme7/atp5pf/atp5l/ctps1a,19
BP,GO:0055007,cardiac muscle cell differentiation,19/3857,57/18773,0.333333333,1.622418114,2.393134115,0.01651108,0.153065232,0.13210297,cmlc1/fhod3a/nrap/vcp/dab2/tcap/icam3/smyd1b/opa1/mat2aa/adprhl1/alpk2/rbfox1l/nexn/ilk/gsk3ab/ddx39ab/septin15/tln1,19
BP,GO:0032535,regulation of cellular component size,50/3857,183/18773,0.273224044,1.329850913,2.280118644,0.016550239,0.153065232,0.13210297,chrna1/lmod3/hspb1/tncb/ssh2a/ulk2/scinlb/ncaldb/casp3a/hcls1/lmod2b/tmsb/arhgap35a/fam49al/svila/wasa/twf2b/fam49ba/scinla/add3a/slc12a7b/capza1a/extl3/ssh2b/evlb/hax1/slit2/plekhh2/cdc42ep1a/scin/abitram/plxna3/plekhg2/add2/dbnlb/cdc42ep5/ssh1b/pik3cd/baiap2a/atp13a2/flii/si:ch211-203d1.3/clns1a/arhgap5/kank3/slc12a2/capgb/pfn2a/pik3ca/kank2,50
BP,GO:0045597,positive regulation of cell differentiation,50/3857,183/18773,0.273224044,1.329850913,2.280118644,0.016550239,0.153065232,0.13210297,si:ch211-106h11.3/mturn/rbm24a/myog/grna/serpinf1/wdfy2/swap70b/metrnla/inpp5d/dab2/loxl2b/il1b/stat5a/myod1/hapln1b/opa1/vcanb/thrab/numbl/hapln1a/ncanb/vcana/numb/bcan/crebl2/lgals2a/plxna3/ezh2/atoh7/csf3r/per1b/dbnlb/myf6/fxr2/nlk1/nelfb/plxnb3/znf16l/runx1/sox5/ccn4a/plxna2/arhgef2b/edn1/hdac1/tiam1b/gdf10a/alcama/tmem119b,50
MF,GO:0016790,thiolester hydrolase activity,16/3772,46/18430,0.347826087,1.699478999,2.409533441,0.016959073,0.159697934,0.139652013,fasn/abhd13/tagln3b/acot20/acot22/acot13/acot9.1/desi1a/ppt2b/park7/ppt2a.3/acot19/ovca2/ppt1/pla2g6/olah,16
BP,GO:0044804,nucleophagy,9/3857,21/18773,0.428571429,2.085966147,2.531955346,0.017075567,0.15699477,0.135494358,ulk2/atg9b/atg4b/atg4da/wdr45b/atg4c/atg2a/snx7/snx30,9
BP,GO:0045619,regulation of lymphocyte differentiation,9/3857,21/18773,0.428571429,2.085966147,2.531955346,0.017075567,0.15699477,0.135494358,bcl6aa/inpp5d/irf7/sh3rf1/stat5a/opa1/mettl3/kat2a/si:ch211-243a20.4,9
BP,GO:0045934,negative regulation of nucleobase-containing compound metabolic process,106/3857,427/18773,0.24824356,1.208264544,2.213668003,0.017176928,0.15746357,0.135898956,id4/dnajb4/sap18/cbx7a/zc3h4/smyd2a/smarce1/rbm24a/skila/si:ch211-103n10.5/h1-0/zbtb1/tent5c/igf2bp2a/cbx8b/sirt1/pparaa/loxl2b/syncripl/dmap1/nr1h4/rnf169/tent5ab/gdnfa/eaf1/cry1a/zbtb34/cry1b/nr1d4b/zgc:112083/id2a/kcnip3b/igf2bp3/per3/cbx4/dnmt3aa/foxo3b/rmi2/sin3ab/mbd3b/ybx1/nr1h5/elavl1a/vdrb/sox8a/cbx7b/zbtb20/thrab/tgif1/mideasa/larp1/hdac4/dr1/phc1/tigara/gata2a/mier1b/sox10/macroh2a1/atf4a/gatad2b/gata1a/bend3/ppardb/cbfa2t3/per1b/recql5/thrb/nelfb/tegt/ldb2a/cbfa2t2/gatad2ab/mta2/ncor2/bhlhe41/si:ch211-132b12.7/prmt6/ciarta/igfbp2b/scmh1/zbtb16a/dnajb1b/znf703/sox3/id1/mideasb/prdm1b/hinfp/kctd15a/phf12b/hdac1/bcor/gata6/lin37/hdac5/uri1/scaf4a/ncor1/rnf8/bmi1a/mier2/kank2/si:ch211-230g15.5/pparab/terf1,106
BP,GO:0001775,cell activation,63/3857,239/18773,0.263598326,1.283000099,2.239003967,0.017460992,0.159599591,0.13774245,p2ry12/cd4-1/tnfsf13b/si:ch211-156j16.1/ptpn22/grna/cxcr3.2/spi1b/rpl22/rac2/bcl6aa/arpc1b/kmt5b/kars1/inpp5d/tnpo3/fam49ba/irf7/syk/rpl10a/il1b/prkcbb/cd79b/sh3rf1/b2ml/fermt3b/stat5a/m17/prf1.1/cd79a/prdx2/ybx1/mhc2d8.46a/opa1/dicp1.3-4/lrrc32/dicp3.1/upf1/dicp3.3/slc39a7/lgals9l3/pak1/sart3/mettl3/snapc3/kat2a/runx1/cd74a/si:ch211-243a20.4/dock8/lsm8/fgl1b/hhla2b.1/jak3/ptbp1a/skap2/fgg/prkdc/igf2b/rnf8/f2/zgc:153911/itk,63
BP,GO:0002761,regulation of myeloid leukocyte differentiation,11/3857,28/18773,0.392857143,1.912135635,2.456120223,0.017999761,0.163567598,0.141167038,spi1b/bcl6aa/inpp5d/ptpn6/asxl1/mafbb/cdk9/irf2bp2b/csf3r/nelfb/runx1,11
BP,GO:1902017,regulation of cilium assembly,11/3857,28/18773,0.392857143,1.912135635,2.456120223,0.017999761,0.163567598,0.141167038,abcc4/ezrb/tapt1b/mcm2/appa/man1a2/lamb1a/zmynd10/appb/atp6v1f/grk5l,11
BP,GO:0050817,coagulation,23/3857,73/18773,0.315068493,1.533518492,2.322437355,0.018134674,0.164315915,0.141812873,p2ry12/thbd/si:ch211-156j16.1/f9a/f2r/prkcbb/fermt3b/f13a1b/lrrc32/prozb/gp9/f3b/cpb2/f10/plg/fgl1b/serpinc1/habp2/fgg/proza/pros1/f2/kng1,23
BP,GO:0016579,protein deubiquitination,24/3857,77/18773,0.311688312,1.517066289,2.311911161,0.018329601,0.165236787,0.142607632,psmd14/usp21/usp38/usp4/zranb1b/usp14/usp47/usp10/usp42/usp5/usp13/usp33/usp1/stambpa/usp2b/usp43b/usp7/usp22/usp49/uchl5/usp31/usp34/otub1a/usp18,24
BP,GO:0006897,endocytosis,79/3857,309/18773,0.25566343,1.244378942,2.202591856,0.018342023,0.165236787,0.142607632,hspa8/dnm1l/rubcn/tmem175/arrb2b/trip10a/lrp5/rhoq/eea1/pip5k1ab/ncf4/csnk1e/pick1/fcho1/dab2/mrc1b/marco/ncf2/ghra/rab5b/timd4/heatr5a/usp33/scarb2a/sorl1/stab2/flot1b/arhgap25/ywhaba/myo1f/csf1ra/necap1/dnajc6/xkr8.3/pikfyve/lrp1aa/colec12/cdc42l/hip1rb/ap3m2/rhov/snx18a/dennd1a/lgals3b/bin3/myo1b/megf10/cltca/heatr5b/scara5/pla2r1/flot1a/si:ch211-200p22.4/myo1ea/ramp1/met/rab7a/dmxl2/marchf2/myo1cb/cltcb/rab5c/gulp1a/si:ch211-51c14.1/srpx/havcr1/rraga/bin2b/rhoub/ppt1/cdc42/si:dkey-13a21.4/dennd1c/rab14/lrpap1/lgals3a/epn3a/sncgb/bmp2k,79
CC,GO:0005681,spliceosomal complex,41/3978,146/19331,0.280821918,1.364647686,2.251234206,0.018397151,0.110810746,0.088495475,snrpe/zmat5/txnl4a/lsm3/tfip11/frg1/snrnp35/lsm7/rbm17/cirbpb/snrpg/ppie/luc7l3/hnrnpa3/snrnp48/cwc15/snrpa1/cwc25/yju2/bud31/prpf6/sf3b3/sf3a3/wdr83/prpf3/u2af1/clns1a/rbm8a/prpf31/scnm1/snrpd1/lsm8/dhx15/khdc4/snrpd2/cdc40/ccdc12/lgals3a/magoh/sf3b1/smndc1,41
MF,GO:0051539,"4 iron, 4 sulfur cluster binding",14/3772,39/18430,0.358974359,1.753949479,2.390954135,0.018576011,0.169794185,0.148480942,dna2/mocs1/isca2/etfdh/cdk5rap1/tyw1/ciapin1/aco1/sdhb/nfu1/aco2/lias/dph1/rsad2,14
MF,GO:0001671,ATPase activator activity,8/3772,18/18430,0.444444444,2.171556498,2.522599905,0.018594717,0.169794185,0.148480942,ahsa1a/atp1b1b/atp1b1a/ahsa1b/hscb/gtf2h4/zgc:112962/dnajc15,8
MF,GO:0019203,carbohydrate phosphatase activity,8/3772,18/18430,0.444444444,2.171556498,2.522599905,0.018594717,0.169794185,0.148480942,pfkfb2b/pfkfb4a/tigara/epm2a/pfkfb4b/g6pc1a.2/g6pc1a.1/pfkfb1,8
MF,GO:0016747,"acyltransferase activity, transferring groups other than amino-acyl groups",57/3772,215/18430,0.265116279,1.295358702,2.209804131,0.018994495,0.171710236,0.150156482,cpt2/nmt1a/gpam/crata/prdx6/elovl6/aanat1/sat1a.2/dgat1a/cpt1b/dmap1/fasn/ccdc57/cpt1a2b/naa10/zdhhc14/aldh7a1/sptlc2a/lpcat2/naa30/lpcat1/elovl5/agpat3/rarres3l/gcat/nat16/dlst/alas2/sirt4/zgc:154046/lcat/crebbpa/zdhhc18a/kat2a/pdhx/naa60/nags/kat8/cers3a/naa20/cers5/sat2a.1/fasn2/lratb.1/pafah1b3/zdhhc1/ykt6/kat7a/mogat2/hdac1/sptlc2b/lipt2/sirt5/hhat/clocka/abhd4/naa50,57
BP,GO:0010171,body morphogenesis,8/3857,18/18773,0.444444444,2.163224152,2.510701223,0.019018995,0.169382843,0.146185886,notch2/jag1b/tcf7l1a/specc1/grhl3/trim71/edn1/crispld2,8
BP,GO:0046040,IMP metabolic process,8/3857,18/18773,0.444444444,2.163224152,2.510701223,0.019018995,0.169382843,0.146185886,ampd3a/adss1/hprt1l/paics/atic/ampd2b/hprt1/gart,8
BP,GO:0050818,regulation of coagulation,8/3857,18/18773,0.444444444,2.163224152,2.510701223,0.019018995,0.169382843,0.146185886,f2r/gp9/cpb2/plg/serpinc1/pros1/f2/kng1,8
BP,GO:1904262,negative regulation of TORC1 signaling,8/3857,18/18773,0.444444444,2.163224152,2.510701223,0.019018995,0.169382843,0.146185886,deptor/sesn1/atm/sesn4/nprl2/rnf152/kptn/castor2,8
BP,GO:0015849,organic acid transport,48/3857,176/18773,0.272727273,1.327433003,2.219275628,0.019168726,0.170231359,0.146918199,slc1a5/slc7a10a/fabp1b.1/abcc4/slc6a6a/slc25a12/slc6a15/fabp4a/slc38a2/slc1a6/slc27a6/slc27a4/cpt1b/sfxn3/slc16a12a/slc38a3b/slc38a3a/pla2g1b/fabp7a/slc19a1/slc38a5b/rbp2b/slc25a1a/slc16a1a/slc25a55a/mpc1/slc16a1b/ctns/fabp6/slc5a6a/pla2g12a/slco1d1/rbp5/slc25a1b/slc7a6/slc38a7/mfsd2ab/slc25a29/slc1a3b/crabp2a/acsl5/slc1a8b/lrrc8aa/slc16a6b/slc7a1a/slc6a7/slc5a8/fabp2,48
MF,GO:0016836,hydro-lyase activity,19/3772,58/18430,0.327586207,1.600586902,2.323865578,0.019186522,0.171728867,0.150172775,cfh/eno1a/ca15b/auh/fasn/alad/eno1b/echs1/gmds/ca4c/aco1/park7/cahz/aco2/ptgis/pcbd1/eno2/apip/pus7,19
CC,GO:0016282,eukaryotic 43S preinitiation complex,8/3978,18/19331,0.444444444,2.159767611,2.505728713,0.019199178,0.113013343,0.090254509,eif3ja/eif3ha/eif3k/eif3ea/eif3s6ip/eif3m/eif3d/eif3f,8
CC,GO:0033290,eukaryotic 48S preinitiation complex,8/3978,18/19331,0.444444444,2.159767611,2.505728713,0.019199178,0.113013343,0.090254509,eif3ja/eif3ha/eif3k/eif3ea/eif3s6ip/eif3m/eif3d/eif3f,8
BP,GO:0006639,acylglycerol metabolic process,18/3857,54/18773,0.333333333,1.622418114,2.329119042,0.019305696,0.170479116,0.147132025,abhd2a/pnpla3/pck1/gpam/dgat1a/dgkaa/lipeb/zgc:172295/lpin2/pnpla4/mpv17/apobb.1/si:dkey-172j4.3/dgkza/lpla/mogat2/apoc1/lipg,18
BP,GO:0043242,negative regulation of protein-containing complex disassembly,18/3857,54/18773,0.333333333,1.622418114,2.329119042,0.019305696,0.170479116,0.147132025,lmod3/rubcn/scinlb/lmod2b/svila/twf2b/scinla/add3a/capza1a/si:ch211-266i6.3/plekhh2/scin/tmem39a/add2/flii/capgb/scaf4a/apc,18
BP,GO:0022603,regulation of anatomical structure morphogenesis,77/3857,301/18773,0.255813953,1.245111576,2.179937364,0.019398387,0.170815089,0.147421987,rangrf/tncb/ulk2/marchf5l/zranb1b/fitm2/rhogb/casp3a/serpinf1/tars1/kctd12.1/parvg/ephb3a/arhgap35a/itgb1a/kctd12.2/sirt1/ezrb/msnb/rspo3/gdnfa/stab2/rack1/csf1ra/gjd2b/mia3/aplnrb/churc1/elavl1a/fdx1/arhgap18/slit2/disc1/cdc42ep1a/mtdhb/fgf1a/rac1b/pak2b/mvda/cemip2/hdac4/nme2b.1/gata2a/klf2b/palm3/pak1/plxna3/git2a/yjefn3/dbnlb/cdc42ep5/pik3cd/fam171a1/plxnb3/nedd4l/ninj1/prkd1/palmda/atp6v1f/plxna2/eve1/thbs1b/atrn/parp3/iars1/tiam1b/mffa/s1pr1/rin2a/myh9a/si:ch73-40a2.1/mief2/ptprz1b/pik3ca/alcama/scg2b/plcg1,77
MF,GO:0003707,nuclear steroid receptor activity,10/3772,25/18430,0.4,1.954400848,2.422324259,0.020178697,0.176736564,0.154551885,esrrga/abhd2a/paqr7b/esrra/esr2a/ar/rxraa/pgr/rxrgb/esr2b,10
BP,GO:0008610,lipid biosynthetic process,98/3857,394/18773,0.248730964,1.210636867,2.148698414,0.020183388,0.176533472,0.152357237,mid1ip1l/abhd2a/tamm41/acsl1a/pck1/prkag2b/fitm2/gpam/gal3st4/hmgcs1/bpnt2/elovl6/pip5k1ab/zgc:77375/hdhd5/tle3a/dgat1a/kdsr/pdss1/thrsp/fasn/ccdc57/chka/rdh5/cyp27a3/dgkaa/ttc7b/ptges/sc5d/sptlc2a/st3gal4/lpcat2/pip4k2aa/tecrb/etnk1/cyp27b1/cyp7a1/lpin2/ptges3a/lpcat1/dcaf5/hsd3b7/fgf1a/hmgcra/dhcr7/mvda/hsd17b7/mid1ip1b/elovl5/coq2/crebl2/rdh8a/acsbg2/smpd5/aclya/cdipt/pigo/ugcg/pi4k2a/pik3cd/samd8/pik3c2a/smpd4/cers3a/impa1/ptgis/acer1/si:dkey-172j4.3/dgkza/cers5/lias/acsl5/fasn2/ndufab1b/lpla/st3gal2/gbgt1l1/mogat2/sptlc2b/slc30a5/acacb/lipg/pisd/pla2g6/ormdl1/ptgs2b/pigu/olah/gal3st1a/pik3ca/scdb/chpt1/prkag3b/apc/abhd4/sgms1b/degs2/rdh10a,98
MF,GO:0008252,nucleotidase activity,7/3772,15/18430,0.466666667,2.280134323,2.516023414,0.020377931,0.176736564,0.154551885,bpnt2/nt5dc3/nt5c2a/nt5c2l1/nt5c3a/nt5dc2/nt5c1aa,7
BP,GO:0006220,pyrimidine nucleotide metabolic process,12/3857,32/18773,0.375,1.825220379,2.375759409,0.020409334,0.176533472,0.152357237,dhodh/umps/nme2b.1/nme4/mpv17/ctps1b/uck2b/uck1/tyms/dtymk/nme7/ctps1a,12
BP,GO:0010508,positive regulation of autophagy,12/3857,32/18773,0.375,1.825220379,2.375759409,0.020409334,0.176533472,0.152357237,gsk3aa/tmem59/sesn1/sesn4/nprl2/rnf152/ufl1/gsk3ab/snx30/scoca/becn1/sting1,12
BP,GO:0040036,regulation of fibroblast growth factor receptor signaling pathway,12/3857,32/18773,0.375,1.825220379,2.375759409,0.020409334,0.176533472,0.152357237,hspa8/rerea/extl3/il17rd/dusp4/sulf2b/spry4/churc1/ncl/sp9/gpc1b/sulf1,12
BP,GO:0009617,response to bacterium,57/3857,215/18773,0.265116279,1.290388361,2.177643356,0.020429198,0.176533472,0.152357237,rnasel2/mavs/rhogb/zranb2/zgc:162941/cxcr3.2/tmsb/nos1/tlr9/rac2/pglyrp6/tlr22/cpt1b/ctsd/marco/crp2/il1b/cd248b/cd59a/si:ch1073-280e3.1/cxcl8a/mpx/cd248a/map3k5/pglyrp2/h2ax1/gpr84/npsn/il17c/ly97.3/acod1/furina/znf365/lta4h/cxcl20/angptl4/nkl.4/tnip1/ntrk1/cxcl19/tfa/tlr3/optn/bpifcl/pcna/shrprbck1r/asap1b/mmp9/hhla2b.1/il11a/cfbl/irak4/hamp/septin15/rab14/mxa/zgc:153911,57
MF,GO:0016407,acetyltransferase activity,23/3772,74/18430,0.310810811,1.518622281,2.26765705,0.020431859,0.176736564,0.154551885,crata/aanat1/sat1a.2/dmap1/fasn/naa10/aldh7a1/lpcat2/naa30/lpcat1/gcat/zgc:154046/crebbpa/kat2a/naa60/nags/kat8/naa20/pafah1b3/kat7a/hdac1/clocka/naa50,23
MF,GO:0008134,transcription factor binding,24/3772,78/18430,0.307692308,1.503385268,2.259984553,0.02052803,0.176736564,0.154551885,faf1/ankrd1a/nr4a3/smarce1/nfkbiaa/nr4a1/psmc5/nr4a2a/rerea/prkcbb/ctnnb1/jupa/per3/dr1/atf4a/crebbpa/per1b/gtf2e2/ncoa2/gtf2f1/tnni3k/gtf2a2/ncor1/btaf1,24
BP,GO:0033500,carbohydrate homeostasis,15/3857,43/18773,0.348837209,1.697879422,2.329698052,0.020553216,0.176533472,0.152357237,notch2/pck1/fitm2/ptprn2/hk1/aspscr1/rpl11/cyp7a1/mcu/yap1/insra/park7/slc39a14/aldh3a1/ptprna,15
BP,GO:0042593,glucose homeostasis,15/3857,43/18773,0.348837209,1.697879422,2.329698052,0.020553216,0.176533472,0.152357237,notch2/pck1/fitm2/ptprn2/hk1/aspscr1/rpl11/cyp7a1/mcu/yap1/insra/park7/slc39a14/aldh3a1/ptprna,15
BP,GO:0042026,protein refolding,10/3857,25/18773,0.4,1.946901737,2.409080709,0.020707447,0.176533472,0.152357237,hsp70.3/hspa8/hspb1/dnaja1/hspa5/si:dkey-1k23.3/hspa14/hsc70/dnaja2a/hspb9,10
BP,GO:0051016,barbed-end actin filament capping,10/3857,25/18773,0.4,1.946901737,2.409080709,0.020707447,0.176533472,0.152357237,scinlb/svila/twf2b/scinla/add3a/capza1a/scin/add2/flii/capgb,10
BP,GO:0001501,skeletal system development,106/3857,430/18773,0.246511628,1.199834791,2.131690017,0.02079077,0.176533472,0.152357237,chrna1/ahsa1a/col1a2/faf1/col1a1a/notch2/itga5/pmm2/rbm24a/ece1/lrp5/tinagl1/hmgcs1/egr1/spi1b/rflnb/jag1b/pkn2a/rpl13/loxl2b/rerea/ccdc57/gldc/mafbb/dlx3b/pappa2/fgfrl1a/aldh7a1/sulf2b/vgll2a/hoxc3a/csf1ra/esrra/creb3l2/irf6/hapln1b/mia3/vdrb/dhrs9/eif3ea/disc1/vcanb/pkdccb/sparc/hspg2/tapt1b/nog2/hdac4/hapln1a/ilvbl/sumf1/ncanb/vcana/spp1/kif5ba/furina/bcan/fras1/pak1/plxna3/tgfb3/yap1/nup62l/pls3/ncl/col11a1a/sec23a/smo/hoxa3a/hoxa4a/pdgfrb/bicra/itgav/kat2a/runx1/cdh2/tfap2a/mmp14b/sox5/nog3/mmachc/ptpn11b/ltv1/gnptab/grhl3/plcb3/rap1aa/shrprbck1r/rdh1/edn1/mmp9/col2a1a/hdac1/fam20b/ptk7a/crispld2/sec13/chd5/rap1ab/polr1a/alcama/bglap/mmp16b/apc/tln1/acvr2aa,106
BP,GO:0006188,IMP biosynthetic process,7/3857,15/18773,0.466666667,2.27138536,2.5048601,0.02079928,0.176533472,0.152357237,ampd3a/hprt1l/paics/atic/ampd2b/hprt1/gart,7
BP,GO:0006637,acyl-CoA metabolic process,21/3857,66/18773,0.318181818,1.548671836,2.27057822,0.020838404,0.176533472,0.152357237,acsl1a/fitm2/hmgcs1/elovl6/pdk2a/acss2/acot20/acot22/acot9.1/mvda/tdo2a/elovl5/dlst/aass/aclya/acot19/pdhx/si:dkey-97m3.1/acsl5/acacb/pdha1a,21
BP,GO:0035383,thioester metabolic process,21/3857,66/18773,0.318181818,1.548671836,2.27057822,0.020838404,0.176533472,0.152357237,acsl1a/fitm2/hmgcs1/elovl6/pdk2a/acss2/acot20/acot22/acot9.1/mvda/tdo2a/elovl5/dlst/aass/aclya/acot19/pdhx/si:dkey-97m3.1/acsl5/acacb/pdha1a,21
BP,GO:0050727,regulation of inflammatory response,21/3857,66/18773,0.318181818,1.548671836,2.27057822,0.020838404,0.176533472,0.152357237,grna/tnfaip6/tmsb/metrnla/ptger4b/pparaa/nr1h4/dpp9/cxcl8a/uba1/nr1h5/atm/ahsg2/ppardb/sema7a/ninj1/ufl1/zmp:0000000936/sigirr/mmp9/pparab,21
CC,GO:0033017,sarcoplasmic reticulum membrane,10/3978,25/19331,0.4,1.94379085,2.403539741,0.020932648,0.120739274,0.096424578,ryr1a/klhl41a/trdn/rtn2b/atp2a1/si:dkey-28b4.8/reep5/rtn2a/si:ch211-266g18.10/fkbp1aa,10
MF,GO:1902936,phosphatidylinositol bisphosphate binding,16/3772,47/18430,0.340425532,1.663319871,2.309740084,0.020946505,0.178638117,0.156214748,scinlb/plekha5/amer1/svila/scinla/zgc:92360/wdr45b/ttpa/hip1rb/scin/mapkap1/si:ch211-200p22.4/flii/capgb/ttpal/sestd1,16
CC,GO:0030057,desmosome,7/3978,15/19331,0.466666667,2.267755991,2.500197947,0.020977866,0.120739274,0.096424578,jupa/jam3b/pkp2/dspb/cdh2/xirp1/si:ch73-74h11.1,7
BP,GO:0005996,monosaccharide metabolic process,30/3857,102/18773,0.294117647,1.431545395,2.222269306,0.021036753,0.176591207,0.152407066,pcxb/pck1/prkag2b/pfkfb2b/pmm2/nr4a1/galk2/chst15/pdk2a/gpib/fuca1.2/pfkfb4a/galk1/hk1/pfkma/man2b2/insra/pfkfb4b/glb1/g6pc1a.2/rpia/adpgk2/g6pc1a.1/fuca2/pfkfb1/pdha1a/gapdhs/si:dkey-224e22.2/foxo1a/prkag3b,30
BP,GO:0045892,negative regulation of DNA-templated transcription,87/3857,346/18773,0.251445087,1.22384719,2.137057875,0.021045326,0.176591207,0.152407066,id4/dnajb4/sap18/cbx7a/zc3h4/smyd2a/smarce1/skila/zbtb1/cbx8b/sirt1/pparaa/loxl2b/dmap1/nr1h4/eaf1/cry1a/zbtb34/cry1b/nr1d4b/zgc:112083/id2a/kcnip3b/per3/cbx4/dnmt3aa/foxo3b/sin3ab/mbd3b/nr1h5/vdrb/sox8a/cbx7b/zbtb20/thrab/tgif1/mideasa/hdac4/dr1/phc1/gata2a/mier1b/sox10/macroh2a1/atf4a/gatad2b/gata1a/bend3/ppardb/cbfa2t3/per1b/thrb/nelfb/ldb2a/cbfa2t2/gatad2ab/mta2/ncor2/bhlhe41/si:ch211-132b12.7/prmt6/ciarta/scmh1/zbtb16a/dnajb1b/znf703/sox3/id1/mideasb/prdm1b/hinfp/kctd15a/phf12b/hdac1/bcor/gata6/lin37/hdac5/uri1/scaf4a/ncor1/rnf8/bmi1a/mier2/kank2/si:ch211-230g15.5/pparab,87
BP,GO:1902679,negative regulation of RNA biosynthetic process,87/3857,346/18773,0.251445087,1.22384719,2.137057875,0.021045326,0.176591207,0.152407066,id4/dnajb4/sap18/cbx7a/zc3h4/smyd2a/smarce1/skila/zbtb1/cbx8b/sirt1/pparaa/loxl2b/dmap1/nr1h4/eaf1/cry1a/zbtb34/cry1b/nr1d4b/zgc:112083/id2a/kcnip3b/per3/cbx4/dnmt3aa/foxo3b/sin3ab/mbd3b/nr1h5/vdrb/sox8a/cbx7b/zbtb20/thrab/tgif1/mideasa/hdac4/dr1/phc1/gata2a/mier1b/sox10/macroh2a1/atf4a/gatad2b/gata1a/bend3/ppardb/cbfa2t3/per1b/thrb/nelfb/ldb2a/cbfa2t2/gatad2ab/mta2/ncor2/bhlhe41/si:ch211-132b12.7/prmt6/ciarta/scmh1/zbtb16a/dnajb1b/znf703/sox3/id1/mideasb/prdm1b/hinfp/kctd15a/phf12b/hdac1/bcor/gata6/lin37/hdac5/uri1/scaf4a/ncor1/rnf8/bmi1a/mier2/kank2/si:ch211-230g15.5/pparab,87
BP,GO:0009725,response to hormone,74/3857,289/18773,0.256055363,1.246286579,2.14558435,0.021101066,0.176591207,0.152407066,znf106a/esrrga/abhd2a/ssr4/nr4a3/pck1/akt3a/keap1a/irs2b/nr4a1/nos1/hsp90ab1/inpp5ka/nr4a2a/rps6kb1b/ptger4b/pparaa/slc2a1b/paqr7b/ghra/stat5a/crhr1/nr1d4b/spata18/esrra/gsk3aa/esr2a/avpr2ab/lpin2/junbb/socs7/thrab/tgif1/grb10b/strn3/ar/adipor1a/jun/slc39a14/dio2/fkbp11/ppardb/avpr1ab/thrb/pik3r3b/pik3r1/ncoa4/ramp1/rxraa/pgr/crabp2a/rxrgb/irs4a/stat4/sstr5/jak3/arnt/gsk3ab/serpinc1/ncoa2/si:ch73-335l21.1/tyrp1b/pid1/adgrl3.1/slc37a4a/hamp/igf2b/bglap/kank2/cav2/apc/jund/esr2b/pparab,74
BP,GO:0050769,positive regulation of neurogenesis,22/3857,70/18773,0.314285714,1.529708508,2.257793592,0.021127675,0.176591207,0.152407066,grna/serpinf1/swap70b/hapln1b/vcanb/numbl/hapln1a/ncanb/vcana/numb/bcan/lgals2a/plxna3/atoh7/dbnlb/fxr2/nlk1/plxnb3/znf16l/plxna2/hdac1/tiam1b,22
BP,GO:0048705,skeletal system morphogenesis,62/3857,237/18773,0.261603376,1.273290166,2.153000206,0.021305451,0.177482919,0.153176658,chrna1/ahsa1a/notch2/itga5/pmm2/rbm24a/ece1/lrp5/tinagl1/hmgcs1/egr1/rflnb/jag1b/pkn2a/rpl13/ccdc57/dlx3b/vgll2a/hoxc3a/irf6/mia3/vdrb/dhrs9/eif3ea/disc1/pkdccb/hspg2/hdac4/ilvbl/kif5ba/furina/fras1/pak1/plxna3/pls3/sec23a/smo/hoxa3a/hoxa4a/pdgfrb/bicra/kat2a/cdh2/tfap2a/mmp14b/nog3/mmachc/ptpn11b/gnptab/grhl3/plcb3/rap1aa/shrprbck1r/edn1/mmp9/fam20b/crispld2/chd5/rap1ab/polr1a/alcama/tln1,62
BP,GO:0009063,amino acid catabolic process,28/3857,94/18773,0.29787234,1.449820443,2.223208576,0.021347913,0.177482919,0.153176658,si:ch211-217a12.1/cdo1/nos1/oat/glsa/blmh/gldc/got2a/gls2a/gpt/tha1/mccc2/gcsha/si:ch211-256m1.8/arg1/tdo2a/gcat/aldh4a1/gls2b/dlst/aass/ivd/hpda/abat/aldh6a1/dao.2/bckdha/tat,28
CC,GO:0005581,collagen trimer,22/3978,70/19331,0.314285714,1.527264239,2.249518726,0.021501997,0.122395982,0.097747655,col5a1/col5a3a/col5a2a/col1a2/col1a1a/col6a1/col22a1/col6a2/col15a1b/col16a1/col4a5/col4a1/col18a1a/colec12/col4a2/si:ch211-196i2.1/col11a1a/col4a6/col5a2b/col2a1a/zmp:0000000760/ccbe1,22
BP,GO:1901606,alpha-amino acid catabolic process,26/3857,86/18773,0.302325581,1.471495499,2.228491023,0.02150306,0.178298584,0.153880618,si:ch211-217a12.1/cdo1/nos1/oat/glsa/blmh/gldc/got2a/gls2a/gpt/tha1/mccc2/gcsha/si:ch211-256m1.8/arg1/tdo2a/gcat/aldh4a1/gls2b/dlst/aass/ivd/hpda/aldh6a1/dao.2/tat,26
MF,GO:0034056,estrogen response element binding,6/3772,12/18430,0.5,2.44300106,2.536503158,0.021627793,0.181032642,0.158308703,esrrga/esrra/esr2a/ar/pgr/esr2b,6
MF,GO:0043236,laminin binding,6/3772,12/18430,0.5,2.44300106,2.536503158,0.021627793,0.181032642,0.158308703,rpsa/itgb1a/dag1/lgals3b/lgals2a/lgals3a,6
CC,GO:0030139,endocytic vesicle,24/3978,78/19331,0.307692308,1.495223731,2.230751711,0.021851081,0.123031089,0.098254862,slc15a2/rab11fip5a/rab9a/rab5b/heatr5a/srgap2/ctss2.2/rin3/inpp5b/rab8b/cltca/heatr5b/appl1/sybl1/rab7a/rab9b/cltcb/pip4p2/rab11a/si:dkey-13a21.4/rin2a/rabgef1/rab14/snx3,24
BP,GO:0002052,positive regulation of neuroblast proliferation,6/3857,12/18773,0.5,2.433627171,2.526112918,0.022028005,0.17978993,0.155167724,hapln1b/vcanb/hapln1a/ncanb/vcana/bcan,6
BP,GO:0006611,protein export from nucleus,6/3857,12/18773,0.5,2.433627171,2.526112918,0.022028005,0.17978993,0.155167724,desi1a/xpo1b/xpo6/xpo1a/cse1l/uhmk1,6
BP,GO:0034103,regulation of tissue remodeling,6/3857,12/18773,0.5,2.433627171,2.526112918,0.022028005,0.17978993,0.155167724,lrp5/inpp5d/neu1/suco/runx1/s1pr1,6
BP,GO:0046519,sphingoid metabolic process,6/3857,12/18773,0.5,2.433627171,2.526112918,0.022028005,0.17978993,0.155167724,kdsr/sptlc2a/sgpp1b/acer1/sptlc2b/degs2,6
BP,GO:0072344,rescue of stalled ribosome,6/3857,12/18773,0.5,2.433627171,2.526112918,0.022028005,0.17978993,0.155167724,rack1/ltn1/pelo/znf598/ufl1/mtrfr,6
BP,GO:2000377,regulation of reactive oxygen species metabolic process,6/3857,12/18773,0.5,2.433627171,2.526112918,0.022028005,0.17978993,0.155167724,tcap/mpx/pikfyve/acod1/park7/pid1,6
CC,GO:0045240,alpha-ketoacid dehydrogenase complex,6/3978,12/19331,0.5,2.429738562,2.521776679,0.022197298,0.123636563,0.098738405,abhd11/dlst/kat2a/pdhx/dldh/bckdha,6
BP,GO:0015980,energy derivation by oxidation of organic compounds,50/3857,186/18773,0.268817204,1.308401705,2.149426,0.022251727,0.181142969,0.156335465,ppp1r3cb/uqcr10/gyg1b/ppp1r3db/coa6/slc25a12/pm20d1.2/atpsckmt/inpp5ka/cyc1/uqcrq/gbe1b/ppp1r3aa/ndufb6/tcap/ndufs6/gyg1a/pygl/etfdh/ppp1cb/phkg2/wdr45b/coq10a/sdha/ndufa7/idh3b/ugp2a/sdhaf2/atp5f1e/uqcrh/sdhdb/atg2a/ndufv2/slc25a55a/aco1/sdhb/epm2a/dlst/phka1a/idh1/cox7b/lyrm5a/antkmt/reep1/phka2/ugp2b/aco2/ndufaf1/cox7a2l/uqcrb,50
BP,GO:0009260,ribonucleotide biosynthetic process,35/3857,123/18773,0.284552846,1.384991073,2.178300053,0.022365325,0.181560416,0.156695743,adka/atpsckmt/rfk/dhodh/ak4/ampd3a/ak3/adss1/atp5mc3b/atp5f1e/umps/nme2b.1/nme4/dlst/hprt1l/paics/atic/mpv17/antkmt/gucy1a1/ampd2b/adcy5/gucy1a2/ctps1b/adcy1a/papss2b/uck2b/uck1/hprt1/atp5pb/nme7/gart/atp5pf/atp5l/ctps1a,35
BP,GO:0032434,regulation of proteasomal ubiquitin-dependent protein catabolic process,13/3857,36/18773,0.361111111,1.757619624,2.313696247,0.022419168,0.181560416,0.156695743,vcp/hsp90ab1/csnk1e/sh3rf1/gsk3aa/desi1a/axin1/klhl40a/det1/edn1/gsk3ab/fhit/fzr1a,13
MF,GO:0019213,deacetylase activity,11/3772,29/18430,0.379310345,1.853311149,2.332840652,0.023104038,0.188763038,0.165068749,sirt1/hdac6/hdac10/hdac9b/hdac4/sirt4/hdac11/sirt3/hdac1/sirt5/hdac5,11
MF,GO:0000993,RNA polymerase II complex binding,9/3772,22/18430,0.409090909,1.998819049,2.377903481,0.023177762,0.188763038,0.165068749,rtraf/smyd2a/scaf1/pcf11/rtf1/elof1/waca/ctr9/scaf4a,9
MF,GO:0016922,nuclear receptor binding,9/3772,22/18430,0.409090909,1.998819049,2.377903481,0.023177762,0.188763038,0.165068749,nr4a3/smarce1/nr4a1/nr4a2a/prkcbb/ctnnb1/jupa/ncoa2/ncor1,9
BP,GO:0032446,protein modification by small protein conjugation,115/3857,472/18773,0.243644068,1.185877647,2.07976689,0.023192463,0.186986096,0.161378376,asb2a.1/ube2l3b/cul2/ube3a/rnf115b/asb14b/ube2d4/keap1a/marchf5l/vcp/kbtbd8/cand2/fbxw5/anapc1/ube3c/si:ch73-335l21.4/uba3/zmiz2/rbbp6/rc3h1b/rps27a/kcmf1/daw1/si:ch211-59o9.10/cul4b/inavab/arih1/rnf169/ube4b/arih2/uba52/sh3rf1/dtx3la/ufc1/ube2g1b/dtx4b/ubac1/chfr/mkrn1/toporsa/cbx4/asb12b/asb10/cul3b/ube2e2/uba1/wdsub1/ltn1/ubr1/ube2v2/socs7/znrf2b/rnf115a/sumo2b/marchf8/kctd13/fbxo31/vcpip1/klhl40a/det1/rnf220a/ndfip1/asb5b/spsb3a/herc56.1/znf598/dcaf13/rnf183/cul5b/rnf152/dcaf17/rbx1/dtx2/ube2t/dtx3lb.2/nedd4l/mul2/marchf2/rnf6/rnf40/rnf144b/ufl1/rnf114/wdr32/ube2s/rnf181/fbxl14b/shrprbck1r/trim71/cdc34a/zbtb16a/ddb2/fbxl7/rnf141/ube2f/ube2nb/fbxw9/peli3/sae1/dtx3/asb16/lnx2b/ube2v1/rnf8/peli2/fzr1a/pias2/aktip/ube2d2/bag5/ube2q2/ttc3/rnf19a/dcun1d2a/smurf2,115
BP,GO:0043473,pigmentation,44/3857,161/18773,0.273291925,1.330181311,2.139551815,0.023267013,0.186986096,0.161378376,tspan36/hipk2/ednrba/pmela/hps1/dicer1/adrb2a/csf1ra/nsfa/eif3ea/pikfyve/tapt1b/cct2/inpp5b/plin6/ctns/sox10/rab38b/atoh7/rtf1/dio2/paics/mpv17/atp6v0d1/rab32a/ctr9/cdh2/tfap2a/sox5/adcy5/sulf1/rab11a/erbb3b/bbs5/hdac1/cdc42/tyrp1b/exoc5/ttc8/ap3d1/gart/mchr2b/sf3b1/uvrag,44
BP,GO:0006638,neutral lipid metabolic process,18/3857,55/18773,0.327272727,1.592919603,2.239243578,0.0233284,0.186986096,0.161378376,abhd2a/pnpla3/pck1/gpam/dgat1a/dgkaa/lipeb/zgc:172295/lpin2/pnpla4/mpv17/apobb.1/si:dkey-172j4.3/dgkza/lpla/mogat2/apoc1/lipg,18
BP,GO:0007029,endoplasmic reticulum organization,18/3857,55/18773,0.327272727,1.592919603,2.239243578,0.0233284,0.186986096,0.161378376,zgc:56596/rtn1b/sec61a1a/vapb/lnpk/copb2/get4/vcpip1/cdipt/reep1/esyt3/reep5/esyt2a/esyt2b/ncln/sec13/reep2/tmem147,18
CC,GO:0005635,nuclear envelope,45/3978,165/19331,0.272727273,1.325311943,2.136131229,0.023345248,0.12864722,0.102740007,lemd1/tmem120b/dnajb6b/mgst3b/nup93/mgst3a/sirt1/lmna/nemp1/mtmr6/syne2a/nutf2/ipo9/parp16/bnip3lb/syne1b/osbpl7/ubxn4/rogdi/ranbp2/ipo7/syne1a/nup153/nxt2/nup62l/nav3/gchfr/adra1ba/nup88/lmnb1/eny2/bnip3/sephs1/smpd4/bmb/cse1l/atp1b4/cptp/sec13/banf1/ltc4s/osbpl3b/nup43/nup160/tmem147,45
BP,GO:0001101,response to acid chemical,9/3857,22/18773,0.409090909,1.991149504,2.365332485,0.02373669,0.188526144,0.162707515,lamtor3/cpeb4a/sesn1/rptor/rragd/sesn4/lamtor1/rraga/castor2,9
BP,GO:0043200,response to amino acid,9/3857,22/18773,0.409090909,1.991149504,2.365332485,0.02373669,0.188526144,0.162707515,lamtor3/cpeb4a/sesn1/rptor/rragd/sesn4/lamtor1/rraga/castor2,9
BP,GO:0009620,response to fungus,11/3857,29/18773,0.379310345,1.846199923,2.318967956,0.023738162,0.188526144,0.162707515,psmd14/nap1l1/slc15a2/rac2/hspa5/sc5d/ccny/ppp6c/xpo1b/limk1a/mogat2,11
MF,GO:0016835,carbon-oxygen lyase activity,22/3772,71/18430,0.309859155,1.513972488,2.201120936,0.023833953,0.192374053,0.168226495,cfh/eno1a/ca15b/rps3/auh/fasn/alad/eno1b/echs1/gmds/ca4c/aco1/park7/cahz/etnppl/neil3/aco2/ptgis/pcbd1/eno2/apip/pus7,22
BP,GO:0000380,"alternative mRNA splicing, via spliceosome",19/3857,59/18773,0.322033898,1.56742089,2.219739032,0.023897294,0.188526144,0.162707515,ddx17/si:ch211-107m4.1/rbm24a/srsf1a/rbm15/arglu1a/ddx5/rbm17/pqbp1/rbfox1l/celf3a/celf2/rbm8a/prpf31/scnm1/hnrnpua/hnrnpub/rsrc1/magoh,19
BP,GO:0042886,amide transport,19/3857,59/18773,0.322033898,1.56742089,2.219739032,0.023897294,0.188526144,0.162707515,slc25a42/aqp3b/slc15a2/ptprn2/slc19a1/mcu/slc25a39/slc5a6a/slco1d1/park7/abcb9/plekha8/cert1a/aqp8a.1/rhag/sstr5/cptp/ptprna/slc15a5,19
BP,GO:0046942,carboxylic acid transport,47/3857,174/18773,0.270114943,1.314718127,2.120828202,0.023956981,0.188526144,0.162707515,slc1a5/slc7a10a/fabp1b.1/abcc4/slc25a12/slc6a15/fabp4a/slc38a2/slc1a6/slc27a6/slc27a4/cpt1b/sfxn3/slc16a12a/slc38a3b/slc38a3a/pla2g1b/fabp7a/slc19a1/slc38a5b/rbp2b/slc25a1a/slc16a1a/slc25a55a/mpc1/slc16a1b/ctns/fabp6/slc5a6a/pla2g12a/slco1d1/rbp5/slc25a1b/slc7a6/slc38a7/mfsd2ab/slc25a29/slc1a3b/crabp2a/acsl5/slc1a8b/lrrc8aa/slc16a6b/slc7a1a/slc6a7/slc5a8/fabp2,47
BP,GO:0007034,vacuolar transport,30/3857,103/18773,0.291262136,1.417646896,2.161272941,0.024003009,0.188526144,0.162707515,hspa8/vcp/ap1g2/tsg101a/scarb2a/sorl1/ap3s2/zgc:123278/pikfyve/hook1/ndfip1/vps37a/vps37d/ap4m1/sybl1/atp6v0d1/rab7a/chmp1a/vipas39/gnptab/chmp5b/vps51/arl8ba/si:dkey-13a21.4/ap3d1/vta1/becn1/aktip/trak1a/m6pr,30
BP,GO:0009205,purine ribonucleoside triphosphate metabolic process,30/3857,103/18773,0.291262136,1.417646896,2.161272941,0.024003009,0.188526144,0.162707515,prkag2b/atpsckmt/eno1a/ak4/aldob/ak3/gpib/atp6v1ab/hk1/opa1/eno1b/pfkma/atp5mc3b/atp5f1e/tigara/nme2b.1/pkma/nme4/dlst/insra/antkmt/adpgk2/pklr/eno2/atp5pb/nme7/gapdhs/atp5pf/atp5l/prkag3b,30
BP,GO:0045321,leukocyte activation,54/3857,204/18773,0.264705882,1.288390855,2.105989569,0.024180044,0.189440645,0.163496776,p2ry12/cd4-1/tnfsf13b/ptpn22/grna/cxcr3.2/spi1b/rpl22/rac2/bcl6aa/arpc1b/kmt5b/kars1/inpp5d/tnpo3/fam49ba/irf7/syk/rpl10a/il1b/prkcbb/cd79b/sh3rf1/b2ml/stat5a/prf1.1/cd79a/prdx2/mhc2d8.46a/opa1/dicp1.3-4/dicp3.1/upf1/dicp3.3/slc39a7/lgals9l3/pak1/sart3/mettl3/snapc3/kat2a/runx1/cd74a/si:ch211-243a20.4/dock8/lsm8/hhla2b.1/jak3/skap2/prkdc/igf2b/rnf8/zgc:153911/itk,54
BP,GO:0009267,cellular response to starvation,20/3857,63/18773,0.317460317,1.545160109,2.203998808,0.024325572,0.189630268,0.16366043,dap1b/prkag2b/wdr59/wdr45b/map1lc3c/cpeb4a/sesn1/pak2b/rptor/rragd/sesn4/pak1/gabarapl2/atf4a/nprl2/rnf152/rraga/kptn/becn1/prkag3b,20
BP,GO:0090090,negative regulation of canonical Wnt signaling pathway,20/3857,63/18773,0.317460317,1.545160109,2.203998808,0.024325572,0.189630268,0.16366043,amer1/tle3a/dab2/stk3/nkd1/dact3a/gsk3aa/foxo3b/tcf7l1a/axin1/nkd2b/nkd2a/tmem170b/tmem88b/gsk3ab/otud5b/ptk7a/tle3b/apc/sox17,20
CC,GO:0042641,actomyosin,14/3978,40/19331,0.35,1.700816993,2.258441995,0.024390684,0.132993413,0.106210956,pdlim3b/coro1cb/pdlim5a/ablim1b/ldb3b/lpp/pdlim4/evlb/gas2l1/pdlim7/pdlim1/xirp2a/pdlim5b/xirp1,14
BP,GO:0043244,regulation of protein-containing complex disassembly,22/3857,71/18773,0.309859155,1.508163317,2.18143544,0.024832323,0.19273916,0.166343559,lmod3/rubcn/scinlb/lmod2b/svila/twf2b/scinla/add3a/ogfod1/capza1a/si:ch211-266i6.3/plekhh2/pcf11/scin/tmem39a/add2/eif5a/flii/capgb/map1aa/scaf4a/apc,22
BP,GO:0050657,nucleic acid transport,24/3857,79/18773,0.303797468,1.478659547,2.167919027,0.024971004,0.19273916,0.166343559,alyref/nup93/igf2bp2a/zc3h11a/nutf2/ddx19b/igf2bp3/ybx1/sarnp/snupn/ncbp3/nup153/nxt2/nup62l/nup88/fxr2/eny2/rbm8a/ddx39b/ddx39ab/sec13/eif4eb/tomm20b/magoh,24
BP,GO:0050658,RNA transport,24/3857,79/18773,0.303797468,1.478659547,2.167919027,0.024971004,0.19273916,0.166343559,alyref/nup93/igf2bp2a/zc3h11a/nutf2/ddx19b/igf2bp3/ybx1/sarnp/snupn/ncbp3/nup153/nxt2/nup62l/nup88/fxr2/eny2/rbm8a/ddx39b/ddx39ab/sec13/eif4eb/tomm20b/magoh,24
BP,GO:0051236,establishment of RNA localization,24/3857,79/18773,0.303797468,1.478659547,2.167919027,0.024971004,0.19273916,0.166343559,alyref/nup93/igf2bp2a/zc3h11a/nutf2/ddx19b/igf2bp3/ybx1/sarnp/snupn/ncbp3/nup153/nxt2/nup62l/nup88/fxr2/eny2/rbm8a/ddx39b/ddx39ab/sec13/eif4eb/tomm20b/magoh,24
CC,GO:0001726,ruffle,21/3978,67/19331,0.313432836,1.523119696,2.18331767,0.025047892,0.135154252,0.107936641,lcp1/inpp5ka/itgb1a/ezrb/sh3yl1/panx1a/aif1l/sh3bgrl3/tln2a/plekho1b/eps8l1b/dbnlb/appl1/eps8l1a/baiap2a/arhgef2b/jcada/eps8l2/podxl/plcg1/tln1,21
BP,GO:0043603,amide metabolic process,65/3857,252/18773,0.257936508,1.255442588,2.07594224,0.025116104,0.193381626,0.16689804,smpdl3b/acsl1a/fitm2/ece1/hmgcs1/pm20d1.2/elovl6/gstk1/aanat1/gpx1a/kdsr/asah1b/allc/gm2a/pdk2a/acss2/sptlc2a/neu1/npl/acot20/acot22/hmgcra/acot9.1/arg1/mvda/gsto1/tdo2a/tigara/elovl5/pcsk5a/rarres3l/gsta.1/furina/dlst/cps1/aass/smpd5/aclya/acot19/ugcg/otc/pdhx/gstt1b/samd8/nags/smpd4/cers3a/acer1/cers5/si:dkey-97m3.1/acsl5/gclm/napepld/zgc:158263/st3gal2/sptlc2b/acacb/pdha1a/pla2g6/ormdl1/gal3st1a/gss/nanp/sgms1b/degs2,65
MF,GO:0106310,protein serine kinase activity,16/3772,48/18430,0.333333333,1.628667374,2.212302592,0.025606442,0.204851537,0.179137755,pim3/map2k6/tlk2/prkcbb/stk3/cdk9/camk2d2/alpk2/cdk15/mapk9/cdk8/plk4/trioa/melk/pim2/mastl,16
CC,GO:0016528,sarcoplasm,15/3978,44/19331,0.340909091,1.656639929,2.219591112,0.025761471,0.137571568,0.109867153,ryr1a/klhl41a/trdn/casq2/rtn2b/atp2a1/casq1a/jph1b/hax1/si:dkey-28b4.8/reep5/rtn2a/si:ch211-266g18.10/fkbp1aa/calua,15
BP,GO:0010975,regulation of neuron projection development,39/3857,141/18773,0.276595745,1.346261839,2.098641977,0.026004286,0.199728247,0.172375492,tncb/ulk2/col15a1b/casp3a/kctd12.1/ephb3a/arhgap35a/fignl2/kctd12.2/tfg/twf2b/clcf1/camk2g2/snap29/il6st/m17/gsk3aa/ndel1b/slit2/pak2b/znf365/pak1/plxna3/atoh7/ntrk1/dbnlb/pik3cd/plxnb3/reep1/nedd4l/plxna2/efhc2/sfpq/gsk3ab/tiam1b/sez6b/ntrk3a/pik3ca/cntfr,39
BP,GO:0030042,actin filament depolymerization,16/3857,48/18773,0.333333333,1.622418114,2.195562648,0.026483095,0.202907243,0.175119124,lmod3/scinlb/cfl1l/lmod2b/svila/twf2b/scinla/add3a/capza1a/plekhh2/scin/mical2b/add2/mical1/flii/capgb,16
MF,GO:0050839,cell adhesion molecule binding,48/3772,180/18430,0.266666667,1.302933899,2.07182019,0.026559946,0.210615712,0.184178388,si:ch211-106h11.3/postna/tnn/itga5/lamb2/rpsa/si:ch211-66e2.5/itgb1a/ezrb/msnb/cdh1/vtna/icam3/fermt3b/ctnnb1/pkp4/jupa/jam3b/postnb/itgbl1/fgf1a/itgb2/pkp1b/tln2a/nexn/itgam.1/adam8a/tjp1b/pkp2/lamb1a/itgav/sema7a/tjp2a/cdh15/cxadr/cdh2/ptprb/ninj1/ccn4a/cntn3a.1/nfasca/itgb8/robo3/zmp:0000001082/itga3b/afdna/tgfbi/tln1,48
MF,GO:0005085,guanyl-nucleotide exchange factor activity,57/3772,219/18430,0.260273973,1.271699182,2.051837013,0.026991716,0.212178355,0.185544882,rangrf/rapgef2b/dennd5b/dock5/lamtor3/dennd2c/dock11/dennd2b/si:dkey-33c9.6/hps1/rgl2/cyth1a/iqsec1b/arfgef2/rin3/dock9b/rab3il1/dennd1a/kalrna/dennd2da/rabif/arhgef7b/arhgef15b/rapgef3/vav3b/smcr8a/sh2d3ca/plekhg4/plekhg2/arhgef28a/rasgrp4/dock4b/akap13/arhgef6/si:ch73-15b2.5/dock7/lamtor1/dock8/trioa/arhgef2b/kalrnb/ralgps2/tiam1b/sh3bp5b/prex2/rin2a/dennd1c/plekhg7/iqsec2b/rabgef1/fgd5a/si:dkey-65j6.2/dennd6b/sh3bp5a/ect2/sh3bp5lb/net1,57
BP,GO:0042044,fluid transport,8/3857,19/18773,0.421052632,2.04937025,2.327086341,0.027054047,0.206270613,0.178021882,aqp3b/aqp9b/aqp7/has2/atp1a2a/aqp1a.1/aqp8a.1/aqp4,8
BP,GO:0051014,actin filament severing,8/3857,19/18773,0.421052632,2.04937025,2.327086341,0.027054047,0.206270613,0.178021882,scinlb/cfl1l/svila/scinla/srgap2/scin/flii/capgb,8
CC,GO:0032994,protein-lipid complex,8/3978,19/19331,0.421052632,2.046095631,2.322128528,0.027301223,0.138102655,0.110291289,apoeb/apoa4a/apoa4b.2/apobb.1/lpla/apoc2/apoc1/apoa1b,8
CC,GO:0034358,plasma lipoprotein particle,8/3978,19/19331,0.421052632,2.046095631,2.322128528,0.027301223,0.138102655,0.110291289,apoeb/apoa4a/apoa4b.2/apobb.1/lpla/apoc2/apoc1/apoa1b,8
CC,GO:0043230,extracellular organelle,8/3978,19/19331,0.421052632,2.046095631,2.322128528,0.027301223,0.138102655,0.110291289,apoeb/phospho1/gprc5bb/ybx1/prom1b/apoa4a/apoa4b.2/apoa1b,8
CC,GO:0065010,extracellular membrane-bounded organelle,8/3978,19/19331,0.421052632,2.046095631,2.322128528,0.027301223,0.138102655,0.110291289,apoeb/phospho1/gprc5bb/ybx1/prom1b/apoa4a/apoa4b.2/apoa1b,8
CC,GO:1990777,lipoprotein particle,8/3978,19/19331,0.421052632,2.046095631,2.322128528,0.027301223,0.138102655,0.110291289,apoeb/apoa4a/apoa4b.2/apobb.1/lpla/apoc2/apoc1/apoa1b,8
BP,GO:0030282,bone mineralization,17/3857,52/18773,0.326923077,1.591217766,2.170893564,0.027320002,0.206785293,0.178466076,col1a1a/her9/phospho1/lrp5/rflnb/ppp2r3b/mst1/clec3ba/fgf23/ahsg2/pls3/atf4a/cfdp1/lgr4/fap/tmem119b/bmp2k,17
BP,GO:0038202,TORC1 signaling,17/3857,52/18773,0.326923077,1.591217766,2.170893564,0.027320002,0.206785293,0.178466076,deptor/wdr59/lamtor3/rps6kb1b/gpr137c/sesn1/rptor/atm/rragd/sesn4/nprl2/waca/rnf152/rraga/otud5b/kptn/castor2,17
BP,GO:0046031,ADP metabolic process,17/3857,52/18773,0.326923077,1.591217766,2.170893564,0.027320002,0.206785293,0.178466076,prkag2b/eno1a/ak4/aldob/ak3/gpib/hk1/eno1b/pfkma/tigara/pkma/insra/adpgk2/pklr/eno2/gapdhs/prkag3b,17
MF,GO:0019903,protein phosphatase binding,13/3772,37/18430,0.351351351,1.716703448,2.213672851,0.027411158,0.21361799,0.186803809,ppp1r3cb/ppp1r3db/myo16/mtmr3/ppp1r3aa/phactr4a/ppp6r3/ctnnb1/jupa/igbp1/strn3/strn4/mastl,13
CC,GO:0005912,adherens junction,31/3978,108/19331,0.287037037,1.394849915,2.094522526,0.027460567,0.138102655,0.110291289,pdlim3b/pals1b/ezrb/vcla/pdlim5a/msnb/cdh1/ldb3b/ctnnb1/pkp4/jupa/ssx2ipa/nectin3b/pdlim4/pkp1b/pdlim7/pdlim1/frmd4ba/pkp2/cdh15/cxadr/ccdc85cb/cdh2/pdlim5b/xirp1/afdna/jcada/tmem47/shroom1/scrib/pgm5,31
BP,GO:0000470,maturation of LSU-rRNA,10/3857,26/18773,0.384615385,1.872020901,2.262567704,0.027598371,0.207885557,0.179415659,znhit6/las1l/rpl7a/rpl7/eif6/rpl35/nop2/nsa2/trmt112/rpf1,10
BP,GO:0009220,pyrimidine ribonucleotide biosynthetic process,10/3857,26/18773,0.384615385,1.872020901,2.262567704,0.027598371,0.207885557,0.179415659,dhodh/umps/nme2b.1/nme4/mpv17/ctps1b/uck2b/uck1/nme7/ctps1a,10
BP,GO:0014033,neural crest cell differentiation,45/3857,167/18773,0.269461078,1.311535601,2.056332388,0.027753914,0.208554649,0.179993119,tncb/lrp5/kbtbd8/hmgcs1/phactr4a/sema4ga/gdnfa/dicer1/col18a1a/vgll2a/sox8a/radil/dhrs9/disc1/hspg2/tapt1b/sema3aa/pknox1.1/hdac4/pak1/sox10/si:ch211-129c21.1/rtf1/smo/pdgfrb/sema7a/ctr9/dmxl2/cdh2/tfap2a/sema6ba/erbb3b/si:dkey-49n23.1/edn1/esf1/kctd15a/col2a1a/ttc8/sema4ba/sh3pxd2aa/polr1a/alcama/sf3b1/tln1/acvr2aa,45
MF,GO:0016706,2-oxoglutarate-dependent dioxygenase activity,21/3772,68/18430,0.308823529,1.50891242,2.132734935,0.027820319,0.214953577,0.187971747,kdm7ab/kdm6ba/plod1a/p4ha1a/egln1b/unm_hu7910/p4htmb/ogfod1/hspbap1/egln1a/asph/bbox1/ogfod2/p4ha1b/phf2/phyh/kdm2aa/kdm3b/kdm4b/kdm4ab/tmlhe,21
BP,GO:0006518,peptide metabolic process,13/3857,37/18773,0.351351351,1.710116391,2.198598185,0.028229935,0.211174606,0.182254273,lancl1/bdh2/erap2/lancl2/pam/npepps/lta4h/cpda/cpe/gclm/nln/mipepa/gss,13
BP,GO:0061024,membrane organization,93/3857,377/18773,0.24668435,1.200675474,2.001507298,0.028259745,0.211174606,0.182254273,sh3glb2b/ubxn2a/zgc:56596/slc25a42/tmem175/grna/mtss1lb/sec24c/si:ch73-234b20.5/dag1/apoob/atp10b/tfg/chchd6a/lmna/tcap/timd4/snap29/cplx4c/sar1ab/sec61a1a/arhgap25/ywhaba/bnip3lb/cavin4b/stx11b.1/mymk/stx5a/dnajc11a/xkr8.3/nsfa/opa1/pikfyve/fer1l6/cibar1/myrf/vapb/snx18a/ppifb/get4/vcpip1/micos13/bin3/syt2a/slc25a46/atp11a/immt/sec16b/yjefn3/rhot1a/sec23a/letm1/si:ch211-200p22.4/lmnb1/sybl1/tmem30ab/rab7a/plekha8/cert1a/sh3glb1a/baiap2a/atp13a2/mfsd2ab/golph3a/bnip3/bmb/chmp5b/si:ch211-51c14.1/slc35f6/reep5/zgc:112962/havcr1/arl8ba/bin2b/uso1/tmem30b/maip1/cptp/si:dkey-13a21.4/ncln/sec13/tmem30aa/timm50/banf1/stx12/ap3d1/nsfl1c/vamp5/cav2/yipf5/uvrag/pitpnb/tmem147,93
BP,GO:0048863,stem cell differentiation,69/3857,271/18773,0.254612546,1.239264021,2.017467786,0.028305233,0.211174606,0.182254273,gpr182/tncb/psmd11b/f2r/rbm24a/lrp5/kbtbd8/hmgcs1/nos1/atf3/mettl22/phactr4a/irf7/sema4ga/gdnfa/f11r.1/dicer1/col18a1a/vgll2a/cxcl8a/rps29/sox8a/radil/dhrs9/disc1/hspg2/tapt1b/sema3aa/pknox1.1/hdac4/jag2b/pak1/tgfb3/sox10/mettl3/si:ch211-129c21.1/rtf1/cnr2/nop14/smo/sf3a3/pdgfrb/sema7a/ctr9/nelfb/dmxl2/cdh2/tfap2a/ncor2/ufl1/sema6ba/erbb3b/si:dkey-49n23.1/edn1/esf1/kctd15a/col2a1a/hdac1/etsrp/ttc8/sema4ba/sh3pxd2aa/polr1a/alcama/sf3b1/plcg1/tln1/notch1b/acvr2aa,69
BP,GO:0032870,cellular response to hormone stimulus,60/3857,232/18773,0.25862069,1.258772675,2.016739179,0.02889679,0.211847685,0.182835175,znf106a/esrrga/abhd2a/ssr4/nr4a3/pck1/keap1a/irs2b/nr4a1/inpp5ka/nr4a2a/rps6kb1b/ptger4b/pparaa/paqr7b/ghra/stat5a/nr1d4b/esrra/gsk3aa/esr2a/avpr2ab/lpin2/socs7/thrab/tgif1/grb10b/strn3/ar/adipor1a/slc39a14/fkbp11/ppardb/avpr1ab/thrb/pik3r3b/pik3r1/ramp1/rxraa/pgr/crabp2a/rxrgb/irs4a/sstr5/jak3/arnt/gsk3ab/serpinc1/ncoa2/si:ch73-335l21.1/pid1/adgrl3.1/hamp/igf2b/bglap/kank2/cav2/apc/esr2b/pparab,60
BP,GO:0002573,myeloid leukocyte differentiation,24/3857,80/18773,0.3,1.460176303,2.097411505,0.028918088,0.211847685,0.182835175,spi1b/bcl6aa/inpp5d/pbx1a/ptpn6/asxl1/mafbb/csf1ra/usb1/hax1/cdk9/sumf1/irf2bp2b/gata1a/csf3r/nelfb/runx1/ncor2/nrros/srp54/ncoa2/etsrp/ncor1/plcg1,24
BP,GO:0030522,intracellular receptor signaling pathway,24/3857,80/18773,0.3,1.460176303,2.097411505,0.028918088,0.211847685,0.182835175,esrrga/mavs/si:dkey-237i9.1/slc15a2/nr1d4b/esrra/esr2a/thrab/tgif1/unc93b1/strn3/ar/thrb/ifih1/rxraa/pgr/crabp2a/rxrgb/arnt/cptp/kank2/sting1/apc/esr2b,24
BP,GO:0035051,cardiocyte differentiation,24/3857,80/18773,0.3,1.460176303,2.097411505,0.028918088,0.211847685,0.182835175,cmlc1/fhod3a/itga5/nrap/vcp/atf3/dab2/tcap/icam3/smyd1b/opa1/mat2aa/adprhl1/alpk2/rbfox1l/nexn/fbn2b/smo/ilk/cdh2/gsk3ab/ddx39ab/septin15/tln1,24
BP,GO:0090504,epiboly,24/3857,80/18773,0.3,1.460176303,2.097411505,0.028918088,0.211847685,0.182835175,cldne/ezrb/rhoab/cdh1/cyth1a/celsr2/ltb4r/cdk5rap3/gab1/fdx1/rhov/arhgef7b/lta4h/arhgap24/pcdh18a/si:ch211-247j9.1/afp4/grhl3/mapkapk2a/atrn/grhl1/chuk/npc1/rhocb,24
BP,GO:0030010,establishment of cell polarity,21/3857,68/18773,0.308823529,1.503122665,2.113505522,0.028930536,0.211847685,0.182835175,llgl1/rhoq/ift88/gpsm1b/cdh1/rack1/ndel1b/aplnrb/dctn1b/cdc42l/rhov/frmd4ba/cdh2/mmp14b/dock8/lama1/rhoub/cdc42/amot/sipa1l3/scrib,21
BP,GO:0030595,leukocyte chemotaxis,21/3857,68/18773,0.308823529,1.503122665,2.113505522,0.028930536,0.211847685,0.182835175,vegfab/cxcr3.2/rac2/cyba/inpp5d/il6r/il1b/csf1ra/cxcl8a/oxsr1a/pikfyve/itgb2/lgals3b/lta4h/cxcl20/cxcl19/ninj1/srp54/lgals3a/ddx3xa/nsmaf,21
BP,GO:0009896,positive regulation of catabolic process,39/3857,142/18773,0.274647887,1.336781122,2.048461161,0.028937608,0.211847685,0.182835175,pnpla3/rbm24a/csnk1e/rc3h1b/dcp1a/rnft2/oaz1b/plekhn1/polr2g/sh3rf1/dicer1/gsk3aa/tmem59/upf1/ythdf1/sesn1/samd4a/axin1/sesn4/klhl40a/det1/adam8a/asb5b/tnrc6c1/mettl3/nprl2/rnf152/ufl1/zfp36l2/gsk3ab/snx30/ccdc22/scoca/fzr1a/pan3/becn1/supv3l1/dis3l2/sting1,39
CC,GO:0005765,lysosomal membrane,40/3978,146/19331,0.273972603,1.331363596,2.045747418,0.028970923,0.142698042,0.113961249,abcb6a/hspa8/tmem175/lamtor3/gpr137c/si:ch211-157c3.4/ccz1/scarb2a/b2ml/borcs7/sar1ab/atp6ap2/neu1/cybrd1/tmem59/itm2cb/mhc2d8.46a/tmem106bb/znrf2b/marchf8/ctns/wdr81/trim23/cd63/slc39a14/rnf152/abcb9/sybl1/atp6v0d1/cln3/slc38a7/marchf2/pip4p2/lamtor1/arl8ba/cd68/sec13/slc30a2/kxd1/mfsd8,40
CC,GO:0098852,lytic vacuole membrane,40/3978,146/19331,0.273972603,1.331363596,2.045747418,0.028970923,0.142698042,0.113961249,abcb6a/hspa8/tmem175/lamtor3/gpr137c/si:ch211-157c3.4/ccz1/scarb2a/b2ml/borcs7/sar1ab/atp6ap2/neu1/cybrd1/tmem59/itm2cb/mhc2d8.46a/tmem106bb/znrf2b/marchf8/ctns/wdr81/trim23/cd63/slc39a14/rnf152/abcb9/sybl1/atp6v0d1/cln3/slc38a7/marchf2/pip4p2/lamtor1/arl8ba/cd68/sec13/slc30a2/kxd1/mfsd8,40
BP,GO:0042594,response to starvation,23/3857,76/18773,0.302631579,1.472984867,2.100980312,0.029005571,0.211849098,0.182836394,dap1b/pck1/ulk2/prkag2b/wdr59/wdr45b/map1lc3c/cpeb4a/bcas3/sesn1/pak2b/rptor/rragd/sesn4/pak1/gabarapl2/atf4a/nprl2/rnf152/rraga/kptn/becn1/prkag3b,23
CC,GO:0120114,Sm-like protein family complex,20/3978,64/19331,0.3125,1.518586601,2.115221838,0.029200758,0.142698042,0.113961249,sart1/snrpe/snrpa/txnl4a/gemin6/lsm7/snrpg/luc7l3/snrpa1/sart3/prpf6/sf3b3/prpf3/clns1a/prpf31/snrpd1/lsm8/cfap410/snrpd2/sf3b1,20
MF,GO:0005504,fatty acid binding,11/3772,30/18430,0.366666667,1.791534111,2.201003432,0.029903559,0.227520934,0.198961599,fabp1b.1/tmem175/fabp4a/fabp7a/rbp2b/fabp6/rbp5/crabp2a/apoc1/acox1/fabp2,11
MF,GO:0031369,translation initiation factor binding,7/3772,16/18430,0.4375,2.137625928,2.309323483,0.029950211,0.227520934,0.198961599,dap1b/polr2g/eif4ebp2/ybx1/eif4ebp1/polr2d/eif3f,7
BP,GO:0003157,endocardium development,7/3857,16/18773,0.4375,2.129423775,2.298206944,0.030545733,0.22052185,0.190321413,itga5/smarce1/prss23/hapln1a/fbn2b/smo/apc,7
BP,GO:0006942,regulation of striated muscle contraction,7/3857,16/18773,0.4375,2.129423775,2.298206944,0.030545733,0.22052185,0.190321413,fbxl22/casq2/casq1a/tmem161b/desma/si:dkey-28b4.8/erp44,7
BP,GO:0014823,response to activity,7/3857,16/18773,0.4375,2.129423775,2.298206944,0.030545733,0.22052185,0.190321413,tnnc1a/myog/metrnla/hif1al/perm1b/pcna/pparab,7
BP,GO:0045834,positive regulation of lipid metabolic process,7/3857,16/18773,0.4375,2.129423775,2.298206944,0.030545733,0.22052185,0.190321413,pnpla3/pparaa/fgf1a/crebl2/ppardb/pla2g6/pparab,7
BP,GO:0048668,collateral sprouting,7/3857,16/18773,0.4375,2.129423775,2.298206944,0.030545733,0.22052185,0.190321413,ulk2/casp3a/nos1/asah1b/plxna3/pik3cd/pik3ca,7
CC,GO:0000178,exosome (RNase complex),7/3978,16/19331,0.4375,2.126021242,2.293564246,0.030797875,0.147715734,0.117968469,exosc1/c1d/exosc5/exosc7/wu:fc33b09/supv3l1/exosc4,7
CC,GO:0015030,Cajal body,7/3978,16/19331,0.4375,2.126021242,2.293564246,0.030797875,0.147715734,0.117968469,toe1/lsg1/sart3/fam118b/prpf31/uspl1/smndc1,7
MF,GO:0019902,phosphatase binding,16/3772,49/18430,0.326530612,1.595429264,2.117108015,0.030999563,0.23001536,0.201142915,ppp1r3cb/ppp1r3db/myo16/mtmr3/ppp1r3aa/phactr4a/ppp6r3/ctnnb1/jupa/ppp1r27b/igbp1/strn3/strn4/ccdc191/mastl/ppp1r18,16
MF,GO:0016614,"oxidoreductase activity, acting on CH-OH group of donors",38/3772,139/18430,0.273381295,1.335741587,2.015548173,0.031157273,0.23001536,0.201142915,zgc:56585/akr1b1.1/bdh2/gpd1c/hpgd/kdsr/fasn/ldhba/rdh5/zgc:153441/me2/gpd1b/sdha/sord/dhrs9/hsd3b7/idh3b/hmgcra/hsd17b10/hsd17b7/ugdh/sdhb/rdh8a/idh1/zgc:136493/hsd17b14/dhrs7b/gfus.1/hao1/sprb/kcnab1a/rdh1/wwox/rdh12/dhrs7ca/phgdh/ldhd/rdh10a,38
BP,GO:0010628,positive regulation of gene expression,44/3857,164/18773,0.268292683,1.305848726,2.000419074,0.031361335,0.225888322,0.194952948,rbm24a/spi1b/tlr9/tent5c/igf2bp2a/coa3a/kmt5b/syncripl/tent5ab/il1b/gdnfa/polr2g/trmt10c/panx1a/sulf2b/igf2bp3/dyrk1ab/mef2aa/ybx1/cirbpb/opa1/larp1/atad2b/lgals9l3/larp4aa/sox10/actc2/mettl3/celf3a/rmnd1/fxr2/kat2a/phf2/runx1/cd74a/eif5a/si:ch211-243a20.4/sulf1/zbtb16a/uhmk1/ikbke/alcama/clocka/sting1,44
MF,GO:0042802,identical protein binding,45/3772,169/18430,0.266272189,1.301006482,1.994142963,0.031665165,0.23001536,0.201142915,apoeb/dnm1l/stc2a/oat/grpel1/gpd1c/tfg/pdgfrl/gdnfa/ddi2/srgap2/bnip3lb/zgc:103586/gpd1b/cybrd1/mif4gdb/jam3b/mcu/lnpk/axin1/dgcr8/pak1/plxna3/park7/hpda/cdab/appl1/nadk2/naa60/mul2/bnip3/vdac2/sephs1/ctps1b/slc12a2/znf703/mffa/chuk/mag/golga5/alcama/rnf8/dixdc1a/ctps1a/terf1,45
BP,GO:0048701,embryonic cranial skeleton morphogenesis,47/3857,177/18773,0.265536723,1.292434769,1.98774091,0.031869378,0.228539942,0.197241429,ahsa1a/itga5/pmm2/rbm24a/ece1/lrp5/tinagl1/hmgcs1/egr1/pkn2a/rpl13/dlx3b/vgll2a/irf6/mia3/vdrb/dhrs9/eif3ea/disc1/pkdccb/hspg2/hdac4/ilvbl/furina/fras1/pak1/pls3/sec23a/smo/pdgfrb/bicra/tfap2a/nog3/mmachc/ptpn11b/gnptab/grhl3/plcb3/shrprbck1r/edn1/fam20b/crispld2/chd5/rap1ab/polr1a/alcama/tln1,47
BP,GO:0007006,mitochondrial membrane organization,16/3857,49/18773,0.326530612,1.58930754,2.100364294,0.032034595,0.228539942,0.197241429,slc25a42/apoob/chchd6a/bnip3lb/dnajc11a/opa1/cibar1/ppifb/micos13/immt/rhot1a/letm1/bnip3/slc35f6/maip1/timm50,16
BP,GO:0009147,pyrimidine nucleoside triphosphate metabolic process,9/3857,23/18773,0.391304348,1.904577786,2.207308854,0.032056079,0.228539942,0.197241429,nme2b.1/nme4/ctps1b/uck2b/uck1/tyms/dtymk/nme7/ctps1a,9
MF,GO:0004879,nuclear receptor activity,23/3772,77/18430,0.298701299,1.459455179,2.049435949,0.032223261,0.23001536,0.201142915,esrrga/abhd2a/nr4a3/nr4a1/nr4a2a/pparaa/paqr7b/nr1h4/nr1d4b/esrra/esr2a/nr1h5/vdrb/thrab/nr1d2a/ar/ppardb/thrb/rxraa/pgr/rxrgb/esr2b/pparab,23
MF,GO:0098531,ligand-activated transcription factor activity,23/3772,77/18430,0.298701299,1.459455179,2.049435949,0.032223261,0.23001536,0.201142915,esrrga/abhd2a/nr4a3/nr4a1/nr4a2a/pparaa/paqr7b/nr1h4/nr1d4b/esrra/esr2a/nr1h5/vdrb/thrab/nr1d2a/ar/ppardb/thrb/rxraa/pgr/rxrgb/esr2b/pparab,23
MF,GO:0003725,double-stranded RNA binding,12/3772,34/18430,0.352941176,1.724471337,2.144856958,0.032255455,0.23001536,0.201142915,prkra/mrpl44/rc3h1b/eif2ak2/zfr2/dgcr8/ifih1/strbp/ilf2/znf346/adarb1b/supv3l1,12
BP,GO:0000209,protein polyubiquitination,34/3857,122/18773,0.278688525,1.356447932,2.008532475,0.032258473,0.228539942,0.197241429,ube2l3b/ube3a/ube2d4/marchf5l/anapc1/ube3c/rc3h1b/kcmf1/daw1/ube4b/ube2g1b/mkrn1/toporsa/ube2e2/ube2v2/znrf2b/marchf8/znf598/rnf152/ube2t/rnf114/ube2s/shrprbck1r/trim71/cdc34a/ube2nb/fbxw9/peli3/lnx2b/ube2v1/rnf8/peli2/ube2d2/ube2q2,34
BP,GO:0061448,connective tissue development,56/3857,216/18773,0.259259259,1.261880756,1.968477621,0.032336098,0.228539942,0.197241429,chrna1/faf1/notch2/itga5/pmm2/lrp5/rflnb/jag1b/comp/loxl2b/rerea/rspo3/gldc/mafbb/dlx3b/pappa2/fgfrl1a/aldh7a1/sulf2b/esrra/creb3l2/disc1/sparc/tapt1b/nog2/sumf1/kif5ba/furina/tgfb3/yap1/nup62l/ncl/col11a1a/sec23a/smo/pdgfrb/itgav/kat2a/runx1/ilk/cdh2/tfap2a/mmp14b/sox5/nog3/ltv1/gnptab/plcb3/rap1aa/edn1/mmp9/crispld2/arid5b/sec13/alcama/acvr2aa,56
BP,GO:0002221,pattern recognition receptor signaling pathway,17/3857,53/18773,0.320754717,1.561194789,2.080427315,0.032741925,0.228539942,0.197241429,mavs/usp4/si:dkey-237i9.1/slc15a2/tlr9/tlr22/tlr18/otud4/unc93b1/si:dkey-237j10.2/ifih1/tlr3/ninj1/mapkapk2a/cptp/lgr4/sting1,17
BP,GO:0002758,innate immune response-activating signaling pathway,17/3857,53/18773,0.320754717,1.561194789,2.080427315,0.032741925,0.228539942,0.197241429,mavs/usp4/si:dkey-237i9.1/slc15a2/tlr9/tlr22/tlr18/otud4/unc93b1/si:dkey-237j10.2/ifih1/tlr3/ninj1/mapkapk2a/cptp/lgr4/sting1,17
BP,GO:0005977,glycogen metabolic process,17/3857,53/18773,0.320754717,1.561194789,2.080427315,0.032741925,0.228539942,0.197241429,ppp1r3cb/gyg1b/ppp1r3db/inpp5ka/gbe1b/ppp1r3aa/gyg1a/pygl/ppp1cb/phkg2/wdr45b/ugp2a/atg2a/epm2a/phka1a/phka2/ugp2b,17
BP,GO:0009135,purine nucleoside diphosphate metabolic process,17/3857,53/18773,0.320754717,1.561194789,2.080427315,0.032741925,0.228539942,0.197241429,prkag2b/eno1a/ak4/aldob/ak3/gpib/hk1/eno1b/pfkma/tigara/pkma/insra/adpgk2/pklr/eno2/gapdhs/prkag3b,17
BP,GO:0009179,purine ribonucleoside diphosphate metabolic process,17/3857,53/18773,0.320754717,1.561194789,2.080427315,0.032741925,0.228539942,0.197241429,prkag2b/eno1a/ak4/aldob/ak3/gpib/hk1/eno1b/pfkma/tigara/pkma/insra/adpgk2/pklr/eno2/gapdhs/prkag3b,17
BP,GO:0015908,fatty acid transport,17/3857,53/18773,0.320754717,1.561194789,2.080427315,0.032741925,0.228539942,0.197241429,fabp1b.1/abcc4/fabp4a/slc27a6/slc27a4/cpt1b/pla2g1b/fabp7a/rbp2b/fabp6/pla2g12a/rbp5/mfsd2ab/crabp2a/acsl5/slc5a8/fabp2,17
BP,GO:0044042,glucan metabolic process,17/3857,53/18773,0.320754717,1.561194789,2.080427315,0.032741925,0.228539942,0.197241429,ppp1r3cb/gyg1b/ppp1r3db/inpp5ka/gbe1b/ppp1r3aa/gyg1a/pygl/ppp1cb/phkg2/wdr45b/ugp2a/atg2a/epm2a/phka1a/phka2/ugp2b,17
BP,GO:0006403,RNA localization,25/3857,85/18773,0.294117647,1.431545395,2.027722133,0.033026952,0.228539942,0.197241429,alyref/znhit6/nup93/igf2bp2a/zc3h11a/nutf2/ddx19b/igf2bp3/ybx1/sarnp/snupn/ncbp3/nup153/nxt2/nup62l/nup88/fxr2/eny2/rbm8a/ddx39b/ddx39ab/sec13/eif4eb/tomm20b/magoh,25
BP,GO:0003231,cardiac ventricle development,12/3857,34/18773,0.352941176,1.717854474,2.130377512,0.033153435,0.228539942,0.197241429,tmem65/tnnc1a/dnajb6b/bag3/smarca5/klf2b/smo/fntb/mybpc3/rbx1/ilk/arnt2,12
BP,GO:0009126,purine nucleoside monophosphate metabolic process,12/3857,34/18773,0.352941176,1.717854474,2.130377512,0.033153435,0.228539942,0.197241429,adka/ak4/ampd3a/nt5c2a/ak3/adss1/hprt1l/paics/atic/ampd2b/hprt1/gart,12
BP,GO:0009167,purine ribonucleoside monophosphate metabolic process,12/3857,34/18773,0.352941176,1.717854474,2.130377512,0.033153435,0.228539942,0.197241429,adka/ak4/ampd3a/nt5c2a/ak3/adss1/hprt1l/paics/atic/ampd2b/hprt1/gart,12
BP,GO:0009185,ribonucleoside diphosphate metabolic process,18/3857,57/18773,0.315789474,1.537027687,2.064816639,0.033239136,0.228539942,0.197241429,prkag2b/eno1a/ak4/aldob/ak3/gpib/hk1/eno1b/pfkma/tigara/pkma/insra/mpv17/adpgk2/pklr/eno2/gapdhs/prkag3b,18
BP,GO:0001667,ameboidal-type cell migration,55/3857,212/18773,0.259433962,1.262731079,1.956287141,0.033259293,0.228539942,0.197241429,csrp1a/tncb/lrp5/cap1/ezrb/rhoab/phactr4a/cdh1/sema4ga/bcl2l16/gdnfa/eaf1/ptges/col18a1a/csf1ra/esrra/lpp/aplnrb/churc1/radil/disc1/sema3aa/hmcn2/hdac4/mapkap1/pak1/pcdh18a/sox10/git2a/si:ch211-129c21.1/pdgfrb/itgav/sema7a/def6a/fbln1/has2/dmxl2/cdh2/mmp14b/afp4/sema6ba/erbb3b/si:dkey-49n23.1/col2a1a/cdc42/amot/s1pr1/apoc1/ttc8/tns1a/sema4ba/sh3pxd2aa/rock2a/plcg1/acvr2aa,55
BP,GO:0006979,response to oxidative stress,24/3857,81/18773,0.296296296,1.442149435,2.027858289,0.033321924,0.228539942,0.197241429,gpx4a/keap1a/txnrd2.2/ndufa6/gpx1a/cry1a/sod3b/gpx9/mpx/apoda.1/prdx2/sesn1/ppifb/sesn4/atf4a/msraa/park7/gpx4b/reep1/gpx7/apoda.2/banf1/ptgs2b/prdx5,24
MF,GO:0000774,adenyl-nucleotide exchange factor activity,6/3772,13/18430,0.461538462,2.255077902,2.29631934,0.033331872,0.23001536,0.201142915,hspa4a/grpel1/bag2/bag1/bag3/bag5,6
MF,GO:0001530,lipopolysaccharide binding,6/3772,13/18430,0.461538462,2.255077902,2.29631934,0.033331872,0.23001536,0.201142915,zranb2/cd59a/ly97.3/znf365/ninj1/hamp,6
MF,GO:0008253,5'-nucleotidase activity,6/3772,13/18430,0.461538462,2.255077902,2.29631934,0.033331872,0.23001536,0.201142915,nt5dc3/nt5c2a/nt5c2l1/nt5c3a/nt5dc2/nt5c1aa,6
MF,GO:0015250,water channel activity,6/3772,13/18430,0.461538462,2.255077902,2.29631934,0.033331872,0.23001536,0.201142915,aqp3b/aqp9b/aqp7/aqp1a.1/aqp8a.1/aqp4,6
MF,GO:0043548,phosphatidylinositol 3-kinase binding,6/3772,13/18430,0.461538462,2.255077902,2.29631934,0.033331872,0.23001536,0.201142915,irs2b/insra/irs4a/pik3ap1/ptpn13/becn1,6
MF,GO:0140296,general transcription initiation factor binding,6/3772,13/18430,0.461538462,2.255077902,2.29631934,0.033331872,0.23001536,0.201142915,psmc5/dr1/gtf2e2/gtf2f1/gtf2a2/btaf1,6
BP,GO:0016567,protein ubiquitination,104/3857,429/18773,0.242424242,1.179940447,1.917186333,0.033509784,0.228539942,0.197241429,asb2a.1/ube2l3b/cul2/ube3a/rnf115b/asb14b/ube2d4/keap1a/marchf5l/vcp/kbtbd8/cand2/fbxw5/anapc1/ube3c/si:ch73-335l21.4/rbbp6/rc3h1b/rps27a/kcmf1/daw1/si:ch211-59o9.10/cul4b/inavab/arih1/rnf169/ube4b/arih2/uba52/sh3rf1/dtx3la/ube2g1b/dtx4b/ubac1/chfr/mkrn1/toporsa/asb12b/asb10/cul3b/ube2e2/uba1/wdsub1/ltn1/ubr1/ube2v2/socs7/znrf2b/rnf115a/marchf8/kctd13/fbxo31/vcpip1/klhl40a/det1/rnf220a/ndfip1/asb5b/spsb3a/herc56.1/znf598/dcaf13/rnf183/cul5b/rnf152/dcaf17/rbx1/dtx2/ube2t/dtx3lb.2/nedd4l/mul2/marchf2/rnf6/rnf40/rnf144b/rnf114/wdr32/ube2s/rnf181/fbxl14b/shrprbck1r/trim71/cdc34a/zbtb16a/ddb2/fbxl7/rnf141/ube2nb/fbxw9/peli3/dtx3/asb16/lnx2b/ube2v1/rnf8/peli2/fzr1a/ube2d2/bag5/ube2q2/ttc3/rnf19a/smurf2,104
BP,GO:0031123,RNA 3'-end processing,19/3857,61/18773,0.31147541,1.516030041,2.052738857,0.033558836,0.228539942,0.197241429,ints6l/eri1/tent4a/exosc5/cpsf3/rps21/usb1/ints6/ints7/mtpap/pcf11/ints1/toe1/clp1/exosc7/cstf3/wdr33/supv3l1/exosc4,19
BP,GO:0009154,purine ribonucleotide catabolic process,20/3857,65/18773,0.307692308,1.497616721,2.043581054,0.033728537,0.228539942,0.197241429,prkag2b/eno1a/pde4ca/aldob/pde4ba/gpib/hk1/nudt3b/eno1b/pfkma/pde4d/tigara/pkma/insra/adpgk2/pklr/eno2/gapdhs/pde4bb/prkag3b,20
BP,GO:0001845,phagolysosome assembly,6/3857,13/18773,0.461538462,2.246425081,2.285995355,0.033922755,0.228539942,0.197241429,tmem175/pikfyve/rab7a/srpx/si:dkey-13a21.4/rab14,6
BP,GO:0006560,proline metabolic process,6/3857,13/18773,0.461538462,2.246425081,2.285995355,0.033922755,0.228539942,0.197241429,oat/aldh18a1/pycr1a/aldh4a1/dao.2/pycr3,6
BP,GO:0009078,pyruvate family amino acid metabolic process,6/3857,13/18773,0.461538462,2.246425081,2.285995355,0.033922755,0.228539942,0.197241429,si:ch211-217a12.1/bcat2/gpt/mccc2/ilvbl/ivd,6
BP,GO:0016973,poly(A)+ mRNA export from nucleus,6/3857,13/18773,0.461538462,2.246425081,2.285995355,0.033922755,0.228539942,0.197241429,nup93/zc3h11a/ddx19b/sarnp/nxt2/eny2,6
BP,GO:0042572,retinol metabolic process,6/3857,13/18773,0.461538462,2.246425081,2.285995355,0.033922755,0.228539942,0.197241429,dhrs9/rdh8a/rdh1/lratb.1/retsat.2/rdh10a,6
BP,GO:0062013,positive regulation of small molecule metabolic process,6/3857,13/18773,0.461538462,2.246425081,2.285995355,0.033922755,0.228539942,0.197241429,prkag2b/pparaa/fgf1a/ppardb/prkag3b/pparab,6
BP,GO:1902692,regulation of neuroblast proliferation,6/3857,13/18773,0.461538462,2.246425081,2.285995355,0.033922755,0.228539942,0.197241429,hapln1b/vcanb/hapln1a/ncanb/vcana/bcan,6
BP,GO:1903035,negative regulation of response to wounding,6/3857,13/18773,0.461538462,2.246425081,2.285995355,0.033922755,0.228539942,0.197241429,fignl2/cpb2/plg/sfpq/pros1/kng1,6
CC,GO:0005689,U12-type spliceosomal complex,6/3978,13/19331,0.461538462,2.242835596,2.281686485,0.034172441,0.16239747,0.12969357,zmat5/snrnp35/lsm7/snrpg/snrnp48/sf3b1,6
MF,GO:0043175,RNA polymerase core enzyme binding,10/3772,27/18430,0.37037037,1.809630415,2.135618883,0.035112121,0.24046483,0.210280726,rtraf/smyd2a/scaf1/pcf11/spty2d1/rtf1/elof1/waca/ctr9/scaf4a,10
MF,GO:0120013,lipid transfer activity,14/3772,42/18430,0.333333333,1.628667374,2.069081931,0.035455646,0.240629178,0.210424444,apoeb/prelid3b/gramd1c/prelid1a/ttpa/pitpnbl/apoa4a/apoa4b.2/apobb.1/plekha8/cert1a/cptp/apoa1b/pitpnb,14
CC,GO:0070161,anchoring junction,99/3978,407/19331,0.243243243,1.182034976,1.889284091,0.035725075,0.168232626,0.134353631,pxnb/actb1/cldn19/cldn23.1/pdlim3b/cldne/lcp1/enah/rapgef2b/pals1b/parvg/itgb1a/cldnb/oclnb/ezrb/clic4/vcla/pdlim5a/msnb/actb2/cldn8.2/cdh1/caska/oclna/ldb3b/f11r.1/fermt3b/ctnnb1/pkp4/jupa/ssx2ipa/gjd2b/nectin3b/lpp/gja2/pdlim4/focad/cldnk/desma/jam3b/evlb/kcnd2/itgbl1/itgb2/si:dkeyp-97a10.2/mpp1/scin/pkp1b/pdlim7/pdlim1/tln2a/nexn/frmd4ba/gja13.1/arhgap24/tjp1b/yap1/ptk2ba/pkp2/si:ch211-247j9.1/hepacama/dspb/tjp2a/cdh15/cxadr/cldnf/ccdc85cb/ilk/cdh2/flii/patj/xirp2a/lsr/pdlim5b/pleca/pard6a/magi2a/marveld2l/yes1/cdh19/amot/ptk7a/fap/itgb8/tns1a/xirp1/sh3pxd2aa/afdna/jcada/tmem47/si:ch211-186j3.6/cav2/cgnl1/dixdc1a/si:ch73-74h11.1/shroom1/scrib/tln1/pgm5,99
MF,GO:0004726,non-membrane spanning protein tyrosine phosphatase activity,5/3772,10/18430,0.5,2.44300106,2.315374285,0.035934667,0.240629178,0.210424444,ptpn22/ptpn18/ptpn6/ptpn2a/ptpn11b,5
MF,GO:0051879,Hsp90 protein binding,5/3772,10/18430,0.5,2.44300106,2.315374285,0.035934667,0.240629178,0.210424444,unc45b/stip1/ptges3a/ptges3l/fkbp6,5
BP,GO:0006084,acetyl-CoA metabolic process,10/3857,27/18773,0.37037037,1.802686794,2.122401766,0.03597475,0.239655694,0.206834881,hmgcs1/pdk2a/acss2/mvda/tdo2a/dlst/aass/aclya/pdhx/pdha1a,10
BP,GO:0009218,pyrimidine ribonucleotide metabolic process,10/3857,27/18773,0.37037037,1.802686794,2.122401766,0.03597475,0.239655694,0.206834881,dhodh/umps/nme2b.1/nme4/mpv17/ctps1b/uck2b/uck1/nme7/ctps1a,10
BP,GO:0034308,primary alcohol metabolic process,10/3857,27/18773,0.37037037,1.802686794,2.122401766,0.03597475,0.239655694,0.206834881,thtpa/gdpd1/dhrs9/rdh8a/park7/rdh1/napepld/lratb.1/retsat.2/rdh10a,10
MF,GO:0031418,L-ascorbic acid binding,8/3772,20/18430,0.4,1.954400848,2.166298448,0.036393136,0.240652974,0.210445253,plod1a/p4ha1a/egln1b/p4htmb/ogfod1/egln1a/ogfod2/p4ha1b,8
MF,GO:0016859,cis-trans isomerase activity,15/3772,46/18430,0.326086957,1.593261561,2.043640444,0.036470639,0.240652974,0.210445253,fkbp7/ppiab/fkbp14/ptpa/ppie/ppifb/ranbp2/fkbp15b/fkbp6/fkbp11/fkbp10a/aipl1/aip/fkbp1aa/ppih,15
BP,GO:0019755,one-carbon compound transport,5/3857,10/18773,0.5,2.433627171,2.305892141,0.036492678,0.239655694,0.206834881,aqp3b/cahz/aqp1a.1/aqp8a.1/rhag,5
BP,GO:0032368,regulation of lipid transport,5/3857,10/18773,0.5,2.433627171,2.305892141,0.036492678,0.239655694,0.206834881,abca1a/yjefn3/acsl5/apoc1/npc1,5
BP,GO:0071322,cellular response to carbohydrate stimulus,5/3857,10/18773,0.5,2.433627171,2.305892141,0.036492678,0.239655694,0.206834881,pck1/ptprn2/cyp7a1/slc39a14/ptprna,5
BP,GO:0071326,cellular response to monosaccharide stimulus,5/3857,10/18773,0.5,2.433627171,2.305892141,0.036492678,0.239655694,0.206834881,pck1/ptprn2/cyp7a1/slc39a14/ptprna,5
BP,GO:0071331,cellular response to hexose stimulus,5/3857,10/18773,0.5,2.433627171,2.305892141,0.036492678,0.239655694,0.206834881,pck1/ptprn2/cyp7a1/slc39a14/ptprna,5
BP,GO:0071333,cellular response to glucose stimulus,5/3857,10/18773,0.5,2.433627171,2.305892141,0.036492678,0.239655694,0.206834881,pck1/ptprn2/cyp7a1/slc39a14/ptprna,5
BP,GO:0150105,protein localization to cell-cell junction,5/3857,10/18773,0.5,2.433627171,2.305892141,0.036492678,0.239655694,0.206834881,rhov/arhgef7b/tjp1b/tjp2a/cgnl1,5
BP,GO:1900076,regulation of cellular response to insulin stimulus,5/3857,10/18773,0.5,2.433627171,2.305892141,0.036492678,0.239655694,0.206834881,inpp5ka/grb10b/pid1/igf2b/bglap,5
BP,GO:1903051,negative regulation of proteolysis involved in protein catabolic process,5/3857,10/18773,0.5,2.433627171,2.305892141,0.036492678,0.239655694,0.206834881,usp14/hsp90ab1/prmt6/edn1/fhit,5
CC,GO:0005640,nuclear outer membrane,5/3978,10/19331,0.5,2.429738562,2.301937469,0.036728008,0.169540882,0.135398428,syne1b/syne1a/nav3/cptp/ltc4s,5
CC,GO:0061617,MICOS complex,5/3978,10/19331,0.5,2.429738562,2.301937469,0.036728008,0.169540882,0.135398428,apoob/chchd6a/micos13/immt/micos10,5
CC,GO:0010494,cytoplasmic stress granule,14/3978,42/19331,0.333333333,1.619825708,2.046873792,0.036984787,0.169540882,0.135398428,nufip2/g3bp2a/rc3h1b/ddx61/ddx19b/igf2bp3/mcrip2/larp1/larp4aa/atxn2/ddx6/atxn2l/fxr2/g3bp1,14
BP,GO:0030150,protein import into mitochondrial matrix,8/3857,20/18773,0.4,1.946901737,2.154460019,0.037165164,0.242543431,0.209327142,grpel1/tomm40/timm17a/timm23a/timm44/timm50/tomm20b/dnajc15,8
BP,GO:0035622,intrahepatic bile duct development,8/3857,20/18773,0.4,1.946901737,2.154460019,0.037165164,0.242543431,0.209327142,nckap1l/jag1b/snapc2/atp6ap2/jag2b/man1a2/onecut1/ilf2,8
BP,GO:0060350,endochondral bone morphogenesis,8/3857,20/18773,0.4,1.946901737,2.154460019,0.037165164,0.242543431,0.209327142,chrna1/notch2/jag1b/disc1/mmp14b/rap1aa/edn1/mmp9,8
MF,GO:0030695,GTPase regulator activity,105/3772,437/18430,0.2402746,1.173982203,1.867209819,0.037213013,0.242018445,0.211639325,rangrf/arhgap45b/rapgef2b/dennd5b/llgl1/agfg2/dock5/lamtor3/arhgap12b/dennd2c/arhgap35a/asap2b/dock11/dennd2b/arhgap32b/gpsm1b/si:dkey-33c9.6/hps1/ophn1/srgap2/rgl2/cyth1a/tbc1d14/arhgap25/iqsec1b/zgc:92360/grtp1a/arfgef2/rin3/dock9b/acap3b/rab3il1/tbc1d4/dennd1a/arhgap17a/ranbp2/kalrna/dennd2da/rabif/gmip/arhgef7b/git2b/arfgap1/arhgef15b/arhgap24/rapgef3/sipa1l2/vav3b/smcr8a/git2a/arhgap15/sh2d3ca/si:ch211-247j9.1/arhgap22b/plekhg4/plekhg2/sec23a/dab2ipb/nprl2/arhgef28a/arhgap29b/tbc1d5/arhgap27/rasgrp4/dock4b/akap13/arhgdia/tbc1d9/arhgef6/si:ch73-15b2.5/dock7/si:ch1073-13h15.3/si:dkey-238d18.4/tbc1d22a/git1/lamtor1/dock8/trioa/asap1b/arhgef2b/arhgap5/kalrnb/ralgps2/tiam1b/rangap1a/sh3bp5b/prex2/rin2a/dennd1c/plekhg7/iqsec2b/sipa1l3/rabgef1/fgd5a/si:dkey-65j6.2/dennd6b/sh3bp5a/ect2/chn1/sh3bp5lb/sh3bp1/net1/rp2/sgsm3/stard13b,105
MF,GO:0060589,nucleoside-triphosphatase regulator activity,105/3772,437/18430,0.2402746,1.173982203,1.867209819,0.037213013,0.242018445,0.211639325,rangrf/arhgap45b/rapgef2b/dennd5b/llgl1/agfg2/dock5/lamtor3/arhgap12b/dennd2c/arhgap35a/asap2b/dock11/dennd2b/arhgap32b/gpsm1b/si:dkey-33c9.6/hps1/ophn1/srgap2/rgl2/cyth1a/tbc1d14/arhgap25/iqsec1b/zgc:92360/grtp1a/arfgef2/rin3/dock9b/acap3b/rab3il1/tbc1d4/dennd1a/arhgap17a/ranbp2/kalrna/dennd2da/rabif/gmip/arhgef7b/git2b/arfgap1/arhgef15b/arhgap24/rapgef3/sipa1l2/vav3b/smcr8a/git2a/arhgap15/sh2d3ca/si:ch211-247j9.1/arhgap22b/plekhg4/plekhg2/sec23a/dab2ipb/nprl2/arhgef28a/arhgap29b/tbc1d5/arhgap27/rasgrp4/dock4b/akap13/arhgdia/tbc1d9/arhgef6/si:ch73-15b2.5/dock7/si:ch1073-13h15.3/si:dkey-238d18.4/tbc1d22a/git1/lamtor1/dock8/trioa/asap1b/arhgef2b/arhgap5/kalrnb/ralgps2/tiam1b/rangap1a/sh3bp5b/prex2/rin2a/dennd1c/plekhg7/iqsec2b/sipa1l3/rabgef1/fgd5a/si:dkey-65j6.2/dennd6b/sh3bp5a/ect2/chn1/sh3bp5lb/sh3bp1/net1/rp2/sgsm3/stard13b,105
BP,GO:0044057,regulation of system process,41/3857,153/18773,0.267973856,1.304296915,1.921796207,0.03731303,0.243001106,0.209722139,tnnt1/fbxl22/hhatla/tmem65/trdn/hspb1/casq2/rnf10/emd/agtr1b/atpsckmt/atp2a1/casq1a/tmem161b/lmna/adrb2a/bnip3lb/adrb2b/mymk/desma/avpr2ab/mcu/myrf/vapb/si:dkey-28b4.8/kcne4/vcana/scn4ba/avpr1ab/mybpc3/znf16l/ilk/vdac2/scn5lab/edn1/melk/kcnh7/erp44/tnnt2c/tnnt2e/plcg1,41
CC,GO:0070993,translation preinitiation complex,8/3978,20/19331,0.4,1.94379085,2.149512969,0.037492338,0.170359924,0.13605253,eif3ja/eif3ha/eif3k/eif3ea/eif3s6ip/eif3m/eif3d/eif3f,8
BP,GO:0030593,neutrophil chemotaxis,15/3857,46/18773,0.326086957,1.587148155,2.027432557,0.03761551,0.243814166,0.21042385,rac2/inpp5d/il6r/il1b/cxcl8a/pikfyve/itgb2/lgals3b/lta4h/cxcl20/cxcl19/srp54/lgals3a/ddx3xa/nsmaf,15
BP,GO:0090257,regulation of muscle system process,15/3857,46/18773,0.326086957,1.587148155,2.027432557,0.03761551,0.243814166,0.21042385,tnnt1/fbxl22/hhatla/hspb1/casq2/atp2a1/casq1a/tmem161b/mymk/desma/si:dkey-28b4.8/edn1/erp44/tnnt2c/tnnt2e,15
MF,GO:0016684,"oxidoreductase activity, acting on peroxide as acceptor",17/3772,54/18430,0.314814815,1.538185853,2.009106851,0.037646847,0.243091068,0.212577308,gpx4a/mgst3b/prdx6/gstk1/mgst3a/gpx1a/gpx9/mpx/prdx2/sesn1/sesn4/park7/gpx4b/gpx7/ptgs2b/ltc4s/prdx5,17
BP,GO:0051402,neuron apoptotic process,25/3857,86/18773,0.290697674,1.414899518,1.960994015,0.037749858,0.243814166,0.21042385,casp3a/egln1b/casp7/hif1al/il6r/gdnfa/aatkb/m17/gsk3aa/egln1a/cpeb4a/map3k5/casp8/mcl1b/yju2/foxo3a/park7/si:ch211-284o19.8/casp2/cln3/hm13/diabloa/gsk3ab/bdnf/cdk5,25
BP,GO:0051962,positive regulation of nervous system development,25/3857,86/18773,0.290697674,1.414899518,1.960994015,0.037749858,0.243814166,0.21042385,tncb/grna/serpinf1/swap70b/ephb3a/srpx2/hapln1b/vcanb/numbl/hapln1a/ncanb/vcana/numb/bcan/lgals2a/plxna3/atoh7/dbnlb/fxr2/nlk1/plxnb3/znf16l/plxna2/hdac1/tiam1b,25
MF,GO:0042887,amide transmembrane transporter activity,11/3772,31/18430,0.35483871,1.733742688,2.07408663,0.038018086,0.243747158,0.213151043,slc25a42/aqp3b/slc15a2/aqp9b/slc38a3b/slc38a3a/slc19a1/aqp7/slc38a7/aqp8a.1/slc46a1,11
BP,GO:0044282,small molecule catabolic process,56/3857,218/18773,0.256880734,1.250303868,1.89024994,0.038047342,0.245228847,0.21164479,cyp24a1/acadl/abhd2a/aldh1l2/cpt2/si:ch211-217a12.1/pck1/cdo1/nos1/oat/glsa/cpt1b/blmh/auh/gldc/cpt1a2b/got2a/gls2a/gpt/zgc:103586/tha1/npl/sord/zgc:172295/cyp7a1/lpin2/mccc2/pfkma/gcsha/echs1/si:ch211-256m1.8/arg1/acad11/tdo2a/ilvbl/gcat/aldh4a1/gls2b/dlst/aass/ivd/hpda/glb1/abat/cdab/aldh6a1/phyh/hao1/dao.2/bckdha/tat/decr1/acox1/si:dkey-224e22.2/zgc:85777/ldhd,56
BP,GO:0046434,organophosphate catabolic process,36/3857,132/18773,0.272727273,1.327433003,1.919679459,0.038277024,0.246201596,0.212484322,gpcpd1/smpdl3b/prkag2b/fitm2/eno1a/pde4ca/gpd1c/aldob/pde4ba/gdpd1/gpib/hk1/gpd1b/nudt3b/si:ch73-55i23.1/eno1b/pfkma/pde4d/tigara/pkma/smpd5/insra/entpd3/nudt12/cnp/itpa/adpgk2/smpd4/pklr/napepld/eno2/fhit/gapdhs/pde4bb/prkag3b/plcg1,36
BP,GO:0001503,ossification,31/3857,111/18773,0.279279279,1.359323285,1.930730526,0.038435131,0.246710925,0.212923899,col1a1a/her9/myoc/phospho1/lrp5/rflnb/ppp2r3b/mst1/vcanb/tapt1b/nog2/clec3ba/hdac4/spp1/fgf23/ahsg2/tgfb3/pls3/atf4a/ncl/cfdp1/runx1/mmp14b/nog3/lgr4/fap/gdf10a/mapk7/bglap/tmem119b/bmp2k,31
CC,GO:0005776,autophagosome,16/3978,50/19331,0.32,1.55503268,2.000278519,0.038911816,0.175272356,0.139975687,ulk2/atg9b/rab24/snap29/atg4b/atp6ap2/tbc1d14/map1lc3c/atg16l1/wdr81/gabarapl2/ncoa4/optn/tp53inp1/becn1/sting1,16
BP,GO:0006446,regulation of translational initiation,11/3857,31/18773,0.35483871,1.727090251,2.060227151,0.038999134,0.24801284,0.214047516,polr2g/eif4ebp2/bzw2/mif4gdb/eif3k/ybx1/eif2ak2/mettl3/eif4ebp1/uhmk1/paip1,11
BP,GO:0006458,'de novo' protein folding,11/3857,31/18773,0.35483871,1.727090251,2.060227151,0.038999134,0.24801284,0.214047516,hsp70.3/dnajb4/hspa8/dnajb12a/chchd4a/hspa5/dnajc2/hspa14/hsc70/dnajb5/dnajb1b,11
BP,GO:0055088,lipid homeostasis,21/3857,70/18773,0.3,1.460176303,1.961424241,0.039190251,0.24801284,0.214047516,apoeb/pnpla3/fitm2/kdsr/stab2/cyp7a1/apoa4a/pnpla4/angptl4/apoa4b.2/apobb.1/lamtor1/fis1/lpla/lipg/ormdl1/apoa1b/npc1/cln8/abhd4/fabp2,21
BP,GO:0050900,leukocyte migration,35/3857,128/18773,0.2734375,1.330889859,1.910122206,0.039205209,0.24801284,0.214047516,vegfab/hsp90aa1.1/cxcr3.2/hsp90ab1/rac2/cyba/bcl6aa/inpp5d/il6r/ptpn6/il1b/csf1ra/cxcl8a/oxsr1a/plvapb/pikfyve/ccl25a/cdc42l/rac1b/itgb2/lgals3b/lta4h/cxcl20/adam8a/cxcl19/ninj1/zmp:0000000936/dock8/asap1b/srp54/cdc42/itga3b/lgals3a/ddx3xa/nsmaf,35
BP,GO:0002831,regulation of response to biotic stimulus,30/3857,107/18773,0.280373832,1.36465075,1.923522516,0.039228016,0.24801284,0.214047516,mavs/usp4/ptpn22/si:dkey-237i9.1/pik3r6b/rps19/slc15a2/tlr9/tlr22/dgat1a/tlr18/cd248b/rpl11/otud4/foxo3b/cd248a/unc93b1/marchf8/si:dkey-237j10.2/irf1b/mettl3/zdhhc18a/ifih1/tlr3/ninj1/mapkapk2a/cptp/lgr4/ikbke/sting1,30
BP,GO:0009144,purine nucleoside triphosphate metabolic process,30/3857,107/18773,0.280373832,1.36465075,1.923522516,0.039228016,0.24801284,0.214047516,prkag2b/atpsckmt/eno1a/ak4/aldob/ak3/gpib/atp6v1ab/hk1/opa1/eno1b/pfkma/atp5mc3b/atp5f1e/tigara/nme2b.1/pkma/nme4/dlst/insra/antkmt/adpgk2/pklr/eno2/atp5pb/nme7/gapdhs/atp5pf/atp5l/prkag3b,30
BP,GO:0009261,ribonucleotide catabolic process,20/3857,66/18773,0.303030303,1.474925558,1.965392713,0.039332943,0.24801284,0.214047516,prkag2b/eno1a/pde4ca/aldob/pde4ba/gpib/hk1/nudt3b/eno1b/pfkma/pde4d/tigara/pkma/insra/adpgk2/pklr/eno2/gapdhs/pde4bb/prkag3b,20
BP,GO:0015914,phospholipid transport,20/3857,66/18773,0.303030303,1.474925558,1.965392713,0.039332943,0.24801284,0.214047516,apoeb/prelid3b/abca1b/abca1a/atp10b/prelid1a/xkr8.3/pitpnbl/apoa4a/atp11a/apoa4b.2/pitpnc1a/tmem30ab/mfsd2ab/atp8b5b/tmem30b/cptp/tmem30aa/apoa1b/pitpnb,20
BP,GO:0005976,polysaccharide metabolic process,19/3857,62/18773,0.306451613,1.491577944,1.971485734,0.039352005,0.24801284,0.214047516,ppp1r3cb/gyg1b/ppp1r3db/inpp5ka/gbe1b/ppp1r3aa/gyg1a/pygl/ppp1cb/phkg2/wdr45b/ugp2a/atg2a/epm2a/phka1a/has2/phka2/ugp2b/has3,19
CC,GO:0045121,membrane raft,21/3978,70/19331,0.3,1.457843137,1.953340725,0.039809853,0.176252171,0.140758186,cd4-1/flot1b/lipeb/cavin4b/dicp1.3-4/dicp3.1/dicp3.3/appa/plpp1a/park7/vdac1/flot1a/pi4k2a/adra1ba/cavin1b/appb/si:ch211-243a20.4/lamtor1/podxl/cav2/smurf2,21
CC,GO:0098857,membrane microdomain,21/3978,70/19331,0.3,1.457843137,1.953340725,0.039809853,0.176252171,0.140758186,cd4-1/flot1b/lipeb/cavin4b/dicp1.3-4/dicp3.1/dicp3.3/appa/plpp1a/park7/vdac1/flot1a/pi4k2a/adra1ba/cavin1b/appb/si:ch211-243a20.4/lamtor1/podxl/cav2/smurf2,21
MF,GO:0016798,"hydrolase activity, acting on glycosyl bonds",36/3772,133/18430,0.270676692,1.32252689,1.893656372,0.040331443,0.256757916,0.224528639,zgc:162941/gbe1b/lyz/macrod1/si/tdg.1/fuca1.2/fgfrl1a/si:dkey-4e7.3/neu1/myorg/tagln3b/st3gal7/engase/cemip2/si:ch211-236l14.4/adprhl1/chia.3/man1a2/man2b2/si:ch211-201h21.5/glb1/nagpa/neil3/oard1/fuca2/klb/hexd/gaa2/treh/adprh/hyal4/si:dkey-224e22.2/macrod2/hpse2/edem1,36
MF,GO:0016799,"hydrolase activity, hydrolyzing N-glycosyl compounds",9/3772,24/18430,0.375,1.832250795,2.06956704,0.041265857,0.260869471,0.228124095,macrod1/tdg.1/si:dkey-4e7.3/adprhl1/si:ch211-201h21.5/neil3/oard1/adprh/macrod2,9
BP,GO:1903825,organic acid transmembrane transport,27/3857,95/18773,0.284210526,1.383324918,1.904660494,0.041534764,0.261242799,0.225465634,slc1a5/slc7a10a/slc6a6a/slc25a12/slc38a2/slc1a6/sfxn3/slc16a12a/slc19a1/slc38a5b/slc25a1a/slc16a1a/slc25a55a/mpc1/slc16a1b/slc5a6a/slc25a1b/slc7a6/slc25a29/slc1a3b/acsl5/slc1a8b/lrrc8aa/slc16a6b/slc7a1a/slc6a7/slc5a8,27
CC,GO:0031519,PcG protein complex,12/3978,35/19331,0.342857143,1.666106443,2.007685593,0.041759342,0.183316432,0.146399833,cbx8b/pcgf5a/asxl1/ezh1/csnk2b/cbx4/cbx7b/aebp2/phc1/ezh2/bmi1a/si:ch211-230g15.5,12
BP,GO:0006886,intracellular protein transport,94/3857,388/18773,0.242268041,1.179180176,1.813543215,0.042021833,0.262749155,0.226765695,zgc:136908/hspa8/vcp/arl5c/sec24c/nup93/ap1g2/tomm22/vps29/bcap29/rab24/pick1/tnpo3/oaz1b/cfap45/selenos/nutf2/grip1/rab5b/ipo9/napab/scarb2a/nkd1/sar1ab/sorl1/ap3s2/sec61a1a/aspscr1/ap1m1/pex1/arl14/stx11b.1/stx5a/kpna4/pex13/tnpo2a/ap3m2/rab1ba/desi1a/snupn/copb2/unc93b1/ranbp2/ipo7/stx18/xpo1b/bcap31/kpna5/trim23/nup153/ap1s1/xpo6/rab38b/nup62l/vps37a/cltca/rpain/sec23a/xpo1a/vps37d/ap4m1/hikeshi/nup88/exoc6b/rab32a/ramp1/cd74a/vipas39/cltcb/sh3tc2/arfip1/rab5c/gnptab/arl8/rab11a/cse1l/srp54/rab21/uhmk1/mapk8ip3/uso1/myripa/arl11/snx10a/sec13/ipo13b/stx12/ap3d1/kpna2/rab14/tomm20b/kpna3/m6pr/scrib,94
MF,GO:0050308,sugar-phosphatase activity,7/3772,17/18430,0.411764706,2.011883226,2.117346568,0.042134361,0.264510158,0.231307788,pfkfb2b/pfkfb4a/tigara/pfkfb4b/g6pc1a.2/g6pc1a.1/pfkfb1,7
BP,GO:0009065,glutamine family amino acid catabolic process,9/3857,24/18773,0.375,1.825220379,2.057029004,0.042194522,0.262749155,0.226765695,nos1/oat/glsa/gls2a/si:ch211-256m1.8/arg1/aldh4a1/gls2b/dao.2,9
BP,GO:0009069,serine family amino acid metabolic process,9/3857,24/18773,0.375,1.825220379,2.057029004,0.042194522,0.262749155,0.226765695,cdo1/gldc/shmt2/tha1/gcsha/sephs3/sephs1/phgdh/cth,9
BP,GO:0050821,protein stabilization,9/3857,24/18773,0.375,1.825220379,2.057029004,0.042194522,0.262749155,0.226765695,hsp90aa1.1/hsp90ab1/bag2/usp13/bag1/bag3/cdc37l1/park7/bag5,9
BP,GO:0062207,regulation of pattern recognition receptor signaling pathway,9/3857,24/18773,0.375,1.825220379,2.057029004,0.042194522,0.262749155,0.226765695,usp4/si:dkey-237i9.1/slc15a2/otud4/unc93b1/si:dkey-237j10.2/ninj1/cptp/lgr4,9
MF,GO:0005178,integrin binding,23/3772,79/18430,0.291139241,1.422506947,1.909048228,0.042534492,0.265180557,0.231894037,si:ch211-106h11.3/tnn/itga5/lamb2/si:ch211-66e2.5/itgb1a/vtna/icam3/fermt3b/jam3b/itgbl1/fgf1a/itgb2/tln2a/itgam.1/lamb1a/itgav/sema7a/ccn4a/itgb8/zmp:0000001082/itga3b/tln1,23
BP,GO:0002455,humoral immune response mediated by circulating immunoglobulin,7/3857,17/18773,0.411764706,2.004163553,2.106263529,0.042939218,0.263618346,0.227515851,c1qa/c1qc/c1qb/si:ch1073-280e3.1/c8b/c7b/cfbl,7
BP,GO:0006241,CTP biosynthetic process,7/3857,17/18773,0.411764706,2.004163553,2.106263529,0.042939218,0.263618346,0.227515851,nme2b.1/nme4/ctps1b/uck2b/uck1/nme7/ctps1a,7
BP,GO:0006833,water transport,7/3857,17/18773,0.411764706,2.004163553,2.106263529,0.042939218,0.263618346,0.227515851,aqp3b/aqp9b/aqp7/has2/aqp1a.1/aqp8a.1/aqp4,7
BP,GO:0006958,"complement activation, classical pathway",7/3857,17/18773,0.411764706,2.004163553,2.106263529,0.042939218,0.263618346,0.227515851,c1qa/c1qc/c1qb/si:ch1073-280e3.1/c8b/c7b/cfbl,7
BP,GO:0009209,pyrimidine ribonucleoside triphosphate biosynthetic process,7/3857,17/18773,0.411764706,2.004163553,2.106263529,0.042939218,0.263618346,0.227515851,nme2b.1/nme4/ctps1b/uck2b/uck1/nme7/ctps1a,7
BP,GO:0034109,homotypic cell-cell adhesion,7/3857,17/18773,0.411764706,2.004163553,2.106263529,0.042939218,0.263618346,0.227515851,si:ch211-156j16.1/fermt3b/smarca5/cxadr/fgl1b/znf703/fgg,7
BP,GO:0048246,macrophage chemotaxis,7/3857,17/18773,0.411764706,2.004163553,2.106263529,0.042939218,0.263618346,0.227515851,cxcr3.2/rac2/cyba/il1b/csf1ra/lgals3b/lgals3a,7
MF,GO:0061650,ubiquitin-like protein conjugating enzyme activity,14/3772,43/18430,0.325581395,1.590791388,1.967489006,0.04297548,0.266094755,0.23269348,ube2l3b/ube2d4/ube2e1/ufc1/ube2g1b/ube2e2/ube2t/ube2s/cdc34a/ube2f/ube2nb/ube2d2/ube2q2/ube2c,14
BP,GO:0044093,positive regulation of molecular function,31/3857,112/18773,0.276785714,1.34718647,1.873951091,0.043008751,0.263618346,0.227515851,apobec2b/dok7b/cap1/dcp1a/asap2b/phactr4a/si:dkey-33c9.6/bcl2l16/gdnfa/srgap2/apobec2a/zgc:92360/hip1rb/arhgap17a/axin1/park7/mul2/ube2s/asap1b/diabloa/sox3/dok7a/tiam1b/ube2nb/arid5b/ect2/fzr1a/becn1/chn1/sh3bp1/scrib,31
CC,GO:0005849,mRNA cleavage factor complex,7/3978,17/19331,0.411764706,2.000961169,2.101634884,0.043279633,0.185279749,0.147967774,cpsf3/cpsf1/pcf11/clp1/si:ch211-191a24.4/wdr33/ssu72,7
CC,GO:0035371,microtubule plus-end,7/3978,17/19331,0.411764706,2.000961169,2.101634884,0.043279633,0.185279749,0.147967774,slain2/clip1a/ckap5/gas2l1/mapre3b/clip2/nckap5l,7
CC,GO:0070971,endoplasmic reticulum exit site,7/3978,17/19331,0.411764706,2.000961169,2.101634884,0.043279633,0.185279749,0.147967774,sec24c/tfg/sar1ab/mia3/sec16b/sec23a/sec13,7
MF,GO:0008201,heparin binding,21/3772,71/18430,0.295774648,1.445155557,1.906407908,0.043592788,0.267214927,0.233673044,vegfab/col5a1/apoeb/col5a3a/lrrc17/rspo3/sod3b/aplp2/slit2/fgf1a/appa/ntd5/col11a1a/appb/colq/ccn4a/thbs1b/lpla/fstl1b/lipg/lrpap1,21
BP,GO:0032259,methylation,54/3857,211/18773,0.255924171,1.245648031,1.824719173,0.043652902,0.267043,0.230471498,dot1l/smyd2a/atpsckmt/lcmt1/as3mt/kmt5b/dimt1l/mettl22/mrm1/dmap1/bud23/bhmt/trmt10c/smyd1b/shmt2/ezh1/si:ch211-225b11.4/dnmt3aa/comtb/zgc:172121/mettl17/mettl2a/mettl6/trmt61a/tpmt.1/si:ch211-93g23.2/setd2/nop2/mrm2/ndufaf5/tarbp1/ezh2/mettl3/mettl21a/tfb1m/gamt/prdm2b/antkmt/mettl4/mrm3a/prmt6/trmt2a/kmt2bb/prdm1b/tmt1a.1/tyms/emg1/setd1ba/trmt112/lcmt2/mettl1/trmt1l/thada/carm1l,54
MF,GO:0031625,ubiquitin protein ligase binding,15/3772,47/18430,0.319148936,1.559362379,1.947750648,0.043747576,0.267214927,0.233673044,cul2/txnipa/nploc4/rps27a/cul4b/uba52/map1lc3c/cul3b/axin1/det1/gabarapl2/cul5b/rhobtb3/fhit/cacybp,15
BP,GO:0048704,embryonic skeletal system morphogenesis,51/3857,198/18773,0.257575758,1.253686725,1.824819151,0.043964802,0.267572471,0.230928459,ahsa1a/itga5/pmm2/rbm24a/ece1/lrp5/tinagl1/hmgcs1/egr1/pkn2a/rpl13/dlx3b/vgll2a/hoxc3a/irf6/mia3/vdrb/dhrs9/eif3ea/disc1/pkdccb/hspg2/hdac4/ilvbl/furina/fras1/pak1/plxna3/pls3/sec23a/smo/hoxa3a/hoxa4a/pdgfrb/bicra/tfap2a/nog3/mmachc/ptpn11b/gnptab/grhl3/plcb3/shrprbck1r/edn1/fam20b/crispld2/chd5/rap1ab/polr1a/alcama/tln1,51
BP,GO:0002011,morphogenesis of an epithelial sheet,30/3857,108/18773,0.277777778,1.352015095,1.865576545,0.043971453,0.267572471,0.230928459,cldne/pals1b/ezrb/rhoab/phactr4a/rerea/cdh1/cyth1a/celsr2/ltb4r/cdk5rap3/gab1/fdx1/rhov/arhgef7b/nid2a/lta4h/arhgap24/pcdh18a/si:ch211-247j9.1/afp4/grhl3/mapkapk2a/sfrp1a/atrn/grhl1/chuk/npc1/rhocb/tln1,30
BP,GO:0019216,regulation of lipid metabolic process,23/3857,79/18773,0.291139241,1.417048733,1.888874646,0.044216381,0.267572471,0.230928459,mid1ip1l/opa3/pnpla3/tle3a/pparaa/thrsp/pdk2a/stat5a/dcaf5/fgf1a/psap/mid1ip1b/crebl2/lactb/ppardb/mpv17/ncoa2/apoc1/pla2g6/ormdl1/igf1/apc/pparab,23
BP,GO:0031348,negative regulation of defense response,14/3857,43/18773,0.325581395,1.58468746,1.951834651,0.044238779,0.267572471,0.230928459,grna/tnfaip6/metrnla/ptger4b/pparaa/nr1h4/foxo3b/nr1h5/marchf8/mettl3/ppardb/zdhhc18a/sigirr/pparab,14
MF,GO:0008173,RNA methyltransferase activity,18/3772,59/18430,0.305084746,1.490644715,1.914811824,0.04444038,0.269624857,0.23578047,dimt1l/mrm1/bud23/trmt10c/mettl2a/mettl6/trmt61a/nop2/mrm2/tarbp1/mettl3/tfb1m/mrm3a/trmt2a/emg1/lcmt2/mettl1/trmt1l,18
CC,GO:0005811,lipid droplet,14/3978,43/19331,0.325581395,1.582155343,1.945275908,0.044777676,0.190121606,0.151834569,pnpla3/lipeb/lpcat2/zgc:77486/lpcat1/atg2a/plin6/pnpla4/aup1/faf2/pisd/rsad2/abhd4/rdh10a,14
MF,GO:0005048,signal sequence binding,10/3772,28/18430,0.357142857,1.745000757,2.001255715,0.044894005,0.270561201,0.23659928,sec61a1a/kpna4/tnpo2a/kpna5/nup153/srp54/kpna2/kdelr2b/tomm20b/kpna3,10
BP,GO:0043542,endothelial cell migration,15/3857,47/18773,0.319148936,1.553379046,1.931537011,0.045084575,0.267572471,0.230928459,itga5/lpxn/sirt1/loxl2b/syk/srpx2/arfgef2/acvrl1/hspg2/tagln2/rab5c/prcp/cdc42/amot/ccbe1,15
BP,GO:0071674,mononuclear cell migration,15/3857,47/18773,0.319148936,1.553379046,1.931537011,0.045084575,0.267572471,0.230928459,cxcr3.2/rac2/cyba/bcl6aa/ptpn6/il1b/csf1ra/oxsr1a/ccl25a/cdc42l/lgals3b/dock8/asap1b/cdc42/lgals3a,15
BP,GO:0051960,regulation of nervous system development,44/3857,168/18773,0.261904762,1.27475709,1.819041538,0.045363822,0.267572471,0.230928459,tncb/her9/ulk2/rnf10/grna/serpinf1/swap70b/ephb3a/sirt1/dicer1/srpx2/csf1ra/hapln1b/daam2/slit2/vcanb/numbl/myrf/hapln1a/ncanb/vcana/numb/gbx1/bcan/lgals2a/plxna3/hey1/sox10/atoh7/foxo3a/dbnlb/fxr2/nlk1/plxnb3/znf16l/bhlhe41/her4.3/plxna2/zbtb16a/mmp9/id1/hdac1/tiam1b/ptpn13,44
BP,GO:0097190,apoptotic signaling pathway,44/3857,168/18773,0.261904762,1.27475709,1.819041538,0.045363822,0.267572471,0.230928459,dap1b/ctsla/rps19/bcl6aa/hipk2/rps3/herpud1/bcl2l16/rnf34b/bnip3lb/rps29/ctss2.2/map3k5/si:dkey-9i23.15/bcl2b/si:dkey-74k8.3/atm/lgals3b/mcl1b/sart3/tnfsf10l/nup62l/atf4a/rhot1a/tpd52l1/si:ch211-284o19.8/dido1/zgc:110239/casp2/tegt/cd74a/bnip3/xrcc5/slc35f6/diabloa/si:ch211-158d24.4/tnfrsfa/fhit/bida/bcor/prkdc/uri1/lgals3a/tnfsf10,44
BP,GO:0019364,pyridine nucleotide catabolic process,16/3857,51/18773,0.31372549,1.526981755,1.916277726,0.045615205,0.267572471,0.230928459,prkag2b/eno1a/aldob/gpib/hk1/eno1b/pfkma/tigara/pkma/insra/nudt12/adpgk2/pklr/eno2/gapdhs/prkag3b,16
BP,GO:0048821,erythrocyte development,16/3857,51/18773,0.31372549,1.526981755,1.916277726,0.045615205,0.267572471,0.230928459,hmgcs1/rps19/spi1b/bdh2/rps14/hif1al/nemp1/stat5a/rpl18/rpl11/rps29/rps9/gata2a/alas2/gata1a/melk,16
BP,GO:0071621,granulocyte chemotaxis,16/3857,51/18773,0.31372549,1.526981755,1.916277726,0.045615205,0.267572471,0.230928459,rac2/inpp5d/il6r/il1b/csf1ra/cxcl8a/pikfyve/itgb2/lgals3b/lta4h/cxcl20/cxcl19/srp54/lgals3a/ddx3xa/nsmaf,16
BP,GO:0072526,pyridine-containing compound catabolic process,16/3857,51/18773,0.31372549,1.526981755,1.916277726,0.045615205,0.267572471,0.230928459,prkag2b/eno1a/aldob/gpib/hk1/eno1b/pfkma/tigara/pkma/insra/nudt12/adpgk2/pklr/eno2/gapdhs/prkag3b,16
BP,GO:0015748,organophosphate ester transport,33/3857,121/18773,0.272727273,1.327433003,1.837411107,0.045705858,0.267572471,0.230928459,slc35b1/apoeb/prelid3b/slc25a42/abca1b/abca1a/atp10b/prelid1a/slc35b4/xkr8.3/slc35b3/pitpnbl/slc35a4/apoa4a/atp11a/slc37a4b/apoa4b.2/pitpnc1a/tmem30ab/slc17a9b/mfsd2ab/slc35d2/slc25a33/slc25a24/lrrc8aa/atp8b5b/tmem30b/cptp/slc37a4a/slc25a36a/tmem30aa/apoa1b/pitpnb,33
BP,GO:0001822,kidney development,55/3857,216/18773,0.25462963,1.239347171,1.799099548,0.045834443,0.267572471,0.230928459,psmd12/apol1/ezrb/six2a/camk2g2/ift88/gldc/snap29/p4htmb/gdnfa/crk/srgap2/sec61a1a/sulf2b/slc41a1/wt1a/fgf1a/hdac4/jag2b/vcana/inpp5b/ctns/yap1/pls3/pdgfrb/kcnj10a/atp6v0d1/myo1ea/cxadr/cxxc5a/tfap2a/nog3/myo1cb/sulf1/abrab/pde1a/glcci1a/bbs5/efhc2/magi2a/etv4/cdc42/exoc5/myh9a/grk4/greb1l/sim1a/hdac5/septin15/igf2b/anln/podxl/kank2/dis3l2/rp2,55
BP,GO:0033108,mitochondrial respiratory chain complex assembly,19/3857,63/18773,0.301587302,1.467902103,1.891656527,0.045840693,0.267572471,0.230928459,chchd4a/lyrm7/coa3a/tmem126a/cox19/cox17/ndufb2/rpl37/uqcc6/uqcc1/lyrm2/sdhaf2/ndufaf5/cox20/pet100/si:dkey-88p24.11/ndufaf1/ttc19/surf1,19
BP,GO:0010842,retina layer formation,17/3857,55/18773,0.309090909,1.50442407,1.905027853,0.045888426,0.267572471,0.230928459,grna/cct5/egr1/crk/toporsa/tapt1b/gmds/atoh7/cdipt/tatdn1/exoc5/sec13/ipo13b/xirp1/cdk5/rp2/rx1,17
BP,GO:0042742,defense response to bacterium,28/3857,100/18773,0.28,1.362831216,1.849913836,0.045889235,0.267572471,0.230928459,rnasel2/zranb2/zgc:162941/tmsb/tlr9/rac2/pglyrp6/marco/il1b/cd59a/map3k5/pglyrp2/h2ax1/npsn/ly97.3/acod1/znf365/nkl.4/ntrk1/tfa/optn/bpifcl/shrprbck1r/asap1b/il11a/hamp/septin15/rab14,28
BP,GO:0002218,activation of innate immune response,18/3857,59/18773,0.305084746,1.484925054,1.897016991,0.045950934,0.267572471,0.230928459,mavs/usp4/si:dkey-237i9.1/slc15a2/tlr9/tlr22/tlr18/otud4/unc93b1/si:dkey-237j10.2/ifih1/tlr3/ninj1/mapkapk2a/cptp/lgr4/ikbke/sting1,18
BP,GO:0005978,glycogen biosynthetic process,10/3857,28/18773,0.357142857,1.738305122,1.988044401,0.045960856,0.267572471,0.230928459,ppp1r3cb/gyg1b/ppp1r3db/inpp5ka/gbe1b/ppp1r3aa/gyg1a/phkg2/ugp2a/ugp2b,10
BP,GO:0009250,glucan biosynthetic process,10/3857,28/18773,0.357142857,1.738305122,1.988044401,0.045960856,0.267572471,0.230928459,ppp1r3cb/gyg1b/ppp1r3db/inpp5ka/gbe1b/ppp1r3aa/gyg1a/phkg2/ugp2a/ugp2b,10
BP,GO:0019319,hexose biosynthetic process,10/3857,28/18773,0.357142857,1.738305122,1.988044401,0.045960856,0.267572471,0.230928459,pcxb/pck1/prkag2b/chst15/gpib/insra/g6pc1a.2/g6pc1a.1/foxo1a/prkag3b,10
BP,GO:0043489,RNA stabilization,10/3857,28/18773,0.357142857,1.738305122,1.988044401,0.045960856,0.267572471,0.230928459,rbm24a/tent5c/igf2bp2a/syncripl/tent5ab/gdnfa/igf2bp3/ybx1/elavl1a/larp1,10
BP,GO:0000375,"RNA splicing, via transesterification reactions",60/3857,238/18773,0.25210084,1.22703891,1.79244724,0.045964945,0.267572471,0.230928459,sart1/ddx17/si:ch211-107m4.1/snrpe/rbm24a/snrpa/rpl22/srsf1a/txnl4a/lsm3/tfip11/rbm15/gemin6/srsf5b/snrnp35/arglu1a/lsm7/ddx5/rbm17/ybx1/cirbpb/pqbp1/snrpg/rpl22l1/luc7l3/hnrnpa3/cwc15/rbfox1l/snrpa1/cwc25/yju2/sart3/bud31/prpf6/rbm6/celf3a/sf3b3/sf3a3/celf2/wdr83/prpf3/u2af1/clns1a/rbm8a/prpf31/scnm1/snrpd1/lsm8/ddx39b/cfap410/hnrnpua/khdc4/ddx39ab/snrpd2/hnrnpub/cdc40/rsrc1/magoh/sf3b1/sde2,60
BP,GO:0000377,"RNA splicing, via transesterification reactions with bulged adenosine as nucleophile",60/3857,238/18773,0.25210084,1.22703891,1.79244724,0.045964945,0.267572471,0.230928459,sart1/ddx17/si:ch211-107m4.1/snrpe/rbm24a/snrpa/rpl22/srsf1a/txnl4a/lsm3/tfip11/rbm15/gemin6/srsf5b/snrnp35/arglu1a/lsm7/ddx5/rbm17/ybx1/cirbpb/pqbp1/snrpg/rpl22l1/luc7l3/hnrnpa3/cwc15/rbfox1l/snrpa1/cwc25/yju2/sart3/bud31/prpf6/rbm6/celf3a/sf3b3/sf3a3/celf2/wdr83/prpf3/u2af1/clns1a/rbm8a/prpf31/scnm1/snrpd1/lsm8/ddx39b/cfap410/hnrnpua/khdc4/ddx39ab/snrpd2/hnrnpub/cdc40/rsrc1/magoh/sf3b1/sde2,60
BP,GO:0000398,"mRNA splicing, via spliceosome",60/3857,238/18773,0.25210084,1.22703891,1.79244724,0.045964945,0.267572471,0.230928459,sart1/ddx17/si:ch211-107m4.1/snrpe/rbm24a/snrpa/rpl22/srsf1a/txnl4a/lsm3/tfip11/rbm15/gemin6/srsf5b/snrnp35/arglu1a/lsm7/ddx5/rbm17/ybx1/cirbpb/pqbp1/snrpg/rpl22l1/luc7l3/hnrnpa3/cwc15/rbfox1l/snrpa1/cwc25/yju2/sart3/bud31/prpf6/rbm6/celf3a/sf3b3/sf3a3/celf2/wdr83/prpf3/u2af1/clns1a/rbm8a/prpf31/scnm1/snrpd1/lsm8/ddx39b/cfap410/hnrnpua/khdc4/ddx39ab/snrpd2/hnrnpub/cdc40/rsrc1/magoh/sf3b1/sde2,60
BP,GO:0090066,regulation of anatomical structure size,60/3857,238/18773,0.25210084,1.22703891,1.79244724,0.045964945,0.267572471,0.230928459,chrna1/lmod3/hspb1/tncb/ssh2a/ulk2/scinlb/ncaldb/casp3a/hcls1/lmod2b/agtr1b/tmsb/arhgap35a/fam49al/svila/wasa/ednrba/twf2b/fam49ba/scinla/add3a/slc12a7b/capza1a/adrb2a/extl3/ssh2b/adrb2b/avpr2ab/evlb/hax1/slit2/plekhh2/cdc42ep1a/acvrl1/scin/agt/abitram/plxna3/plekhg2/avpr1ab/add2/dbnlb/cdc42ep5/ssh1b/pik3cd/baiap2a/atp13a2/si:dkey-63b1.1/flii/si:ch211-203d1.3/clns1a/arhgap5/kank3/slc12a2/edn1/capgb/pfn2a/pik3ca/kank2,60
BP,GO:0141188,nucleic acid catabolic process,49/3857,190/18773,0.257894737,1.255239278,1.798126738,0.046594969,0.270735822,0.233658589,rbm24a/rnaset2l/tent5c/igf2bp2a/carhsp1/rc3h1b/tent4a/rnaseh2b/dcp1a/exosc5/syncripl/plekhn1/tent5ab/gdnfa/polr2g/dffb/dicer1/dnase2/igf2bp3/lsm7/fastkd3/ybx1/elavl1a/snd1/pelo/upf1/ythdf1/samd4a/larp1/tnrc6c1/upf2/mettl3/exosc7/rida/fxr2/dnase1l4.1/tbrg4/dnase1l1l/zfp36l2/rbm8a/fen1/zcchc7/smg5/plex9.2/pan3/supv3l1/magoh/dis3l2/exosc4,49
BP,GO:0007163,establishment or maintenance of cell polarity,32/3857,117/18773,0.273504274,1.331214863,1.827457924,0.046833866,0.271125808,0.233995167,rhogb/llgl1/pals1b/rhoq/rac2/parvg/atp1b1a/ift88/gpsm1b/cdh1/rack1/ckap5/ndel1b/aplnrb/dctn1b/cdc42l/rac1b/rhov/jag2b/frmd4ba/cdh2/mmp14b/dock8/lama1/rhoub/pard6a/cdc42/amot/sipa1l3/dctn2/scrib/notch1b,32
BP,GO:0097529,myeloid leukocyte migration,27/3857,96/18773,0.28125,1.368915284,1.842733835,0.046835552,0.271125808,0.233995167,vegfab/cxcr3.2/rac2/cyba/bcl6aa/inpp5d/il6r/ptpn6/il1b/csf1ra/cxcl8a/pikfyve/cdc42l/rac1b/itgb2/lgals3b/lta4h/cxcl20/cxcl19/zmp:0000000936/dock8/asap1b/srp54/cdc42/lgals3a/ddx3xa/nsmaf,27
MF,GO:0016769,"transferase activity, transferring nitrogenous groups",11/3772,32/18430,0.34375,1.679563229,1.951726332,0.04754809,0.282786007,0.24728958,si:ch211-217a12.1/oat/got2a/bcat2/gpt/aadat/got1/abat/etnppl/tat/pigu,11
MF,GO:0016814,"hydrolase activity, acting on carbon-nitrogen (but not peptide) bonds, in cyclic amidines",11/3772,32/18430,0.34375,1.679563229,1.951726332,0.04754809,0.282786007,0.24728958,apobec2b/mthfd2/ampd3a/mthfd1b/zgc:103586/apobec2a/gda/atic/cdab/ampd2b/adarb1b,11
MF,GO:0008139,nuclear localization sequence binding,6/3772,14/18430,0.428571429,2.094000909,2.077224403,0.048461873,0.28633682,0.250394681,kpna4/tnpo2a/kpna5/nup153/kpna2/kpna3,6
BP,GO:0043085,positive regulation of catalytic activity,25/3857,88/18773,0.284090909,1.382742711,1.830019083,0.048674422,0.275132738,0.237453348,dok7b/cap1/dcp1a/asap2b/phactr4a/si:dkey-33c9.6/bcl2l16/gdnfa/srgap2/zgc:92360/hip1rb/arhgap17a/axin1/mul2/ube2s/asap1b/diabloa/dok7a/tiam1b/ect2/fzr1a/becn1/chn1/sh3bp1/scrib,25
BP,GO:0046034,ATP metabolic process,25/3857,88/18773,0.284090909,1.382742711,1.830019083,0.048674422,0.275132738,0.237453348,prkag2b/atpsckmt/eno1a/ak4/aldob/gpib/atp6v1ab/hk1/eno1b/pfkma/atp5mc3b/atp5f1e/tigara/pkma/dlst/insra/antkmt/adpgk2/pklr/eno2/atp5pb/gapdhs/atp5pf/atp5l/prkag3b,25
BP,GO:0001678,intracellular glucose homeostasis,6/3857,14/18773,0.428571429,2.085966147,2.06694713,0.049283928,0.275132738,0.237453348,pck1/ptprn2/hk1/cyp7a1/slc39a14/ptprna,6
BP,GO:0006308,DNA catabolic process,6/3857,14/18773,0.428571429,2.085966147,2.06694713,0.049283928,0.275132738,0.237453348,dffb/dicer1/dnase2/dnase1l4.1/dnase1l1l/plex9.2,6
BP,GO:0009070,serine family amino acid biosynthetic process,6/3857,14/18773,0.428571429,2.085966147,2.06694713,0.049283928,0.275132738,0.237453348,shmt2/tha1/sephs3/sephs1/phgdh/cth,6
BP,GO:0009409,response to cold,6/3857,14/18773,0.428571429,2.085966147,2.06694713,0.049283928,0.275132738,0.237453348,ucp3/metrnla/cirbpb/tmem39a/bhlhe41/pparab,6
BP,GO:0032836,glomerular basement membrane development,6/3857,14/18773,0.428571429,2.085966147,2.06694713,0.049283928,0.275132738,0.237453348,p4htmb/sulf2b/sulf1/myh9a/anln/kank2,6
BP,GO:0035914,skeletal muscle cell differentiation,6/3857,14/18773,0.428571429,2.085966147,2.06694713,0.049283928,0.275132738,0.237453348,rbm24a/myog/myod1/klhl40a/myf6/cdkn1a,6
BP,GO:0042771,intrinsic apoptotic signaling pathway in response to DNA damage by p53 class mediator,6/3857,14/18773,0.428571429,2.085966147,2.06694713,0.049283928,0.275132738,0.237453348,hipk2/si:dkey-9i23.15/si:dkey-74k8.3/cd74a/xrcc5/uri1,6
BP,GO:0045646,regulation of erythrocyte differentiation,6/3857,14/18773,0.428571429,2.085966147,2.06694713,0.049283928,0.275132738,0.237453348,p2ry12/rps19/spi1b/p4htmb/klf17/gata1a,6
BP,GO:0046456,icosanoid biosynthetic process,6/3857,14/18773,0.428571429,2.085966147,2.06694713,0.049283928,0.275132738,0.237453348,ptges/ptges3a/lta4h/ptgis/ptgs2b/ltc4s,6
BP,GO:0046500,S-adenosylmethionine metabolic process,6/3857,14/18773,0.428571429,2.085966147,2.06694713,0.049283928,0.275132738,0.237453348,ahcy/mat2ab/mat2aa/mri1/apip/ahcyl2b,6
BP,GO:0050679,positive regulation of epithelial cell proliferation,6/3857,14/18773,0.428571429,2.085966147,2.06694713,0.049283928,0.275132738,0.237453348,aplnrb/egfra/pdgfrb/saal1/jcada/igf2b,6
BP,GO:0055117,regulation of cardiac muscle contraction,6/3857,14/18773,0.428571429,2.085966147,2.06694713,0.049283928,0.275132738,0.237453348,fbxl22/casq2/tmem161b/desma/si:dkey-28b4.8/erp44,6
BP,GO:0071025,RNA surveillance,6/3857,14/18773,0.428571429,2.085966147,2.06694713,0.049283928,0.275132738,0.237453348,exosc5/pelo/exosc7/zcchc7/supv3l1/exosc4,6
BP,GO:0071711,basement membrane organization,6/3857,14/18773,0.428571429,2.085966147,2.06694713,0.049283928,0.275132738,0.237453348,lamb2/col4a5/fras1/lamb1a/col4a6/ntn4,6
BP,GO:0006623,protein targeting to vacuole,8/3857,21/18773,0.380952381,1.854192131,1.991568833,0.049527993,0.275132738,0.237453348,hspa8/scarb2a/sorl1/vps37a/vps37d/gnptab/ap3d1/m6pr,8
BP,GO:0019915,lipid storage,8/3857,21/18773,0.380952381,1.854192131,1.991568833,0.049527993,0.275132738,0.237453348,fitm2/pparaa/zgc:77486/plin6/aup1/ppardb/npc1/pparab,8
BP,GO:0034198,cellular response to amino acid starvation,8/3857,21/18773,0.380952381,1.854192131,1.991568833,0.049527993,0.275132738,0.237453348,dap1b/wdr59/sesn1/sesn4/atf4a/nprl2/rnf152/kptn,8
BP,GO:0007623,circadian rhythm,24/3857,84/18773,0.285714286,1.390644098,1.824659292,0.049552057,0.275132738,0.237453348,dhx30/egr1/aanat1/bmal2/npas2/cry1a/ppp1cb/cry1b/nfil3-6/per3/nampt1/egfra/nfil3-5/nr1d2a/ezh2/per1b/pitpnc1a/bhlhe41/zgc:162707/si:ch211-132b12.7/ciarta/bdnf/clocka/fbxl3a,24
BP,GO:0008016,regulation of heart contraction,24/3857,84/18773,0.285714286,1.390644098,1.824659292,0.049552057,0.275132738,0.237453348,fbxl22/tmem65/trdn/casq2/emd/tmem161b/lmna/adrb2a/bnip3lb/adrb2b/desma/mcu/vapb/si:dkey-28b4.8/kcne4/scn4ba/mybpc3/ilk/vdac2/scn5lab/melk/kcnh7/erp44/plcg1,24
BP,GO:0022900,electron transport chain,24/3857,84/18773,0.285714286,1.390644098,1.824659292,0.049552057,0.275132738,0.237453348,uqcr10/coa6/slc25a12/pm20d1.2/cyc1/uqcrq/ndufb6/ndufs6/etfdh/sdha/ndufa7/fdx1/sdhaf2/uqcrh/sdhdb/ndufv2/slc25a55a/sdhb/cox7b/lyrm5a/ndufaf1/cox7a2l/uqcrb/ndufs4,24
BP,GO:0097193,intrinsic apoptotic signaling pathway,24/3857,84/18773,0.285714286,1.390644098,1.824659292,0.049552057,0.275132738,0.237453348,rps19/bcl6aa/hipk2/herpud1/bcl2l16/rps29/map3k5/si:dkey-9i23.15/bcl2b/si:dkey-74k8.3/atm/mcl1b/sart3/nup62l/atf4a/casp2/cd74a/xrcc5/diabloa/fhit/bida/bcor/prkdc/uri1,24
CC,GO:0005942,phosphatidylinositol 3-kinase complex,6/3978,14/19331,0.428571429,2.082633053,2.062657648,0.049630931,0.205670579,0.164252261,pik3r6b/pik3r5/pik3r3b/pik3r1/pik3cd/becn1,6
CC,GO:0034362,low-density lipoprotein particle,6/3978,14/19331,0.428571429,2.082633053,2.062657648,0.049630931,0.205670579,0.164252261,apoeb/apoa4a/apoa4b.2/apobb.1/apoc2/apoa1b,6
CC,GO:0034364,high-density lipoprotein particle,6/3978,14/19331,0.428571429,2.082633053,2.062657648,0.049630931,0.205670579,0.164252261,apoeb/apoa4a/apoa4b.2/apoc2/apoc1/apoa1b,6
