ONTOLOGY,ID,Description,GeneRatio,BgRatio,RichFactor,FoldEnrichment,zScore,pvalue,p.adjust,qvalue,geneID,Count
CC,GO:0098798,mitochondrial protein-containing complex,60/3237,113/19331,0.530973451,3.170913743,10.37965631,9.12E-19,4.78E-16,4.18E-16,mrpl44/timm50/mrpl10/tomm40/mrpl58/mrpl43/mrpl34/mrpl22/timm29/mrps24/timm22/micos10/chchd6a/mrps22/mrpl47/mrpl52/mrps35/mrpl41/timm13/dnajc15/tomm20a/mrps5/mrps7/mrpl32/mrps31/mrps26/smdt1b/mrpl12/mrpl46/mrpl51/hadhb/apoob/pam16/mrps6/grpel1/mrpl24/agk/hadhab/afg3l2/mrps14/mrpl2/mrpl21/mrps18c/supv3l1/mrps28/mrpl17/mrpl54/immp2l/mrps11/nsun4/mrps17/tomm6/mrpl13/micu3a/mrps9/mrpl27/mrps10/micu1/mrpl53/chchd3a,60
CC,GO:0000313,organellar ribosome,39/3237,62/19331,0.629032258,3.756509911,9.749471922,4.62E-16,8.08E-14,7.06E-14,mrpl44/mrpl10/mrpl58/mrpl43/mrpl34/mrpl22/mrps24/mrps22/mrpl47/mrpl52/mrps35/mrpl41/mrpl20/mrps5/mrps7/mrpl32/mrps31/mrps26/mrpl12/mrpl46/mrpl57/mrpl51/mrps6/mrpl24/mrps14/mrpl2/mrpl21/mrps18c/mrps28/mrpl17/mrpl54/mrps11/nsun4/mrps17/mrpl13/mrps9/mrpl27/mrps10/mrpl53,39
CC,GO:0005761,mitochondrial ribosome,39/3237,62/19331,0.629032258,3.756509911,9.749471922,4.62E-16,8.08E-14,7.06E-14,mrpl44/mrpl10/mrpl58/mrpl43/mrpl34/mrpl22/mrps24/mrps22/mrpl47/mrpl52/mrps35/mrpl41/mrpl20/mrps5/mrps7/mrpl32/mrps31/mrps26/mrpl12/mrpl46/mrpl57/mrpl51/mrps6/mrpl24/mrps14/mrpl2/mrpl21/mrps18c/mrps28/mrpl17/mrpl54/mrps11/nsun4/mrps17/mrpl13/mrps9/mrpl27/mrps10/mrpl53,39
CC,GO:0005740,mitochondrial envelope,145/3237,457/19331,0.317286652,1.894800207,8.681754063,1.24E-15,1.63E-13,1.42E-13,cox4i2/slc25a48/timm50/oxa1l/uqcc6/cyc1/hk2/mul2/tomm40/triap1/tomm22/spata18/adck1/nme3/fundc1/hccsb/atpsckmt/uqcrq/cisd2/mcl1b/yme1l1a/timm29/maip1/ndufb10/bnip3lb/alas2/slc25a19/coq4/tmem14a/uqcr10/atp5mea/slc25a4/abcb8/cmc4/lpin1a/acad11/timm22/qtrt1/zgc:112052/micos10/coa7/chchd6a/zgc:56235/mgst1.2/flvcr2b/pet100/coa3a/timm8a/becn1/timm13/atp5pd/timm10/hk1/slc25a12/dnajc15/ndufc2/ndufa8/tomm20a/uqcrh/mpc1/samm50/gdap1/coq5/cox8a/vdac3/tigarb/ndufv1/tamm41/slc25a33/mtch2/cox17/smdt1b/alas1/ndufb8/atp5meb/kmo/atp5f1d/uqcc4/tmem14ca/coq10b/zgc:172295/slc25a42/hadhb/apoob/cox14/pam16/zdhhc8b/grpel1/them4/cox5aa/agk/mfn1b/slc25a18/afg3l2/thop1/prelid1a/tmem186/chchd4a/rcc1l/dhodh/agpat4/ngrn/cox5ba/atp5pf/rhot2/ndufs5/vdac2/immp2l/timmdc1/atp5f1c/uqcrb/ciapin1/ndufb7/cox7a1/rps6kb1b/cox4i1/atp5po/armc1/sfxn4/cox15/cox6a2/ckmt1/tomm6/micu3a/ndufaf3/nat8l/zgc:73226/ak2/micu1/cox5b2/ndufb3/fkbp8/cox7b/cox20/cox6a1/prelid1b/slc25a43/ppox/sdhdb/atp5mc3b/sfxn1/atp5mf/fech/mpv17l2/chchd3a,145
CC,GO:0031966,mitochondrial membrane,132/3237,426/19331,0.309859155,1.85044403,7.960080753,1.74E-13,1.83E-11,1.60E-11,cox4i2/slc25a48/timm50/oxa1l/uqcc6/cyc1/hk2/mul2/tomm40/tomm22/spata18/adck1/nme3/fundc1/hccsb/atpsckmt/uqcrq/cisd2/mcl1b/yme1l1a/timm29/maip1/ndufb10/bnip3lb/alas2/slc25a19/coq4/tmem14a/uqcr10/atp5mea/slc25a4/abcb8/lpin1a/acad11/timm22/qtrt1/zgc:112052/micos10/chchd6a/zgc:56235/mgst1.2/flvcr2b/pet100/coa3a/timm8a/becn1/timm13/atp5pd/timm10/hk1/slc25a12/dnajc15/ndufc2/ndufa8/tomm20a/uqcrh/mpc1/samm50/gdap1/coq5/cox8a/vdac3/tigarb/ndufv1/tamm41/slc25a33/mtch2/smdt1b/alas1/ndufb8/atp5meb/kmo/atp5f1d/uqcc4/tmem14ca/coq10b/zgc:172295/slc25a42/hadhb/apoob/cox14/pam16/zdhhc8b/grpel1/them4/cox5aa/agk/mfn1b/slc25a18/afg3l2/tmem186/rcc1l/dhodh/agpat4/ngrn/atp5pf/rhot2/ndufs5/vdac2/immp2l/timmdc1/atp5f1c/uqcrb/ndufb7/cox7a1/rps6kb1b/cox4i1/atp5po/armc1/sfxn4/cox15/cox6a2/ckmt1/tomm6/micu3a/ndufaf3/nat8l/zgc:73226/micu1/ndufb3/cox7b/cox20/cox6a1/slc25a43/ppox/sdhdb/atp5mc3b/sfxn1/atp5mf/fech/mpv17l2/chchd3a,132
CC,GO:0005759,mitochondrial matrix,68/3237,169/19331,0.402366864,2.402889665,8.214889546,2.95E-13,2.58E-11,2.25E-11,mrpl44/mrpl10/got2a/acadm/mrpl58/mrpl43/mrpl34/mrpl22/hspe1/mrps24/alas2/lyrm7/bola3/mrps22/dhx30/mrpl47/dlat/pyroxd2/mrpl52/adprs/atad3/mrps35/mrpl41/mrpl20/dnajc15/mrps5/mrps7/fastk/mrpl32/mrps31/mrps26/pccb/mrpl12/mrpl46/mrpl57/alas1/dlst/mrpl51/hadhb/mrps6/grpel1/mrpl24/hadhab/mrps14/mrpl2/mrpl21/mrps18c/c1qbp/supv3l1/pdk2a/mrps28/sod2/mrpl17/mrpl54/mlycd/mrps11/acadl/nsun4/mrps17/hspa9/mrpl13/mrps9/mrpl27/mrps10/ndufa10/aldh2.2/tbrg4/mrpl53,68
BP,GO:0006412,translation,138/3139,473/18773,0.291754757,1.744858888,7.351820703,6.27E-12,1.92E-08,1.73E-08,ptcd3/abce1/mif4gdb/trim2a/mrpl44/mrpl30/mrpl10/eif4a2/lrpprc/rpl5a/gars1/tsfm/hars/nars2/polr2g/mars1/mrpl58/ssb/mrpl43/mrpl49/eef2k/mrpl34/eif3eb/mrpl22/eef1b2/mrps24/nanos1/rida/mrps21/gspt1l/etf1b/pdf/eif4ba/ogfod1/mrpl47/srp9/mrps18b/eif4e1c/mrpl52/coa3a/eif4h/mrps35/rps27.1/gtpbp1l/eif1ad/aarsd1/mrpl41/rars1/rmnd1/mrpl20/supt5h/nars1/mrps5/mrps7/mrpl18/caprin1a/eef1da/mrpl32/mrpl9/gfm2/mrpl37/ngdn/mtrfr/ncbp2/trmt10c/cnot7/mrpl12/farsb/eif2s3/eif4a1a/mrpl33/mrpl51/eef2b/aars1/eif4eb/mettl5/mrps6/cnbpa/mrpl24/ddx61/dap1b/eif2b1/dhx29/mrps14/trnau1apb/eif4a3/sars1/mrpl2/rpl3/rpl22l1/mrps23/rcc1l/yars1/eef1e1/mrps18c/magoh/mrps12/rpl19/qars1/drg1/mcts1/vars1/mrpl17/lars1b/mrps11/igf2bp2a/tars1/mrps17/eif4g2a/eif5a/mettl17/eefsec/cnot9/skic8/eif3ba/rpl35/mrpl13/gfm1/mrps9/rps13/mrpl27/mrps10/cnot6l/dap/supt6h/zc3h15/pcif1/iars1/msi1b/rps9/eif3c/igf2bp1/impact/farsa/ddrgk1/larp1b/denr/trim3b,138
BP,GO:0022613,ribonucleoprotein complex biogenesis,101/3139,319/18773,0.31661442,1.893533771,7.212352285,2.78E-11,4.27E-08,3.83E-08,las1l/mrm1/mrpl44/tsr1/nup88/rpl5a/imp3/srfbp1/nop10/c1d/prmt7/grwd1/gemin5/fcf1/rrs1/eif3eb/mphosph10/utp6/snrpd2/ruvbl2/tsr2/riok2/yju2/exosc7/rrp36/xpo1b/snrpe/xpo1a/tma16/rps27.1/snrpd3l/pop7/mak16/exosc6/bud23/exosc2/ran/ptges3a/mrps7/emg1/bxdc2/snrpc/pih1d1/ngdn/prpf31/npm1a/znf593/wdr75/ddx31/prpf39/nop2/eif2s3/mettl5/zgc:86811/rrp1/noc4l/pak1ip1/polr1d/gtpbp10/trnau1apb/wdr3/dcaf13/nip7/trmt2b/rpf2/clns1a/mrto4/nop14/ftsj3/c1qbp/ddx54/mcts1/rrp7a/ybey/clp1/mtg2/sbds/pop5/nsun4/sart1/ddx28/eif3ba/rpl7l1/rpl35/ddx49/nop16/aar2/ruvbl1/isy1/srpk1b/dimt1l/lsm4/ddx10/tsr3/dkc1/rps9/eif3c/znhit3/riok1/mpv17l2/denr,101
CC,GO:0005743,mitochondrial inner membrane,87/3237,266/19331,0.327067669,1.953211342,7.020481396,1.11E-10,8.32E-09,7.27E-09,cox4i2/slc25a48/timm50/oxa1l/uqcc6/cyc1/adck1/hccsb/uqcrq/yme1l1a/timm29/maip1/ndufb10/alas2/slc25a19/coq4/uqcr10/atp5mea/slc25a4/abcb8/timm22/micos10/chchd6a/pet100/coa3a/timm8a/timm13/atp5pd/timm10/slc25a12/dnajc15/ndufc2/ndufa8/uqcrh/mpc1/coq5/cox8a/ndufv1/tamm41/slc25a33/smdt1b/alas1/ndufb8/atp5meb/atp5f1d/uqcc4/coq10b/slc25a42/apoob/pam16/grpel1/them4/cox5aa/agk/slc25a18/afg3l2/tmem186/rcc1l/dhodh/atp5pf/ndufs5/immp2l/atp5f1c/uqcrb/ndufb7/cox7a1/cox4i1/atp5po/sfxn4/cox15/cox6a2/ckmt1/micu3a/ndufaf3/micu1/ndufb3/cox7b/cox20/cox6a1/slc25a43/ppox/sdhdb/sfxn1/atp5mf/fech/mpv17l2/chchd3a,87
CC,GO:0005840,ribosome,64/3237,177/19331,0.361581921,2.159326572,6.948930369,3.28E-10,2.15E-08,1.88E-08,ptcd3/mrpl44/mrpl30/mrpl10/rpl5a/mrpl58/mrpl43/mrpl49/mrpl34/mrpl22/mrps24/mrps21/mrps22/mrpl47/mrps18b/mrpl52/mrps35/rps27.1/mrpl41/mrpl20/mrps5/mrps7/mrpl18/mrpl32/mrpl9/mrps31/mrpl37/mrps26/mrpl12/mrpl46/mrpl57/mrpl33/mrps27/mrpl51/mrps6/mrpl24/mrps14/mrpl2/rpl3/rpl22l1/mrps23/mrpl21/mrps18c/mrps12/rpl19/mrps28/hspa14/mrpl17/mrpl54/mrps11/mrps25/mrpl39/nsun4/mrps17/rpl7l1/rpl35/mrpl13/mrps9/rps13/mrpl27/mrps10/mrpl1/rps9/mrpl53,64
BP,GO:0042254,ribosome biogenesis,76/3139,226/18773,0.336283186,2.011164144,6.852592734,3.63E-10,3.71E-07,3.33E-07,las1l/mrm1/mrpl44/tsr1/nup88/rpl5a/imp3/srfbp1/nop10/c1d/grwd1/fcf1/rrs1/mphosph10/utp6/tsr2/riok2/exosc7/rrp36/xpo1b/xpo1a/tma16/rps27.1/pop7/mak16/exosc6/bud23/exosc2/ran/mrps7/emg1/bxdc2/pih1d1/ngdn/npm1a/znf593/wdr75/ddx31/nop2/mettl5/zgc:86811/rrp1/noc4l/pak1ip1/polr1d/gtpbp10/wdr3/dcaf13/nip7/trmt2b/rpf2/mrto4/nop14/ftsj3/c1qbp/ddx54/rrp7a/ybey/mtg2/sbds/pop5/nsun4/sart1/ddx28/rpl7l1/rpl35/ddx49/nop16/dimt1l/ddx10/tsr3/dkc1/rps9/znhit3/riok1/mpv17l2,76
CC,GO:0000502,proteasome complex,31/3237,62/19331,0.5,2.985943775,7.024064379,1.59E-09,9.23E-08,8.07E-08,ube3a/psma6l/psmg3/psmb9a/psmd7/psmd14/psma3/sem1/psme2/psmb10/usp14/adrm1/psmb13a/psmd10/nr5a1b/psmd13/psmg4/psmb8a/psmb12/psmc6/psmd2/psmb1/psme3/psmd12/psmb4/pomp/psmb2/psmd4a/psma4/psma8/psmb3,31
CC,GO:0019866,organelle inner membrane,87/3237,283/19331,0.307420495,1.835880625,6.352842136,3.54E-09,1.86E-07,1.62E-07,cox4i2/slc25a48/timm50/oxa1l/uqcc6/cyc1/adck1/hccsb/uqcrq/yme1l1a/timm29/maip1/ndufb10/alas2/slc25a19/coq4/uqcr10/atp5mea/slc25a4/abcb8/timm22/micos10/chchd6a/pet100/coa3a/timm8a/timm13/atp5pd/timm10/slc25a12/dnajc15/ndufc2/ndufa8/uqcrh/mpc1/coq5/cox8a/ndufv1/tamm41/slc25a33/smdt1b/alas1/ndufb8/atp5meb/atp5f1d/uqcc4/coq10b/slc25a42/apoob/pam16/grpel1/them4/cox5aa/agk/slc25a18/afg3l2/tmem186/rcc1l/dhodh/atp5pf/ndufs5/immp2l/atp5f1c/uqcrb/ndufb7/cox7a1/cox4i1/atp5po/sfxn4/cox15/cox6a2/ckmt1/micu3a/ndufaf3/micu1/ndufb3/cox7b/cox20/cox6a1/slc25a43/ppox/sdhdb/sfxn1/atp5mf/fech/mpv17l2/chchd3a,87
CC,GO:0000315,organellar large ribosomal subunit,22/3237,37/19331,0.594594595,3.550852057,6.965146805,5.55E-09,2.42E-07,2.12E-07,mrpl44/mrpl10/mrpl58/mrpl43/mrpl34/mrpl22/mrpl47/mrpl52/mrpl41/mrpl32/mrpl12/mrpl46/mrpl51/mrpl24/mrpl2/mrpl21/mrpl17/mrpl54/nsun4/mrpl13/mrpl27/mrpl53,22
CC,GO:0005762,mitochondrial large ribosomal subunit,22/3237,37/19331,0.594594595,3.550852057,6.965146805,5.55E-09,2.42E-07,2.12E-07,mrpl44/mrpl10/mrpl58/mrpl43/mrpl34/mrpl22/mrpl47/mrpl52/mrpl41/mrpl32/mrpl12/mrpl46/mrpl51/mrpl24/mrpl2/mrpl21/mrpl17/mrpl54/nsun4/mrpl13/mrpl27/mrpl53,22
CC,GO:0098803,respiratory chain complex,40/3237,96/19331,0.416666667,2.488286479,6.555885135,6.65E-09,2.68E-07,2.34E-07,cox4i2/cyc1/uqcrq/ndufb10/atp5mea/ndufab1b/atp5pd/ndufc2/ndufa8/uqcrh/cox8a/ndufv1/atp5f1b/ndufb5/ndufb8/atp5fa1/atp5meb/atp5f1d/cox5aa/ndufb11/ndufs2/atp5pf/ndufs5/atp5f1c/cox6b2/uqcrb/ndufb7/cox7a1/ndufs3/cox4i1/cox6a2/ndufv3/ndufs8a/ndufa10/cox6a1/atp5md/sdhdb/atp5mc3b/atp5mf/ndufv2,40
BP,GO:0009117,nucleotide metabolic process,84/3139,277/18773,0.303249097,1.813601563,6.112637301,1.23E-08,9.40E-06,8.45E-06,pfkpa/cmpk/hk2/dnph1/nnt/pfkma/nme3/atpsckmt/umps/eno2/nudt17/ak1/tyms/gapdh/nme5/atp5mea/pgd/haao/itpa/cad/atp5if1a/papss1/pgls/atp5pd/hk1/exosc2/nt5c1bb/ran/nme2b.1/adpgk/adssl/tigarb/npr1a/adkb/adcy5/atp5f1b/dlst/atp5fa1/uck2b/atp5meb/kmo/atp5f1d/tpi1a/adcy3a/hint1/adsl/mrpl24/naxd/prkag3b/adcy2a/fhit/dhodh/pfkmb/rfk/dctpp1/ampd3a/guk1a/enpp1/atp5pf/gpia/pkmb/atp5f1c/adka/gapdhs/papss2b/gpd1c/atp5po/gucy1a2/bpgm/pfas/dtymk/nmnat1/ak2/ctps1a/nmnat3/nme9/tkta/nadkb/mdh1aa/atp5mc3b/atp5mf/nudt15/idh1/adss1,84
CC,GO:1905368,peptidase complex,38/3237,94/19331,0.404255319,2.414167308,6.163839557,4.19E-08,1.43E-06,1.25E-06,ube3a/supt20/tada3l/eny2/psma6l/psmg3/psmb9a/psmd7/psmd14/psma3/sem1/psme2/psmb10/afg3l2/usp14/adrm1/atxn7l3b/psmb13a/psmd10/nr5a1b/psmd13/immp2l/psmg4/psmb8a/taf5l/psmb12/psmc6/psmd2/psmb1/psme3/psmd12/psmb4/pomp/psmb2/psmd4a/psma4/psma8/psmb3,38
CC,GO:0000314,organellar small ribosomal subunit,15/3237,21/19331,0.714285714,4.265633964,6.714926958,4.35E-08,1.43E-06,1.25E-06,mrps24/mrps22/mrps35/mrps5/mrps7/mrps31/mrps26/mrps6/mrps14/mrps18c/mrps28/mrps11/mrps17/mrps9/mrps10,15
CC,GO:0005763,mitochondrial small ribosomal subunit,15/3237,21/19331,0.714285714,4.265633964,6.714926958,4.35E-08,1.43E-06,1.25E-06,mrps24/mrps22/mrps35/mrps5/mrps7/mrps31/mrps26/mrps6/mrps14/mrps18c/mrps28/mrps11/mrps17/mrps9/mrps10,15
BP,GO:0006091,generation of precursor metabolites and energy,76/3139,251/18773,0.302788845,1.81084899,5.794937786,6.40E-08,3.28E-05,2.95E-05,ppp1r3cb/pfkpa/cox4i2/pask/fh/cyc1/hk2/si:ch211-152c8.5/nnt/pfkma/atpsckmt/eno2/uqcrq/gapdh/uqcr10/pgd/atp5if1a/pgls/hk1/slc25a12/ndufc2/ndufa8/uqcrh/adpgk/pygma/cox8a/tigarb/ndufv1/atp5f1b/ndufaf1/dlst/ndufb8/tcap/atg3/coq10b/tpi1a/mdh2/mrpl24/cox5aa/prkag3b/slc25a18/mc4r/hmgcll1/khk/pfkmb/ndufs2/suclg1/cox5ba/cln5/gpia/pkmb/uqcrb/gapdhs/si:ch211-167b20.8/cox7a1/cox4i1/atp5po/sfxn4/cox6a2/bpgm/ndufv3/ndufs8a/phka2/ndufa10/cox5b2/mrap2a/ndufb3/cox7b/prkn/cox6a1/tkta/sdhdb/mdh1aa/atp5mf/idh1/ndufv2,76
BP,GO:0009141,nucleoside triphosphate metabolic process,45/3139,122/18773,0.368852459,2.205946866,5.987877465,6.41E-08,3.28E-05,2.95E-05,pfkpa/hk2/pfkma/nme3/atpsckmt/eno2/ak1/tyms/gapdh/nme5/atp5mea/itpa/atp5if1a/atp5pd/hk1/ran/nme2b.1/adpgk/tigarb/atp5f1b/dlst/atp5fa1/uck2b/atp5meb/atp5f1d/tpi1a/mrpl24/prkag3b/pfkmb/dctpp1/enpp1/atp5pf/gpia/pkmb/atp5f1c/gapdhs/atp5po/bpgm/dtymk/ak2/ctps1a/nme9/atp5mc3b/atp5mf/nudt15,45
MF,GO:0003735,structural constituent of ribosome,53/3098,154/18430,0.344155844,2.047382895,5.867018385,8.07E-08,7.31E-05,6.65E-05,mrpl30/mrpl10/rpl5a/mrpl43/mrpl49/mrpl34/mrpl22/mrps24/mrps21/mrps22/mrpl47/mrps18b/mrpl52/mrps35/rps27.1/mrpl41/mrpl20/mrps5/mrps7/mrpl18/mrpl32/mrpl9/mrps31/mrpl37/mrpl12/mrpl46/mrpl57/mrpl33/mrpl51/mrps6/mrpl24/mrps14/mrpl2/rpl3/rpl22l1/mrps23/mrpl21/mrps18c/mrps12/rpl19/mrpl17/mrpl54/mrps11/mrps25/mrps17/rpl7l1/rpl35/mrpl13/mrps9/rps13/mrpl27/mrps10/rps9,53
CC,GO:1905369,endopeptidase complex,32/3237,75/19331,0.426666667,2.548005355,6.02386638,1.08E-07,3.34E-06,2.92E-06,ube3a/psma6l/psmg3/psmb9a/psmd7/psmd14/psma3/sem1/psme2/psmb10/usp14/adrm1/psmb13a/psmd10/nr5a1b/psmd13/immp2l/psmg4/psmb8a/psmb12/psmc6/psmd2/psmb1/psme3/psmd12/psmb4/pomp/psmb2/psmd4a/psma4/psma8/psmb3,32
BP,GO:0006753,nucleoside phosphate metabolic process,105/3139,389/18773,0.269922879,1.61429188,5.485869173,1.77E-07,7.75E-05,6.96E-05,pfkpa/fitm2/acacb/cmpk/hk2/dnph1/nnt/pfkma/nme3/atpsckmt/umps/eno2/nudt17/pmvk/ak1/elovl1b/tyms/gapdh/elovl7a/nme5/atp5mea/pmm2/pgd/uap1/haao/itpa/dlat/cad/atp5if1a/papss1/gfpt1/pgls/atp5pd/hk1/exosc2/nt5c1bb/ran/nme2b.1/acsl3b/acss2/adpgk/adssl/tigarb/npr1a/adkb/adcy5/atp5f1b/dlst/atp5fa1/uck2b/atp5meb/kmo/atp5f1d/tpi1a/adcy3a/pdhb/hint1/adsl/mrpl24/naxd/prkag3b/adcy2a/uap1l1/fhit/dhodh/pfkmb/rfk/dctpp1/pdk2a/ampd3a/guk1a/enpp1/atp5pf/gfus.1/gnpnat1/gpia/pkmb/atp5f1c/mlycd/adka/gapdhs/papss2b/gpd1c/atp5po/mcee/gucy1a2/bpgm/pfas/dtymk/nmnat1/ak2/ctps1a/nmnat3/gfpt2/nme9/tkta/nadkb/entpd2a.1/acot20/mdh1aa/atp5mc3b/atp5mf/nudt15/idh1/adss1,105
BP,GO:0042775,mitochondrial ATP synthesis coupled electron transport,27/3139,60/18773,0.45,2.691255177,5.879344822,2.77E-07,0.000105322,9.46E-05,cox4i2/cyc1/uqcrq/uqcr10/ndufc2/ndufa8/uqcrh/cox8a/ndufv1/ndufaf1/ndufb8/cox5aa/ndufs2/cox5ba/uqcrb/cox7a1/cox4i1/cox6a2/ndufv3/ndufs8a/ndufa10/cox5b2/cox7b/prkn/cox6a1/sdhdb/ndufv2,27
BP,GO:0032543,mitochondrial translation,21/3139,41/18773,0.512195122,3.063217274,5.92598702,3.97E-07,0.000105322,9.46E-05,ptcd3/mrpl44/lrpprc/gars1/tsfm/hars/mrpl58/mrpl43/mrps24/mrpl47/mrps18b/mrpl52/coa3a/mrps35/rmnd1/mrps7/gfm2/trmt10c/mrpl2/rcc1l/gfm1,21
BP,GO:0045333,cellular respiration,45/3139,129/18773,0.348837209,2.086244323,5.547134607,4.16E-07,0.000105322,9.46E-05,cox4i2/fh/cyc1/atpsckmt/uqcrq/uqcr10/atp5if1a/slc25a12/ndufc2/ndufa8/uqcrh/cox8a/ndufv1/atp5f1b/ndufaf1/dlst/ndufb8/tcap/coq10b/mdh2/mrpl24/cox5aa/slc25a18/ndufs2/suclg1/cox5ba/cln5/uqcrb/cox7a1/cox4i1/atp5po/sfxn4/cox6a2/ndufv3/ndufs8a/ndufa10/cox5b2/cox7b/prkn/cox6a1/sdhdb/mdh1aa/atp5mf/idh1/ndufv2,45
BP,GO:0006119,oxidative phosphorylation,32/3139,79/18773,0.405063291,2.422508176,5.677185365,4.39E-07,0.000105322,9.46E-05,cox4i2/cyc1/atpsckmt/uqcrq/uqcr10/atp5if1a/ndufc2/ndufa8/uqcrh/cox8a/ndufv1/atp5f1b/ndufaf1/ndufb8/cox5aa/ndufs2/cox5ba/uqcrb/cox7a1/cox4i1/atp5po/cox6a2/ndufv3/ndufs8a/ndufa10/cox5b2/cox7b/prkn/cox6a1/sdhdb/atp5mf/ndufv2,32
BP,GO:0016072,rRNA metabolic process,57/3139,179/18773,0.318435754,1.904426382,5.447900928,4.45E-07,0.000105322,9.46E-05,las1l/mrm1/mrpl44/tsr1/imp3/srfbp1/nop10/c1d/fcf1/rrs1/mphosph10/utp6/tsr2/riok2/exosc7/rrp36/pop7/mak16/exosc6/bud23/exosc2/emg1/bxdc2/pih1d1/ngdn/wdr75/nop2/mettl5/zgc:86811/rrp1/pak1ip1/polr1d/wdr3/polr1e/dcaf13/trmt2b/rpf2/mrto4/ftsj3/ddx54/rrp7a/ybey/pop5/nsun4/sart1/xrn1/rpl7l1/rpl35/ddx49/exosc4/dimt1l/ddx10/tsr3/dkc1/znhit3/polr1f/riok1,57
BP,GO:0006163,purine nucleotide metabolic process,69/3139,231/18773,0.298701299,1.786403148,5.388759749,4.46E-07,0.000105322,9.46E-05,pfkpa/hk2/nnt/pfkma/nme3/atpsckmt/eno2/nudt17/ak1/gapdh/nme5/atp5mea/pgd/haao/atp5if1a/papss1/pgls/atp5pd/hk1/ran/nme2b.1/adpgk/adssl/tigarb/npr1a/adkb/adcy5/atp5f1b/dlst/atp5fa1/atp5meb/kmo/atp5f1d/tpi1a/adcy3a/hint1/adsl/mrpl24/prkag3b/adcy2a/fhit/pfkmb/ampd3a/guk1a/enpp1/atp5pf/gpia/pkmb/atp5f1c/adka/gapdhs/papss2b/gpd1c/atp5po/gucy1a2/bpgm/pfas/nmnat1/ak2/nmnat3/nme9/tkta/nadkb/mdh1aa/atp5mc3b/atp5mf/nudt15/idh1/adss1,69
BP,GO:0009060,aerobic respiration,39/3139,106/18773,0.367924528,2.200397314,5.553369373,5.10E-07,0.000111757,0.000100385,cox4i2/fh/cyc1/atpsckmt/uqcrq/uqcr10/atp5if1a/ndufc2/ndufa8/uqcrh/cox8a/ndufv1/atp5f1b/ndufaf1/dlst/ndufb8/mdh2/cox5aa/ndufs2/suclg1/cox5ba/cln5/uqcrb/cox7a1/cox4i1/atp5po/cox6a2/ndufv3/ndufs8a/ndufa10/cox5b2/cox7b/prkn/cox6a1/sdhdb/mdh1aa/atp5mf/idh1/ndufv2,39
BP,GO:0009205,purine ribonucleoside triphosphate metabolic process,38/3139,103/18773,0.368932039,2.206422799,5.501256136,6.56E-07,0.000129244,0.000116091,pfkpa/hk2/pfkma/nme3/atpsckmt/eno2/ak1/gapdh/nme5/atp5mea/atp5if1a/atp5pd/hk1/ran/nme2b.1/adpgk/tigarb/atp5f1b/dlst/atp5fa1/atp5meb/atp5f1d/tpi1a/mrpl24/prkag3b/pfkmb/enpp1/atp5pf/gpia/pkmb/atp5f1c/gapdhs/atp5po/bpgm/ak2/nme9/atp5mc3b/atp5mf,38
BP,GO:0009144,purine nucleoside triphosphate metabolic process,39/3139,107/18773,0.364485981,2.179832853,5.484065336,6.74E-07,0.000129244,0.000116091,pfkpa/hk2/pfkma/nme3/atpsckmt/eno2/ak1/gapdh/nme5/atp5mea/atp5if1a/atp5pd/hk1/ran/nme2b.1/adpgk/tigarb/atp5f1b/dlst/atp5fa1/atp5meb/atp5f1d/tpi1a/mrpl24/prkag3b/pfkmb/enpp1/atp5pf/gpia/pkmb/atp5f1c/gapdhs/atp5po/bpgm/ak2/nme9/atp5mc3b/atp5mf/nudt15,39
BP,GO:0019646,aerobic electron transport chain,26/3139,59/18773,0.440677966,2.635504128,5.637807132,7.56E-07,0.000136472,0.000122584,cox4i2/cyc1/uqcrq/uqcr10/ndufc2/ndufa8/uqcrh/cox8a/ndufv1/ndufaf1/ndufb8/cox5aa/ndufs2/cox5ba/uqcrb/cox7a1/cox4i1/cox6a2/ndufs8a/ndufa10/cox5b2/cox7b/prkn/cox6a1/sdhdb/ndufv2,26
BP,GO:0006364,rRNA processing,52/3139,161/18773,0.322981366,1.931611721,5.319456195,8.62E-07,0.000136854,0.000122927,las1l/mrm1/mrpl44/tsr1/imp3/srfbp1/nop10/c1d/fcf1/rrs1/mphosph10/utp6/tsr2/riok2/exosc7/rrp36/pop7/mak16/exosc6/bud23/exosc2/emg1/bxdc2/pih1d1/ngdn/wdr75/nop2/mettl5/zgc:86811/rrp1/pak1ip1/wdr3/dcaf13/trmt2b/rpf2/mrto4/ftsj3/ddx54/rrp7a/ybey/pop5/nsun4/sart1/rpl7l1/rpl35/ddx49/dimt1l/ddx10/tsr3/dkc1/znhit3/riok1,52
BP,GO:0009199,ribonucleoside triphosphate metabolic process,40/3139,112/18773,0.357142857,2.135916807,5.402614217,8.97E-07,0.000136854,0.000122927,pfkpa/hk2/pfkma/nme3/atpsckmt/eno2/ak1/gapdh/nme5/atp5mea/atp5if1a/atp5pd/hk1/ran/nme2b.1/adpgk/tigarb/atp5f1b/dlst/atp5fa1/uck2b/atp5meb/atp5f1d/tpi1a/mrpl24/prkag3b/pfkmb/enpp1/atp5pf/gpia/pkmb/atp5f1c/gapdhs/atp5po/bpgm/ak2/ctps1a/nme9/atp5mc3b/atp5mf,40
BP,GO:0042773,ATP synthesis coupled electron transport,27/3139,63/18773,0.428571429,2.563100168,5.568472352,9.16E-07,0.000136854,0.000122927,cox4i2/cyc1/uqcrq/uqcr10/ndufc2/ndufa8/uqcrh/cox8a/ndufv1/ndufaf1/ndufb8/cox5aa/ndufs2/cox5ba/uqcrb/cox7a1/cox4i1/cox6a2/ndufv3/ndufs8a/ndufa10/cox5b2/cox7b/prkn/cox6a1/sdhdb/ndufv2,27
BP,GO:0009259,ribonucleotide metabolic process,61/3139,200/18773,0.305,1.824072953,5.249954091,9.37E-07,0.000136854,0.000122927,pfkpa/cmpk/hk2/pfkma/nme3/atpsckmt/umps/eno2/ak1/gapdh/nme5/atp5mea/cad/atp5if1a/papss1/atp5pd/hk1/exosc2/ran/nme2b.1/adpgk/adssl/tigarb/npr1a/adkb/adcy5/atp5f1b/dlst/atp5fa1/uck2b/atp5meb/atp5f1d/tpi1a/adcy3a/hint1/adsl/mrpl24/prkag3b/adcy2a/dhodh/pfkmb/rfk/ampd3a/enpp1/atp5pf/gpia/pkmb/atp5f1c/adka/gapdhs/papss2b/atp5po/gucy1a2/bpgm/pfas/ak2/ctps1a/nme9/atp5mc3b/atp5mf/adss1,61
CC,GO:0044391,ribosomal subunit,47/3237,141/19331,0.333333333,1.990629183,5.294664733,1.09E-06,3.18E-05,2.78E-05,mrpl44/mrpl30/mrpl10/rpl5a/mrpl58/mrpl43/mrpl34/mrpl22/mrps24/mrps22/mrpl47/mrpl52/mrps35/rps27.1/mrpl41/mrps5/mrps7/mrpl32/mrps31/mrps26/mrpl12/mrpl46/mrpl51/mrps6/mrpl24/mrps14/mrpl2/rpl3/mrpl21/mrps18c/mrps12/rpl19/mrps28/mrpl17/mrpl54/mrps11/nsun4/mrps17/rpl7l1/rpl35/mrpl13/mrps9/rps13/mrpl27/mrps10/rps9/mrpl53,47
BP,GO:1901293,nucleoside phosphate biosynthetic process,64/3139,214/18773,0.299065421,1.788580803,5.19866315,1.10E-06,0.000152763,0.000137217,acacb/cmpk/nme3/atpsckmt/umps/ak1/elovl1b/tyms/elovl7a/nme5/atp5mea/pmm2/uap1/haao/dlat/cad/atp5if1a/papss1/gfpt1/atp5pd/nme2b.1/acss2/adssl/npr1a/adkb/adcy5/atp5f1b/dlst/atp5fa1/uck2b/atp5meb/kmo/atp5f1d/adcy3a/pdhb/adsl/mrpl24/adcy2a/uap1l1/dhodh/rfk/pdk2a/ampd3a/atp5pf/gfus.1/gnpnat1/atp5f1c/mlycd/adka/papss2b/atp5po/gucy1a2/pfas/dtymk/nmnat1/ak2/ctps1a/nmnat3/gfpt2/nme9/nadkb/atp5mc3b/atp5mf/adss1,64
BP,GO:0055086,nucleobase-containing small molecule metabolic process,109/3139,423/18773,0.257683215,1.541091748,5.043580269,1.23E-06,0.000164715,0.000147953,pfkpa/fitm2/acacb/cmpk/hk2/dnph1/zgc:103586/nnt/pfkma/nme3/atpsckmt/umps/eno2/nudt17/pmvk/ak1/elovl1b/tyms/gapdh/elovl7a/nme5/atp5mea/pmm2/pgd/uap1/haao/itpa/dlat/dpys/cad/atp5if1a/papss1/gfpt1/pgls/atp5pd/hk1/exosc2/nt5c1bb/ran/nme2b.1/acsl3b/acss2/adpgk/adssl/tigarb/npr1a/adkb/adcy5/atp5f1b/dlst/atp5fa1/uck2b/atp5meb/kmo/atp5f1d/tpi1a/adcy3a/pdhb/hint1/adsl/mrpl24/naxd/prkag3b/adcy2a/uap1l1/fhit/dhodh/pfkmb/rfk/dctpp1/pdk2a/ampd3a/guk1a/enpp1/atp5pf/gfus.1/gnpnat1/gpia/pkmb/atp5f1c/mlycd/adka/gapdhs/papss2b/gpd1c/macrod1/atp5po/mcee/gucy1a2/bpgm/pfas/dtymk/nmnat1/ak2/ctps1a/cdab/nmnat3/gfpt2/nme9/tkta/nadkb/entpd2a.1/acot20/mdh1aa/atp5mc3b/atp5mf/nudt15/idh1/adss1,109
BP,GO:0009260,ribonucleotide biosynthetic process,42/3139,123/18773,0.341463415,2.04214485,5.195855936,1.89E-06,0.000241963,0.00021734,cmpk/nme3/atpsckmt/umps/ak1/nme5/atp5mea/cad/atp5if1a/papss1/atp5pd/nme2b.1/adssl/npr1a/adkb/adcy5/atp5f1b/dlst/atp5fa1/uck2b/atp5meb/atp5f1d/adcy3a/adsl/mrpl24/adcy2a/dhodh/rfk/ampd3a/atp5pf/atp5f1c/adka/papss2b/atp5po/gucy1a2/pfas/ak2/ctps1a/nme9/atp5mc3b/atp5mf/adss1,42
BP,GO:0046034,ATP metabolic process,33/3139,88/18773,0.375,2.242712647,5.235779882,2.30E-06,0.000274302,0.000246388,pfkpa/hk2/pfkma/atpsckmt/eno2/ak1/gapdh/atp5mea/atp5if1a/atp5pd/hk1/adpgk/tigarb/atp5f1b/dlst/atp5fa1/atp5meb/atp5f1d/tpi1a/mrpl24/prkag3b/pfkmb/enpp1/atp5pf/gpia/pkmb/atp5f1c/gapdhs/atp5po/bpgm/ak2/atp5mc3b/atp5mf,33
BP,GO:0019693,ribose phosphate metabolic process,61/3139,205/18773,0.297560976,1.779583369,5.028897794,2.32E-06,0.000274302,0.000246388,pfkpa/cmpk/hk2/pfkma/nme3/atpsckmt/umps/eno2/ak1/gapdh/nme5/atp5mea/cad/atp5if1a/papss1/atp5pd/hk1/exosc2/ran/nme2b.1/adpgk/adssl/tigarb/npr1a/adkb/adcy5/atp5f1b/dlst/atp5fa1/uck2b/atp5meb/atp5f1d/tpi1a/adcy3a/hint1/adsl/mrpl24/prkag3b/adcy2a/dhodh/pfkmb/rfk/ampd3a/enpp1/atp5pf/gpia/pkmb/atp5f1c/adka/gapdhs/papss2b/atp5po/gucy1a2/bpgm/pfas/ak2/ctps1a/nme9/atp5mc3b/atp5mf/adss1,61
BP,GO:0016071,mRNA metabolic process,118/3139,474/18773,0.248945148,1.48883315,4.830054361,2.89E-06,0.000328923,0.000295451,wdr83/u2af1/rbm4.1/cdk12/syncripl/polr2g/snrpa/pqbp1/khdrbs2/hnrnpa3/prmt7/gemin5/lsm7/srsf1b/zfp36l2/snrpd2/cmtr2/snrnp35/rida/sf3a3/txnl4a/yju2/etf1b/prkrip1/tfip11/exosc7/hnrnpub/pcf11/sf3b2/gli2a/srsf1a/snrpe/snrpd3l/angel2/lsm1/exosc6/larp7/rsrc1/ptbp1a/exosc2/mov10b.2/mov10b.1/edc3/snrpc/snrpa1/fastk/prpf31/ncbp2/cnot7/prpf39/ppil1/cwf19l1/cirbpb/wbp4/slbp/snw1/rbm15/trnau1apb/ddx39ab/eif4a3/rpl22l1/snrpb/clns1a/magoh/mrto4/sf3b3/supv3l1/slu7/smg6/bud31/rbfox2/srsf2a/ddx17/aqr/cstf1/clp1/pus1/ddx5/pan3/igf2bp2a/hnrnpa0l/eftud2/ppwd1/pabpn1l/ssu72/cwc25/sart1/smndc1/syf2/cnot9/skic8/xrn1/xrn2/thoc7/aar2/pus3/isy1/srpk1b/cnot6l/dnajc17/exosc4/lsm4/pcif1/lsm5/dkc1/rest/rbm47/pus7l/pum2/papolg/tbrg4/cdc40/igf2bp1/snrnp27/cpsf3/zmat2/ythdf1/larp1b,118
BP,GO:0140053,mitochondrial gene expression,26/3139,63/18773,0.412698413,2.468170533,5.230289896,3.42E-06,0.000369827,0.000332192,ptcd3/mrpl44/lrpprc/gars1/tsfm/hars/mrpl58/mrpl43/mrps24/mrpl47/mrps18b/mrpl52/coa3a/mrps35/rmnd1/mrps7/mto1/fastk/gfm2/trmt10c/trnt1/mrpl2/rcc1l/supv3l1/gfm1/tbrg4,26
BP,GO:0009165,nucleotide biosynthetic process,49/3139,155/18773,0.316129032,1.890630877,4.988993755,3.50E-06,0.000369827,0.000332192,cmpk/nme3/atpsckmt/umps/ak1/tyms/nme5/atp5mea/haao/cad/atp5if1a/papss1/atp5pd/nme2b.1/adssl/npr1a/adkb/adcy5/atp5f1b/dlst/atp5fa1/uck2b/atp5meb/kmo/atp5f1d/adcy3a/adsl/mrpl24/adcy2a/dhodh/rfk/ampd3a/atp5pf/atp5f1c/adka/papss2b/atp5po/gucy1a2/pfas/dtymk/nmnat1/ak2/ctps1a/nmnat3/nme9/nadkb/atp5mc3b/atp5mf/adss1,49
BP,GO:0007005,mitochondrion organization,64/3139,221/18773,0.28959276,1.731928922,4.904396282,3.65E-06,0.000373123,0.000335153,timm50/oxa1l/uqcc6/sco1/mul2/spata18/ndufaf7/chchd10/tmem126a/adck1/nme3/mcl1b/yme1l1a/timm29/maip1/bnip3lb/lyrm7/rab5if/lyrm2/slc25a4/higd1a/timm22/chchd6a/ndufaf2/pet100/coa3a/timm13/timm10/ppifb/trak1a/samm50/gdap1/dnajc11b/slc25a33/cox17/ndufaf1/dlst/ndufb8/fam162a/uqcc4/atg3/ndufaf4/slc25a42/apoob/agk/mfn1b/tmem186/chchd4a/supv3l1/rhot2/ndufs5/dnajc11a/cox7a1/ndufaf3/ndufs8a/stoml2/zgc:73226/micu1/atp13a2/cox20/prkn/aifm1/mgme1/chchd3a,64
BP,GO:0046390,ribose phosphate biosynthetic process,42/3139,126/18773,0.333333333,1.993522353,5.013884285,3.83E-06,0.000379147,0.000340564,cmpk/nme3/atpsckmt/umps/ak1/nme5/atp5mea/cad/atp5if1a/papss1/atp5pd/nme2b.1/adssl/npr1a/adkb/adcy5/atp5f1b/dlst/atp5fa1/uck2b/atp5meb/atp5f1d/adcy3a/adsl/mrpl24/adcy2a/dhodh/rfk/ampd3a/atp5pf/atp5f1c/adka/papss2b/atp5po/gucy1a2/pfas/ak2/ctps1a/nme9/atp5mc3b/atp5mf/adss1,42
MF,GO:0140098,"catalytic activity, acting on RNA",87/3098,326/18430,0.266871166,1.587616392,4.81180056,3.98E-06,0.001370275,0.001246573,mrm1/mrpl44/eif4a2/gars1/hars/nars2/mars1/mrpl58/ern1/polr2f/polr2d/dhx35/toe1/cmtr2/rpp38/qtrt1/isg20l2/dhx30/aarsd1/nsun2/bud23/rars1/rtcb/mov10b.2/mov10b.1/nars1/emg1/prorsd1/trmt10c/cnot7/ddx31/farsb/nop2/eif4a1a/aars1/tsnax/mettl5/elac1/trnt1/alkbh3/ddx61/dhx29/polr1d/ddx39ab/eif4a3/sars1/yars1/trmt2b/mettl6/polr1h/ftsj3/supv3l1/qars1/polr2h/ddx54/rpp21/lcmt2/vars1/ddx17/lars1b/tyw1/pus1/ddx5/pop5/tars1/nsun4/trmt61b/ddx28/rnasekb/helz2a/xrn1/xrn2/il1rapl1a/ddx49/ddx19b/cnot6l/tarbp1/dimt1l/pcif1/ddx10/tsr3/iars1/thumpd3/slc52a2/g3bp1/farsa/cpsf3,87
MF,GO:0016874,ligase activity,59/3098,199/18430,0.296482412,1.763773678,4.869430439,4.54E-06,0.001370275,0.001246573,acacb/ube3a/sae1/gars1/trim13/hars/nars2/mars1/glulb/cbx4/ubr7/acsbg2/slc27a6/znf451/cad/mthfd1b/uba5/aarsd1/rars1/atp5pd/rtcb/pias2/nars1/acsl3b/lig1/acss2/ass1/uba2/adssl/atp5f1b/pccb/farsb/atp5fa1/atp5f1d/aars1/sars1/yars1/ttll4/suclg1/gcat/qars1/vars1/atp5f1c/lars1b/tars1/atp5po/hlcs/pfas/ube3b/ctps1a/aacs/lig3/iars1/lig4/uba1/tpgs1/farsa/atp5mf/adss1,59
BP,GO:0090407,organophosphate biosynthetic process,97/3139,377/18773,0.25729443,1.538766591,4.735060241,5.00E-06,0.000479384,0.0004306,fitm2/acacb/cmpk/ip6k2a/nme3/atpsckmt/umps/pmvk/ak1/elovl1b/tyms/elovl7a/nme5/atp5mea/pmm2/ip6k1/lpcat1/uap1/haao/abhd4/itpkcb/pth1r/si:ch1073-145m9.1/dlat/cad/atp5if1a/papss1/gfpt1/pip5k1bb/atp5pd/dpm1/nme2b.1/acss2/adssl/bpnt2/tamm41/npr1a/adkb/adcy5/atp5f1b/tpk1/dlst/atp5fa1/uck2b/atp5meb/kmo/atp5f1d/dpm2/zgc:172295/ptdss1a/tpi1a/adcy3a/pdhb/adsl/mrpl24/pigb/adcy2a/uap1l1/dhodh/rfk/pdk2a/ampd3a/atp5pf/gfus.1/gnpnat1/mboat7/ckmb/atp5f1c/mlycd/adka/papss2b/pik3c3/atp5po/gucy1a2/pfas/ckmt1/pigl/chka/dtymk/nmnat1/si:dkey-172j4.3/ttc7a/impa1/ak2/ctps1a/nmnat3/gfpt2/zgc:77375/pcyt1ba/nme9/nadkb/pgap2/bpnt1/ptpmt1/atp5mc3b/atp5mf/adss1,97
BP,GO:0009142,nucleoside triphosphate biosynthetic process,24/3139,57/18773,0.421052632,2.518133499,5.14347638,5.32E-06,0.000494267,0.000443969,nme3/atpsckmt/ak1/tyms/nme5/atp5mea/atp5if1a/atp5pd/nme2b.1/atp5f1b/dlst/atp5fa1/uck2b/atp5meb/atp5f1d/mrpl24/atp5pf/atp5f1c/atp5po/dtymk/ctps1a/nme9/atp5mc3b/atp5mf,24
CC,GO:1990204,oxidoreductase complex,35/3237,99/19331,0.353535354,2.111273376,4.971432648,5.68E-06,0.000156757,0.000136982,cox4i2/cyc1/uqcrq/ndufb10/ndufab1b/gcshb/dlat/ndufc2/ndufa8/uqcrh/cox8a/ndufv1/ndufb5/dlst/ndufb8/hadhb/pdhb/cox5aa/ndufb11/hadhab/ndufs2/ndufs5/cox6b2/uqcrb/ndufb7/ndufs3/cox4i1/cox6a2/ndufv3/ndufs8a/ndufa10/cox6a1/dldh/sdhdb/ndufv2,35
BP,GO:0006399,tRNA metabolic process,51/3139,167/18773,0.305389222,1.826400719,4.806603411,6.77E-06,0.000611036,0.000548855,qng1/rtraf/gars1/hars/nars2/mars1/ssb/polr2f/rpp38/qtrt1/zgc:171971/exosc7/zbtb8os/pop7/aarsd1/nsun2/rars1/rtcb/exosc2/nars1/tprkb/mto1/trmt10c/farsb/aars1/adat1/elac1/trnt1/sars1/yars1/trmt2b/mettl6/qars1/rpp21/lcmt2/vars1/lars1b/tyw1/clp1/pus1/urm1/pop5/tars1/trmt61b/osgep/si:ch211-225b11.4/pus3/tarbp1/iars1/thumpd3/farsa,51
CC,GO:0005681,spliceosomal complex,46/3237,146/19331,0.315068493,1.881553612,4.795120589,7.90E-06,0.000206994,0.000180881,wdr83/u2af1/hnrnpa3/lsm7/snrpd2/snrnp35/sf3a3/txnl4a/yju2/prkrip1/tfip11/ppie/sf3b2/snrpe/snrpd3l/snrpc/snrpa1/prpf31/prpf39/ppil1/cwf19l1/cirbpb/snw1/eif4a3/snrpb/clns1a/magoh/sf3b3/slu7/bud31/aqr/hnrnpa0l/eftud2/ppwd1/cwc25/smndc1/syf2/isy1/dnajc17/lsm4/lsm5/snrnp40/ccdc12/ppil3/cdc40/zmat2,46
BP,GO:0015980,energy derivation by oxidation of organic compounds,55/3139,186/18773,0.295698925,1.768447249,4.719345355,8.76E-06,0.000767595,0.000689482,ppp1r3cb/cox4i2/pask/fh/cyc1/si:ch211-152c8.5/atpsckmt/uqcrq/uqcr10/atp5if1a/slc25a12/ndufc2/ndufa8/uqcrh/pygma/cox8a/ndufv1/atp5f1b/ndufaf1/dlst/ndufb8/tcap/atg3/coq10b/mdh2/mrpl24/cox5aa/slc25a18/mc4r/khk/ndufs2/suclg1/cox5ba/cln5/uqcrb/si:ch211-167b20.8/cox7a1/cox4i1/atp5po/sfxn4/cox6a2/ndufv3/ndufs8a/phka2/ndufa10/cox5b2/mrap2a/cox7b/prkn/cox6a1/sdhdb/mdh1aa/atp5mf/idh1/ndufv2,55
BP,GO:0022904,respiratory electron transport chain,29/3139,78/18773,0.371794872,2.223544163,4.851992189,1.12E-05,0.000958646,0.000861091,cox4i2/cyc1/uqcrq/uqcr10/slc25a12/ndufc2/ndufa8/uqcrh/cox8a/ndufv1/ndufaf1/ndufb8/cox5aa/slc25a18/ndufs2/cox5ba/uqcrb/cox7a1/cox4i1/cox6a2/ndufv3/ndufs8a/ndufa10/cox5b2/cox7b/prkn/cox6a1/sdhdb/ndufv2,29
BP,GO:0009150,purine ribonucleotide metabolic process,53/3139,180/18773,0.294444444,1.760944745,4.596534425,1.44E-05,0.001184539,0.001063996,pfkpa/hk2/pfkma/nme3/atpsckmt/eno2/ak1/gapdh/nme5/atp5mea/atp5if1a/papss1/atp5pd/hk1/ran/nme2b.1/adpgk/adssl/tigarb/npr1a/adkb/adcy5/atp5f1b/dlst/atp5fa1/atp5meb/atp5f1d/tpi1a/adcy3a/hint1/adsl/mrpl24/prkag3b/adcy2a/pfkmb/ampd3a/enpp1/atp5pf/gpia/pkmb/atp5f1c/adka/gapdhs/papss2b/atp5po/gucy1a2/bpgm/pfas/ak2/nme9/atp5mc3b/atp5mf/adss1,53
BP,GO:0007006,mitochondrial membrane organization,21/3139,49/18773,0.428571429,2.563100168,4.909094705,1.47E-05,0.001184539,0.001063996,timm50/oxa1l/timm29/maip1/bnip3lb/slc25a4/timm22/chchd6a/timm13/timm10/ppifb/samm50/dnajc11b/slc25a42/apoob/agk/rhot2/dnajc11a/zgc:73226/micu1/chchd3a,21
BP,GO:0006397,mRNA processing,86/3139,334/18773,0.25748503,1.539906488,4.461069351,1.63E-05,0.001281109,0.001150739,wdr83/u2af1/rbm4.1/cdk12/snrpa/pqbp1/khdrbs2/hnrnpa3/prmt7/gemin5/lsm7/srsf1b/snrpd2/cmtr2/snrnp35/sf3a3/txnl4a/yju2/prkrip1/tfip11/hnrnpub/pcf11/sf3b2/srsf1a/snrpe/snrpd3l/lsm1/larp7/rsrc1/ptbp1a/snrpc/snrpa1/prpf31/ncbp2/prpf39/ppil1/cwf19l1/cirbpb/wbp4/slbp/snw1/rbm15/trnau1apb/ddx39ab/eif4a3/rpl22l1/snrpb/clns1a/magoh/sf3b3/slu7/bud31/rbfox2/srsf2a/ddx17/aqr/cstf1/clp1/ddx5/pan3/hnrnpa0l/eftud2/ppwd1/ssu72/cwc25/sart1/smndc1/syf2/xrn2/thoc7/aar2/isy1/srpk1b/cnot6l/dnajc17/lsm4/pcif1/lsm5/rest/rbm47/pus7l/papolg/cdc40/snrnp27/cpsf3/zmat2,86
CC,GO:0005839,proteasome core complex,13/3237,23/19331,0.565217391,3.375414702,5.11198995,1.71E-05,0.000426092,0.000372338,psma6l/psmb9a/psma3/psmb10/psmb13a/psmb8a/psmb12/psmb1/psmb4/psmb2/psma4/psma8/psmb3,13
BP,GO:0022900,electron transport chain,30/3139,84/18773,0.357142857,2.135916807,4.675294938,2.00E-05,0.001532715,0.001376741,cox4i2/cyc1/uqcrq/uqcr10/slc25a12/ndufc2/ndufa8/uqcrh/cox8a/ndufv1/ndufaf1/ndufb8/cox5aa/slc25a18/ndufs2/cox5ba/uqcrb/cox7a1/cox4i1/cox6a2/ndufv3/ndufs8a/ndufa10/cox5b2/ndufb3/cox7b/prkn/cox6a1/sdhdb/ndufv2,30
MF,GO:0016853,isomerase activity,47/3098,155/18430,0.303225806,1.803890127,4.517789976,2.15E-05,0.004255176,0.003871038,abcc4/echs1/ppiab/ddt/renbp/hsd3b7/pmm2/gnpda1/ppie/ptges3a/ppifb/ppil4/hyi/ppil1/fkbp14/ppib/fkbp1ab/ppid/tpi1a/ppih/fkbp1b/gpia/mif/fkbp1aa/pus1/fkbp10a/ppwd1/ech1/mcee/gstz1/pdia4/bpgm/ebp/pgm5/fkbp7/pus3/fkbp8/dkc1/gale/ppil3/fuom/dct/eci2/pus7l/blm/pin1/ptgdsb.1,47
BP,GO:0009145,purine nucleoside triphosphate biosynthetic process,19/3139,43/18773,0.441860465,2.642576143,4.831775269,2.20E-05,0.001610222,0.001446361,nme3/atpsckmt/nme5/atp5mea/atp5if1a/atp5pd/nme2b.1/atp5f1b/dlst/atp5fa1/atp5meb/atp5f1d/mrpl24/atp5pf/atp5f1c/atp5po/nme9/atp5mc3b/atp5mf,19
BP,GO:0009206,purine ribonucleoside triphosphate biosynthetic process,19/3139,43/18773,0.441860465,2.642576143,4.831775269,2.20E-05,0.001610222,0.001446361,nme3/atpsckmt/nme5/atp5mea/atp5if1a/atp5pd/nme2b.1/atp5f1b/dlst/atp5fa1/atp5meb/atp5f1d/mrpl24/atp5pf/atp5f1c/atp5po/nme9/atp5mc3b/atp5mf,19
BP,GO:0009152,purine ribonucleotide biosynthetic process,35/3139,105/18773,0.333333333,1.993522353,4.574454086,2.38E-05,0.001696961,0.001524272,nme3/atpsckmt/ak1/nme5/atp5mea/atp5if1a/papss1/atp5pd/nme2b.1/adssl/npr1a/adkb/adcy5/atp5f1b/dlst/atp5fa1/atp5meb/atp5f1d/adcy3a/adsl/mrpl24/adcy2a/ampd3a/atp5pf/atp5f1c/adka/papss2b/atp5po/gucy1a2/pfas/ak2/nme9/atp5mc3b/atp5mf/adss1,35
CC,GO:0031248,protein acetyltransferase complex,28/3237,77/19331,0.363636364,2.171595473,4.619743275,2.63E-05,0.000598503,0.000522999,supt20/crebbpa/ruvbl2/jade2/yeats2/naa20/zzz3/tada3l/eny2/crebbpb/epc1a/ep300b/naa15b/msl2b/atxn7l3b/taf5l/brd1b/naa38/phf20b/kansl2/epc1b/ruvbl1/ing3/phf20l1/actl6a/brd8a/brd1a/ep400,28
CC,GO:1902493,acetyltransferase complex,28/3237,77/19331,0.363636364,2.171595473,4.619743275,2.63E-05,0.000598503,0.000522999,supt20/crebbpa/ruvbl2/jade2/yeats2/naa20/zzz3/tada3l/eny2/crebbpb/epc1a/ep300b/naa15b/msl2b/atxn7l3b/taf5l/brd1b/naa38/phf20b/kansl2/epc1b/ruvbl1/ing3/phf20l1/actl6a/brd8a/brd1a/ep400,28
MF,GO:0004879,nuclear receptor activity,28/3098,77/18430,0.363636364,2.163272493,4.597963034,2.82E-05,0.004255176,0.003871038,rxraa/nr4a3/rorcb/vdrb/nr2f6b/pgr/nr1i2/abhd2a/nr1d2a/nr3c2/nr4a2a/ppardb/nr5a2/thrab/esr2a/nr1d4b/nr5a1b/nr2f5/nr1h3/rxrba/nr3c1/raraa/rargb/pparab/esrrga/esrra/rorca/nr2f6a,28
MF,GO:0098531,ligand-activated transcription factor activity,28/3098,77/18430,0.363636364,2.163272493,4.597963034,2.82E-05,0.004255176,0.003871038,rxraa/nr4a3/rorcb/vdrb/nr2f6b/pgr/nr1i2/abhd2a/nr1d2a/nr3c2/nr4a2a/ppardb/nr5a2/thrab/esr2a/nr1d4b/nr5a1b/nr2f5/nr1h3/rxrba/nr3c1/raraa/rargb/pparab/esrrga/esrra/rorca/nr2f6a,28
BP,GO:0006164,purine nucleotide biosynthetic process,40/3139,127/18773,0.31496063,1.883643168,4.47715182,2.92E-05,0.002033786,0.001826821,nme3/atpsckmt/ak1/nme5/atp5mea/haao/atp5if1a/papss1/atp5pd/nme2b.1/adssl/npr1a/adkb/adcy5/atp5f1b/dlst/atp5fa1/atp5meb/kmo/atp5f1d/adcy3a/adsl/mrpl24/adcy2a/ampd3a/atp5pf/atp5f1c/adka/papss2b/atp5po/gucy1a2/pfas/nmnat1/ak2/nmnat3/nme9/nadkb/atp5mc3b/atp5mf/adss1,40
BP,GO:0008380,RNA splicing,82/3139,320/18773,0.25625,1.532520309,4.305202169,3.05E-05,0.002039502,0.001831955,wdr83/u2af1/rtraf/rbm4.1/cdk12/snrpa/pqbp1/khdrbs2/hnrnpa3/prmt7/gemin5/hnrnph1/lsm7/srsf1b/snrpd2/snrnp35/sf3a3/ints5/txnl4a/yju2/prkrip1/tfip11/hnrnpub/zbtb8os/sf3b2/srsf1a/snrpe/snrpd3l/larp7/rsrc1/ptbp1a/rtcb/snrpc/snrpa1/prpf31/ncbp2/prpf39/ppil1/cwf19l1/cirbpb/wbp4/snw1/rbm15/trnau1apb/ddx39ab/hnrnph3/eif4a3/rpl22l1/snrpb/clns1a/magoh/sf3b3/slu7/bud31/rbfox2/srsf2a/ddx17/aqr/clp1/ddx5/hnrnpa0l/eftud2/ppwd1/cwc25/sart1/smndc1/syf2/ahnak/mbnl2/thoc7/mbnl1/aar2/isy1/srpk1b/dnajc17/lsm4/lsm5/rest/rbm47/cdc40/snrnp27/zmat2,82
BP,GO:0009201,ribonucleoside triphosphate biosynthetic process,21/3139,51/18773,0.411764706,2.462586436,4.686475878,3.06E-05,0.002039502,0.001831955,nme3/atpsckmt/nme5/atp5mea/atp5if1a/atp5pd/nme2b.1/atp5f1b/dlst/atp5fa1/uck2b/atp5meb/atp5f1d/mrpl24/atp5pf/atp5f1c/atp5po/ctps1a/nme9/atp5mc3b/atp5mf,21
CC,GO:0071013,catalytic step 2 spliceosome,20/3237,48/19331,0.416666667,2.488286479,4.629937544,3.92E-05,0.000826602,0.000722322,wdr83/hnrnpa3/lsm7/snrpd2/ppie/sf3b2/snrpe/snrpd3l/ppil1/eif4a3/snrpb/magoh/aqr/hnrnpa0l/eftud2/syf2/isy1/snrnp40/ppil3/cdc40,20
CC,GO:0005758,mitochondrial intermembrane space,18/3237,41/19331,0.43902439,2.62180429,4.662078026,4.10E-05,0.000826602,0.000722322,triap1/cmc4/coa7/timm13/ndufa8/cox17/them4/agk/thop1/prelid1a/chchd4a/ndufs5/ciapin1/ndufb7/micu3a/ak2/micu1/prelid1b,18
CC,GO:0031970,organelle envelope lumen,18/3237,41/19331,0.43902439,2.62180429,4.662078026,4.10E-05,0.000826602,0.000722322,triap1/cmc4/coa7/timm13/ndufa8/cox17/them4/agk/thop1/prelid1a/chchd4a/ndufs5/ciapin1/ndufb7/micu3a/ak2/micu1/prelid1b,18
BP,GO:0006754,ATP biosynthetic process,15/3139,31/18773,0.483870968,2.893822771,4.728551147,4.39E-05,0.002864043,0.002572588,atpsckmt/atp5mea/atp5if1a/atp5pd/atp5f1b/dlst/atp5fa1/atp5meb/atp5f1d/mrpl24/atp5pf/atp5f1c/atp5po/atp5mc3b/atp5mf,15
BP,GO:0000375,"RNA splicing, via transesterification reactions",64/3139,238/18773,0.268907563,1.608219713,4.231248699,4.74E-05,0.002907522,0.002611642,wdr83/u2af1/rbm4.1/snrpa/pqbp1/khdrbs2/hnrnpa3/prmt7/gemin5/lsm7/srsf1b/snrpd2/snrnp35/sf3a3/txnl4a/yju2/tfip11/hnrnpub/sf3b2/srsf1a/snrpe/snrpd3l/larp7/rsrc1/snrpc/snrpa1/prpf31/ncbp2/prpf39/ppil1/cwf19l1/cirbpb/wbp4/snw1/rbm15/trnau1apb/ddx39ab/eif4a3/rpl22l1/snrpb/clns1a/magoh/sf3b3/slu7/bud31/rbfox2/srsf2a/ddx17/aqr/ddx5/hnrnpa0l/eftud2/cwc25/sart1/syf2/aar2/isy1/srpk1b/dnajc17/lsm4/lsm5/rest/cdc40/zmat2,64
BP,GO:0000377,"RNA splicing, via transesterification reactions with bulged adenosine as nucleophile",64/3139,238/18773,0.268907563,1.608219713,4.231248699,4.74E-05,0.002907522,0.002611642,wdr83/u2af1/rbm4.1/snrpa/pqbp1/khdrbs2/hnrnpa3/prmt7/gemin5/lsm7/srsf1b/snrpd2/snrnp35/sf3a3/txnl4a/yju2/tfip11/hnrnpub/sf3b2/srsf1a/snrpe/snrpd3l/larp7/rsrc1/snrpc/snrpa1/prpf31/ncbp2/prpf39/ppil1/cwf19l1/cirbpb/wbp4/snw1/rbm15/trnau1apb/ddx39ab/eif4a3/rpl22l1/snrpb/clns1a/magoh/sf3b3/slu7/bud31/rbfox2/srsf2a/ddx17/aqr/ddx5/hnrnpa0l/eftud2/cwc25/sart1/syf2/aar2/isy1/srpk1b/dnajc17/lsm4/lsm5/rest/cdc40/zmat2,64
BP,GO:0000398,"mRNA splicing, via spliceosome",64/3139,238/18773,0.268907563,1.608219713,4.231248699,4.74E-05,0.002907522,0.002611642,wdr83/u2af1/rbm4.1/snrpa/pqbp1/khdrbs2/hnrnpa3/prmt7/gemin5/lsm7/srsf1b/snrpd2/snrnp35/sf3a3/txnl4a/yju2/tfip11/hnrnpub/sf3b2/srsf1a/snrpe/snrpd3l/larp7/rsrc1/snrpc/snrpa1/prpf31/ncbp2/prpf39/ppil1/cwf19l1/cirbpb/wbp4/snw1/rbm15/trnau1apb/ddx39ab/eif4a3/rpl22l1/snrpb/clns1a/magoh/sf3b3/slu7/bud31/rbfox2/srsf2a/ddx17/aqr/ddx5/hnrnpa0l/eftud2/cwc25/sart1/syf2/aar2/isy1/srpk1b/dnajc17/lsm4/lsm5/rest/cdc40/zmat2,64
BP,GO:0006457,protein folding,46/3139,156/18773,0.294871795,1.763500543,4.290744723,4.95E-05,0.002975432,0.002672642,ahsa1b/ppiab/pfdn2/hspa4a/hspa4l/nudcd3/pfdn6/hsp70.3/tbcb/hspe1/hsp90aa1.1/arl2/dnajb5/ppie/tbcc/ptges3a/ppifb/pfdn4/dnajc2/ppil1/ppib/ppid/ppih/grpel1/mesd/hspa5/chchd4a/hsp90b1/hspa14/dnaja1/ttc4/fkbp10a/ppwd1/hspa9/hspa13/pdia4/nudc/tcp1/dnajb12a/pfdn1/calr3a/fkbp8/ppil3/tbce/st13/calr,46
BP,GO:0072521,purine-containing compound metabolic process,84/3139,334/18773,0.251497006,1.50409471,4.165168427,5.05E-05,0.002977934,0.002674889,pfkpa/fitm2/acacb/hk2/nnt/pfkma/nme3/atpsckmt/eno2/nudt17/pmvk/ak1/elovl1b/gapdh/elovl7a/nme5/atp5mea/pgd/haao/dlat/atp5if1a/papss1/pgls/atp5pd/hk1/nt5c1bb/ran/nme2b.1/acsl3b/acss2/adpgk/adssl/tigarb/npr1a/adkb/adcy5/atp5f1b/dlst/atp5fa1/atp5meb/kmo/atp5f1d/tpi1a/adcy3a/pdhb/hint1/adsl/mrpl24/prkag3b/adcy2a/fhit/pfkmb/pdk2a/ampd3a/guk1a/enpp1/atp5pf/gpia/pkmb/atp5f1c/mlycd/adka/gapdhs/papss2b/gpd1c/macrod1/atp5po/mcee/gucy1a2/bpgm/pfas/nmnat1/ak2/nmnat3/nme9/tkta/nadkb/acot20/mdh1aa/atp5mc3b/atp5mf/nudt15/idh1/adss1,84
CC,GO:0000123,histone acetyltransferase complex,25/3237,68/19331,0.367647059,2.195546893,4.429088799,5.66E-05,0.001098522,0.000959938,supt20/crebbpa/ruvbl2/jade2/yeats2/zzz3/tada3l/eny2/crebbpb/epc1a/ep300b/msl2b/atxn7l3b/taf5l/brd1b/phf20b/kansl2/epc1b/ruvbl1/ing3/phf20l1/actl6a/brd8a/brd1a/ep400,25
BP,GO:0061448,connective tissue development,59/3139,216/18773,0.273148148,1.633580817,4.196535374,5.68E-05,0.003290802,0.002955918,edn1/mgp/lrp5/gnptab/sox9a/nog2/marcksb/scfd1/aldh7a1/comp/rspo3/pmm2/sec23b/rflnb/prdm16/plcb3/foxl1/gfpt1/creb3l2/smo/yap1/wnt9a/furinb/uba2/fn1a/irx5a/mtch2/pappa2/cnmd/rflna/skia/tsku/cnbpa/sec13/disc1/rnf2/polr1d/nr5a2/nomo/sec24d/bmp2b/marcksl1b/tfap2b/cdh2/sec23a/arid5b/ilk/notch2/gldc/sparc/sulf2a/msmo1/gpc4/runx2b/fgfrl1a/smc5/esrra/ctsk/ddrgk1,59
BP,GO:0006974,DNA damage response,109/3139,459/18773,0.237472767,1.420221807,4.084220687,5.89E-05,0.003343948,0.003003656,h2ax/fh/prmt6/prkdc/hdac1/msh5/nipblb/spata18/nme3/pole/e2f7/inip/mcm2/smug1/slx1b/mcl1b/pcna/ruvbl2/rmi1/chek2/apex1/yju2/zfyve26/tdg.1/chchd6a/parp2/zgc:85936/msh2/adprs/polq/gadd45ab/atr/pold1/rad21b/si:dkey-74k8.3/lig1/usp1/plk3/sem1/babam1/xpa/uvssa/mpnd/babam2/rad17/dclre1b/eepd1/waca/rfc3/alkbh3/msh6/zgc:112496/ino80db/rpa1/yars1/ssrp1b/eef1e1/chaf1a/smc2/supt16h/cd74b/ino80/nsmce1/paxx/pnkp/ascc1/ube2a/eya3/mcm8/rpa3/cenpx/mlh1/apex2/polk/ercc6/macrod1/si:dkey-9i23.15/hipk2/rtel1/ercc5/vrk1/rad51c/dtymk/tp53/ruvbl1/ddb1/rad50/ikbkg/lig3/gtf2h2/smc5/brcc3/nek4/lig4/uba1/eya1/emsy/mcm10/blm/pin1/mastl/casp2/rnf169/scrt2/gadd45aa/mgme1/rpa2/ep400/pole3,109
CC,GO:0019774,"proteasome core complex, beta-subunit complex",8/3237,11/19331,0.727272727,4.343190946,4.974039636,6.26E-05,0.001171163,0.001023415,psmb9a/psmb10/psmb13a/psmb8a/psmb12/psmb4/psmb2/psmb3,8
MF,GO:0003755,peptidyl-prolyl cis-trans isomerase activity,18/3098,42/18430,0.428571429,2.549571152,4.519195265,6.38E-05,0.008254219,0.007509067,ppiab/ppie/ppifb/ppil4/ppil1/fkbp14/ppib/fkbp1ab/ppid/ppih/fkbp1b/fkbp1aa/fkbp10a/ppwd1/fkbp7/fkbp8/ppil3/pin1,18
BP,GO:0006520,amino acid metabolic process,62/3139,231/18773,0.268398268,1.605173843,4.146901567,6.55E-05,0.003653373,0.003281593,pycr3/fh/got2a/si:ch211-217a12.1/gars1/zgc:172121/hars/nars2/mars1/glulb/accs/agmat/ddo/psph/pah/bhmt/ttc36/gcshb/haao/cad/gfpt1/aarsd1/rars1/nars1/ass1/fah/dlst/farsb/kmo/aars1/adi1/nos1/shmt1/hmgcll1/hibadhb/sars1/yars1/tha1/gcat/qars1/vars1/lars1b/gpt/cbsb/tars1/upb1/gstz1/shmt2/gldc/pfas/otc/hpda/ilvbl/mtr/blmh/got1/ctps1a/asrgl1/iars1/gfpt2/dct/farsa,62
MF,GO:0016859,cis-trans isomerase activity,19/3098,46/18430,0.413043478,2.457195386,4.448042047,7.41E-05,0.008387223,0.007630063,ppiab/ppie/ppifb/ppil4/ppil1/fkbp14/ppib/fkbp1ab/ppid/ppih/fkbp1b/fkbp1aa/fkbp10a/ppwd1/gstz1/fkbp7/fkbp8/ppil3/pin1,19
CC,GO:0098800,inner mitochondrial membrane protein complex,16/3237,36/19331,0.444444444,2.654172245,4.455176013,9.12E-05,0.001647981,0.00144008,timm50/timm29/timm22/micos10/chchd6a/dnajc15/smdt1b/apoob/pam16/grpel1/agk/afg3l2/immp2l/micu3a/micu1/chchd3a,16
BP,GO:0019362,pyridine nucleotide metabolic process,29/3139,87/18773,0.333333333,1.993522353,4.161931937,0.000114928,0.006185941,0.005556438,pfkpa/hk2/nnt/pfkma/eno2/nudt17/gapdh/pgd/haao/pgls/hk1/adpgk/tigarb/kmo/tpi1a/naxd/prkag3b/pfkmb/gpia/pkmb/gapdhs/gpd1c/bpgm/nmnat1/nmnat3/tkta/nadkb/mdh1aa/idh1,29
BP,GO:0046496,nicotinamide nucleotide metabolic process,29/3139,87/18773,0.333333333,1.993522353,4.161931937,0.000114928,0.006185941,0.005556438,pfkpa/hk2/nnt/pfkma/eno2/nudt17/gapdh/pgd/haao/pgls/hk1/adpgk/tigarb/kmo/tpi1a/naxd/prkag3b/pfkmb/gpia/pkmb/gapdhs/gpd1c/bpgm/nmnat1/nmnat3/tkta/nadkb/mdh1aa/idh1,29
BP,GO:0033365,protein localization to organelle,84/3139,342/18773,0.245614035,1.468911208,3.921435656,0.000121107,0.006406138,0.005754227,timm50/nup88/fam53b/oxa1l/snf8/ttk/tomm40/nipblb/gnptab/bicd2/zgc:56596/kpnb1/ttc21b/kpna2/tctn1/timm29/maip1/tasorb/rpain/wdr83os/timm22/srp9/pex12/spdl1/odf2a/kdelr3/pex14/nphp4/larp7/timm13/timm10/ift56/ran/dnajc15/srprb/vps25/samm50/gdap1/camlg/lmna/glmp/lmnl3/nutf2/ssr3/kdelr2a/pttg1ipa/pam16/c2cd3/grpel1/sec13/agk/nkd1/rpa1/chchd4a/ankrd13c/arl5a/tram2/sec61a1a/immp2l/cttnbp2nlb/kpna5/sgta/insig1/vps36/zfand2a/rab6ba/emc10/srp14/vrk1/entr1/arl5c/vps28/stam/nup35/msna/sec61g/sec61b/nf2a/vps13a/bbs4/bbip1/dclk3/ddrgk1/tnksa,84
BP,GO:0015986,proton motive force-driven ATP synthesis,13/3139,27/18773,0.481481481,2.879532288,4.379184504,0.000151577,0.007881995,0.007079895,atpsckmt/atp5mea/atp5if1a/atp5pd/atp5f1b/atp5fa1/atp5meb/atp5f1d/atp5pf/atp5f1c/atp5po/atp5mc3b/atp5mf,13
CC,GO:0015934,large ribosomal subunit,28/3237,84/19331,0.333333333,1.990629183,4.080604611,0.000153652,0.002683785,0.002345212,mrpl44/mrpl30/mrpl10/rpl5a/mrpl58/mrpl43/mrpl34/mrpl22/mrpl47/mrpl52/mrpl41/mrpl32/mrpl12/mrpl46/mrpl51/mrpl24/mrpl2/rpl3/mrpl21/rpl19/mrpl17/mrpl54/nsun4/rpl7l1/rpl35/mrpl13/mrpl27/mrpl53,28
CC,GO:0120114,Sm-like protein family complex,23/3237,64/19331,0.359375,2.146147088,4.118874619,0.000164845,0.002786412,0.002434892,snrpa/gemin5/lsm7/snrpd2/txnl4a/sf3b2/snrpe/snrpd3l/lsm1/snrpc/snrpa1/prpf31/prpf39/snrpb/clns1a/sf3b3/cd2bp2/eftud2/sart1/lsm4/lsm5/gemin7/zmat2,23
MF,GO:0004812,aminoacyl-tRNA ligase activity,17/3098,41/18430,0.414634146,2.466658269,4.226043796,0.000166021,0.015041472,0.013683598,gars1/hars/nars2/mars1/aarsd1/rars1/nars1/farsb/aars1/sars1/yars1/qars1/vars1/lars1b/tars1/iars1/farsa,17
MF,GO:0016875,"ligase activity, forming carbon-oxygen bonds",17/3098,41/18430,0.414634146,2.466658269,4.226043796,0.000166021,0.015041472,0.013683598,gars1/hars/nars2/mars1/aarsd1/rars1/nars1/farsb/aars1/sars1/yars1/qars1/vars1/lars1b/tars1/iars1/farsa,17
BP,GO:0051216,cartilage development,54/3139,201/18773,0.268656716,1.606719509,3.875007323,0.000182252,0.00931917,0.008370818,edn1/mgp/lrp5/gnptab/sox9a/nog2/marcksb/scfd1/aldh7a1/pmm2/sec23b/rflnb/prdm16/plcb3/foxl1/gfpt1/creb3l2/smo/yap1/wnt9a/furinb/uba2/fn1a/irx5a/pappa2/cnmd/rflna/skia/tsku/cnbpa/sec13/disc1/rnf2/polr1d/nr5a2/nomo/sec24d/bmp2b/marcksl1b/tfap2b/cdh2/sec23a/notch2/gldc/sparc/sulf2a/msmo1/gpc4/runx2b/fgfrl1a/smc5/esrra/ctsk/ddrgk1,54
BP,GO:0070972,protein localization to endoplasmic reticulum,16/3139,38/18773,0.421052632,2.518133499,4.197500822,0.000194855,0.009800268,0.008802958,zgc:56596/srp9/kdelr3/srprb/ssr3/kdelr2a/ankrd13c/tram2/sec61a1a/sgta/insig1/zfand2a/srp14/sec61g/sec61b/ddrgk1,16
BP,GO:0072527,pyrimidine-containing compound metabolic process,18/3139,46/18773,0.391304348,2.340221893,4.077907735,0.000240975,0.011924353,0.010710888,cmpk/zgc:103586/thtpa/nme3/umps/tyms/nme5/dpys/cad/nme2b.1/tpk1/uck2b/dhodh/dctpp1/dtymk/ctps1a/cdab/nme9,18
MF,GO:0016776,"phosphotransferase activity, phosphate group as acceptor",15/3098,35/18430,0.428571429,2.549571152,4.124656962,0.000257979,0.020891274,0.019005307,cmpk/ip6k2a/nme3/pmvk/ak1/nme5/ip6k1/nme2b.1/zgc:86811/ak8/guk1a/dtymk/ak7b/ak2/nme9,15
BP,GO:0140694,non-membrane-bounded organelle assembly,66/3139,261/18773,0.252873563,1.512327302,3.73471065,0.00025935,0.012629914,0.011344649,fhod3a/fitm2/ttn.1/rpl5a/chchd10/cxcr4a/racgap1/ppp2r3a/mybphb/sac3d1/hsp90aa1.1/haus3/orai1b/haus6/prc1b/tmod1/rps27.1/smo/rab11fip5a/plk4/flncb/mybpc2b/edc3/erbb2/mrps7/ccdc61/bxdc2/kif11/tnnt1/si:ch211-161h7.4/myot/myom2a/tcap/alms1/tnnt3b/c2cd3/cep44/lsm14aa/ddx61/rnf2/nip7/rpf2/mrto4/c1qbp/smyd1b/thrab/rrp7a/igfn1.3/rttn/lzts2a/cenpx/pan3/sbds/csrp1a/ddx28/plecb/tpm4a/bin2a/pgm5/tfpi2/tango2/lsm4/si:ch1073-416j23.1/ttn.2/g3bp1/mpv17l2,66
MF,GO:0016410,N-acyltransferase activity,26/3098,78/18430,0.333333333,1.982999785,3.910670365,0.000276706,0.020891274,0.019005307,hdac1/si:dkey-76k16.5/nmt1a/crebbpa/aldh7a1/alas2/naa20/naa60/crebbpb/nat14/ep300b/alas1/plaat1l/esco1/cers1/aanat1/sat2b/hat1/gnpnat1/si:dkey-76k16.6/nat9/cers6/sat1b/nat8l/cers5/tlcd3ba,26
BP,GO:0071826,protein-RNA complex organization,37/3139,126/18773,0.293650794,1.756198264,3.816210654,0.000282474,0.013541088,0.012163099,rpl5a/prmt7/gemin5/eif3eb/snrpd2/ruvbl2/yju2/tfip11/snrpe/rps27.1/snrpd3l/ptges3a/mrps7/bxdc2/snrpc/pih1d1/prpf31/prpf39/eif2s3/trnau1apb/rpf2/clns1a/mrto4/mcts1/rrp7a/clp1/ddx28/eif3ba/aar2/ruvbl1/isy1/srpk1b/dnajc17/lsm4/eif3c/znhit3/denr,37
CC,GO:0097526,spliceosomal tri-snRNP complex,12/3237,25/19331,0.48,2.866506024,4.188017884,0.000286731,0.004695226,0.004102899,lsm7/snrpd2/txnl4a/snrpe/snrpd3l/prpf31/snrpb/eftud2/sart1/lsm4/lsm5/zmat2,12
BP,GO:0072522,purine-containing compound biosynthetic process,48/3139,177/18773,0.271186441,1.621848694,3.724581381,0.000319457,0.015078355,0.013543929,acacb/nme3/atpsckmt/ak1/elovl1b/elovl7a/nme5/atp5mea/haao/dlat/atp5if1a/papss1/atp5pd/nme2b.1/acss2/adssl/npr1a/adkb/adcy5/atp5f1b/dlst/atp5fa1/atp5meb/kmo/atp5f1d/adcy3a/pdhb/adsl/mrpl24/adcy2a/pdk2a/ampd3a/atp5pf/atp5f1c/mlycd/adka/papss2b/atp5po/gucy1a2/pfas/nmnat1/ak2/nmnat3/nme9/nadkb/atp5mc3b/atp5mf/adss1,48
BP,GO:0018208,peptidyl-proline modification,11/3139,22/18773,0.5,2.99028353,4.185332342,0.000324536,0.015086,0.013550795,ppiab/ppie/ppifb/ppil4/ppil1/ppib/ppid/ppih/ntmt1/ppwd1/ppil3,11
CC,GO:0045259,proton-transporting ATP synthase complex,11/3237,22/19331,0.5,2.985943775,4.179782431,0.000328922,0.005222878,0.004563985,atp5mea/atp5pd/atp5f1b/atp5fa1/atp5meb/atp5f1d/atp5pf/atp5f1c/atp5md/atp5mc3b/atp5mf,11
BP,GO:0072524,pyridine-containing compound metabolic process,29/3139,92/18773,0.315217391,1.885178747,3.813648906,0.000340654,0.015598905,0.014011506,pfkpa/hk2/nnt/pfkma/eno2/nudt17/gapdh/pgd/haao/pgls/hk1/adpgk/tigarb/kmo/tpi1a/naxd/prkag3b/pfkmb/gpia/pkmb/gapdhs/gpd1c/bpgm/nmnat1/nmnat3/tkta/nadkb/mdh1aa/idh1,29
BP,GO:0033108,mitochondrial respiratory chain complex assembly,22/3139,63/18773,0.349206349,2.088451989,3.877560076,0.00035469,0.016002779,0.01437428,uqcc6/sco1/ndufaf7/tmem126a/lyrm7/lyrm2/ndufaf2/pet100/coa3a/samm50/cox17/ndufaf1/ndufb8/uqcc4/ndufaf4/tmem186/chchd4a/ndufs5/ndufaf3/ndufs8a/cox20/aifm1,22
BP,GO:0006839,mitochondrial transport,31/3139,101/18773,0.306930693,1.835619593,3.773025658,0.000366485,0.0162953,0.014637033,slc25a15a/slc25a32b/timm50/tomm40/timm29/bnip3lb/slc25a4/timm22/slc25a51a/timm13/timm10/slc25a12/dnajc15/ppifb/mpc1/samm50/slc25a33/smdt1b/pam16/grpel1/agk/slc25a18/slc25a15b/chchd4a/rhot2/vdac2/sfxn4/micu3a/zgc:73226/micu1/sfxn1,31
MF,GO:0005501,retinoid binding,9/3098,16/18430,0.5625,3.346312137,4.220499911,0.00038889,0.025166771,0.022894831,opn3/crabp1a/crabp2b/rho/rbp4/cyp27c1/rbp4l/opn5/ptgdsb.1,9
MF,GO:0019840,isoprenoid binding,9/3098,16/18430,0.5625,3.346312137,4.220499911,0.00038889,0.025166771,0.022894831,opn3/crabp1a/crabp2b/rho/rbp4/cyp27c1/rbp4l/opn5/ptgdsb.1,9
CC,GO:0030964,NADH dehydrogenase complex,16/3237,40/19331,0.4,2.38875502,3.943061449,0.000400967,0.006003048,0.005245733,ndufb10/ndufab1b/ndufc2/ndufa8/ndufv1/ndufb5/ndufb8/ndufb11/ndufs2/ndufs5/ndufb7/ndufs3/ndufv3/ndufs8a/ndufa10/ndufv2,16
CC,GO:0045271,respiratory chain complex I,16/3237,40/19331,0.4,2.38875502,3.943061449,0.000400967,0.006003048,0.005245733,ndufb10/ndufab1b/ndufc2/ndufa8/ndufv1/ndufb5/ndufb8/ndufb11/ndufs2/ndufs5/ndufb7/ndufs3/ndufv3/ndufs8a/ndufa10/ndufv2,16
BP,GO:0043039,tRNA aminoacylation,17/3139,44/18773,0.386363636,2.310673637,3.9001336,0.000425083,0.018630797,0.016734861,gars1/hars/nars2/mars1/aarsd1/rars1/nars1/farsb/aars1/sars1/yars1/qars1/vars1/lars1b/tars1/iars1/farsa,17
BP,GO:0007007,inner mitochondrial membrane organization,14/3139,33/18773,0.424242424,2.537210268,3.960238396,0.000442424,0.019117688,0.017172204,oxa1l/timm29/maip1/timm22/chchd6a/timm13/timm10/samm50/dnajc11b/apoob/agk/dnajc11a/micu1/chchd3a,14
CC,GO:0097525,spliceosomal snRNP complex,19/3237,52/19331,0.365384615,2.182035836,3.827765657,0.000467792,0.006808979,0.005949992,snrpa/lsm7/snrpd2/txnl4a/sf3b2/snrpe/snrpd3l/snrpc/snrpa1/prpf31/prpf39/snrpb/sf3b3/cd2bp2/eftud2/sart1/lsm4/lsm5/zmat2,19
BP,GO:0006403,RNA localization,27/3139,85/18773,0.317647059,1.899709537,3.725171321,0.00046897,0.019983336,0.017949761,nup88/rae1/sarnp/alyref/eny2/nxt2/thoc3/phax/ran/sem1/ncbp2/nutf2/ndc1/eif4eb/sec13/slbp/ddx39ab/eif4a3/magoh/igf2bp2a/thoc7/poldip3/ddx19b/nup35/znhit3/igf2bp1/stau2,27
BP,GO:0006418,tRNA aminoacylation for protein translation,16/3139,41/18773,0.390243902,2.333879828,3.831178929,0.000546836,0.022982112,0.020643371,gars1/hars/nars2/mars1/rars1/nars1/farsb/aars1/sars1/yars1/qars1/vars1/lars1b/tars1/iars1/farsa,16
MF,GO:0140101,"catalytic activity, acting on a tRNA",34/3098,116/18430,0.293103448,1.743672225,3.611695578,0.000558812,0.033752261,0.030705264,gars1/hars/nars2/mars1/mrpl58/rpp38/qtrt1/aarsd1/nsun2/rars1/nars1/prorsd1/trmt10c/farsb/aars1/elac1/trnt1/sars1/yars1/trmt2b/qars1/rpp21/lcmt2/vars1/lars1b/tyw1/pus1/pop5/tars1/trmt61b/tarbp1/iars1/thumpd3/farsa,34
BP,GO:0043038,amino acid activation,17/3139,45/18773,0.377777778,2.259325334,3.789783263,0.000577771,0.023954071,0.02151642,gars1/hars/nars2/mars1/aarsd1/rars1/nars1/farsb/aars1/sars1/yars1/qars1/vars1/lars1b/tars1/iars1/farsa,17
CC,GO:0030532,small nuclear ribonucleoprotein complex,19/3237,53/19331,0.358490566,2.140865348,3.729895071,0.000615977,0.008723563,0.007623041,snrpa/lsm7/snrpd2/txnl4a/sf3b2/snrpe/snrpd3l/snrpc/snrpa1/prpf31/prpf39/snrpb/sf3b3/cd2bp2/eftud2/sart1/lsm4/lsm5/zmat2,19
MF,GO:0051287,NAD binding,18/3098,49/18430,0.367346939,2.185346702,3.734659865,0.000636353,0.036033463,0.032780529,grhpra/zgc:136493/gapdh/sirt2/cryl1/gpd1l/ndufv1/sirt5/hadhab/hibadhb/ctbp2a/ndufs2/sirt6/gapdhs/gpd1c/si:dkey-103i16.6/sirt3/idh1,18
BP,GO:0002063,chondrocyte development,7/3139,11/18773,0.636363636,3.805815402,4.170918928,0.000639539,0.026039593,0.023389712,gnptab/pmm2/rflnb/gfpt1/rflna/tsku/sulf2a,7
BP,GO:0032787,monocarboxylic acid metabolic process,76/3139,319/18773,0.238244514,1.424837293,3.429166665,0.000653425,0.026039593,0.023389712,fasn2/lipg/pfkpa/echs1/acacb/hk2/ldhba/hacd1/hsd17b4/acadm/olah/pfkma/eno2/ptgr1.1/elovl1b/hacd3/gapdh/elovl7a/abhd2a/faah/acsbg2/decr2/pgd/lpin1a/acad11/ndufab1b/tecrb/haao/slc27a6/dlat/oxsm/hk1/cryl1/ptges3a/acsl3b/mpc1/hsd17b10/acss2/adpgk/fah/hyi/tigarb/kmo/tpi1a/hadhb/pdhb/ppardb/hadhab/prkag3b/hsd17b12a/lpin2/pfkmb/zgc:85777/rdh10a/pdk2a/gpia/pkmb/mlycd/gapdhs/acadl/ech1/bpgm/ilvbl/pparab/acsf3/acads/aacs/hoga1/echdc2/mecr/tysnd1/mcat/dldh/acot20/idh1/ptgr2,76
BP,GO:0022618,protein-RNA complex assembly,35/3139,122/18773,0.286885246,1.715736452,3.553839965,0.000653536,0.026039593,0.023389712,rpl5a/prmt7/gemin5/eif3eb/snrpd2/ruvbl2/yju2/snrpe/rps27.1/snrpd3l/ptges3a/mrps7/bxdc2/snrpc/pih1d1/prpf31/prpf39/eif2s3/trnau1apb/rpf2/clns1a/mrto4/mcts1/rrp7a/clp1/ddx28/eif3ba/aar2/ruvbl1/isy1/srpk1b/lsm4/eif3c/znhit3/denr,35
MF,GO:0016747,"acyltransferase activity, transferring groups other than amino-acyl groups",55/3098,215/18430,0.255813953,1.521837044,3.459646567,0.00068181,0.036336471,0.033056184,fasn2/hdac1/si:dkey-76k16.5/zdhhc14/nmt1a/mogat3b/prdx6/crebbpa/aldh7a1/lcat/elovl1b/alas2/elovl7a/zdhhc23b/naa20/sirt2/lpcat1/abhd4/naa60/dlat/oxsm/crebbpb/nat14/ep300b/sirt5/alas1/dlst/hadhb/zdhhc8b/zdhhc20a/pafah1b3/plaat1l/esco1/cers1/agpat4/acat2/gcat/aanat1/sat2b/hat1/gnpnat1/mboat7/si:dkey-76k16.6/nat9/cers6/osgep/sat1b/casd1/gpat2/nat8l/crata/cers5/mcat/sptlc1/tlcd3ba,55
BP,GO:0090151,establishment of protein localization to mitochondrial membrane,8/3139,14/18773,0.571428571,3.417466891,4.054483971,0.00069915,0.027499904,0.024701417,oxa1l/timm29/maip1/timm22/timm13/timm10/samm50/agk,8
MF,GO:0016407,acetyltransferase activity,24/3098,74/18430,0.324324324,1.929405196,3.601008263,0.000732378,0.036863006,0.033535185,hdac1/crebbpa/aldh7a1/naa20/lpcat1/naa60/dlat/crebbpb/nat14/ep300b/hadhb/pafah1b3/esco1/acat2/gcat/aanat1/sat2b/hat1/gnpnat1/nat9/sat1b/casd1/nat8l/crata,24
BP,GO:0045892,negative regulation of DNA-templated transcription,81/3139,346/18773,0.234104046,1.400074947,3.365642361,0.000778552,0.028608449,0.025697153,bhlhe40/samd1a/prmt6/per2/hdac1/hdac4/ciarta/kctd15a/zc3h4/znf703/gata1a/sox9a/e2f7/cry1a/vdrb/cbx4/cry1b/nr2f6b/ruvbl2/nr1i2/sirt2/bend3/sox10/cbx7a/kank2/cbfa2t2/cbfa2t3/foxl1/osr1/skor1a/smad1/znf503/zbtb25/flcn/smad2/smarce1/supt5h/zbtb34/id3/cbx7b/cipcb/mideasb/id4/ldb2a/lhx1a/skia/ppardb/cnbpa/brms1/rnf2/riox1/men1/sars1/zeb2b/thrab/nr1d4b/mkxa/zbtb20/nr1h3/rxrba/cry2/bcor/raraa/ehmt1b/brms1la/rargb/zbtb37/pparab/vgll4l/mbd3b/osr2/rest/nab2/ncor2/gatad2b/scrt2/impact/runx1t1/atf4a/kctd1/nr2f6a,81
BP,GO:1902679,negative regulation of RNA biosynthetic process,81/3139,346/18773,0.234104046,1.400074947,3.365642361,0.000778552,0.028608449,0.025697153,bhlhe40/samd1a/prmt6/per2/hdac1/hdac4/ciarta/kctd15a/zc3h4/znf703/gata1a/sox9a/e2f7/cry1a/vdrb/cbx4/cry1b/nr2f6b/ruvbl2/nr1i2/sirt2/bend3/sox10/cbx7a/kank2/cbfa2t2/cbfa2t3/foxl1/osr1/skor1a/smad1/znf503/zbtb25/flcn/smad2/smarce1/supt5h/zbtb34/id3/cbx7b/cipcb/mideasb/id4/ldb2a/lhx1a/skia/ppardb/cnbpa/brms1/rnf2/riox1/men1/sars1/zeb2b/thrab/nr1d4b/mkxa/zbtb20/nr1h3/rxrba/cry2/bcor/raraa/ehmt1b/brms1la/rargb/zbtb37/pparab/vgll4l/mbd3b/osr2/rest/nab2/ncor2/gatad2b/scrt2/impact/runx1t1/atf4a/kctd1/nr2f6a,81
BP,GO:0006281,DNA repair,80/3139,341/18773,0.234604106,1.403065586,3.365755426,0.000781838,0.028608449,0.025697153,h2ax/fh/prmt6/prkdc/msh5/nipblb/nme3/pole/inip/mcm2/smug1/slx1b/pcna/ruvbl2/rmi1/apex1/zfyve26/tdg.1/parp2/zgc:85936/msh2/adprs/polq/atr/pold1/rad21b/lig1/usp1/sem1/babam1/xpa/uvssa/mpnd/babam2/rad17/dclre1b/eepd1/rfc3/alkbh3/msh6/zgc:112496/ino80db/rpa1/ssrp1b/chaf1a/supt16h/ino80/nsmce1/paxx/pnkp/ascc1/ube2a/eya3/mcm8/rpa3/cenpx/mlh1/apex2/polk/ercc6/rtel1/ercc5/rad51c/dtymk/tp53/ruvbl1/ddb1/rad50/lig3/gtf2h2/smc5/brcc3/lig4/eya1/emsy/blm/rnf169/mgme1/rpa2/ep400,80
BP,GO:0050657,nucleic acid transport,25/3139,79/18773,0.316455696,1.892584513,3.5622767,0.000795551,0.028608449,0.025697153,nup88/rae1/sarnp/alyref/eny2/nxt2/thoc3/phax/ran/sem1/ncbp2/nutf2/ndc1/eif4eb/sec13/slbp/ddx39ab/eif4a3/magoh/igf2bp2a/thoc7/poldip3/ddx19b/nup35/igf2bp1,25
BP,GO:0050658,RNA transport,25/3139,79/18773,0.316455696,1.892584513,3.5622767,0.000795551,0.028608449,0.025697153,nup88/rae1/sarnp/alyref/eny2/nxt2/thoc3/phax/ran/sem1/ncbp2/nutf2/ndc1/eif4eb/sec13/slbp/ddx39ab/eif4a3/magoh/igf2bp2a/thoc7/poldip3/ddx19b/nup35/igf2bp1,25
BP,GO:0051236,establishment of RNA localization,25/3139,79/18773,0.316455696,1.892584513,3.5622767,0.000795551,0.028608449,0.025697153,nup88/rae1/sarnp/alyref/eny2/nxt2/thoc3/phax/ran/sem1/ncbp2/nutf2/ndc1/eif4eb/sec13/slbp/ddx39ab/eif4a3/magoh/igf2bp2a/thoc7/poldip3/ddx19b/nup35/igf2bp1,25
BP,GO:0032870,cellular response to hormone stimulus,58/3139,232/18773,0.25,1.495141765,3.40034398,0.000799537,0.028608449,0.025697153,hamp/ncoa2/rxraa/nr4a3/ghra/pgr/abhd2a/pah/slc39a14/lepr/tns2a/lpin1a/kank2/rab13/nr3c2/pik3r3b/irs2b/vtg2/nr4a2a/ppardb/tsc2/crabp2b/ncoa1/lpin2/nr5a2/stat5a/asip2b/avpr1ab/dhrs3a/gsk3aa/grb10b/thrab/pik3r1/esr2a/nupr1b/nr1d4b/nr5a1b/lman1/socs7/strn3/rxrba/insig1/nr3c1/rps6kb1b/cnot9/jak2b/c9/nfe2l2a/raraa/vtg7/pitx2/rargb/pparab/esrrga/igf2b/serpinc1/esrra/ptger4c,58
BP,GO:0016054,organic acid catabolic process,44/3139,165/18773,0.266666667,1.594817883,3.438682012,0.000811257,0.028608449,0.025697153,echs1/got2a/si:ch211-217a12.1/hsd17b4/acadm/ddo/renbp/abhd2a/faah/pah/gnpda1/decr2/pgd/lpin1a/acad11/gcshb/haao/fah/dlst/kmo/hadhb/aldh1l2/nos1/hadhab/hmgcll1/hibadhb/lpin2/zgc:85777/tha1/gcat/gpt/acadl/ech1/gstz1/gldc/hpda/ilvbl/blmh/acads/hoga1/asrgl1/echdc2/tysnd1/aldh1l1,44
BP,GO:0046395,carboxylic acid catabolic process,44/3139,165/18773,0.266666667,1.594817883,3.438682012,0.000811257,0.028608449,0.025697153,echs1/got2a/si:ch211-217a12.1/hsd17b4/acadm/ddo/renbp/abhd2a/faah/pah/gnpda1/decr2/pgd/lpin1a/acad11/gcshb/haao/fah/dlst/kmo/hadhb/aldh1l2/nos1/hadhab/hmgcll1/hibadhb/lpin2/zgc:85777/tha1/gcat/gpt/acadl/ech1/gstz1/gldc/hpda/ilvbl/blmh/acads/hoga1/asrgl1/echdc2/tysnd1/aldh1l1,44
BP,GO:0072594,establishment of protein localization to organelle,49/3139,189/18773,0.259259259,1.550517386,3.408381657,0.000842661,0.02927547,0.026296294,timm50/nup88/fam53b/oxa1l/snf8/tomm40/nipblb/gnptab/zgc:56596/kpnb1/kpna2/timm29/maip1/rpain/timm22/srp9/pex12/pex14/timm13/timm10/ran/dnajc15/srprb/vps25/samm50/gdap1/nutf2/ssr3/pttg1ipa/pam16/grpel1/sec13/agk/nkd1/chchd4a/tram2/sec61a1a/immp2l/kpna5/sgta/vps36/zfand2a/srp14/vps28/stam/nup35/sec61g/sec61b/vps13a,49
BP,GO:0044282,small molecule catabolic process,55/3139,218/18773,0.252293578,1.508858662,3.386186046,0.000854525,0.02927547,0.026296294,pfkpa/echs1/got2a/si:ch211-217a12.1/zgc:103586/hsd17b4/acadm/pfkma/cyp24a1/ddo/renbp/abhd2a/faah/pah/gnpda1/decr2/pgd/lpin1a/acad11/gcshb/haao/fah/si:dkey-224e22.2/dlst/kmo/zgc:172295/tpi1a/hadhb/aldh1l2/nos1/hadhab/hmgcll1/hibadhb/lpin2/pfkmb/zgc:85777/tkfc/tha1/gcat/gpt/acadl/ech1/gstz1/gldc/hpda/ilvbl/blmh/acads/hoga1/asrgl1/echdc2/cdab/gale/tysnd1/aldh1l1,55
BP,GO:0009968,negative regulation of signal transduction,105/3139,470/18773,0.223404255,1.33608413,3.306371675,0.000858798,0.02927547,0.026296294,fsta/dusp1/dusp4/cptp/ptch2/dact3a/cerkl/tp53bp2b/nog2/si:ch211-195b15.8/il17rd/nme5/rspo3/spry1/slc25a4/cdk5rap3/tns2a/yju2/sesn1/ddit4/kank2/si:ch211-194k22.8/tollip/dusp16/skor1a/rgs7bpa/tnfaip8l1/nkd2b/nkd2a/nphp4/rgs6/herpud1/ptbp1a/supt5h/nlk1/vax2/tle3b/aplnrb/dusp7/ldb2a/skia/crtc3/tsc2/rnf2/pak1ip1/kif7/nkd1/tbc1d7/lgr4/nomo/cd74b/gsk3aa/grb10b/spred2b/aida/eya3/pebp1/nedd4a/inppl1a/otud5b/socs7/strn3/tnip1/ptpn2b/lzts2a/chac1/si:ch211-284o19.8/insig1/tank/cdon/vwc2/gramd4a/cnot9/chrdl2/tle2b/bcor/numbl/sulf2a/tsc1b/arhgap45b/rargb/arhgap24/socs9/btk/fzd5/vwc2l/mrap2a/ube2d2/gramd4b/spry4/rgs9b/gpr183a/eya1/rest/smurf2/stambpa/notum1a/nxn/gatad2b/dla/scrt2/rasa2/kptn/ddrgk1/dll4,105
BP,GO:1901605,alpha-amino acid metabolic process,43/3139,161/18773,0.267080745,1.597294308,3.410520536,0.000892635,0.030094553,0.027032025,pycr3/fh/got2a/si:ch211-217a12.1/zgc:172121/glulb/agmat/ddo/psph/pah/bhmt/ttc36/gcshb/haao/cad/gfpt1/ass1/fah/dlst/kmo/adi1/nos1/shmt1/hmgcll1/hibadhb/tha1/gcat/gpt/cbsb/gstz1/shmt2/gldc/pfas/otc/hpda/ilvbl/mtr/blmh/got1/ctps1a/asrgl1/gfpt2/dct,43
BP,GO:0051028,mRNA transport,22/3139,67/18773,0.328358209,1.963768288,3.54107761,0.000926109,0.030551634,0.027442592,nup88/sarnp/alyref/eny2/nxt2/thoc3/sem1/ncbp2/nutf2/ndc1/eif4eb/sec13/slbp/ddx39ab/eif4a3/magoh/igf2bp2a/thoc7/poldip3/ddx19b/nup35/igf2bp1,22
BP,GO:0097250,mitochondrial respirasome assembly,22/3139,67/18773,0.328358209,1.963768288,3.54107761,0.000926109,0.030551634,0.027442592,uqcc6/sco1/ndufaf7/tmem126a/lyrm7/rab5if/lyrm2/higd1a/ndufaf2/pet100/coa3a/cox17/ndufaf1/ndufb8/uqcc4/ndufaf4/tmem186/ndufs5/cox7a1/ndufaf3/ndufs8a/cox20,22
BP,GO:0000413,protein peptidyl-prolyl isomerization,10/3139,21/18773,0.476190476,2.847889076,3.796449481,0.000990911,0.032341636,0.029050437,ppiab/ppie/ppifb/ppil4/ppil1/ppib/ppid/ppih/ppwd1/ppil3,10
BP,GO:0042273,ribosomal large subunit biogenesis,18/3139,51/18773,0.352941176,2.110788374,3.559230956,0.001029496,0.033247302,0.029863939,las1l/rpl5a/rrs1/tma16/mak16/bxdc2/npm1a/nop2/pak1ip1/nip7/rpf2/mrto4/ftsj3/ddx28/rpl7l1/rpl35/nop16/znhit3,18
BP,GO:0051604,protein maturation,82/3139,355/18773,0.230985915,1.381426757,3.251022498,0.001104467,0.035278221,0.031688184,ahsa1b/ppiab/mmel1/pfdn2/hspa4a/hspa4l/nudcd3/pfdn6/plat/hsp70.3/kel/yme1l1a/tbcb/hspe1/hsp90aa1.1/naa20/pmm2/serpine1/arl2/zgc:112271/bola3/naa60/dnajb5/ppie/tbcc/ihha/f13a1b/dpm1/ptges3a/ppifb/pfdn4/furinb/pcsk5a/bmp1a/fgg/fga/lmf2a/dnajc2/ppil1/ppib/dpm2/ppid/ppih/grpel1/pigb/mesd/hspa5/afg3l2/chchd4a/isca2/gzm3.4/hsp90b1/plaua/hspa14/dnaja1/immp2l/ttc4/chac1/fkbp10a/ppwd1/hspa9/hspa13/pdia4/nudc/tcp1/atg4da/pigl/fnta/dnajb12a/tmem208/pfdn1/plgrkt/calr3a/fkbp8/aebp1a/ppil3/tysnd1/pgap2/tbce/st13/fgb/calr,82
CC,GO:0030684,preribosome,23/3237,72/19331,0.319444444,1.907686301,3.460512647,0.001120548,0.015451773,0.013502453,imp3/srfbp1/fcf1/rrs1/mphosph10/utp6/riok2/rrp36/mak16/emg1/ngdn/wdr75/rrp1/noc4l/wdr3/dcaf13/nip7/mrto4/nop14/ftsj3/rrp7a/nop58/riok1,23
BP,GO:0010648,negative regulation of cell communication,107/3139,484/18773,0.22107438,1.322150156,3.217376781,0.001126879,0.035278221,0.031688184,fsta/dusp1/dusp4/cptp/ptch2/dact3a/cerkl/tp53bp2b/nog2/si:ch211-195b15.8/il17rd/nme5/rspo3/spry1/slc25a4/cdk5rap3/tns2a/yju2/sesn1/ddit4/kank2/si:ch211-194k22.8/tollip/dusp16/skor1a/rgs7bpa/tnfaip8l1/nkd2b/nkd2a/nphp4/rgs6/herpud1/ptbp1a/supt5h/nlk1/vax2/tle3b/aplnrb/dusp7/ldb2a/skia/crtc3/tsc2/rnf2/pak1ip1/kif7/nkd1/tbc1d7/lgr4/asip2b/nomo/cd74b/gsk3aa/grb10b/spred2b/aida/eya3/pebp1/nedd4a/inppl1a/otud5b/socs7/strn3/tnip1/ptpn2b/lzts2a/chac1/si:ch211-284o19.8/insig1/tank/cdon/vwc2/gramd4a/cnot9/chrdl2/tle2b/bcor/numbl/sulf2a/tsc1b/arhgap45b/rargb/arhgap24/socs9/btk/fzd5/vwc2l/mrap2a/ube2d2/gramd4b/spry4/rgs9b/gpr183a/eya1/rest/smurf2/slc24a1/stambpa/notum1a/nxn/gatad2b/dla/scrt2/rasa2/kptn/ddrgk1/dll4,107
BP,GO:0023057,negative regulation of signaling,107/3139,484/18773,0.22107438,1.322150156,3.217376781,0.001126879,0.035278221,0.031688184,fsta/dusp1/dusp4/cptp/ptch2/dact3a/cerkl/tp53bp2b/nog2/si:ch211-195b15.8/il17rd/nme5/rspo3/spry1/slc25a4/cdk5rap3/tns2a/yju2/sesn1/ddit4/kank2/si:ch211-194k22.8/tollip/dusp16/skor1a/rgs7bpa/tnfaip8l1/nkd2b/nkd2a/nphp4/rgs6/herpud1/ptbp1a/supt5h/nlk1/vax2/tle3b/aplnrb/dusp7/ldb2a/skia/crtc3/tsc2/rnf2/pak1ip1/kif7/nkd1/tbc1d7/lgr4/asip2b/nomo/cd74b/gsk3aa/grb10b/spred2b/aida/eya3/pebp1/nedd4a/inppl1a/otud5b/socs7/strn3/tnip1/ptpn2b/lzts2a/chac1/si:ch211-284o19.8/insig1/tank/cdon/vwc2/gramd4a/cnot9/chrdl2/tle2b/bcor/numbl/sulf2a/tsc1b/arhgap45b/rargb/arhgap24/socs9/btk/fzd5/vwc2l/mrap2a/ube2d2/gramd4b/spry4/rgs9b/gpr183a/eya1/rest/smurf2/slc24a1/stambpa/notum1a/nxn/gatad2b/dla/scrt2/rasa2/kptn/ddrgk1/dll4,107
BP,GO:0006220,pyrimidine nucleotide metabolic process,13/3139,32/18773,0.40625,2.429605368,3.626691846,0.001150386,0.035293848,0.031702221,cmpk/nme3/umps/tyms/nme5/cad/nme2b.1/uck2b/dhodh/dctpp1/dtymk/ctps1a/nme9,13
BP,GO:0072528,pyrimidine-containing compound biosynthetic process,13/3139,32/18773,0.40625,2.429605368,3.626691846,0.001150386,0.035293848,0.031702221,cmpk/nme3/umps/tyms/nme5/cad/nme2b.1/tpk1/uck2b/dhodh/dtymk/ctps1a/nme9,13
CC,GO:0097346,INO80-type complex,9/3237,18/19331,0.5,2.985943775,3.780363918,0.001164227,0.015642437,0.013669064,cfdp1/ruvbl2/anp32e/actr5/ino80c/srcap/ino80/ruvbl1/ep400,9
BP,GO:0032259,methylation,53/3139,211/18773,0.251184834,1.502227745,3.287346033,0.001167522,0.035464914,0.031855879,si:ch211-93g23.2/mrm1/prmt6/zgc:172121/ndufaf7/tpmt.1/prmt7/atpsckmt/tyms/cmtr2/mettl22/bhmt/smyd4/prdm16/mettl21a/larp7/nsun2/bud23/setd7/emg1/mto1/coq5/trmt10c/comtb/nop2/mettl5/shmt1/mettl25/ntmt1/as3mt/trmt2b/mettl6/ftsj3/smyd1b/hnmt/lcmt2/mettl4/nsun4/mettl17/trmt61b/setd1ba/shmt2/si:ch211-225b11.4/mtr/tarbp1/dimt1l/ash2l/pcif1/mettl24/setd1a/thumpd3/cskmt/prdm14,53
CC,GO:0005730,nucleolus,64/3237,265/19331,0.241509434,1.442267182,3.251121012,0.001206047,0.015799212,0.013806061,tsr1/prkdc/imp3/nop10/c1d/cdkn2aip/polr2f/grwd1/rrs1/mphosph10/utp6/gpatch4/rpp38/aatf/apex1/prkrip1/rrp36/parp2/spty2d1/rps27.1/pop7/mak16/exosc6/bud23/plk4/bxdc2/ngdn/npm1a/wdr75/ccdc86/nop2/noc4l/katnbl1/pak1ip1/riox1/polr1d/gtpbp10/wdr3/eif4a3/polr1e/dcaf13/ssrp1b/nip7/rpf2/polr1h/mrto4/nop14/ftsj3/smg6/polr2h/ddx54/rpp21/rrp7a/adar/pop5/cdc14ab/nop58/nop16/rps13/exosc4/dimt1l/npm3/dkc1/polr1f,64
BP,GO:0051253,negative regulation of RNA metabolic process,87/3139,382/18773,0.227748691,1.36206632,3.203561117,0.001251569,0.03747507,0.033661474,bhlhe40/samd1a/prmt6/per2/hdac1/hdac4/ciarta/kctd15a/zc3h4/syncripl/znf703/gata1a/sox9a/e2f7/cry1a/vdrb/cbx4/cry1b/nr2f6b/ruvbl2/nr1i2/sirt2/bend3/sox10/cbx7a/kank2/gli2a/cbfa2t2/cbfa2t3/foxl1/osr1/skor1a/smad1/angel2/znf503/zbtb25/flcn/smad2/smarce1/supt5h/zbtb34/id3/cbx7b/cipcb/mideasb/id4/ldb2a/lhx1a/skia/ppardb/cnbpa/brms1/rnf2/riox1/men1/sars1/zeb2b/thrab/nr1d4b/mkxa/zbtb20/nr1h3/rxrba/igf2bp2a/cry2/bcor/raraa/ehmt1b/brms1la/rargb/zbtb37/pparab/vgll4l/mbd3b/osr2/rest/nab2/ncor2/gatad2b/scrt2/igf2bp1/impact/runx1t1/larp1b/atf4a/kctd1/nr2f6a,87
BP,GO:0000154,rRNA modification,11/3139,25/18773,0.44,2.631449506,3.65748072,0.001258127,0.03747507,0.033661474,mrm1/nop10/bud23/emg1/nop2/mettl5/ftsj3/nsun4/dimt1l/tsr3/dkc1,11
CC,GO:0022624,proteasome accessory complex,11/3237,25/19331,0.44,2.627630522,3.652035218,0.001274121,0.016283887,0.014229592,psmd7/psmd14/sem1/psme2/adrm1/psmd13/psmc6/psmd2/psme3/psmd12/psmd4a,11
CC,GO:0015935,small ribosomal subunit,19/3237,56/19331,0.339285714,2.026176133,3.448847632,0.001325776,0.01654063,0.014453945,mrps24/mrps22/mrps35/rps27.1/mrps5/mrps7/mrps31/mrps26/mrps6/mrps14/mrps18c/mrps12/mrps28/mrps11/mrps17/mrps9/rps13/mrps10/rps9,19
MF,GO:0044183,protein folding chaperone,18/3098,52/18430,0.346153846,2.059269007,3.438357264,0.001417005,0.064743683,0.058898923,pfdn2/hspa4a/hspa4l/hsp70.3/hspe1/lyrm7/hsp90aa1.1/wdr83os/bbs10/ric8a/hspa5/hsp90b1/hspa14/hspa9/hspa13/tcp1/pfdn1/fkbp8,18
CC,GO:0000785,chromatin,94/3237,419/19331,0.224343675,1.339755202,3.153259228,0.001423273,0.017344068,0.015156025,h1-0/h2ax/phf10/mgaa/smarca5/hdac1/tbx2b/klf6a/hmgn3/supt20/crebbpa/cfdp1/tbx3a/pgr/ruvbl2/anp32e/tasorb/jade2/yeats2/sirt2/hells/bend3/banf1/gli1/zzz3/tada3l/eny2/crebbpb/epc1a/nr3c2/smarcb1a/smad2/ep300b/smarce1/pias2/mau2/yap1/stag1a/cbx5/actr5/rbbp4/hmgn6/tbx15/tcf7l1b/tcf12/ino80c/msl2b/hnrnpd/dscc1/srcap/brms1/pbrm1/rbl1/men1/esco1/ssrp1b/tbx16/smc2/supt16h/bicral/ino80/atxn7l3b/esr2a/ube2a/taf5l/h2az2b/brd1b/phf20b/nr3c1/smarcd1/skic8/tcf7/kansl2/ehmt1b/trim24/tp53/brms1la/akirin1/epc1b/ruvbl1/ing3/phf20l1/esrrga/tcf7l2/actl6a/si:ch211-168d23.3/brd8a/ncor2/esrra/brd1a/gatad2b/scrt2/ep400/pole3,94
MF,GO:0019205,nucleobase-containing compound kinase activity,17/3098,48/18430,0.354166667,2.106937271,3.451750806,0.00142922,0.064743683,0.058898923,cmpk/nme3/ak1/nme5/nme2b.1/adkb/uck2b/zgc:86811/ak8/guk1a/pnkp/adka/clp1/dtymk/ak7b/ak2/nme9,17
BP,GO:0006120,"mitochondrial electron transport, NADH to ubiquinone",10/3139,22/18773,0.454545455,2.718439573,3.61367645,0.001546223,0.045179162,0.04058157,ndufc2/ndufa8/ndufv1/ndufaf1/ndufb8/ndufs2/ndufs8a/ndufa10/prkn/ndufv2,10
BP,GO:0006123,"mitochondrial electron transport, cytochrome c to oxygen",10/3139,22/18773,0.454545455,2.718439573,3.61367645,0.001546223,0.045179162,0.04058157,cox4i2/cox8a/cox5aa/cox5ba/cox7a1/cox4i1/cox6a2/cox5b2/cox7b/cox6a1,10
BP,GO:0045944,positive regulation of transcription by RNA polymerase II,79/3139,344/18773,0.229651163,1.373444179,3.132347295,0.001596976,0.046221915,0.041518209,asxl1/atoh8/rtraf/tet2/smarca5/ncoa2/cdk12/rxraa/abhd14b/gata1a/si:dkey-93h22.8/e2f7/vdrb/crebbpa/jun/zfp64/pprc1/nr1i2/med18/sirt2/hells/lpin1a/gli1/hnrnpub/crebbpb/znf451/thrap3b/ascl1b/mdc1/znf142/leo1/larp7/med13a/smad2/ep300b/supt5h/med10/med19a/foxn4/olig1/npm1a/bhlhe22/sox18/ldb2a/ppardb/cnbpa/crtc3/ncoa1/lpin2/stat5a/mybl2b/taf3/mrtfab/mef2b/thrab/nr1d4b/junbb/tfap2b/psmc6/nr1h3/rxrba/lmo2/znf827/hipk2/olig2/zmp:0000001236/raraa/meox2a/tp53/akirin1/runx2b/rargb/pparab/supt6h/igf2b/rest/mysm1/nfat5b/atf4a,79
BP,GO:0002062,chondrocyte differentiation,14/3139,37/18773,0.378378378,2.262917266,3.445507508,0.001703053,0.04812454,0.043227216,gnptab/sox9a/pmm2/rflnb/prdm16/gfpt1/creb3l2/irx5a/rflna/tsku/rnf2/sulf2a/msmo1/runx2b,14
BP,GO:0009725,response to hormone,68/3139,289/18773,0.235294118,1.407192249,3.125836954,0.001708977,0.04812454,0.043227216,hamp/ncoa2/rxraa/nr4a3/spata18/ghra/jun/bcl3/pgr/abhd2a/pah/slc39a14/lepr/tns2a/dio2/lpin1a/slc2a1b/kank2/rab13/nr3c2/sult2st3/pik3r3b/irs2b/vtg2/nr4a2a/ppardb/nos1/tsc2/crabp2b/khk/ncoa1/lpin2/nr5a2/stat5a/asip2b/avpr1ab/dhrs3a/gsk3aa/grb10b/thrab/pik3r1/esr2a/nupr1b/nr1d4b/nr5a1b/junbb/porb/lman1/socs7/strn3/rxrba/insig1/nr3c1/rps6kb1b/cnot9/jak2b/c9/nfe2l2a/raraa/vtg7/pitx2/rargb/pparab/esrrga/igf2b/serpinc1/esrra/ptger4c,68
BP,GO:0051246,regulation of protein metabolic process,99/3139,448/18773,0.220982143,1.321598524,3.087073285,0.00170977,0.04812454,0.043227216,ptcd3/edn1/mif4gdb/trim2a/ube3a/prmt6/rtraf/lrpprc/mul2/adam8a/polr2g/ssb/csnk1e/serpinf1/casp8/mcl1b/e2f1/nanos1/rida/sirt2/serpina1/serpine1/fktn/il34/ogfod1/pi15a/srp9/mtbp/coa3a/becn1/herpud1/rmnd1/smo/caprin1a/psme2/ngdn/ncbp2/trmt10c/cnot7/adcy5/dok7a/aurkaip1/pkig/serpina10a/mettl5/cnbpa/ddx61/inavab/dap1b/dhx29/c3b.1/eif4a3/rcc1l/usp14/fhit/magoh/gsk3aa/lamtor5/a2ml/aida/cpamd8/chac1/klhl31/igf2bp2a/si:dkey-7n6.2/itih3a.2/eif5a/psmd2/eefsec/dok7b/cnot9/serpinh1b/tfpia/sh3rf1/psme3/mrpl13/tp53/tfpi2/serpinb1l1/cnot6l/plgrkt/dap/reck/ppp1r15b/pcif1/msi1b/pycard/si:ch211-186e20.7/nxn/casp2/spdya/igf2bp1/impact/prnpb/gfap/svbp/larp1b/trim3b/tnfrsf1b,99
MF,GO:0051087,protein-folding chaperone binding,19/3098,57/18430,0.333333333,1.982999785,3.34112712,0.001759103,0.075892734,0.06904149,ahsa1b/zgc:56596/pfdn6/dnajb9a/hspe1/cdkn1bb/dnajb5/bag2/ptges3a/dnajc2/grpel1/bag1/dnaja1/ttc4/pacrg/fnip1/dnajb12a/bag4/st13,19
BP,GO:0170039,proteinogenic amino acid metabolic process,37/3139,138/18773,0.268115942,1.603485371,3.188287441,0.001819934,0.050759608,0.045594131,pycr3/got2a/si:ch211-217a12.1/zgc:172121/glulb/psph/pah/bhmt/ttc36/gcshb/haao/cad/gfpt1/ass1/fah/dlst/kmo/adi1/nos1/shmt1/hmgcll1/tha1/gcat/gpt/cbsb/gstz1/shmt2/gldc/pfas/hpda/ilvbl/mtr/got1/ctps1a/asrgl1/gfpt2/dct,37
BP,GO:0045047,protein targeting to ER,11/3139,26/18773,0.423076923,2.53023991,3.498615256,0.001854131,0.051131257,0.045927959,zgc:56596/srp9/srprb/ssr3/tram2/sec61a1a/sgta/zfand2a/srp14/sec61g/sec61b,11
BP,GO:0034655,nucleobase-containing compound catabolic process,69/3139,295/18773,0.233898305,1.398844499,3.093876755,0.001866591,0.051131257,0.045927959,pfkpa/fitm2/hk2/dnph1/zgc:103586/syncripl/polr2g/pfkma/lsm7/eno2/nudt17/zfp36l2/gapdh/rida/etf1b/exosc7/itpa/gli2a/angel2/lsm1/exosc6/hk1/exosc2/mov10b.2/mov10b.1/edc3/dffa/adpgk/fastk/ncbp2/tigarb/cnot7/rnaseh2c/tpi1a/hint1/dnase2/prkag3b/eif4a3/fhit/pfkmb/dctpp1/magoh/mrto4/supv3l1/smg6/enpp1/gpia/pkmb/mlycd/gapdhs/pan3/igf2bp2a/pabpn1l/cnot9/skic8/bpgm/xrn1/xrn2/cnot6l/exosc4/lsm4/cdab/pum2/entpd2a.1/tbrg4/igf2bp1/ythdf1/larp1b/nudt15,69
CC,GO:0070069,cytochrome complex,11/3237,26/19331,0.423076923,2.52656781,3.493197571,0.001877213,0.022355902,0.019535591,cox4i2/cyc1/uqcrq/uqcrh/cox8a/cox5aa/cox6b2/uqcrb/cox4i1/cox6a2/cox6a1,11
MF,GO:0017069,snRNA binding,11/3098,26/18430,0.423076923,2.516884342,3.479166529,0.001937719,0.076343556,0.069451614,snrpa/toe1/snrnp35/larp7/snrpc/snrpa1/prpf31/ncbp2/sf3b3/eftud2/lsm4,11
MF,GO:0004550,nucleoside diphosphate kinase activity,9/3098,19/18430,0.473684211,2.817947063,3.563785288,0.001938081,0.076343556,0.069451614,cmpk/nme3/ak1/nme5/nme2b.1/ak8/dtymk/ak7b/nme9,9
BP,GO:0006221,pyrimidine nucleotide biosynthetic process,12/3139,30/18773,0.4,2.392226824,3.419534176,0.002073243,0.055795706,0.050117737,cmpk/nme3/umps/tyms/nme5/cad/nme2b.1/uck2b/dhodh/dtymk/ctps1a/nme9,12
BP,GO:0042255,ribosome assembly,12/3139,30/18773,0.4,2.392226824,3.419534176,0.002073243,0.055795706,0.050117737,rpl5a/rps27.1/mrps7/bxdc2/nip7/rpf2/mrto4/c1qbp/rrp7a/sbds/ddx28/mpv17l2,12
BP,GO:0031167,rRNA methylation,8/3139,16/18773,0.5,2.99028353,3.568692499,0.002184803,0.05828675,0.052355284,mrm1/bud23/emg1/nop2/mettl5/ftsj3/nsun4/dimt1l,8
CC,GO:0005741,mitochondrial outer membrane,32/3237,116/19331,0.275862069,1.647417255,3.136522076,0.002246721,0.026161817,0.022861371,hk2/mul2/tomm40/tomm22/spata18/nme3/fundc1/cisd2/mcl1b/bnip3lb/lpin1a/qtrt1/zgc:56235/mgst1.2/hk1/tomm20a/samm50/gdap1/vdac3/tigarb/mtch2/kmo/zgc:172295/hadhb/mfn1b/agpat4/rhot2/vdac2/rps6kb1b/armc1/tomm6/zgc:73226,32
MF,GO:0140102,"catalytic activity, acting on a rRNA",8/3098,16/18430,0.5,2.974499677,3.551691005,0.002262685,0.085371353,0.077664424,bud23/emg1/nop2/mettl5/trmt2b/ftsj3/dimt1l/tsr3,8
BP,GO:0043414,macromolecule methylation,24/3139,80/18773,0.3,1.794170118,3.189590354,0.002265705,0.058985063,0.052982535,mrm1/prmt6/ndufaf7/prmt7/mettl22/mettl21a/larp7/nsun2/bud23/setd7/emg1/mto1/nop2/mettl5/ntmt1/ftsj3/lcmt2/nsun4/trmt61b/si:ch211-225b11.4/tarbp1/dimt1l/thumpd3/cskmt,24
BP,GO:0062197,cellular response to chemical stress,14/3139,38/18773,0.368421053,2.203366811,3.327199606,0.002286803,0.058985063,0.052982535,mb/sirt2/ppifb/sod2/nupr1b/msrab/ccs/nfe2l2a/oxsr1a/prkn/glrx2/sod3b/atf4a/oxsr1b,14
BP,GO:0070585,protein localization to mitochondrion,16/3139,46/18773,0.347826087,2.080197238,3.286727889,0.002287882,0.058985063,0.052982535,timm50/oxa1l/tomm40/timm29/maip1/timm22/timm13/timm10/dnajc15/samm50/gdap1/pam16/grpel1/agk/chchd4a/immp2l,16
BP,GO:0072655,establishment of protein localization to mitochondrion,16/3139,46/18773,0.347826087,2.080197238,3.286727889,0.002287882,0.058985063,0.052982535,timm50/oxa1l/tomm40/timm29/maip1/timm22/timm13/timm10/dnajc15/samm50/gdap1/pam16/grpel1/agk/chchd4a/immp2l,16
BP,GO:0043401,steroid hormone receptor signaling pathway,10/3139,23/18773,0.434782609,2.600246548,3.440852514,0.002329164,0.059548948,0.053489037,pgr/abhd2a/kank2/nr3c2/esr2a/strn3/nr3c1/cnot9/esrrga/esrra,10
MF,GO:0019843,rRNA binding,14/3098,38/18430,0.368421053,2.191736604,3.305596078,0.002406794,0.085371353,0.077664424,ptcd3/rpl5a/imp3/mrpl20/mrps7/mrpl18/emg1/bxdc2/mrps6/rcc1l/mrps18c/rpf2/rps13/rps9,14
BP,GO:0048814,regulation of dendrite morphogenesis,7/3139,13/18773,0.538461538,3.22030534,3.588259467,0.002435713,0.061589041,0.055321523,ulk2/lzts1/si:dkey-40c11.2/kctd12.2/nedd4a/hecw2a/dbnlb,7
BP,GO:0052548,regulation of endopeptidase activity,20/3139,63/18773,0.317460317,1.898592717,3.201195165,0.002449108,0.061589041,0.055321523,mul2/serpinf1/casp8/mcl1b/e2f1/serpina1/serpine1/becn1/psme2/serpina10a/lamtor5/serpinh1b/psme3/tp53/serpinb1l1/reck/pycard/si:ch211-186e20.7/casp2/tnfrsf1b,20
BP,GO:0045934,negative regulation of nucleobase-containing compound metabolic process,94/3139,427/18773,0.220140515,1.316565114,2.964982761,0.002478137,0.0618124,0.055522151,h1-0/bhlhe40/si:ch211-103n10.5/samd1a/prmt6/per2/hdac1/hdac4/ciarta/kctd15a/zc3h4/syncripl/znf703/gata1a/sox9a/e2f7/cry1a/vdrb/cbx4/cry1b/nr2f6b/ruvbl2/nr1i2/sirt2/bend3/sox10/cbx7a/kank2/gli2a/atp5if1a/cbfa2t2/cbfa2t3/foxl1/osr1/skor1a/smad1/angel2/znf503/zbtb25/flcn/smad2/smarce1/supt5h/zbtb34/id3/cbx7b/cipcb/tigarb/mideasb/id4/ldb2a/lhx1a/skia/ppardb/cnbpa/brms1/rnf2/riox1/men1/sars1/zeb2b/thrab/nr1d4b/mkxa/zbtb20/nr1h3/rxrba/igf2bp2a/cry2/rtel1/bcor/raraa/ehmt1b/brms1la/rargb/zbtb37/pparab/vgll4l/mbd3b/osr2/rest/blm/nab2/ncor2/gatad2b/rnf169/scrt2/igf2bp1/impact/runx1t1/larp1b/atf4a/kctd1/nr2f6a,94
MF,GO:0016018,cyclosporin A binding,6/3098,10/18430,0.6,3.569399613,3.653246928,0.002544179,0.085371353,0.077664424,ppiab/ppie/ppifb/ppib/ppid/ppih,6
MF,GO:0016863,"intramolecular oxidoreductase activity, transposing C=C bonds",6/3098,10/18430,0.6,3.569399613,3.653246928,0.002544179,0.085371353,0.077664424,echs1/mif/ech1/ebp/dct/eci2,6
BP,GO:0072599,establishment of protein localization to endoplasmic reticulum,11/3139,27/18773,0.407407407,2.436527321,3.347012564,0.00266104,0.065839285,0.059139247,zgc:56596/srp9/srprb/ssr3/tram2/sec61a1a/sgta/zfand2a/srp14/sec61g/sec61b,11
MF,GO:0016810,"hydrolase activity, acting on carbon-nitrogen (but not peptide) bonds",35/3098,131/18430,0.267175573,1.589427308,3.043297496,0.002771553,0.087926278,0.079988702,tgm2b/hdac1/hdac4/zgc:103586/agmat/rida/faah/sirt2/gnpda1/pdf/smyd4/dpys/cad/mthfd1b/adprs/sirt5/dclre1b/adat1/padi2/ampd3a/aspa/dpysl5a/adar/upb1/pigl/zgc:194209/aga/crmp1/ddah2/asrgl1/cdab/si:dkey-103i16.6/sirt3/apobec2a/ngly1,35
MF,GO:0019842,vitamin binding,30/3098,108/18430,0.277777778,1.652499821,3.05701818,0.002863095,0.087926278,0.079988702,got2a/si:ch211-217a12.1/opn3/accs/alas2/ttpa/ogfod1/pygma/tpk1/alas1/plod1a/p4ha1b/shmt1/rho/gcat/aadat/p4ha1a/rbp4/gpt/cyp27c1/shmt2/rbp4l/ilvbl/opn5/mtr/got1/phykpl/tkta/sptlc1/etnppl,30
CC,GO:0070603,SWI/SNF superfamily-type complex,21/3237,68/19331,0.308823529,1.844259391,3.127689788,0.002870637,0.032582353,0.028471924,phf10/hdac1/cfdp1/ruvbl2/anp32e/smarcb1a/smarce1/actr5/rbbp4/ino80c/srcap/pbrm1/bicral/ino80/smarcd1/ruvbl1/actl6a/si:ch211-168d23.3/gatad2b/ep400/pole3,21
BP,GO:0030518,nuclear receptor-mediated steroid hormone signaling pathway,9/3139,20/18773,0.45,2.691255177,3.390819225,0.002892,0.070981245,0.063757943,pgr/kank2/nr3c2/esr2a/strn3/nr3c1/cnot9/esrrga/esrra,9
MF,GO:0003713,transcription coactivator activity,33/3098,122/18430,0.270491803,1.609155563,3.034449153,0.002911466,0.087926278,0.079988702,ncoa2/si:dkey-93h22.8/crebbpa/pprc1/lpin1a/med6/tada3l/eny2/crebbpb/prkcbb/smarcb1a/med13a/ep300b/yap1/med20/bcl10/crtc3/ncoa1/lpin2/ctbp2a/mrtfab/atxn7l3b/taf5l/arid5b/lmo2/cnot9/hipk2/zmp:0000001236/net1/mycbp/med27/cited4a/mysm1,33
CC,GO:0046540,U4/U6 x U5 tri-snRNP complex,9/3237,20/19331,0.45,2.687349398,3.385890547,0.002922463,0.032582353,0.028471924,snrpd2/txnl4a/snrpe/prpf31/snrpb/eftud2/sart1/lsm5/zmat2,9
CC,GO:0016592,mediator complex,13/3237,35/19331,0.371428571,2.218129662,3.234812954,0.003029417,0.033071135,0.028899043,med18/med9/med6/thrap3b/med13a/med10/med19a/cdk8/med4/med20/med27/med8/med7,13
BP,GO:0008033,tRNA processing,30/3139,109/18773,0.275229358,1.646027631,3.030943609,0.003070332,0.07476015,0.067152293,qng1/rtraf/ssb/rpp38/qtrt1/zbtb8os/pop7/nsun2/rtcb/tprkb/mto1/trmt10c/adat1/elac1/trnt1/trmt2b/mettl6/rpp21/lcmt2/tyw1/clp1/pus1/urm1/pop5/trmt61b/osgep/si:ch211-225b11.4/pus3/tarbp1/thumpd3,30
BP,GO:0170033,L-amino acid metabolic process,37/3139,142/18773,0.26056338,1.558316769,2.992420616,0.003106682,0.0750496,0.067412288,pycr3/got2a/si:ch211-217a12.1/zgc:172121/glulb/psph/pah/bhmt/ttc36/gcshb/haao/cad/gfpt1/ass1/fah/dlst/kmo/adi1/nos1/shmt1/hmgcll1/tha1/gcat/gpt/cbsb/gstz1/shmt2/gldc/pfas/hpda/ilvbl/mtr/got1/ctps1a/asrgl1/gfpt2/dct,37
MF,GO:0016741,"transferase activity, transferring one-carbon groups",56/3098,234/18430,0.239316239,1.423692153,2.931990589,0.003150388,0.092072617,0.083760729,si:ch211-93g23.2/pcmtd1/mrm1/prmt6/zgc:172121/ndufaf7/tpmt.1/prmt7/atpsckmt/tyms/cmtr2/mettl22/bhmt/smyd4/prdm16/mettl21a/cad/nsun2/bud23/smyd3/setd7/emg1/coq5/trmt10c/comtb/nop2/mettl5/shmt1/mettl25/ntmt1/as3mt/trmt2b/mettl6/ftsj3/smyd1b/hnmt/lcmt2/mettl4/nsun4/mettl17/trmt61b/setd1ba/shmt2/otc/ehmt1b/mtr/tarbp1/zgc:109986/dimt1l/ash2l/pcif1/mettl24/setd1a/thumpd3/cskmt/prdm14,56
BP,GO:0048863,stem cell differentiation,63/3139,271/18773,0.232472325,1.390316328,2.900066141,0.003320047,0.078991181,0.070952759,edn1/si:dkey-49n23.1/hdac1/lrp5/hdac4/kctd15a/nrp2b/ptch2/sema4ba/cxcr4a/mettl22/sf3a3/notch1b/sox10/pknox1.1/prdm16/osr1/leo1/jag2b/smo/supt5h/erbb2/wnt9a/fn1a/bmp5/tgfbr2b/si:ch211-129c21.1/mettl5/cnbpa/disc1/nos1/rnf2/nr5a2/atf3/adora2b/cdca7a/zeb2b/tbx16/nop14/epas1b/col18a1a/sema3ga/tgfb1a/bmp2b/sema3ab/cdh2/sema6ba/nr3c1/sema3bl/crhb/eif3ba/sh3pxd2aa/fscn1a/ak2/dmxl2/glrx2/pum2/sema7a/ncor2/dla/sema5ba/aldh1l1/tnfrsf1b,63
BP,GO:0006605,protein targeting,35/3139,133/18773,0.263157895,1.573833437,2.975805855,0.003321337,0.078991181,0.070952759,timm50/golga7ba/zdhhc14/tomm40/gnptab/zgc:56596/timm29/zdhhc23b/timm22/srp9/timm13/timm10/dnajc15/srprb/trak1a/tomm20a/samm50/nherf1a/gdap1/ssr3/pam16/grpel1/zdhhc20a/agk/chchd4a/tram2/sec61a1a/immp2l/sec23a/sgta/zfand2a/srp14/sec61g/sec61b/vps13a,35
BP,GO:0044283,small molecule biosynthetic process,70/3139,307/18773,0.228013029,1.363647212,2.878584029,0.003418519,0.080188153,0.072027923,fasn2/lipg/dhdds/acacb/pycr3/dnph1/hacd1/ip6k2a/zgc:172121/olah/glulb/pmvk/elovl1b/hacd3/psph/elovl7a/coq4/abhd2a/pah/bhmt/ip6k1/acsbg2/ndufab1b/tecrb/haao/itpkcb/pth1r/oxsm/g6pc1a.2/ndufa9a/ptges3a/ass1/bpnt2/coq5/sirt5/adkb/tpk1/foxo1a/pcbd1/kmo/adi1/tpi1a/fbp1a/prkag3b/shmt1/hsd17b12a/hmgcll1/rfk/tha1/rdh10a/gpia/mlycd/adka/cbsb/insig1/upb1/shmt2/otc/msmo1/ilvbl/ebp/sprb/impa1/mtr/got1/mecr/arpp19a/mcat/sptlc1/pdss1,70
BP,GO:0072329,monocarboxylic acid catabolic process,21/3139,69/18773,0.304347826,1.820172583,3.058288298,0.00342394,0.080188153,0.072027923,echs1/hsd17b4/acadm/abhd2a/faah/decr2/pgd/lpin1a/acad11/fah/hadhb/hadhab/lpin2/zgc:85777/acadl/ech1/ilvbl/acads/hoga1/echdc2/tysnd1,21
BP,GO:0034109,homotypic cell-cell adhesion,8/3139,17/18773,0.470588235,2.814384499,3.353509587,0.003526285,0.081837688,0.073509595,smarca5/znf703/si:ch211-156j16.1/fgl1/fgg/fga/cd99/fgb,8
BP,GO:0048871,multicellular organismal-level homeostasis,66/3139,287/18773,0.229965157,1.375322042,2.871041174,0.003547722,0.081837688,0.073509595,hamp/slc4a1a/sae1/tet2/lrp5/ttk/klf6a/bbs12/nr4a3/gata1a/si:dkey-93h22.8/epoa/alas2/pprc1/bdh2/sec23b/sox10/hemgn/glrx3/atp5if1a/rps27.1/foxf2a/ppp2r3c/ptbp1a/mipa/nr4a2a/alas1/ift57/tsku/mcoln1a/gfi1b/mc4r/notch3/stat5a/aqp1a.2/fras1/tbx16/kif3a/tjp2b/sod2/lmo2/syne2a/sfxn4/fam210b/numbl/rpl35/sparc/sulf2a/rad51c/tp53/abcc5/csnk2b/nxnl2/slc48a1b/mrap2a/cfap20/ash2l/gpr183a/cybrd1/tcf7l2/rps9/klf17/pafah1b1b/tjp2a/sfxn1/fech,66
BP,GO:0046031,ADP metabolic process,17/3139,52/18773,0.326923077,1.955185385,3.090585024,0.003574554,0.081841272,0.073512815,pfkpa/hk2/pfkma/eno2/ak1/gapdh/hk1/adpgk/tigarb/tpi1a/prkag3b/pfkmb/gpia/pkmb/gapdhs/bpgm/ak2,17
CC,GO:0016469,proton-transporting two-sector ATPase complex,17/3237,52/19331,0.326923077,1.952347853,3.083971141,0.003631747,0.038837454,0.033937912,tcirg1a/atp5mea/ccdc115/atp6v1e1a/atp5pd/atp5f1b/atp5fa1/atp5meb/atp5f1d/atp5pf/atp5f1c/atp6v1h/atp6v0cb/atp6v0e1/atp5md/atp5mc3b/atp5mf,17
BP,GO:0021953,central nervous system neuron differentiation,34/3139,129/18773,0.263565891,1.576273489,2.942861512,0.003665268,0.083296612,0.074820054,igsf10/cfdp1/evx2/notch1b/gli1/gli2a/jag2b/smo/supt5h/foxn4/vox/nr4a2a/lhx1a/disc1/cox5aa/notch3/lgr4/fzd8a/nsfa/clp1/olig2/klf8/atg4da/sulf2a/dtymk/otpb/slit3/ewsr1b/igf1ra/dla/ap4s1/tlcd3ba/dll4/brinp3a.1,34
BP,GO:0006913,nucleocytoplasmic transport,31/3139,115/18773,0.269565217,1.61215286,2.950476332,0.003733974,0.083619211,0.075109824,nup88/fam53b/kpnb1/kpna2/rae1/rpain/sarnp/alyref/xpo1b/eny2/nxt2/thoc3/xpo1a/phax/ran/rangap1a/sem1/npm1a/ncbp2/nutf2/pttg1ipa/sec13/nkd1/ddx39ab/kpna5/lzts2a/thoc7/poldip3/ddx19b/nup35/strada,31
BP,GO:0051169,nuclear transport,31/3139,115/18773,0.269565217,1.61215286,2.950476332,0.003733974,0.083619211,0.075109824,nup88/fam53b/kpnb1/kpna2/rae1/rpain/sarnp/alyref/xpo1b/eny2/nxt2/thoc3/xpo1a/phax/ran/rangap1a/sem1/npm1a/ncbp2/nutf2/pttg1ipa/sec13/nkd1/ddx39ab/kpna5/lzts2a/thoc7/poldip3/ddx19b/nup35/strada,31
MF,GO:0008168,methyltransferase activity,54/3098,226/18430,0.238938053,1.421442324,2.865504801,0.003817869,0.107874477,0.09813607,si:ch211-93g23.2/pcmtd1/mrm1/prmt6/zgc:172121/ndufaf7/tpmt.1/prmt7/atpsckmt/tyms/cmtr2/mettl22/bhmt/smyd4/prdm16/mettl21a/nsun2/bud23/smyd3/setd7/emg1/coq5/trmt10c/comtb/nop2/mettl5/shmt1/mettl25/ntmt1/as3mt/trmt2b/mettl6/ftsj3/smyd1b/hnmt/lcmt2/mettl4/nsun4/mettl17/trmt61b/setd1ba/shmt2/ehmt1b/mtr/tarbp1/zgc:109986/dimt1l/ash2l/pcif1/mettl24/setd1a/thumpd3/cskmt/prdm14,54
BP,GO:0001525,angiogenesis,80/3139,360/18773,0.222222222,1.329014902,2.824362389,0.003833048,0.085215868,0.076544,hlx1/thbs1b/per2/lpar6a/nrp2b/adgra2/hars/lpar4/angptl2b/rin2a/e2f7/tie1/cxcr4a/serpinf1/tspan12/ccbe1/rspo3/sirt2/notch1b/serpine1/myh9a/pknox1.1/peak1/slc2a1b/calcrla/rab13/twist1a/nme2b.1/bmper/s1pr1/fn1a/kif11/pgfb/lpar2b/sox18/aplnrb/pappa2/abca1a/ptprb/tnfrsf19/cnmd/ldb2a/sdc2/ppih/iqsec1b/ephb4b/fli1/git1/scube1/sars1/tbx16/nrxn3a/pkmb/sema3ab/efnb2a/uqcrb/cemip2/tars1/ube3d/lgals2a/jcada/hs6st2/psme3/sat1b/pdgfab/tp53/hpse/robo4/amotl2a/reck/iars1/brcc3/igf2b/rab11a/arfgef2/dla/gipc2/zap70/dll4/srpx2,80
MF,GO:1901618,organic hydroxy compound transmembrane transporter activity,13/3098,36/18430,0.361111111,2.148249767,3.09985737,0.00416371,0.107874477,0.09813607,slc10a4/slc6a2/aqp7/flvcr2b/slco1d1/abcb11b/aqp9b/slc16a1a/aqp3b/aqp1a.2/rbp4/rbp4l/slc10a3,13
BP,GO:0040037,negative regulation of fibroblast growth factor receptor signaling pathway,7/3139,14/18773,0.5,2.99028353,3.338028206,0.004172276,0.090761234,0.08152505,dusp4/il17rd/spry1/supt5h/inppl1a/sulf2a/spry4,7
BP,GO:0001666,response to hypoxia,23/3139,79/18773,0.291139241,1.741177752,2.958017082,0.004199931,0.090761234,0.08152505,mb/g0s2/ppiab/ern1/fundc1/alas2/sirt2/ddit4/ndufa9a/smyd3/pgfb/atp5meb/fam162a/crtc3/hspa5/epas1b/hsp90b1/atf6/hmox1a/nr3c1/cox4i1/tp53/rest,23
BP,GO:0009185,ribonucleoside diphosphate metabolic process,18/3139,57/18773,0.315789474,1.888600124,3.010600684,0.004200813,0.090761234,0.08152505,pfkpa/cmpk/hk2/pfkma/eno2/ak1/gapdh/hk1/adpgk/tigarb/tpi1a/prkag3b/pfkmb/gpia/pkmb/gapdhs/bpgm/ak2,18
BP,GO:0141193,nuclear receptor-mediated signaling pathway,18/3139,57/18773,0.315789474,1.888600124,3.010600684,0.004200813,0.090761234,0.08152505,rxraa/pgr/kank2/nr3c2/crabp2b/dhrs3a/thrab/esr2a/nr1d4b/strn3/rxrba/nr3c1/cnot9/raraa/pitx2/rargb/esrrga/esrra,18
CC,GO:0030137,COPI-coated vesicle,7/3237,14/19331,0.5,2.985943775,3.333622395,0.004208186,0.04410179,0.038538125,copb2/ccdc115/kdelr3/kdelr2a/cope/copg2/copz1,7
MF,GO:0046933,"proton-transporting ATP synthase activity, rotational mechanism",7/3098,14/18430,0.5,2.974499677,3.322122313,0.004302681,0.107874477,0.09813607,atp5pd/atp5f1b/atp5fa1/atp5f1d/atp5f1c/atp5po/atp5mf,7
MF,GO:0070403,NAD+ binding,7/3098,14/18430,0.5,2.974499677,3.322122313,0.004302681,0.107874477,0.09813607,sirt2/cryl1/sirt5/hadhab/sirt6/si:dkey-103i16.6/sirt3,7
BP,GO:0034198,cellular response to amino acid starvation,9/3139,21/18773,0.428571429,2.563100168,3.211356623,0.004317817,0.092636798,0.08320975,sesn1/trim32/mios/wdr59/dap1b/dap/kptn/impact/atf4a,9
MF,GO:0003724,RNA helicase activity,21/3098,70/18430,0.3,1.784699806,2.956707844,0.00440547,0.107874477,0.09813607,eif4a2/dhx35/dhx30/mov10b.2/mov10b.1/ddx31/eif4a1a/ddx61/dhx29/ddx39ab/eif4a3/supv3l1/ddx54/ddx17/ddx5/ddx28/helz2a/ddx49/ddx19b/ddx10/g3bp1,21
MF,GO:0008186,"ATP-dependent activity, acting on RNA",21/3098,70/18430,0.3,1.784699806,2.956707844,0.00440547,0.107874477,0.09813607,eif4a2/dhx35/dhx30/mov10b.2/mov10b.1/ddx31/eif4a1a/ddx61/dhx29/ddx39ab/eif4a3/supv3l1/ddx54/ddx17/ddx5/ddx28/helz2a/ddx49/ddx19b/ddx10/g3bp1,21
BP,GO:0009135,purine nucleoside diphosphate metabolic process,17/3139,53/18773,0.320754717,1.918295095,2.99973682,0.004457085,0.094305766,0.084708878,pfkpa/hk2/pfkma/eno2/ak1/gapdh/hk1/adpgk/tigarb/tpi1a/prkag3b/pfkmb/gpia/pkmb/gapdhs/bpgm/ak2,17
BP,GO:0009179,purine ribonucleoside diphosphate metabolic process,17/3139,53/18773,0.320754717,1.918295095,2.99973682,0.004457085,0.094305766,0.084708878,pfkpa/hk2/pfkma/eno2/ak1/gapdh/hk1/adpgk/tigarb/tpi1a/prkag3b/pfkmb/gpia/pkmb/gapdhs/bpgm/ak2,17
BP,GO:0042060,wound healing,29/3139,107/18773,0.271028037,1.620901353,2.886055914,0.004531038,0.095213862,0.085524563,thbd/myof/rhoab/si:ch211-156j16.1/pros1/anxa6/serpine1/kng1/fgl1/prkcbb/plg/f13a1b/habp2/cadm4/fgg/fga/serpina10a/evpla/lgals2a/tfpia/plecb/rad51c/hpse/arhgap24/tfpi2/f8/eppk1/serpinc1/fgb,29
BP,GO:0006002,fructose 6-phosphate metabolic process,6/3139,11/18773,0.545454545,3.262127487,3.36271244,0.004674025,0.096240989,0.086447166,pfkpa/pfkma/gfpt1/fbp1a/pfkmb/gfpt2,6
BP,GO:0031033,myosin filament organization,6/3139,11/18773,0.545454545,3.262127487,3.36271244,0.004674025,0.096240989,0.086447166,ttn.1/eef2k/hsp90aa1.1/tcap/smyd1b/ttn.2,6
BP,GO:0051131,chaperone-mediated protein complex assembly,6/3139,11/18773,0.545454545,3.262127487,3.36271244,0.004674025,0.096240989,0.086447166,tmem35/bbs12/pfdn6/bbs10/ptges3a/psmg1,6
CC,GO:0019867,outer membrane,33/3237,126/19331,0.261904762,1.564065787,2.848807826,0.004729394,0.047657739,0.041645473,cptp/hk2/mul2/tomm40/tomm22/spata18/nme3/fundc1/cisd2/mcl1b/bnip3lb/lpin1a/qtrt1/zgc:56235/mgst1.2/hk1/tomm20a/samm50/gdap1/vdac3/tigarb/mtch2/kmo/zgc:172295/hadhb/mfn1b/agpat4/rhot2/vdac2/rps6kb1b/armc1/tomm6/zgc:73226,33
CC,GO:0031968,organelle outer membrane,33/3237,126/19331,0.261904762,1.564065787,2.848807826,0.004729394,0.047657739,0.041645473,cptp/hk2/mul2/tomm40/tomm22/spata18/nme3/fundc1/cisd2/mcl1b/bnip3lb/lpin1a/qtrt1/zgc:56235/mgst1.2/hk1/tomm20a/samm50/gdap1/vdac3/tigarb/mtch2/kmo/zgc:172295/hadhb/mfn1b/agpat4/rhot2/vdac2/rps6kb1b/armc1/tomm6/zgc:73226,33
MF,GO:0002161,aminoacyl-tRNA editing activity,6/3098,11/18430,0.545454545,3.244908739,3.347759072,0.004803685,0.113734209,0.103466812,aarsd1/prorsd1/aars1/vars1/lars1b/iars1,6
BP,GO:0021514,ventral spinal cord interneuron differentiation,10/3139,25/18773,0.4,2.392226824,3.121177056,0.004829203,0.09877329,0.088721771,evx2/notch1b/gli1/jag2b/foxn4/notch3/olig2/sulf2a/dla/dll4,10
BP,GO:0036293,response to decreased oxygen levels,23/3139,80/18773,0.2875,1.71941303,2.889346763,0.004980408,0.101191341,0.090893753,mb/g0s2/ppiab/ern1/fundc1/alas2/sirt2/ddit4/ndufa9a/smyd3/pgfb/atp5meb/fam162a/crtc3/hspa5/epas1b/hsp90b1/atf6/hmox1a/nr3c1/cox4i1/tp53/rest,23
MF,GO:0001786,phosphatidylserine binding,10/3098,25/18430,0.4,2.379599742,3.102754287,0.005021378,0.113734209,0.103466812,gap43/anxa6/timd4/anxa2a/anxa4/havcr1/anxa5b/anxa13l/prnpb/anxa13,10
MF,GO:0003707,nuclear steroid receptor activity,10/3098,25/18430,0.4,2.379599742,3.102754287,0.005021378,0.113734209,0.103466812,rxraa/pgr/nr1i2/abhd2a/nr3c2/esr2a/rxrba/nr3c1/esrrga/esrra,10
BP,GO:0006626,protein targeting to mitochondrion,14/3139,41/18773,0.341463415,2.04214485,2.993255693,0.005090557,0.101387129,0.091069616,timm50/tomm40/timm29/timm22/timm13/timm10/dnajc15/samm50/gdap1/pam16/grpel1/agk/chchd4a/immp2l,14
BP,GO:0010257,NADH dehydrogenase complex assembly,11/3139,29/18773,0.379310345,2.268490954,3.063170087,0.005112495,0.101387129,0.091069616,ndufaf7/tmem126a/lyrm2/ndufaf2/ndufaf1/ndufb8/ndufaf4/tmem186/ndufs5/ndufaf3/ndufs8a,11
BP,GO:0032981,mitochondrial respiratory chain complex I assembly,11/3139,29/18773,0.379310345,2.268490954,3.063170087,0.005112495,0.101387129,0.091069616,ndufaf7/tmem126a/lyrm2/ndufaf2/ndufaf1/ndufb8/ndufaf4/tmem186/ndufs5/ndufaf3/ndufs8a,11
BP,GO:0048514,blood vessel morphogenesis,96/3139,448/18773,0.214285714,1.281550084,2.7026422,0.005122487,0.101387129,0.091069616,mb/hlx1/thbs1b/per2/lpar6a/c1ql4l/nrp2b/adgra2/hars/lpar4/angptl2b/rin2a/e2f7/tie1/cxcr4a/serpinf1/tspan12/angptl4/ccbe1/rspo3/sirt2/notch1b/serpine1/myh9a/fktn/colec12/pknox1.1/peak1/slc2a1b/calcrla/rab13/twist1a/smo/yap1/stag1a/nme2b.1/bmper/s1pr1/fbn2b/fn1a/kif11/pgfb/lpar2b/sox18/aplnrb/pappa2/abca1a/ptprb/tnfrsf19/cnmd/ldb2a/sdc2/ppih/iqsec1b/ephb4b/fli1/git1/scube1/sars1/notch3/tbx16/nrxn3a/pkmb/marcksl1b/sema3ab/efnb2a/uqcrb/lmo2/cemip2/tars1/ube3d/lgals2a/lama1/ntn4/jcada/hs6st2/psme3/sat1b/pdgfab/tp53/hpse/robo4/amotl2a/reck/iars1/brcc3/igf2b/msna/rab11a/arfgef2/dla/gipc2/zap70/pdcd2l/dll4/srpx2,96
MF,GO:0016796,"exonuclease activity, active with either ribo- or deoxyribonucleic acids and producing 5'-phosphomonoesters",15/3098,45/18430,0.333333333,1.982999785,2.967700357,0.00517174,0.114282829,0.103965906,pole/toe1/apex1/isg20l2/pold1/cnot7/dclre1b/tatdn1/apex2/xrn1/xrn2/cnot6l/slc52a2/mgme1/cpsf3,15
BP,GO:0006641,triglyceride metabolic process,13/3139,37/18773,0.351351351,2.101280318,3.00452746,0.005201819,0.101387129,0.091069616,lipg/mogat3b/apobb.1/lpin1a/cetp/pnpla3/zgc:172295/lpin2/pnpla2/mboat7/gpat2/apoc1/lipeb,13
BP,GO:0019318,hexose metabolic process,26/3139,94/18773,0.276595745,1.654199399,2.849135694,0.00520679,0.101387129,0.091069616,pfkpa/hk2/pfkma/gdpgp1/gapdh/pmm2/g6pc1a.2/hk1/man2a2/adpgk/foxo1a/si:dkey-224e22.2/tpi1a/pofut2/pdhb/fbp1a/prkag3b/khk/pfkmb/pdk2a/gpia/gapdhs/pfkfb2b/arpp19a/gale/fuom,26
BP,GO:0008038,neuron recognition,12/3139,33/18773,0.363636364,2.174751658,3.026454298,0.005221371,0.101387129,0.091069616,nrp2b/gap43/erbb2/anos1a/myot/emb/dscamb/crtac1a/efnb2a/cdh2/robo4/robo3,12
BP,GO:0042274,ribosomal small subunit biogenesis,20/3139,67/18773,0.298507463,1.785243898,2.885143266,0.005383136,0.102130713,0.091737531,tsr1/imp3/srfbp1/rrs1/utp6/tsr2/riok2/rrp36/rps27.1/mrps7/ngdn/npm1a/wdr75/zgc:86811/wdr3/dcaf13/rrp7a/tsr3/rps9/riok1,20
BP,GO:0006739,NADP metabolic process,8/3139,18/18773,0.444444444,2.658029804,3.153449846,0.00542611,0.102130713,0.091737531,nnt/nudt17/pgd/pgls/tigarb/tkta/nadkb/idh1,8
BP,GO:0010563,negative regulation of phosphorus metabolic process,8/3139,18/18773,0.444444444,2.658029804,3.153449846,0.00542611,0.102130713,0.091737531,rtraf/atp5if1a/smo/tigarb/pkig/aida/klhl31/si:dkey-7n6.2,8
BP,GO:0045936,negative regulation of phosphate metabolic process,8/3139,18/18773,0.444444444,2.658029804,3.153449846,0.00542611,0.102130713,0.091737531,rtraf/atp5if1a/smo/tigarb/pkig/aida/klhl31/si:dkey-7n6.2,8
BP,GO:0046033,AMP metabolic process,8/3139,18/18773,0.444444444,2.658029804,3.153449846,0.00542611,0.102130713,0.091737531,ak1/adssl/adkb/adsl/ampd3a/adka/ak2/adss1,8
MF,GO:0050145,nucleoside monophosphate kinase activity,8/3098,18/18430,0.444444444,2.643999713,3.136748459,0.005609708,0.121009425,0.110085256,cmpk/ak1/zgc:86811/ak8/guk1a/dtymk/ak7b/ak2,8
BP,GO:0051168,nuclear export,21/3139,72/18773,0.291666667,1.744332059,2.835413709,0.005926733,0.110873279,0.099590422,nup88/rae1/sarnp/alyref/xpo1b/eny2/nxt2/thoc3/xpo1a/phax/ran/rangap1a/sem1/npm1a/ncbp2/ddx39ab/lzts2a/thoc7/poldip3/ddx19b/strada,21
BP,GO:1901292,nucleoside phosphate catabolic process,26/3139,95/18773,0.273684211,1.636786774,2.78808833,0.006052556,0.112540865,0.101088309,pfkpa/fitm2/hk2/dnph1/pfkma/eno2/nudt17/gapdh/itpa/hk1/adpgk/tigarb/tpi1a/hint1/prkag3b/fhit/pfkmb/dctpp1/enpp1/gpia/pkmb/mlycd/gapdhs/bpgm/entpd2a.1/nudt15,26
BP,GO:1990928,response to amino acid starvation,9/3139,22/18773,0.409090909,2.446595615,3.042020558,0.006236613,0.115264624,0.103534888,sesn1/trim32/mios/wdr59/dap1b/dap/kptn/impact/atf4a,9
CC,GO:0005838,proteasome regulatory particle,9/3237,22/19331,0.409090909,2.443044907,3.037152323,0.006299139,0.060013613,0.052442591,psmd7/psmd14/sem1/adrm1/psmd13/psmc6/psmd2/psmd12/psmd4a,9
CC,GO:0035267,NuA4 histone acetyltransferase complex,9/3237,22/19331,0.409090909,2.443044907,3.037152323,0.006299139,0.060013613,0.052442591,ruvbl2/yeats2/epc1a/epc1b/ruvbl1/ing3/actl6a/brd8a/ep400,9
CC,GO:0043189,H4/H2A histone acetyltransferase complex,9/3237,22/19331,0.409090909,2.443044907,3.037152323,0.006299139,0.060013613,0.052442591,ruvbl2/yeats2/epc1a/epc1b/ruvbl1/ing3/actl6a/brd8a/ep400,9
BP,GO:0009132,nucleoside diphosphate metabolic process,20/3139,68/18773,0.294117647,1.758990312,2.809491414,0.006451948,0.118530389,0.106468318,pfkpa/cmpk/hk2/pfkma/eno2/ak1/gapdh/hk1/adpgk/tigarb/tpi1a/prkag3b/pfkmb/gpia/pkmb/gapdhs/bpgm/dtymk/ak2/entpd2a.1,20
MF,GO:0008173,RNA methyltransferase activity,18/3098,59/18430,0.305084746,1.814948956,2.818267427,0.006644104,0.139100211,0.126542889,mrm1/cmtr2/nsun2/bud23/emg1/trmt10c/nop2/mettl5/trmt2b/mettl6/ftsj3/lcmt2/nsun4/trmt61b/tarbp1/dimt1l/pcif1/thumpd3,18
BP,GO:0000387,spliceosomal snRNP assembly,10/3139,26/18773,0.384615385,2.3002181,2.972712221,0.006688622,0.120477068,0.108216896,prmt7/gemin5/snrpd2/snrpe/snrpd3l/snrpc/prpf31/clns1a/aar2/lsm4,10
BP,GO:0009220,pyrimidine ribonucleotide biosynthetic process,10/3139,26/18773,0.384615385,2.3002181,2.972712221,0.006688622,0.120477068,0.108216896,cmpk/nme3/umps/nme5/cad/nme2b.1/uck2b/dhodh/ctps1a/nme9,10
BP,GO:1903829,positive regulation of protein localization,13/3139,38/18773,0.342105263,2.045983468,2.892048999,0.006717627,0.120477068,0.108216896,edn1/tmem35/marcksb/stac3/larp7/mesd/vrk1/entr1/stac/amotl2a/aacs/msna/nf2a,13
BP,GO:0006638,neutral lipid metabolic process,17/3139,55/18773,0.309090909,1.848538909,2.823834641,0.006757621,0.120477068,0.108216896,lipg/mogat3b/abhd2a/abhd12/apobb.1/lpin1a/cetp/pnpla3/zgc:172295/lpin2/pnpla2/mboat7/sbds/gpat2/si:dkey-172j4.3/apoc1/lipeb,17
BP,GO:0032868,response to insulin,17/3139,55/18773,0.309090909,1.848538909,2.823834641,0.006757621,0.120477068,0.108216896,slc39a14/tns2a/lpin1a/slc2a1b/rab13/pik3r3b/irs2b/tsc2/khk/lpin2/gsk3aa/grb10b/pik3r1/socs7/insig1/rps6kb1b/igf2b,17
BP,GO:1902532,negative regulation of intracellular signal transduction,45/3139,188/18773,0.239361702,1.431518711,2.664484208,0.00681063,0.120477068,0.108216896,dusp1/dusp4/cptp/cerkl/tp53bp2b/si:ch211-195b15.8/il17rd/nme5/spry1/yju2/sesn1/ddit4/kank2/dusp16/tnfaip8l1/herpud1/vax2/aplnrb/dusp7/tsc2/rnf2/tbc1d7/cd74b/gsk3aa/spred2b/aida/pebp1/strn3/tnip1/ptpn2b/insig1/tank/gramd4a/cnot9/bcor/tsc1b/arhgap45b/arhgap24/gramd4b/spry4/stambpa/scrt2/rasa2/kptn/ddrgk1,45
BP,GO:0043409,negative regulation of MAPK cascade,12/3139,34/18773,0.352941176,2.110788374,2.904781402,0.006862263,0.120477068,0.108216896,dusp1/dusp4/si:ch211-195b15.8/il17rd/spry1/dusp16/dusp7/spred2b/aida/pebp1/ptpn2b/spry4,12
BP,GO:0042168,heme metabolic process,11/3139,30/18773,0.366666667,2.192874589,2.929892855,0.006872062,0.120477068,0.108216896,alas2/tmem14a/bdh2/atp5if1a/alas1/tmem14ca/hmox1a/cox15/hmbsb/ppox/fech,11
MF,GO:0008649,rRNA methyltransferase activity,7/3098,15/18430,0.466666667,2.776199699,3.093454599,0.006907463,0.139100211,0.126542889,bud23/emg1/nop2/mettl5/trmt2b/ftsj3/dimt1l,7
CC,GO:1902562,H4 histone acetyltransferase complex,12/3237,34/19331,0.352941176,2.107725018,2.89922421,0.006945246,0.064987657,0.056789134,ruvbl2/yeats2/epc1a/msl2b/phf20b/epc1b/ruvbl1/ing3/phf20l1/actl6a/brd8a/ep400,12
MF,GO:0019200,carbohydrate kinase activity,10/3098,26/18430,0.384615385,2.288076675,2.954367138,0.006948665,0.139100211,0.126542889,pfkpa/hk2/pfkma/hk1/fggy/pomk/khk/pfkmb/pfkfb2b/nagk,10
BP,GO:0021515,cell differentiation in spinal cord,19/3139,64/18773,0.296875,1.775480846,2.784528399,0.007011371,0.121298987,0.108955173,evx2/notch1b/gli1/gli2a/leo1/jag2b/smo/foxn4/vox/lhx1a/cox5aa/notch3/fzd8a/clp1/olig2/sulf2a/igf1ra/dla/dll4,19
BP,GO:0006090,pyruvate metabolic process,21/3139,73/18773,0.287671233,1.720437099,2.763456118,0.007036953,0.121298987,0.108955173,pfkpa/hk2/ldhba/pfkma/eno2/gapdh/dlat/hk1/mpc1/adpgk/tigarb/tpi1a/pdhb/prkag3b/pfkmb/pdk2a/gpia/pkmb/gapdhs/bpgm/dldh,21
BP,GO:0061061,muscle structure development,93/3139,437/18773,0.212814645,1.272752258,2.585072032,0.007037555,0.121298987,0.108955173,myof/col6a2/fhod3a/arhgef28a/atoh8/ttn.1/pdlim1/ptch2/chchd10/marcksb/cxcr4a/ppp2r3a/rbpms2b/mybphb/hsp90aa1.1/orai1b/stac3/fktn/gli1/zgc:112052/rbx1/gli2a/gfpt1/tmod1/ctcf/ctsd/dpm1/smyd3/smo/icam3/flncb/mybpc2b/erbb2/wasla/pygma/six1b/tnnt1/lmna/myot/foxo1a/myl1/myom2a/tcap/tnnt3b/dpm2/rnf2/pdlim3b/pomk/dag1/ddx39ab/scube1/taf3/atf3/tbx16/mrtfab/smyd1b/thrab/bmp2b/rbfox2/mkxa/igfn1.3/rttn/lurap1/cemip2/ilk/lgals2a/csrp1a/dok7b/mbnl2/pomgnt2/mylpfa/hs6st2/plecb/tpm4a/mylk5/gpc4/pgm5/akirin1/actn3b/col6a1/tfpi2/synpo2la/tango2/fer1l6/pdlim5a/spry4/igf2b/nfixa/ttn.2/nup210/apobec2a/ngly1/adss1,93
MF,GO:0003712,transcription coregulator activity,67/3098,299/18430,0.224080268,1.333053367,2.609941243,0.007062483,0.139100211,0.126542889,hdac1/ncoa2/kctd15a/si:dkey-93h22.8/tob1b/supt20/cry1a/crebbpa/pprc1/med18/kdm7ab/med9/lpin1a/med6/tada3l/eny2/crebbpb/prkcbb/si:ch211-194k22.8/thrap3b/cbfa2t2/cbfa2t3/smarcb1a/med13a/ep300b/pias2/yap1/rereb/med10/med19a/id3/med4/mideasb/med20/tle3b/id4/bcl10/tbl1xr1a/crtc3/ncoa1/lpin2/ctbp2a/mrtfab/atxn7l3b/taf5l/arid5b/lmo2/smarcd1/cnot9/hipk2/zmp:0000001236/tle2b/net1/mycbp/bcor/med27/med8/akirin1/cited4a/ewsr1b/mysm1/nab2/rad54l2/ncor2/runx1t1/med7/kctd1,67
CC,GO:1904949,ATPase complex,26/3237,96/19331,0.270833333,1.617386212,2.71957929,0.007147776,0.065709377,0.057419805,tcirg1a/phf10/hdac1/cfdp1/ruvbl2/anp32e/ccdc115/smarcb1a/smarce1/actr5/rbbp4/ino80c/srcap/pbrm1/bicral/ino80/smarcd1/atp6v1h/atp6v0cb/ruvbl1/actl6a/si:ch211-168d23.3/atp6v0e1/gatad2b/ep400/pole3,26
BP,GO:0019364,pyridine nucleotide catabolic process,16/3139,51/18773,0.31372549,1.876256332,2.807734341,0.007237126,0.1233528,0.110799983,pfkpa/hk2/pfkma/eno2/nudt17/gapdh/hk1/adpgk/tigarb/tpi1a/prkag3b/pfkmb/gpia/pkmb/gapdhs/bpgm,16
BP,GO:0072526,pyridine-containing compound catabolic process,16/3139,51/18773,0.31372549,1.876256332,2.807734341,0.007237126,0.1233528,0.110799983,pfkpa/hk2/pfkma/eno2/nudt17/gapdh/hk1/adpgk/tigarb/tpi1a/prkag3b/pfkmb/gpia/pkmb/gapdhs/bpgm,16
CC,GO:0005684,U2-type spliceosomal complex,16/3237,51/19331,0.31372549,1.873533349,2.801343346,0.007342254,0.066333466,0.057965162,lsm7/yju2/tfip11/sf3b2/snrpe/snrpd3l/snrpc/prpf31/prpf39/eif4a3/snrpb/sf3b3/eftud2/cwc25/syf2/ccdc12,16
BP,GO:0016055,Wnt signaling pathway,65/3139,291/18773,0.223367698,1.335865494,2.587338653,0.007537286,0.123831958,0.11123038,fam53b/tet2/hdac1/lrp5/kctd15a/dact3a/adgra2/nipblb/znf703/rhoab/sfrp2/cdkn2aip/csnk1e/jun/ppp2r3a/rspo3/lepr/cdk5rap3/tollip/tmem198aa/nkd2b/nkd2a/nphp4/med10/wnt9a/nlk1/rock2a/vax2/tle3b/tcf7l1b/id4/mesd/tsc2/wnt6b/nkd1/lgr4/gsk3aa/fzd8a/grb10b/zranb1b/otud5b/lzts2a/cemip2/fzd10/csrp1a/tle2b/net1/tcf7/sulf2a/ror1/ror2/csnk2b/btk/amotl2a/fzd5/dmxl2/reck/rnf146/tcf7l2/fzd7a/rspo4/notum1a/nxn/daam2/tnksa,65
BP,GO:0032869,cellular response to insulin stimulus,15/3139,47/18773,0.319148936,1.908691615,2.794852011,0.00771061,0.123831958,0.11123038,slc39a14/tns2a/lpin1a/rab13/pik3r3b/irs2b/tsc2/lpin2/gsk3aa/grb10b/pik3r1/socs7/insig1/rps6kb1b/igf2b,15
BP,GO:0001503,ossification,29/3139,111/18773,0.261261261,1.562490493,2.663259349,0.007862136,0.123831958,0.11123038,mgp/lrp5/hdac4/ptch2/nog2/cfdp1/ahsg2/mst1rb/rflnb/mapk7/col1a1a/foxl1/phospho1/ihha/wnt9a/bmp1a/rflna/riox1/lgr4/enpp1/bmp2b/nr3c1/col27a1b/atp6v1h/gpc4/runx2b/clec3ba/rest/atf4a,29
BP,GO:0006914,autophagy,54/3139,235/18773,0.229787234,1.374257963,2.58695824,0.007883185,0.123831958,0.11123038,ulk2/cptp/spata18/arl8ba/fundc1/zgc:101559/ulk1a/cisd2/sirt2/rubcn/sesn1/tbc1d25/tollip/trim32/becn1/tp53inp1/atp2a2b/vamp8/stx12/tigarb/tbc1d14/mtmr14/bmf2/atg3/fyco1a/waca/mcoln1a/dap1b/vti1b/nbr1a/mtcl3a/gsk3aa/vmp1/ilrun/smcr8a/lars1b/si:ch1073-143l10.2/wdr81/pik3c3/rragd/plekhm1/atp2a2a/atg4da/tmem208/tp53/washc4/atg16l1/dap/atp13a2/snx14/prkn/vps13a/gfap/ddrgk1,54
BP,GO:0061919,process utilizing autophagic mechanism,54/3139,235/18773,0.229787234,1.374257963,2.58695824,0.007883185,0.123831958,0.11123038,ulk2/cptp/spata18/arl8ba/fundc1/zgc:101559/ulk1a/cisd2/sirt2/rubcn/sesn1/tbc1d25/tollip/trim32/becn1/tp53inp1/atp2a2b/vamp8/stx12/tigarb/tbc1d14/mtmr14/bmf2/atg3/fyco1a/waca/mcoln1a/dap1b/vti1b/nbr1a/mtcl3a/gsk3aa/vmp1/ilrun/smcr8a/lars1b/si:ch1073-143l10.2/wdr81/pik3c3/rragd/plekhm1/atp2a2a/atg4da/tmem208/tp53/washc4/atg16l1/dap/atp13a2/snx14/prkn/vps13a/gfap/ddrgk1,54
CC,GO:0016604,nuclear body,34/3237,135/19331,0.251851852,1.504030939,2.635566551,0.00796721,0.069530571,0.060758936,hipk3a/atoh8/rbm4.1/cdk12/pqbp1/srsf1b/toe1/rmi1/apex1/srsf1a/tp53inp1/babam1/prpf31/zgc:86811/rnf2/pspc1/eif4a3/rpa1/dazap2/magoh/slu7/srsf3b/srsf2a/inppl1a/smndc1/hipk2/setd1ba/zmp:0000001236/vrk1/thoc7/poldip3/dkc1/abitram/lrch4,34
BP,GO:0020027,hemoglobin metabolic process,8/3139,19/18773,0.421052632,2.518133499,2.966577407,0.008015924,0.123831958,0.11123038,tfa/alas2/bdh2/slc11a2/glrx3/alas1/tfr1b/sfxn1,8
BP,GO:0061041,regulation of wound healing,8/3139,19/18773,0.421052632,2.518133499,2.966577407,0.008015924,0.123831958,0.11123038,pros1/serpine1/kng1/plg/cadm4/fga/lgals2a/serpinc1,8
BP,GO:2001243,negative regulation of intrinsic apoptotic signaling pathway,8/3139,19/18773,0.421052632,2.518133499,2.966577407,0.008015924,0.123831958,0.11123038,cerkl/nme5/herpud1/vax2/rnf2/cd74b/bcor/scrt2,8
BP,GO:0001933,negative regulation of protein phosphorylation,6/3139,12/18773,0.5,2.99028353,3.090248877,0.008034806,0.123831958,0.11123038,rtraf/smo/pkig/aida/klhl31/si:dkey-7n6.2,6
BP,GO:0006206,pyrimidine nucleobase metabolic process,6/3139,12/18773,0.5,2.99028353,3.090248877,0.008034806,0.123831958,0.11123038,cmpk/umps/dpys/cad/dhodh/ctps1a,6
BP,GO:0006570,tyrosine metabolic process,6/3139,12/18773,0.5,2.99028353,3.090248877,0.008034806,0.123831958,0.11123038,pah/ttc36/fah/gstz1/hpda/dct,6
BP,GO:0006734,NADH metabolic process,6/3139,12/18773,0.5,2.99028353,3.090248877,0.008034806,0.123831958,0.11123038,pfkpa/pfkma/nudt17/pfkmb/gpd1c/mdh1aa,6
BP,GO:0042326,negative regulation of phosphorylation,6/3139,12/18773,0.5,2.99028353,3.090248877,0.008034806,0.123831958,0.11123038,rtraf/smo/pkig/aida/klhl31/si:dkey-7n6.2,6
BP,GO:1901207,regulation of heart looping,6/3139,12/18773,0.5,2.99028353,3.090248877,0.008034806,0.123831958,0.11123038,rangrf/nphp4/atr/mia3/cfap20/mmp21,6
BP,GO:1902807,negative regulation of cell cycle G1/S phase transition,6/3139,12/18773,0.5,2.99028353,3.090248877,0.008034806,0.123831958,0.11123038,e2f7/kank2/plk3/waca/rbl1/myo16,6
BP,GO:1903053,regulation of extracellular matrix organization,6/3139,12/18773,0.5,2.99028353,3.090248877,0.008034806,0.123831958,0.11123038,comp/creb3l2/lama5/cemip2/gpc4/mpzl2b,6
BP,GO:2000134,negative regulation of G1/S transition of mitotic cell cycle,6/3139,12/18773,0.5,2.99028353,3.090248877,0.008034806,0.123831958,0.11123038,e2f7/kank2/plk3/waca/rbl1/myo16,6
BP,GO:0019220,regulation of phosphate metabolic process,23/3139,83/18773,0.277108434,1.657265571,2.689002189,0.008072487,0.123831958,0.11123038,rtraf/ppp1r14aa/atpsckmt/ppp1r14d/il34/pth1r/igbp1/atp5if1a/ppp2r3c/smo/tigarb/adcy5/dok7a/pkig/prkag3b/pdk2a/aida/klhl31/si:dkey-7n6.2/dok7b/ppp1r15b/spdya/prnpb,23
BP,GO:0051174,regulation of phosphorus metabolic process,23/3139,83/18773,0.277108434,1.657265571,2.689002189,0.008072487,0.123831958,0.11123038,rtraf/ppp1r14aa/atpsckmt/ppp1r14d/il34/pth1r/igbp1/atp5if1a/ppp2r3c/smo/tigarb/adcy5/dok7a/pkig/prkag3b/pdk2a/aida/klhl31/si:dkey-7n6.2/dok7b/ppp1r15b/spdya/prnpb,23
BP,GO:0070482,response to oxygen levels,23/3139,83/18773,0.277108434,1.657265571,2.689002189,0.008072487,0.123831958,0.11123038,mb/g0s2/ppiab/ern1/fundc1/alas2/sirt2/ddit4/ndufa9a/smyd3/pgfb/atp5meb/fam162a/crtc3/hspa5/epas1b/hsp90b1/atf6/hmox1a/nr3c1/cox4i1/tp53/rest,23
CC,GO:1905354,exoribonuclease complex,8/3237,19/19331,0.421052632,2.514478969,2.961977117,0.008088655,0.069530571,0.060758936,las1l/c1d/exosc7/exosc6/exosc2/supv3l1/pan3/exosc4,8
CC,GO:0005682,U5 snRNP,6/3237,12/19331,0.5,2.985943775,3.086174858,0.008094208,0.069530571,0.060758936,snrpd2/txnl4a/snrpe/snrpd3l/snrpb/cd2bp2,6
BP,GO:0042440,pigment metabolic process,14/3139,43/18773,0.325581395,1.947161368,2.786154478,0.008160898,0.12394869,0.111335233,ddt/alas2/tmem14a/bdh2/atp5if1a/alas1/tmem14ca/hmox1a/cox15/hmbsb/dct/ppox/bbs4/fech,14
BP,GO:0072331,signal transduction by p53 class mediator,14/3139,43/18773,0.325581395,1.947161368,2.786154478,0.008160898,0.12394869,0.111335233,cdkn1d/e2f7/yju2/si:dkey-74k8.3/vax2/rnf2/fhit/eef1e1/cd74b/si:dkey-9i23.15/hipk2/bcor/tp53/scrt2,14
MF,GO:0003995,acyl-CoA dehydrogenase activity,6/3098,12/18430,0.5,2.974499677,3.075520614,0.008250721,0.152554156,0.138782275,acadm/acadsb/acad11/zgc:85777/acadl/acads,6
MF,GO:0034056,estrogen response element binding,6/3098,12/18430,0.5,2.974499677,3.075520614,0.008250721,0.152554156,0.138782275,pgr/nr3c2/esr2a/nr3c1/esrrga/esrra,6
MF,GO:0052890,"oxidoreductase activity, acting on the CH-CH group of donors, with a flavin as acceptor",6/3098,12/18430,0.5,2.974499677,3.075520614,0.008250721,0.152554156,0.138782275,acadm/acadsb/acad11/zgc:85777/acadl/acads,6
BP,GO:0005996,monosaccharide metabolic process,27/3139,102/18773,0.264705882,1.58309128,2.645871329,0.008408939,0.126463854,0.113594446,pfkpa/hk2/pfkma/gdpgp1/gapdh/pmm2/g6pc1a.2/hk1/man2a2/adpgk/fggy/foxo1a/si:dkey-224e22.2/tpi1a/pofut2/pdhb/fbp1a/prkag3b/khk/pfkmb/pdk2a/gpia/gapdhs/pfkfb2b/arpp19a/gale/fuom,27
BP,GO:0006575,cellular modified amino acid metabolic process,27/3139,102/18773,0.264705882,1.58309128,2.645871329,0.008408939,0.126463854,0.113594446,gstk1/bbox1/zgc:172121/abhd12/bhmt/aldh9a1a.1/dio2/ggact.2/mthfd1b/ggt1a/ass1/ptdss1a/aldh1l2/shmt1/gsto1/ckmb/gpx1a/chac1/acadl/gstz1/shmt2/ckmt1/dhfr/gstr/crata/gsta.1/aldh1l1,27
MF,GO:0140297,DNA-binding transcription factor binding,17/3098,56/18430,0.303571429,1.805946233,2.715128656,0.008667049,0.156297711,0.142187879,ncoa2/nr4a3/crebbpa/crebbpb/prkcbb/ep300b/smarce1/nr4a2a/bcl10/crtc3/commd6/ncoa1/ctbp2a/psmd10/lmo2/runx2b/atf4a,17
BP,GO:0009147,pyrimidine nucleoside triphosphate metabolic process,9/3139,23/18773,0.391304348,2.340221893,2.881747113,0.008748544,0.126855712,0.113946426,nme3/tyms/nme5/nme2b.1/uck2b/dctpp1/dtymk/ctps1a/nme9,9
MF,GO:0045182,translation regulator activity,37/3098,150/18430,0.246666667,1.467419841,2.58378792,0.008798216,0.156297711,0.142187879,mif4gdb/trim2a/eif4a2/tsfm/mrpl58/eef2k/eif3eb/eef1b2/nanos1/gspt1l/etf1b/eif4ba/eif4e1c/eif4h/gtpbp1l/eif1ad/supt5h/eef1da/mtrfr/eif2s3/eif4a1a/eef2b/eif4eb/cnbpa/dap1b/eif2b1/dhx29/eef1e1/eif4g2a/eif5a/eefsec/eif3ba/gfm1/supt6h/eif3c/denr/trim3b,37
BP,GO:0009123,nucleoside monophosphate metabolic process,16/3139,52/18773,0.307692308,1.84017448,2.718457282,0.008864937,0.126855712,0.113946426,dnph1/umps/ak1/tyms/cad/adssl/adkb/uck2b/adsl/dhodh/rfk/ampd3a/adka/pfas/ak2/adss1,16
BP,GO:0030282,bone mineralization,16/3139,52/18773,0.307692308,1.84017448,2.718457282,0.008864937,0.126855712,0.113946426,lrp5/cfdp1/ahsg2/mst1rb/rflnb/col1a1a/foxl1/phospho1/rflna/lgr4/enpp1/nr3c1/col27a1b/atp6v1h/clec3ba/atf4a,16
BP,GO:0021510,spinal cord development,25/3139,93/18773,0.268817204,1.607679317,2.632348407,0.008930763,0.126855712,0.113946426,evx2/notch1b/gli1/gli2a/leo1/jag2b/smo/exosc2/foxn4/neflb/vox/lhx1a/cox5aa/nos1/notch3/fzd8a/cdh2/clp1/smarcd1/olig2/tcf7/sulf2a/igf1ra/dla/dll4,25
BP,GO:0009218,pyrimidine ribonucleotide metabolic process,10/3139,27/18773,0.37037037,2.215024837,2.830926594,0.009057788,0.126855712,0.113946426,cmpk/nme3/umps/nme5/cad/nme2b.1/uck2b/dhodh/ctps1a/nme9,10
BP,GO:0016525,negative regulation of angiogenesis,10/3139,27/18773,0.37037037,2.215024837,2.830926594,0.009057788,0.126855712,0.113946426,thbs1b/per2/serpinf1/sirt2/serpine1/s1pr1/cnmd/sars1/tp53/dll4,10
BP,GO:0043281,regulation of cysteine-type endopeptidase activity involved in apoptotic process,10/3139,27/18773,0.37037037,2.215024837,2.830926594,0.009057788,0.126855712,0.113946426,mul2/casp8/mcl1b/e2f1/becn1/lamtor5/tp53/pycard/casp2/tnfrsf1b,10
BP,GO:0072332,intrinsic apoptotic signaling pathway by p53 class mediator,10/3139,27/18773,0.37037037,2.215024837,2.830926594,0.009057788,0.126855712,0.113946426,si:dkey-74k8.3/vax2/rnf2/fhit/cd74b/si:dkey-9i23.15/hipk2/bcor/tp53/scrt2,10
BP,GO:2000181,negative regulation of blood vessel morphogenesis,10/3139,27/18773,0.37037037,2.215024837,2.830926594,0.009057788,0.126855712,0.113946426,thbs1b/per2/serpinf1/sirt2/serpine1/s1pr1/cnmd/sars1/tp53/dll4,10
BP,GO:0006458,'de novo' protein folding,11/3139,31/18773,0.35483871,2.122136699,2.801783174,0.009070934,0.126855712,0.113946426,hsp70.3/hspe1/dnajb5/dnajc2/hspa5/chchd4a/hspa14/hspa9/hspa13/dnajb12a/st13,11
BP,GO:0006778,porphyrin-containing compound metabolic process,11/3139,31/18773,0.35483871,2.122136699,2.801783174,0.009070934,0.126855712,0.113946426,alas2/tmem14a/bdh2/atp5if1a/alas1/tmem14ca/hmox1a/cox15/hmbsb/ppox/fech,11
BP,GO:0016180,snRNA processing,11/3139,31/18773,0.35483871,2.122136699,2.801783174,0.009070934,0.126855712,0.113946426,ints6l/nop10/toe1/ints5/exosc7/exosc6/larp7/exosc2/ints14/exosc4/dkc1,11
BP,GO:0071383,cellular response to steroid hormone stimulus,11/3139,31/18773,0.35483871,2.122136699,2.801783174,0.009070934,0.126855712,0.113946426,hamp/pgr/abhd2a/kank2/nr3c2/esr2a/strn3/nr3c1/cnot9/esrrga/esrra,11
BP,GO:0009062,fatty acid catabolic process,18/3139,61/18773,0.295081967,1.764757493,2.680676646,0.00913672,0.126855712,0.113946426,echs1/hsd17b4/acadm/abhd2a/faah/decr2/lpin1a/acad11/hadhb/hadhab/lpin2/zgc:85777/acadl/ech1/ilvbl/acads/echdc2/tysnd1,18
BP,GO:0031123,RNA 3'-end processing,18/3139,61/18773,0.295081967,1.764757493,2.680676646,0.00913672,0.126855712,0.113946426,ints6l/toe1/ints5/exosc7/pcf11/exosc6/larp7/exosc2/trnt1/slbp/supv3l1/cstf1/clp1/ints14/exosc4/dkc1/papolg/cpsf3,18
BP,GO:0022411,cellular component disassembly,39/3139,161/18773,0.242236025,1.448708791,2.562104687,0.009137308,0.126855712,0.113946426,stmn4l/abce1/si:ch211-266i6.3/mical3a/mrpl58/capza1a/eef2k/cfl2/etf1b/tfip11/rubcn/ogfod1/pcf11/tbc1d25/stmn4/capgb/tmod1/stmn1a/dffa/plk3/napba/avil/gfm2/mtrfr/kif18a/fyco1a/dnase2/nsfa/cfl1/twf1b/stmn1b/eif5a/skic8/vrk1/sh3gl3a/katnb1/dnajc17/snx14/ddrgk1,39
BP,GO:0006886,intracellular protein transport,83/3139,388/18773,0.213917526,1.279348108,2.491412602,0.009137911,0.126855712,0.113946426,nup88/fam53b/snf8/gnptab/tomm22/kpnb1/kpna2/copb2/scfd1/steep1/timm29/stx8/sec23b/rpain/timm22/ap1s3b/xpo1b/pex12/vipas39/xpo1a/pex14/ap3m1/timm13/timm10/ran/ap4b1/tomm20a/gga3b/sytl3/vps25/samm50/napba/stx12/nutf2/pttg1ipa/snapin/sytl4/sec13/agk/myripb/nkd1/copg2/stx11a/ap2s1/ap1g2/vti1b/cd74b/sec24d/arl5a/tram2/sec61a1a/rab32a/rab38b/kif13a/gga1/sec23a/kpna5/stx4/zgc:77650/vps36/sar1ab/rab6ba/vps33b/vps35/sytl1/arl5c/vps28/tmed5/stam/vps26c/rab22a/nup35/stx5a/arl4ab/stx16/rab11a/napgb/sec61g/sec61b/ap4s1/vps13a/strada/copz1,83
MF,GO:0016887,ATP hydrolysis activity,70/3098,318/18430,0.220125786,1.30952816,2.502780182,0.009177188,0.159894849,0.145460284,abcc2/abcc4/abce1/abcb9/atp2a1l/tap2a/hsp70.3/kif2a/yme1l1a/atp1a3a/stard9/ruvbl2/hsp90aa1.1/abcb8/tor3a/abca4b/atad3/abcf1/dnah2/mov10b.2/mov10b.1/abcf3/abcb11b/atp2a2b/afg2b/atp5f1b/kif3cb/abca1a/abcf2a/kif18a/zgc:86811/srcap/rfc3/kif7/hspa5/afg3l2/eif4a3/abca3b/kif3a/smc2/ino80/supv3l1/clpb/hsp90b1/wu:fb13g09/hspa14/nsfa/mcm8/kif13a/psmc6/mlh1/hspa9/hspa13/dnah3/dnah5/atp2a2a/rtel1/tcp1/helz2a/si:dkey-96l17.6/rad51c/orc1/abcc5/ruvbl1/rad50/atp13a2/smc5/nwd1/rad54l2/kif20a,70
BP,GO:0051241,negative regulation of multicellular organismal process,42/3139,176/18773,0.238636364,1.427180776,2.551305499,0.009188892,0.126988836,0.114066003,ulk2/thbs1b/per2/cptp/ptch2/serpinf1/pros1/bnip3lb/ahsg2/sirt2/serpine1/rflnb/sox10/hhla2b.2/banf1/kng1/fgl1/plg/s1pr1/fga/cnmd/rflna/si:dkey-22i16.9/anxa5b/mc4r/sars1/notch3/hhla2b.1/lgr4/asip2b/aida/chrm2a/tm4sf4/zgc:113337/tp53/apoc1/slit3/lgals9l3/zgc:123297/daam2/dll4/zgc:153911,42
MF,GO:0042887,amide transmembrane transporter activity,11/3098,31/18430,0.35483871,2.110935255,2.782689009,0.009437757,0.16133223,0.146767905,slc25a32b/aqp7/slc38a7/slc15a2/aqp9b/slc25a42/aqp3b/slc15a4/slc25a17/si:dkey-183c6.7/slc38a3a,11
BP,GO:0006096,glycolytic process,15/3139,48/18773,0.3125,1.868927206,2.700902939,0.00951791,0.130361381,0.117095346,pfkpa/hk2/pfkma/eno2/gapdh/hk1/adpgk/tigarb/tpi1a/prkag3b/pfkmb/gpia/pkmb/gapdhs/bpgm,15
BP,GO:0046032,ADP catabolic process,15/3139,48/18773,0.3125,1.868927206,2.700902939,0.00951791,0.130361381,0.117095346,pfkpa/hk2/pfkma/eno2/gapdh/hk1/adpgk/tigarb/tpi1a/prkag3b/pfkmb/gpia/pkmb/gapdhs/bpgm,15
BP,GO:0046434,organophosphate catabolic process,33/3139,132/18773,0.25,1.495141765,2.557983858,0.009694768,0.132193548,0.118741065,gpcpd1/pfkpa/fitm2/hk2/dnph1/pfkma/eno2/nudt17/gapdh/abhd12/itpa/hk1/adpgk/gpd1l/tigarb/tpi1a/hint1/prkag3b/fhit/pfkmb/dctpp1/enpp1/gpia/pkmb/mlycd/gapdhs/smpdl3b/gpd1c/smpdl3a/bpgm/napepld/entpd2a.1/nudt15,33
MF,GO:0005319,lipid transporter activity,31/3098,122/18430,0.254098361,1.511630984,2.548639951,0.010100431,0.16946279,0.154164476,abcc4/slc10a4/apoa1b/cptp/triap1/ttpa/apobb.1/pitpnab/slc27a6/pitpnbl/abca4b/mfsd2ab/slco1d1/gltpd2b/abcb11b/cetp/vtg2/abca1a/prelid1a/abca3b/vmp1/rbp4/mfsd2b/rbp4l/vtg7/clptm1l/slc10a3/gm2a/stard3/prelid1b/gramd1ba,31
BP,GO:0022616,DNA strand elongation,7/3139,16/18773,0.4375,2.616498089,2.898473769,0.010218705,0.138721175,0.124604418,pole/pcna/pold2/lig1/dclre1b/lig3/pole3,7
BP,GO:0030522,intracellular receptor signaling pathway,22/3139,80/18773,0.275,1.644655941,2.589103173,0.010360247,0.139408934,0.125222188,cptp/rxraa/pgr/kank2/slc15a2/nr3c2/crabp2b/dhrs3a/thrab/esr2a/nr1d4b/strn3/rxrba/nr3c1/gramd4a/cnot9/raraa/pitx2/rargb/gramd4b/esrrga/esrra,22
BP,GO:1902600,proton transmembrane transport,22/3139,80/18773,0.275,1.644655941,2.589103173,0.010360247,0.139408934,0.125222188,tcirg1a/tmem175/nnt/atp1a3a/atp5mea/atp6v1e1a/atp5pd/atp5f1b/atp5fa1/atp5meb/atp5pf/atp5f1c/slc9a7/slc9a6a/nr3c1/atp5po/atp6v1h/atp6v0cb/dmxl2/atp6v0e1/atp5mc3b/atp5mf,22
MF,GO:0004386,helicase activity,34/3098,137/18430,0.248175182,1.476394,2.515801005,0.01061389,0.174839715,0.159055997,eif4a2/mcm2/dhx35/ruvbl2/hells/dhx30/mov10b.2/mov10b.1/ddx31/eif4a1a/srcap/recql4/ddx61/dhx29/ddx39ab/eif4a3/ino80/supv3l1/ddx54/ddx17/aqr/mcm8/ddx5/ercc6/ddx28/rtel1/helz2a/ddx49/ddx19b/ruvbl1/ddx10/g3bp1/blm/rad54l2,34
BP,GO:0001510,RNA methylation,16/3139,53/18773,0.301886792,1.805454207,2.631126589,0.010771035,0.143540615,0.128933415,mrm1/larp7/nsun2/bud23/emg1/mto1/nop2/mettl5/ftsj3/lcmt2/nsun4/trmt61b/si:ch211-225b11.4/tarbp1/dimt1l/thumpd3,16
BP,GO:0006826,iron ion transport,13/3139,40/18773,0.325,1.943684294,2.677126747,0.010784619,0.143540615,0.128933415,meltf/tfa/slc11a2/slc39a14/flvcr2b/steap3/tfr1b/cp/zgc:56095/abcc5/fthl27/slc48a1b/steap2,13
BP,GO:0006631,fatty acid metabolic process,48/3139,208/18773,0.230769231,1.38013086,2.470206133,0.010807654,0.143540615,0.128933415,fasn2/lipg/echs1/acacb/hacd1/hsd17b4/acadm/olah/ptgr1.1/elovl1b/hacd3/elovl7a/abhd2a/faah/acsbg2/decr2/lpin1a/acad11/ndufab1b/tecrb/slc27a6/oxsm/cryl1/ptges3a/acsl3b/hsd17b10/hadhb/ppardb/hadhab/prkag3b/hsd17b12a/lpin2/zgc:85777/pdk2a/mlycd/acadl/ech1/ilvbl/pparab/acsf3/acads/aacs/echdc2/mecr/tysnd1/mcat/acot20/ptgr2,48
BP,GO:1901137,carbohydrate derivative biosynthetic process,95/3139,455/18773,0.208791209,1.248689826,2.406248996,0.011040669,0.145468254,0.130664891,st6galnac5a/xylt1/cmpk/cant1a/dnph1/nme3/dpagt1/atpsckmt/umps/ak1/ogt.1/tyms/nme5/atp5mea/pmm2/fktn/uap1/pomgnt1/b3galt6/cad/atp5if1a/papss1/gfpt1/atp5pd/dpm1/nme2b.1/adssl/si:ch211-269c21.2/mgat1a/mogs/npr1a/adkb/adcy5/alg11/atp5f1b/st3gal2/fam20b/rpn2/dlst/atp5fa1/uck2b/atp5meb/atp5f1d/dpm2/zgc:172295/tpi1a/pofut2/adcy3a/dolpp1/adsl/mrpl24/pigb/pomk/b3gnt2l/adcy2a/uap1l1/krtcap2/mgat2/st8sia6/dhodh/rfk/ampd3a/alg3/atp5pf/gfus.1/gnpnat1/lcmt2/atp5f1c/tyw1/adka/b3galt2/papss2b/b3gnt7l/atp5po/dad1/mgat5/pomgnt2/gucy1a2/galntl6/pfas/hs6st2/pigl/dtymk/gpc4/ak2/ctps1a/chpfa/gfpt2/nme9/galnt1/pgap2/atp5mc3b/atp5mf/b3gnt3.4/adss1,95
BP,GO:0006325,chromatin organization,80/3139,375/18773,0.213333333,1.275854306,2.417831164,0.011047622,0.145468254,0.130664891,h1-0/h2ax/nasp/prmt6/smarca5/hdac1/hdac4/ppm1db/hmgn3/prmt7/cfdp1/ruvbl2/anp32e/tasorb/yeats2/kdm7ab/sirt2/hells/apex1/bend3/banf1/naa60/eny2/prkcbb/spty2d1/epc1a/alx4a/kmt2e/smarcb1a/cenpi/znf644a/supt5h/setd7/cbx5/rbbp4/hmgn6/lmna/babam1/npm1a/lmnl3/dnajc2/babam2/ino80c/srcap/waca/ing1/rag1/rnf2/pbrm1/rbl1/riox1/ddx39ab/satb1b/ssrp1b/chaf1a/ino80/smyd1b/atxn7l3b/hat1/h2az2b/supt4h1/nr3c1/mtf2/setd1ba/kansl2/ehmt1b/epc1b/ruvbl1/ing3/supt6h/npm3/setd1a/actl6a/mbd3b/emsy/mysm1/rad54l2/prdm14/ep400/pole3,80
BP,GO:0030162,regulation of proteolysis,42/3139,178/18773,0.235955056,1.411145037,2.469578516,0.011185609,0.145531074,0.130721318,edn1/ube3a/prmt6/mul2/adam8a/csnk1e/serpinf1/casp8/mcl1b/e2f1/sirt2/serpina1/serpine1/pi15a/becn1/herpud1/psme2/aurkaip1/serpina10a/c3b.1/usp14/fhit/gsk3aa/lamtor5/a2ml/cpamd8/chac1/itih3a.2/serpinh1b/tfpia/sh3rf1/psme3/tp53/tfpi2/serpinb1l1/plgrkt/reck/pycard/si:ch211-186e20.7/casp2/svbp/tnfrsf1b,42
BP,GO:0006402,mRNA catabolic process,38/3139,158/18773,0.240506329,1.43836423,2.479408059,0.011217595,0.145531074,0.130721318,syncripl/polr2g/lsm7/zfp36l2/rida/etf1b/exosc7/gli2a/angel2/lsm1/exosc6/exosc2/mov10b.2/mov10b.1/edc3/fastk/ncbp2/cnot7/eif4a3/magoh/mrto4/supv3l1/smg6/pan3/igf2bp2a/pabpn1l/cnot9/skic8/xrn1/xrn2/cnot6l/exosc4/lsm4/pum2/tbrg4/igf2bp1/ythdf1/larp1b,38
BP,GO:0046394,carboxylic acid biosynthetic process,39/3139,163/18773,0.239263804,1.430933223,2.475976223,0.011230921,0.145531074,0.130721318,fasn2/lipg/acacb/pycr3/hacd1/zgc:172121/olah/glulb/elovl1b/hacd3/psph/elovl7a/abhd2a/pah/bhmt/acsbg2/ndufab1b/tecrb/haao/oxsm/ptges3a/ass1/kmo/adi1/prkag3b/shmt1/hsd17b12a/tha1/rdh10a/mlycd/cbsb/upb1/shmt2/otc/ilvbl/mtr/got1/mecr/mcat,39
MF,GO:0008080,N-acetyltransferase activity,16/3098,53/18430,0.301886792,1.795924333,2.608342369,0.011316717,0.180930669,0.164597088,hdac1/crebbpa/aldh7a1/naa20/naa60/crebbpb/nat14/ep300b/esco1/aanat1/sat2b/hat1/gnpnat1/nat9/sat1b/nat8l,16
BP,GO:0009755,hormone-mediated signaling pathway,24/3139,90/18773,0.266666667,1.594817883,2.534532364,0.011369069,0.145531074,0.130721318,rxraa/pgr/abhd2a/kank2/nr3c2/ppardb/crabp2b/nr5a2/asip2b/dhrs3a/thrab/esr2a/nr1d4b/nr5a1b/strn3/rxrba/nr3c1/cnot9/raraa/pitx2/rargb/pparab/esrrga/esrra,24
MF,GO:0008135,"translation factor activity, RNA binding",31/3098,123/18430,0.25203252,1.499341301,2.497661846,0.011383055,0.180930669,0.164597088,eif4a2/tsfm/mrpl58/eef2k/eif3eb/eef1b2/gspt1l/etf1b/eif4ba/eif4e1c/eif4h/gtpbp1l/eif1ad/supt5h/eef1da/mtrfr/eif2s3/eif4a1a/eef2b/eif4eb/eif2b1/dhx29/eef1e1/eif4g2a/eif5a/eefsec/eif3ba/gfm1/supt6h/eif3c/denr,31
BP,GO:0009148,pyrimidine nucleoside triphosphate biosynthetic process,8/3139,20/18773,0.4,2.392226824,2.791293439,0.011431874,0.145531074,0.130721318,nme3/tyms/nme5/nme2b.1/uck2b/dtymk/ctps1a/nme9,8
BP,GO:0034472,snRNA 3'-end processing,8/3139,20/18773,0.4,2.392226824,2.791293439,0.011431874,0.145531074,0.130721318,ints6l/toe1/ints5/exosc7/exosc6/exosc2/ints14/exosc4,8
BP,GO:0036302,atrioventricular canal development,8/3139,20/18773,0.4,2.392226824,2.791293439,0.011431874,0.145531074,0.130721318,tbx2b/rangrf/rhoua/med10/foxn4/id4/adcy2a/dchs1b,8
BP,GO:0051156,glucose 6-phosphate metabolic process,8/3139,20/18773,0.4,2.392226824,2.791293439,0.011431874,0.145531074,0.130721318,hk2/pgd/g6pc1a.2/pgls/hk1/tigarb/gpia/tkta,8
BP,GO:0006487,protein N-linked glycosylation,15/3139,49/18773,0.306122449,1.830785835,2.609177853,0.011643715,0.145544715,0.13073357,dpagt1/pmm2/gfpt1/dpm1/mgat1a/mogs/alg11/rpn2/dolpp1/krtcap2/mgat2/alg3/dad1/mgat5/gfpt2,15
BP,GO:0009137,purine nucleoside diphosphate catabolic process,15/3139,49/18773,0.306122449,1.830785835,2.609177853,0.011643715,0.145544715,0.13073357,pfkpa/hk2/pfkma/eno2/gapdh/hk1/adpgk/tigarb/tpi1a/prkag3b/pfkmb/gpia/pkmb/gapdhs/bpgm,15
BP,GO:0009181,purine ribonucleoside diphosphate catabolic process,15/3139,49/18773,0.306122449,1.830785835,2.609177853,0.011643715,0.145544715,0.13073357,pfkpa/hk2/pfkma/eno2/gapdh/hk1/adpgk/tigarb/tpi1a/prkag3b/pfkmb/gpia/pkmb/gapdhs/bpgm,15
BP,GO:0030239,myofibril assembly,30/3139,119/18773,0.25210084,1.507705981,2.489520181,0.011722061,0.145544715,0.13073357,fhod3a/ttn.1/chchd10/cxcr4a/ppp2r3a/mybphb/hsp90aa1.1/orai1b/tmod1/smo/flncb/mybpc2b/erbb2/tnnt1/myot/myom2a/tcap/tnnt3b/rnf2/smyd1b/thrab/igfn1.3/rttn/csrp1a/plecb/tpm4a/pgm5/tfpi2/tango2/ttn.2,30
BP,GO:0019674,NAD metabolic process,11/3139,32/18773,0.34375,2.055819927,2.678454911,0.011775145,0.145544715,0.13073357,pfkpa/pfkma/nudt17/haao/kmo/pfkmb/gpd1c/nmnat1/nmnat3/nadkb/mdh1aa,11
BP,GO:0048813,dendrite morphogenesis,11/3139,32/18773,0.34375,2.055819927,2.678454911,0.011775145,0.145544715,0.13073357,ulk2/rbpms2b/lzts1/tanc2a/tenm3/si:dkey-40c11.2/kctd12.2/nedd4a/hecw2a/dbnlb/abitram,11
BP,GO:0031214,biomineral tissue development,19/3139,67/18773,0.28358209,1.695981703,2.557176095,0.011791208,0.145544715,0.13073357,coch/lrp5/cfdp1/ahsg2/mst1rb/rflnb/col1a1a/foxl1/phospho1/fam20a/rflna/lgr4/enpp1/nr3c1/col27a1b/atp6v1h/clec3ba/fam20cb/atf4a,19
MF,GO:0015252,proton channel activity,8/3098,20/18430,0.4,2.379599742,2.774810917,0.011798324,0.184297954,0.16766039,tmem175/atp5pd/atp5f1b/atp5fa1/atp5f1d/atp5f1c/atp5po/atp5mf,8
BP,GO:0021517,ventral spinal cord development,17/3139,58/18773,0.293103448,1.752924828,2.573277224,0.011912771,0.145544715,0.13073357,evx2/notch1b/gli1/gli2a/jag2b/smo/foxn4/vox/cox5aa/nos1/notch3/clp1/olig2/sulf2a/igf1ra/dla/dll4,17
BP,GO:0006284,base-excision repair,9/3139,24/18773,0.375,2.242712647,2.729626095,0.011957207,0.145544715,0.13073357,pole/smug1/apex1/tdg.1/pold1/xpa/rpa3/apex2/lig3,9
BP,GO:0006783,heme biosynthetic process,9/3139,24/18773,0.375,2.242712647,2.729626095,0.011957207,0.145544715,0.13073357,alas2/tmem14a/atp5if1a/alas1/tmem14ca/cox15/hmbsb/ppox/fech,9
BP,GO:1901343,negative regulation of vasculature development,10/3139,28/18773,0.357142857,2.135916807,2.695247771,0.012018361,0.145544715,0.13073357,thbs1b/per2/serpinf1/sirt2/serpine1/s1pr1/cnmd/sars1/tp53/dll4,10
BP,GO:0010927,cellular component assembly involved in morphogenesis,32/3139,129/18773,0.248062016,1.483551519,2.469357313,0.01204966,0.145544715,0.13073357,fhod3a/ttn.1/chchd10/cxcr4a/ppp2r3a/mybphb/hsp90aa1.1/orai1b/tmod1/smo/flncb/mybpc2b/erbb2/tnnt1/myot/myom2a/tcap/tnnt3b/rnf2/smyd1b/thrab/igfn1.3/rttn/tenm4/csrp1a/agfg1b/plecb/tpm4a/pgm5/tfpi2/tango2/ttn.2,32
BP,GO:0032989,cellular anatomical entity morphogenesis,32/3139,129/18773,0.248062016,1.483551519,2.469357313,0.01204966,0.145544715,0.13073357,fhod3a/ttn.1/chchd10/cxcr4a/ppp2r3a/mybphb/hsp90aa1.1/orai1b/tmod1/smo/flncb/mybpc2b/erbb2/tnnt1/myot/myom2a/tcap/tnnt3b/rnf2/smyd1b/thrab/igfn1.3/rttn/tenm4/csrp1a/agfg1b/plecb/tpm4a/pgm5/tfpi2/tango2/ttn.2,32
CC,GO:0030662,coated vesicle membrane,22/3237,81/19331,0.271604938,1.621994149,2.515757177,0.012235008,0.103405548,0.090360413,copb2/sec23b/ap1s3b/reep6/kdelr3/kdelr2a/sec13/cope/copg2/sec22bb/ap2s1/ap1g2/vti1b/sec24d/sec23a/sar1ab/atp6v0cb/mycbpap/dbnlb/synrg/necap1/copz1,22
MF,GO:0016769,"transferase activity, transferring nitrogenous groups",11/3098,32/18430,0.34375,2.044968528,2.659408663,0.012240604,0.186796799,0.169933651,got2a/si:ch211-217a12.1/accs/gapdh/gfpt1/aadat/gpt/got1/phykpl/gfpt2/etnppl,11
BP,GO:0002262,myeloid cell homeostasis,34/3139,139/18773,0.244604317,1.462872518,2.454322495,0.012264686,0.147561004,0.132544674,slc4a1a/tet2/klf6a/nr4a3/gata1a/epoa/alas2/bdh2/sec23b/hemgn/atp5if1a/rps27.1/nr4a2a/alas1/gfi1b/stat5a/tbx16/sod2/lmo2/sfxn4/fam210b/numbl/rpl35/sparc/rad51c/tp53/abcc5/csnk2b/slc48a1b/ash2l/rps9/klf17/sfxn1/fech,34
MF,GO:0016799,"hydrolase activity, hydrolyzing N-glycosyl compounds",9/3098,24/18430,0.375,2.230874758,2.712264027,0.012370649,0.186796799,0.169933651,qng1/dnph1/smug1/si:ch211-201h21.5/tdg.1/adprs/adprh/macrod1/il1rapl1a,9
BP,GO:0018193,peptidyl-amino acid modification,36/3139,149/18773,0.241610738,1.444969222,2.443444631,0.012384268,0.148025559,0.132961954,prmt6/sae1/ppiab/ndufaf7/cbx4/prmt7/gapdh/naa20/pdf/dph2/naa60/ppie/pias2/ppifb/setd7/ppil4/uba2/loxl5b/sirt5/dok7a/ppil1/ppib/ppid/ppih/zdhhc8b/ntmt1/tpgs2/sumo2b/ppwd1/dok7b/cfap20/hmbsb/ppil3/tpgs1/cskmt/prnpb,36
BP,GO:0000956,nuclear-transcribed mRNA catabolic process,23/3139,86/18773,0.26744186,1.599453981,2.496612602,0.012575478,0.148025559,0.132961954,polr2g/lsm7/zfp36l2/etf1b/exosc7/lsm1/exosc6/exosc2/edc3/ncbp2/cnot7/eif4a3/magoh/mrto4/smg6/pan3/pabpn1l/skic8/xrn1/xrn2/cnot6l/exosc4/lsm4,23
BP,GO:0050878,regulation of body fluid levels,23/3139,86/18773,0.26744186,1.599453981,2.496612602,0.012575478,0.148025559,0.132961954,thbd/si:ch211-156j16.1/pros1/kng1/fgl1/prkcbb/plg/f13a1b/habp2/vamp8/fgg/fga/serpina10a/aqp1a.2/cel.1/f5/tfpia/rad51c/tfpi2/f8/serpinc1/chrm3a/fgb,23
CC,GO:0072686,mitotic spindle,14/3237,45/19331,0.311111111,1.857920571,2.583970406,0.01269561,0.104202306,0.091056655,rtraf/racgap1/rae1/haus3/sirt2/haus6/prc1b/kif11/kif18a/espl1/nin/cdc14ab/si:ch1073-416j23.1/klhl22,14
BP,GO:0006415,translational termination,6/3139,13/18773,0.461538462,2.76026172,2.844777998,0.012834028,0.148025559,0.132961954,abce1/mrpl58/etf1b/ogfod1/mtrfr/eif5a,6
BP,GO:0042407,cristae formation,6/3139,13/18773,0.461538462,2.76026172,2.844777998,0.012834028,0.148025559,0.132961954,chchd6a/samm50/dnajc11b/apoob/dnajc11a/micu1,6
BP,GO:0043248,proteasome assembly,6/3139,13/18773,0.461538462,2.76026172,2.844777998,0.012834028,0.148025559,0.132961954,psmg3/sem1/psmg1/adrm1/psmg4/pomp,6
BP,GO:0048898,anterior lateral line system development,6/3139,13/18773,0.461538462,2.76026172,2.844777998,0.012834028,0.148025559,0.132961954,edn1/lrp5/abhd12/erbb2/pcsk5a/nsfa,6
BP,GO:0090162,establishment of epithelial cell polarity,6/3139,13/18773,0.461538462,2.76026172,2.844777998,0.012834028,0.148025559,0.132961954,frmd4bb/fn1a/aplnrb/cdh2/cldn3c/lama1,6
BP,GO:1900107,regulation of nodal signaling pathway,6/3139,13/18773,0.461538462,2.76026172,2.844777998,0.012834028,0.148025559,0.132961954,osr1/aplnrb/ldb2a/nomo/net1/fscn1a,6
BP,GO:1901797,negative regulation of signal transduction by p53 class mediator,6/3139,13/18773,0.461538462,2.76026172,2.844777998,0.012834028,0.148025559,0.132961954,yju2/vax2/rnf2/cd74b/bcor/scrt2,6
BP,GO:1902253,regulation of intrinsic apoptotic signaling pathway by p53 class mediator,6/3139,13/18773,0.461538462,2.76026172,2.844777998,0.012834028,0.148025559,0.132961954,vax2/rnf2/cd74b/bcor/tp53/scrt2,6
CC,GO:0005736,RNA polymerase I complex,6/3237,13/19331,0.461538462,2.756255792,2.840754106,0.012925859,0.104202306,0.091056655,polr2f/polr1d/polr1e/polr1h/polr2h/polr1f,6
CC,GO:0030663,COPI-coated vesicle membrane,6/3237,13/19331,0.461538462,2.756255792,2.840754106,0.012925859,0.104202306,0.091056655,copb2/kdelr3/kdelr2a/cope/copg2/copz1,6
BP,GO:0006639,acylglycerol metabolic process,16/3139,54/18773,0.296296296,1.77201987,2.545657151,0.01298603,0.148755907,0.13361798,lipg/mogat3b/abhd2a/abhd12/apobb.1/lpin1a/cetp/pnpla3/zgc:172295/lpin2/pnpla2/mboat7/gpat2/si:dkey-172j4.3/apoc1/lipeb,16
BP,GO:0048565,digestive tract development,29/3139,115/18773,0.252173913,1.508142998,2.449165865,0.012994323,0.148755907,0.13361798,mb/mgaa/hdac1/ikzf5/klf6a/nipblb/ruvbl2/mapk7/gli2a/nphp4/smo/yap1/rab11fip5a/mpc1/six1b/mtch2/spaw/sdc2/rps6ka3a/tsc2/nr5a2/tbx16/epas1b/gldc/ttc7a/pitx2/rargb/fgfrl1a/fscn1a,29
MF,GO:0000774,adenyl-nucleotide exchange factor activity,6/3098,13/18430,0.461538462,2.74569201,2.830232037,0.013167894,0.19183645,0.174518346,hspa4a/hspa4l/bag2/grpel1/bag1/bag4,6
MF,GO:0015250,water channel activity,6/3098,13/18430,0.461538462,2.74569201,2.830232037,0.013167894,0.19183645,0.174518346,aqp7/aqp4/mipa/aqp9b/aqp3b/aqp1a.2,6
BP,GO:0009451,RNA modification,30/3139,120/18773,0.25,1.495141765,2.438157266,0.013192453,0.150462621,0.135151013,mrm1/qng1/nop10/qtrt1/larp7/nsun2/bud23/emg1/tprkb/mto1/nop2/mettl5/ftsj3/lcmt2/tyw1/adar/pus1/urm1/nsun4/trmt61b/osgep/si:ch211-225b11.4/pus3/tarbp1/dimt1l/tsr3/dkc1/thumpd3/pus7l/apobec2a,30
MF,GO:0015078,proton transmembrane transporter activity,27/3098,105/18430,0.257142857,1.529742691,2.446976608,0.013339621,0.19183645,0.174518346,tcirg1a/tmem175/cyc1/nnt/atp5mea/slc15a2/atp6v1e1a/atp5pd/ndufv1/atp5f1b/atp5fa1/atp5meb/atp5f1d/slc16a1a/cox5aa/slc45a1/atp5pf/atp5f1c/slc9a7/slc9a6a/ndufs3/atp5po/atp6v1h/atp6v0cb/atp6v0e1/atp5mc3b/atp5mf,27
BP,GO:0061008,hepaticobiliary system development,40/3139,170/18773,0.235294118,1.407192249,2.389727313,0.013658344,0.155041945,0.139264329,mgaa/hdac1/lrp5/tbx2b/klf6a/tomm22/e2f7/pkd1a/vipas39/jag2b/nphp4/yap1/samm50/pnpla3/mtch2/spaw/aplnrb/sec13/nos1/rbm15/notch3/nr5a2/zeb2b/tbx16/smc2/man1a2/onecut1/supv3l1/a2ml/bmp2b/rbp4/lars1b/notch2/raraa/vps33b/xbp1/rargb/fscn1a/fzd5/igf2bp1,40
BP,GO:0016053,organic acid biosynthetic process,39/3139,165/18773,0.236363636,1.413588578,2.390983265,0.013703524,0.155041945,0.139264329,fasn2/lipg/acacb/pycr3/hacd1/zgc:172121/olah/glulb/elovl1b/hacd3/psph/elovl7a/abhd2a/pah/bhmt/acsbg2/ndufab1b/tecrb/haao/oxsm/ptges3a/ass1/kmo/adi1/prkag3b/shmt1/hsd17b12a/tha1/rdh10a/mlycd/cbsb/upb1/shmt2/otc/ilvbl/mtr/got1/mecr/mcat,39
BP,GO:0009953,dorsal/ventral pattern formation,37/3139,155/18773,0.238709677,1.427619234,2.395369104,0.01374557,0.155041945,0.139264329,fsta/edn1/mgaa/hdac1/nog2/il17rd/evx2/cdk5rap3/gli1/ddit4/gli2a/smad1/ptbp1a/smo/yap1/bmper/foxn4/bmp1a/bmpr1aa/vox/lhx1a/skia/eif4a3/zeb2b/map2k4a/aida/bmp2b/lzts2a/tle5/fcho1/chrdl2/net1/tcf7/runx2b/robo3/rest/zmat2,37
MF,GO:0005548,phospholipid transporter activity,13/3098,41/18430,0.317073171,1.886268088,2.553701727,0.014012125,0.198359139,0.180452197,cptp/triap1/pitpnab/pitpnbl/abca4b/mfsd2ab/gltpd2b/cetp/abca1a/prelid1a/vmp1/clptm1l/prelid1b,13
BP,GO:0009191,ribonucleoside diphosphate catabolic process,15/3139,50/18773,0.3,1.794170118,2.519571587,0.014123289,0.158718871,0.142567078,pfkpa/hk2/pfkma/eno2/gapdh/hk1/adpgk/tigarb/tpi1a/prkag3b/pfkmb/gpia/pkmb/gapdhs/bpgm,15
BP,GO:0016052,carbohydrate catabolic process,23/3139,87/18773,0.264367816,1.581069453,2.434139005,0.014458636,0.161894506,0.145419549,pfkpa/hk2/pfkma/treh/eno2/gapdh/pgd/hk1/adpgk/pygma/tigarb/si:dkey-224e22.2/atg3/zgc:172295/tpi1a/prkag3b/pfkmb/tkfc/gpia/pkmb/gapdhs/bpgm/gale,23
MF,GO:0033293,monocarboxylic acid binding,12/3098,37/18430,0.324324324,1.929405196,2.543734963,0.014870561,0.202331484,0.184065937,tmem175/fabp10a/fabp2/fabp7a/fabp3/crabp1a/crabp2b/cyp27c1/apoc1/fabp4a/rbp1.1/ptgdsb.1,12
BP,GO:0009226,nucleotide-sugar biosynthetic process,7/3139,17/18773,0.411764706,2.462586436,2.703284579,0.014903398,0.164382102,0.147653998,pmm2/uap1/gfpt1/uap1l1/gfus.1/gnpnat1/gfpt2,7
BP,GO:0032925,regulation of activin receptor signaling pathway,7/3139,17/18773,0.411764706,2.462586436,2.703284579,0.014903398,0.164382102,0.147653998,fsta/osr1/aplnrb/ldb2a/nomo/net1/fscn1a,7
CC,GO:0005685,U1 snRNP,7/3237,17/19331,0.411764706,2.459012521,2.698998506,0.015020782,0.118828041,0.10383728,snrpa/snrpd2/snrpe/snrpd3l/snrpc/prpf39/snrpb,7
BP,GO:0006289,nucleotide-excision repair,11/3139,33/18773,0.333333333,1.993522353,2.559562249,0.015052032,0.164382102,0.147653998,pole/pold1/xpa/uvssa/rpa1/rpa3/ercc6/ercc5/gtf2h2/lig4/rpa2,11
BP,GO:0034599,cellular response to oxidative stress,11/3139,33/18773,0.333333333,1.993522353,2.559562249,0.015052032,0.164382102,0.147653998,mb/sirt2/ppifb/sod2/msrab/ccs/nfe2l2a/prkn/glrx2/sod3b/atf4a,11
BP,GO:0001889,liver development,39/3139,166/18773,0.234939759,1.405072984,2.348902668,0.015096579,0.164382102,0.147653998,mgaa/hdac1/lrp5/tbx2b/klf6a/tomm22/e2f7/pkd1a/jag2b/nphp4/yap1/samm50/pnpla3/mtch2/spaw/aplnrb/sec13/nos1/rbm15/notch3/nr5a2/zeb2b/tbx16/smc2/man1a2/onecut1/supv3l1/a2ml/bmp2b/rbp4/lars1b/notch2/raraa/vps33b/xbp1/rargb/fscn1a/fzd5/igf2bp1,39
CC,GO:0000228,nuclear chromosome,24/3237,92/19331,0.260869565,1.557883709,2.4054793,0.015193662,0.118828041,0.10383728,pole/cfdp1/slx1b/ruvbl2/anp32e/pold2/pole4/smarcb1a/pold1/actr5/ino80c/srcap/brms1/rpa1/ino80/rpa3/brms1la/orc1/ruvbl1/rad50/mcm10/rpa2/ep400/pole3,24
BP,GO:0002040,sprouting angiogenesis,35/3139,146/18773,0.239726027,1.433697583,2.357261966,0.015210919,0.164382102,0.147653998,hlx1/adgra2/hars/rin2a/e2f7/cxcr4a/ccbe1/rspo3/slc2a1b/twist1a/s1pr1/fn1a/pgfb/aplnrb/abca1a/tnfrsf19/ldb2a/sdc2/scube1/sars1/pkmb/efnb2a/cemip2/tars1/lgals2a/jcada/psme3/reck/iars1/igf2b/arfgef2/gipc2/zap70/dll4/srpx2,35
BP,GO:0006544,glycine metabolic process,5/3139,10/18773,0.5,2.99028353,2.82084801,0.015648378,0.164382102,0.147653998,gcshb/shmt1/tha1/shmt2/gldc,5
BP,GO:0006620,post-translational protein targeting to endoplasmic reticulum membrane,5/3139,10/18773,0.5,2.99028353,2.82084801,0.015648378,0.164382102,0.147653998,zgc:56596/sec61a1a/sgta/sec61g/sec61b,5
BP,GO:0019755,one-carbon compound transport,5/3139,10/18773,0.5,2.99028353,2.82084801,0.015648378,0.164382102,0.147653998,cahz/rhag/aqp3b/aqp1a.2/si:dkey-183c6.7,5
BP,GO:0042776,proton motive force-driven mitochondrial ATP synthesis,5/3139,10/18773,0.5,2.99028353,2.82084801,0.015648378,0.164382102,0.147653998,atpsckmt/atp5if1a/atp5f1b/atp5po/atp5mf,5
BP,GO:0043144,sno(s)RNA processing,5/3139,10/18773,0.5,2.99028353,2.82084801,0.015648378,0.164382102,0.147653998,exosc6/larp7/exosc2/exosc4/dkc1,5
BP,GO:0050819,negative regulation of coagulation,5/3139,10/18773,0.5,2.99028353,2.82084801,0.015648378,0.164382102,0.147653998,pros1/kng1/plg/fga/anxa5b,5
BP,GO:0060971,embryonic heart tube left/right pattern formation,5/3139,10/18773,0.5,2.99028353,2.82084801,0.015648378,0.164382102,0.147653998,bmpr1aa/spaw/nkd1/pitx2/mmp21,5
BP,GO:0070593,dendrite self-avoidance,5/3139,10/18773,0.5,2.99028353,2.82084801,0.015648378,0.164382102,0.147653998,myot/emb/dscamb/robo4/robo3,5
BP,GO:0072178,nephric duct morphogenesis,5/3139,10/18773,0.5,2.99028353,2.82084801,0.015648378,0.164382102,0.147653998,trim32/ift56/lhx1a/tbx16/stx16,5
BP,GO:0051084,'de novo' post-translational protein folding,10/3139,29/18773,0.344827586,2.062264503,2.565171507,0.015653027,0.164382102,0.147653998,hsp70.3/hspe1/dnajb5/hspa5/chchd4a/hspa14/hspa9/hspa13/dnajb12a/st13,10
BP,GO:2000116,regulation of cysteine-type endopeptidase activity,10/3139,29/18773,0.344827586,2.062264503,2.565171507,0.015653027,0.164382102,0.147653998,mul2/casp8/mcl1b/e2f1/becn1/lamtor5/tp53/pycard/casp2/tnfrsf1b,10
CC,GO:0005667,transcription regulator complex,59/3237,269/19331,0.219330855,1.309819202,2.294856413,0.015670649,0.119363094,0.104304833,hdac1/rxraa/bmal2/nr4a3/si:dkey-219c3.2/e2f7/cry1a/crebbpa/jun/dacha/e2f1/med18/med6/crebbpb/ascl1b/crema/skor1a/smad1/six2a/smad2/ep300b/six1b/rbbp4/taf4a/med4/mideasb/tle3b/nr4a2a/tcf7l1b/dachb/tcf12/ldb2a/skia/zgc:162472/dachd/rbl1/smad6b/nr5a2/stat5a/taf3/npas2/thrab/nr5a1b/junbb/taf13/taf5l/nr1h3/rxrba/cry2/nfyal/nfe2l2a/tle2b/tcf7/med8/gtf2h2/tcf7l2/gatad2b/nfat5b/atf4a,59
CC,GO:0030688,"preribosome, small subunit precursor",5/3237,10/19331,0.5,2.985943775,2.817133492,0.015745134,0.119363094,0.104304833,riok2/rrp1/noc4l/ftsj3/riok1,5
BP,GO:0050773,regulation of dendrite development,8/3139,21/18773,0.380952381,2.278311261,2.626263765,0.015809755,0.164382102,0.147653998,ulk2/lzts1/si:dkey-40c11.2/kctd12.2/nedd4a/hecw2a/bcl11aa/dbnlb,8
BP,GO:1902221,erythrose 4-phosphate/phosphoenolpyruvate family amino acid metabolic process,8/3139,21/18773,0.380952381,2.278311261,2.626263765,0.015809755,0.164382102,0.147653998,pah/ttc36/haao/fah/kmo/gstz1/hpda/dct,8
CC,GO:0030686,90S preribosome,8/3237,21/19331,0.380952381,2.275004781,2.621715743,0.015945451,0.119363094,0.104304833,imp3/srfbp1/mphosph10/utp6/rrp36/noc4l/wdr3/rrp7a,8
BP,GO:0006779,porphyrin-containing compound biosynthetic process,9/3139,25/18773,0.36,2.153004141,2.584873391,0.01596671,0.164382102,0.147653998,alas2/tmem14a/atp5if1a/alas1/tmem14ca/cox15/hmbsb/ppox/fech,9
BP,GO:0006891,intra-Golgi vesicle-mediated transport,9/3139,25/18773,0.36,2.153004141,2.584873391,0.01596671,0.164382102,0.147653998,copb2/cope/copg2/vti1b/cog5/nsfa/trappc3/rab6ba/copz1,9
BP,GO:0033014,tetrapyrrole biosynthetic process,9/3139,25/18773,0.36,2.153004141,2.584873391,0.01596671,0.164382102,0.147653998,alas2/tmem14a/atp5if1a/alas1/tmem14ca/cox15/hmbsb/ppox/fech,9
BP,GO:0045185,maintenance of protein location,9/3139,25/18773,0.36,2.153004141,2.584873391,0.01596671,0.164382102,0.147653998,tmsb/si:dkeyp-38g8.5/kdelr3/zgc:113426/kdelr2a/ankrd13c/insig1/twf1b/vps13a,9
BP,GO:0045746,negative regulation of Notch signaling pathway,9/3139,25/18773,0.36,2.153004141,2.584873391,0.01596671,0.164382102,0.147653998,si:ch211-194k22.8/ptbp1a/nlk1/nedd4a/chac1/numbl/gpr183a/dla/dll4,9
MF,GO:0004300,enoyl-CoA hydratase activity,5/3098,10/18430,0.5,2.974499677,2.807400937,0.016000399,0.202331484,0.184065937,echs1/hacd1/hsd17b4/hacd3/hadhab,5
MF,GO:0016842,amidine-lyase activity,5/3098,10/18430,0.5,2.974499677,2.807400937,0.016000399,0.202331484,0.184065937,ggcta/ggact.2/adsl/chac1/pam,5
MF,GO:0004527,exonuclease activity,18/3098,64/18430,0.28125,1.673156068,2.424882218,0.016065318,0.202331484,0.184065937,pole/toe1/nme5/apex1/isg20l2/pold1/cnot7/dclre1b/enpp1/tatdn1/apex2/xrn1/xrn2/cnot6l/exosc4/slc52a2/mgme1/cpsf3,18
BP,GO:0048589,developmental growth,80/3139,381/18773,0.209973753,1.255762112,2.259956581,0.016142906,0.165640255,0.148784117,ccn1/tubb5/ulk2/fam53b/hdac1/lrp5/ttk/gars1/klf6a/nipblb/cdkn2aip/gemin5/cebpd/ppp2r3a/scfd1/gap43/ninj2/ruvbl2/notch1b/dio2/col1a1a/prdm16/tppp2/nphp4/larp7/becn1/smad2/yap1/plk4/erbb2/fn1a/rbbp4/vdac3/si:dkey-40c11.2/npr1a/tsku/dscamb/nos1/gna12a/notch3/stat5a/rpl22l1/ap1g2/dcaf13/zeb2b/tbx16/lfng/clns1a/nsmfb/junbb/vdac2/cdh2/cbsb/foxm1/lmo2/hspa9/notch2/fcho1/dspb/hnrnpr/mgat5/serpinh1b/gpc4/orc1/akirin1/ruvbl1/slit3/pcdh17/mrap2a/trarg1a/dbnlb/igf2b/nrn1a/robo3/igf1ra/tlcd3ba/impact/bbs4/sema5ba/apobec2a,80
MF,GO:0061135,endopeptidase regulator activity,32/3098,131/18430,0.244274809,1.453190682,2.339888309,0.016181083,0.202331484,0.184065937,fetub/serpinf1/col28a1b/ahsg2/cst3/serpina1/serpine1/kng1/c5/lrp11/si:ch211-195h23.3/ambp/cst14b.2/cst14a.2/psme2/serpina10a/c3b.1/adrm1/a2ml/cpamd8/itih3a.2/crim1/serpinh1b/tfpia/psme3/tfpi2/serpinb1l1/reck/pycard/si:ch211-186e20.7/serpinc1/si:dkeyp-73b11.8,32
MF,GO:0008483,transaminase activity,10/3098,29/18430,0.344827586,2.051379088,2.547005057,0.016219191,0.202331484,0.184065937,got2a/si:ch211-217a12.1/accs/gfpt1/aadat/gpt/got1/phykpl/gfpt2/etnppl,10
MF,GO:0019213,deacetylase activity,10/3098,29/18430,0.344827586,2.051379088,2.547005057,0.016219191,0.202331484,0.184065937,hdac1/hdac4/sirt2/smyd4/adprs/sirt5/sirt6/pigl/si:dkey-103i16.6/sirt3,10
MF,GO:0008134,transcription factor binding,21/3098,78/18430,0.269230769,1.601653672,2.393560225,0.016281639,0.202331484,0.184065937,per2/ncoa2/nr4a3/crebbpa/crebbpb/prkcbb/ep300b/smarce1/nr4a2a/zgc:162472/bcl10/crtc3/commd6/ncoa1/taf3/ctbp2a/psmd10/lmo2/runx2b/vgll4l/atf4a,21
MF,GO:0033558,protein lysine deacetylase activity,8/3098,21/18430,0.380952381,2.266285468,2.609866891,0.016302647,0.202331484,0.184065937,hdac1/hdac4/sirt2/smyd4/sirt5/sirt6/si:dkey-103i16.6/sirt3,8
BP,GO:0051056,regulation of small GTPase mediated signal transduction,30/3139,122/18773,0.245901639,1.470631244,2.336821215,0.01657915,0.169549445,0.152295494,arhgef28a/sipa1l2/rhoab/spry1/arhgef49/kank2/arhgef3/cadm4/cyth1a/eps8l1b/arhgef18b/iqsec1b/tsc2/git1/stard13b/eps8l3b/dock6/net1/dock11/arhgap45b/arhgap24/robo4/psda/git2b/spry4/cyth2/stambpa/arfgef2/rasa2/rap1gap2b,30
BP,GO:0048821,erythrocyte development,15/3139,51/18773,0.294117647,1.758990312,2.431986034,0.016992524,0.171908326,0.154414327,klf6a/gata1a/epoa/alas2/bdh2/sec23b/alas1/stat5a/tbx16/lmo2/tp53/slc48a1b/rps9/sfxn1/fech,15
BP,GO:0170034,L-amino acid biosynthetic process,15/3139,51/18773,0.294117647,1.758990312,2.431986034,0.016992524,0.171908326,0.154414327,pycr3/zgc:172121/glulb/psph/pah/bhmt/ass1/adi1/shmt1/tha1/cbsb/shmt2/ilvbl/mtr/got1,15
BP,GO:0170038,proteinogenic amino acid biosynthetic process,15/3139,51/18773,0.294117647,1.758990312,2.431986034,0.016992524,0.171908326,0.154414327,pycr3/zgc:172121/glulb/psph/pah/bhmt/ass1/adi1/shmt1/tha1/cbsb/shmt2/ilvbl/mtr/got1,15
BP,GO:0071375,cellular response to peptide hormone stimulus,20/3139,74/18773,0.27027027,1.616369476,2.380475242,0.017033941,0.171908326,0.154414327,nr4a3/ghra/slc39a14/tns2a/lpin1a/rab13/pik3r3b/irs2b/nr4a2a/tsc2/lpin2/stat5a/gsk3aa/grb10b/pik3r1/socs7/insig1/rps6kb1b/jak2b/igf2b,20
MF,GO:0016860,intramolecular oxidoreductase activity,13/3098,42/18430,0.30952381,1.841356943,2.453747483,0.017246278,0.208335034,0.189527514,echs1/ddt/ptges3a/hyi/tpi1a/gpia/mif/ech1/pdia4/ebp/dct/eci2/ptgdsb.1,13
MF,GO:0120013,lipid transfer activity,13/3098,42/18430,0.30952381,1.841356943,2.453747483,0.017246278,0.208335034,0.189527514,apoa1b/cptp/triap1/ttpa/apobb.1/pitpnab/pitpnbl/gltpd2b/cetp/prelid1a/stard3/prelid1b/gramd1ba,13
MF,GO:0030170,pyridoxal phosphate binding,15/3098,51/18430,0.294117647,1.749705692,2.409945071,0.017781453,0.209184536,0.190300328,got2a/si:ch211-217a12.1/accs/alas2/pygma/alas1/shmt1/gcat/aadat/gpt/shmt2/got1/phykpl/sptlc1/etnppl,15
MF,GO:0070279,vitamin B6 binding,15/3098,51/18430,0.294117647,1.749705692,2.409945071,0.017781453,0.209184536,0.190300328,got2a/si:ch211-217a12.1/accs/alas2/pygma/alas1/shmt1/gcat/aadat/gpt/shmt2/got1/phykpl/sptlc1/etnppl,15
MF,GO:0090079,"translation regulator activity, nucleic acid binding",32/3098,132/18430,0.242424242,1.442181662,2.291807138,0.018009265,0.209184536,0.190300328,mif4gdb/eif4a2/tsfm/mrpl58/eef2k/eif3eb/eef1b2/gspt1l/etf1b/eif4ba/eif4e1c/eif4h/gtpbp1l/eif1ad/supt5h/eef1da/mtrfr/eif2s3/eif4a1a/eef2b/eif4eb/eif2b1/dhx29/eef1e1/eif4g2a/eif5a/eefsec/eif3ba/gfm1/supt6h/eif3c/denr,32
BP,GO:0052547,regulation of peptidase activity,28/3139,113/18773,0.247787611,1.481910422,2.302319529,0.018225612,0.183331729,0.164675244,mul2/serpinf1/casp8/mcl1b/e2f1/serpina1/serpine1/pi15a/becn1/psme2/serpina10a/c3b.1/lamtor5/a2ml/cpamd8/itih3a.2/serpinh1b/tfpia/psme3/tp53/tfpi2/serpinb1l1/reck/pycard/si:ch211-186e20.7/casp2/svbp/tnfrsf1b,28
BP,GO:0097193,intrinsic apoptotic signaling pathway,22/3139,84/18773,0.261904762,1.566338992,2.330982168,0.018367368,0.184085276,0.165352108,prkdc/cerkl/ern1/mcl1b/nme5/si:ch211-195h23.3/herpud1/atr/si:dkey-74k8.3/vax2/rnf2/fhit/cd74b/si:dkey-9i23.15/hipk2/bcor/tp53/pycard/pin1/casp2/scrt2/atf4a,22
BP,GO:1901607,alpha-amino acid biosynthetic process,16/3139,56/18773,0.285714286,1.708733446,2.37998762,0.018468533,0.184085276,0.165352108,pycr3/zgc:172121/glulb/psph/pah/bhmt/ass1/adi1/shmt1/tha1/cbsb/shmt2/otc/ilvbl/mtr/got1,16
MF,GO:0005507,copper ion binding,12/3098,38/18430,0.315789474,1.878631375,2.437116068,0.018490055,0.212050501,0.192907566,loxl5b/cox17/cutc/ccs/cp/f5/lacc1/pam/aoc2/f8/sncb/sod3b,12
BP,GO:0006405,RNA export from nucleus,14/3139,47/18773,0.29787234,1.781445507,2.403482669,0.018540531,0.184085276,0.165352108,nup88/rae1/sarnp/alyref/eny2/nxt2/thoc3/phax/sem1/ncbp2/ddx39ab/thoc7/poldip3/ddx19b,14
BP,GO:0043542,endothelial cell migration,14/3139,47/18773,0.29787234,1.781445507,2.403482669,0.018540531,0.184085276,0.165352108,klf6a/cxcr4a/ccbe1/peak1/rab13/fn1a/efnb2a/lmo2/robo4/reck/arfgef2/zap70/dll4/srpx2,14
CC,GO:0090575,RNA polymerase II transcription regulator complex,29/3237,118/19331,0.245762712,1.467667279,2.285260303,0.018741917,0.138320628,0.120870778,rxraa/si:dkey-219c3.2/e2f7/med18/med6/ascl1b/crema/smad1/smad2/taf4a/med4/tcf7l1b/smad6b/nr5a2/stat5a/taf3/npas2/thrab/nr5a1b/taf13/taf5l/nr1h3/rxrba/nfyal/tcf7/med8/gtf2h2/tcf7l2/atf4a,29
BP,GO:0006890,"retrograde vesicle-mediated transport, Golgi to endoplasmic reticulum",11/3139,34/18773,0.323529412,1.934889343,2.444794382,0.018968879,0.187730708,0.168626567,bnip1b/copb2/scfd1/kdelr3/kdelr2a/ergic1/cope/sec22bb/cog4/rab6ba/copz1,11
BP,GO:0000963,mitochondrial RNA processing,6/3139,14/18773,0.428571429,2.563100168,2.62157244,0.019330342,0.188870988,0.169650809,mto1/fastk/trmt10c/trnt1/supv3l1/tbrg4,6
BP,GO:0006271,DNA strand elongation involved in DNA replication,6/3139,14/18773,0.428571429,2.563100168,2.62157244,0.019330342,0.188870988,0.169650809,pole/pcna/pold2/lig1/lig3/pole3,6
BP,GO:0006298,mismatch repair,6/3139,14/18773,0.428571429,2.563100168,2.62157244,0.019330342,0.188870988,0.169650809,msh5/pcna/msh2/msh6/rpa3/mlh1,6
BP,GO:0042771,intrinsic apoptotic signaling pathway in response to DNA damage by p53 class mediator,6/3139,14/18773,0.428571429,2.563100168,2.62157244,0.019330342,0.188870988,0.169650809,si:dkey-74k8.3/cd74b/si:dkey-9i23.15/hipk2/tp53/scrt2,6
MF,GO:0004518,nuclease activity,39/3098,168/18430,0.232142857,1.381017707,2.230066519,0.019716644,0.220534314,0.2006255,las1l/mrpl44/ern1/pole/slx1b/toe1/rpp38/nme5/pld3/apex1/n4bp2/isg20l2/zgc:85936/pold1/cnot7/dclre1b/tsnax/elac1/dnase2/rag1/smg6/enpp1/rpp21/tatdn1/ybey/apex2/pop5/rnasekb/ercc5/helz2a/xrn1/xrn2/rad51c/il1rapl1a/cnot6l/exosc4/slc52a2/mgme1/cpsf3,39
MF,GO:0061134,peptidase regulator activity,39/3098,168/18430,0.232142857,1.381017707,2.230066519,0.019716644,0.220534314,0.2006255,fetub/ntd5/serpinf1/renbp/col28a1b/ahsg2/cst3/serpina1/serpine1/fbln1/kng1/pi15a/c5/lrp11/si:ch211-195h23.3/ambp/cst14b.2/anos1a/cst14a.2/psme2/serpina10a/c3b.1/zgc:110239/adrm1/a2ml/cpamd8/itih3a.2/crim1/serpinh1b/tfpia/psme3/tfpi2/serpinb1l1/reck/pycard/si:ch211-186e20.7/serpinc1/ctsk/si:dkeyp-73b11.8,39
BP,GO:0040007,growth,84/3139,406/18773,0.206896552,1.237358702,2.166531157,0.019896862,0.193789115,0.17406845,ccn1/tubb5/ulk2/fam53b/hdac1/lrp5/mul2/ttk/dnph1/gars1/klf6a/nipblb/cdkn2aip/gemin5/cebpd/ppp2r3a/scfd1/gap43/ninj2/ruvbl2/notch1b/dio2/col1a1a/prdm16/tppp2/nphp4/larp7/becn1/smad2/yap1/plk4/erbb2/fn1a/rbbp4/vdac3/si:dkey-40c11.2/npr1a/tsku/dscamb/nos1/gna12a/mc4r/notch3/stat5a/rpl22l1/ap1g2/dcaf13/zeb2b/tbx16/lfng/clns1a/supv3l1/nsmfb/junbb/vdac2/cdh2/cbsb/foxm1/lmo2/hspa9/notch2/fcho1/dspb/hnrnpr/mgat5/serpinh1b/gpc4/orc1/akirin1/ruvbl1/slit3/pcdh17/mrap2a/trarg1a/dbnlb/igf2b/nrn1a/robo3/igf1ra/tlcd3ba/impact/bbs4/sema5ba/apobec2a,84
BP,GO:0006417,regulation of translation,38/3139,164/18773,0.231707317,1.385741148,2.223167841,0.020137599,0.195513142,0.175617034,ptcd3/mif4gdb/trim2a/lrpprc/polr2g/ssb/nanos1/rida/ogfod1/srp9/coa3a/rmnd1/caprin1a/ngdn/ncbp2/trmt10c/cnot7/mettl5/cnbpa/ddx61/dap1b/dhx29/eif4a3/rcc1l/magoh/igf2bp2a/eif5a/eefsec/cnot9/mrpl13/cnot6l/dap/pcif1/msi1b/igf2bp1/impact/larp1b/trim3b,38
BP,GO:0035051,cardiocyte differentiation,21/3139,80/18773,0.2625,1.569898853,2.288859583,0.020381447,0.1972564,0.177182891,fhod3a/ptch2/smo/icam3/erbb2/fbn2b/fn1a/bmpr1aa/itga4/tcap/rnf2/ddx39ab/atf3/smyd1b/bmp2b/rbfox2/cdh2/ilk/tpm4a/metrn/glrx2,21
BP,GO:0034101,erythrocyte homeostasis,31/3139,129/18773,0.240310078,1.437190534,2.232605214,0.020669423,0.198230671,0.178058017,slc4a1a/tet2/klf6a/gata1a/epoa/alas2/bdh2/sec23b/hemgn/atp5if1a/rps27.1/alas1/gfi1b/stat5a/tbx16/lmo2/sfxn4/fam210b/numbl/rpl35/sparc/rad51c/tp53/abcc5/csnk2b/slc48a1b/ash2l/rps9/klf17/sfxn1/fech,31
BP,GO:0055001,muscle cell development,54/3139,247/18773,0.218623482,1.307492394,2.179756095,0.02069922,0.198230671,0.178058017,myof/col6a2/fhod3a/ttn.1/chchd10/cxcr4a/ppp2r3a/mybphb/hsp90aa1.1/orai1b/stac3/fktn/zgc:112052/gli2a/tmod1/smo/icam3/flncb/mybpc2b/erbb2/pygma/six1b/tnnt1/myot/myom2a/tcap/tnnt3b/rnf2/dag1/scube1/smyd1b/thrab/bmp2b/rbfox2/igfn1.3/rttn/ilk/lgals2a/csrp1a/dok7b/mbnl2/pomgnt2/plecb/tpm4a/gpc4/pgm5/actn3b/col6a1/tfpi2/tango2/spry4/nfixa/ttn.2/adss1,54
MF,GO:0005504,fatty acid binding,10/3098,30/18430,0.333333333,1.982999785,2.42212931,0.020750654,0.229269425,0.208572046,tmem175/fabp10a/fabp2/fabp7a/fabp3/crabp1a/crabp2b/apoc1/fabp4a/rbp1.1,10
BP,GO:0006006,glucose metabolic process,18/3139,66/18773,0.272727273,1.631063744,2.301224562,0.020866218,0.198230671,0.178058017,pfkpa/hk2/pfkma/gdpgp1/gapdh/g6pc1a.2/hk1/adpgk/foxo1a/tpi1a/pdhb/fbp1a/prkag3b/pfkmb/pdk2a/gpia/gapdhs/arpp19a,18
BP,GO:0000470,maturation of LSU-rRNA,9/3139,26/18773,0.346153846,2.07019629,2.446809185,0.020878639,0.198230671,0.178058017,las1l/mak16/nop2/pak1ip1/rpf2/ftsj3/rpl7l1/rpl35/znhit3,9
BP,GO:2000045,regulation of G1/S transition of mitotic cell cycle,9/3139,26/18773,0.346153846,2.07019629,2.446809185,0.020878639,0.198230671,0.178058017,e2f7/ccne1/kank2/plk3/psme2/waca/rbl1/myo16/psme3,9
BP,GO:0002042,cell migration involved in sprouting angiogenesis,7/3139,18/18773,0.388888889,2.325776079,2.521527876,0.020934399,0.198230671,0.178058017,cxcr4a/fn1a/efnb2a/reck/arfgef2/zap70/srpx2,7
BP,GO:0042541,hemoglobin biosynthetic process,7/3139,18/18773,0.388888889,2.325776079,2.521527876,0.020934399,0.198230671,0.178058017,tfa/alas2/bdh2/slc11a2/alas1/tfr1b/sfxn1,7
CC,GO:0005686,U2 snRNP,7/3237,18/19331,0.388888889,2.322400714,2.517269626,0.021094294,0.153519584,0.134152308,snrpd2/sf3b2/snrpe/snrpd3l/snrpa1/snrpb/sf3b3,7
BP,GO:0006633,fatty acid biosynthetic process,19/3139,71/18773,0.267605634,1.600433438,2.271254994,0.021818157,0.204572711,0.183754669,fasn2/lipg/acacb/hacd1/olah/elovl1b/hacd3/elovl7a/abhd2a/acsbg2/ndufab1b/tecrb/oxsm/ptges3a/prkag3b/hsd17b12a/mlycd/mecr/mcat,19
BP,GO:0007599,hemostasis,19/3139,71/18773,0.267605634,1.600433438,2.271254994,0.021818157,0.204572711,0.183754669,thbd/si:ch211-156j16.1/pros1/kng1/fgl1/prkcbb/plg/f13a1b/habp2/fgg/fga/serpina10a/f5/tfpia/rad51c/tfpi2/f8/serpinc1/fgb,19
BP,GO:0045727,positive regulation of translation,12/3139,39/18773,0.307692308,1.84017448,2.353436085,0.021870877,0.204572711,0.183754669,polr2g/ssb/coa3a/rmnd1/trmt10c/mettl5/cnbpa/dhx29/rcc1l/eif5a/pcif1/larp1b,12
BP,GO:0071897,DNA biosynthetic process,12/3139,39/18773,0.307692308,1.84017448,2.353436085,0.021870877,0.204572711,0.183754669,ccn2a/nop10/pcna/ptges3a/pot1/pold1/lig1/rpa1/polk/rad50/lig3/lig4,12
BP,GO:0031329,regulation of cellular catabolic process,27/3139,110/18773,0.245454545,1.467957369,2.205605226,0.022663593,0.211343169,0.189836141,ulk2/cptp/adam8a/ulk1a/cisd2/sirt2/rubcn/sesn1/tbc1d25/trim32/becn1/pnpla3/mtmr14/bmf2/fyco1a/waca/dap1b/mtcl3a/gsk3aa/pnpla2/lars1b/rragd/washc4/dap/tysnd1/gfap/ddrgk1,27
BP,GO:0015931,nucleobase-containing compound transport,32/3139,135/18773,0.237037037,1.417615896,2.18202704,0.022878644,0.212702064,0.19105675,slc25a32b/nup88/rae1/slc35a4/slc25a4/sarnp/alyref/eny2/nxt2/thoc3/slc25a51a/phax/ran/sem1/ncbp2/slc25a33/nutf2/ndc1/eif4eb/slc25a42/sec13/slbp/ddx39ab/eif4a3/magoh/slc25a17/igf2bp2a/thoc7/poldip3/ddx19b/nup35/igf2bp1,32
CC,GO:0098687,chromosomal region,33/3237,140/19331,0.235714286,1.407659208,2.171039625,0.023260928,0.166968855,0.145904886,ttk/zw10/nde1/dynlt3/cfdp1/gpatch11/spdl1/mad2l1/cenpi/stag1a/pot1/cbx5/rad21b/plk3/rbbp4/si:ch211-161h7.4/ngdn/pane1/dclre1b/dscc1/nsmce1/smg6/ncapd3/cenpq/cdca8/ndc80/spc24/ppp2caa/rad50/smc5/ncapd2/pafah1b1b/rpa2,33
BP,GO:1990542,mitochondrial transmembrane transport,21/3139,81/18773,0.259259259,1.550517386,2.224854113,0.023303828,0.216000434,0.194019466,slc25a15a/slc25a32b/timm50/tomm40/slc25a4/slc25a51a/slc25a12/dnajc15/mpc1/slc25a33/smdt1b/pam16/grpel1/slc25a18/slc25a15b/chchd4a/vdac2/sfxn4/micu3a/micu1/sfxn1,21
MF,GO:0003729,mRNA binding,60/3098,279/18430,0.215053763,1.2793547,2.113489001,0.023554429,0.252196496,0.229429368,lrpprc/syncripl/ssb/khdrbs2/hnrnpa3/gemin5/rbpms2b/srsf1b/zfp36l2/nanos1/snrnp35/etf1b/alyref/exosc7/pcf11/srsf1a/angel2/lsm1/larp7/ptbp1a/supt5h/edc3/mrps7/snrpc/ncbp2/mrpl12/hnrnpd/cnbpa/lsm14aa/ddx61/slbp/rbm15/trnau1apb/ddx39ab/eif4a3/pabpc4/ddx17/cryz/aqr/srsf4/ddx5/igf2bp2a/hnrnpa0l/eif4g2a/hnrnpr/khsrp/rpl35/mrpl13/poldip3/rbm42/ddx19b/hnrnpm/msi1b/rbm47/g3bp1/pum2/cdc40/igf2bp1/stau2/ythdf1,60
BP,GO:0033013,tetrapyrrole metabolic process,11/3139,35/18773,0.314285714,1.87960679,2.333871039,0.023591502,0.21684647,0.194779406,alas2/tmem14a/bdh2/atp5if1a/alas1/tmem14ca/hmox1a/cox15/hmbsb/ppox/fech,11
BP,GO:0046148,pigment biosynthetic process,11/3139,35/18773,0.314285714,1.87960679,2.333871039,0.023591502,0.21684647,0.194779406,ddt/alas2/tmem14a/atp5if1a/alas1/tmem14ca/cox15/hmbsb/dct/ppox/fech,11
MF,GO:0008757,S-adenosylmethionine-dependent methyltransferase activity,39/3098,170/18430,0.229411765,1.36477044,2.147760732,0.023601049,0.252196496,0.229429368,si:ch211-93g23.2/pcmtd1/prmt6/zgc:172121/ndufaf7/tpmt.1/prmt7/atpsckmt/cmtr2/smyd4/prdm16/mettl21a/nsun2/bud23/smyd3/setd7/emg1/trmt10c/comtb/nop2/mettl5/ntmt1/as3mt/trmt2b/mettl6/ftsj3/smyd1b/hnmt/mettl4/trmt61b/setd1ba/ehmt1b/tarbp1/zgc:109986/dimt1l/pcif1/setd1a/thumpd3/cskmt,39
BP,GO:0015849,organic acid transport,40/3139,176/18773,0.227272727,1.359219786,2.145413531,0.023607145,0.21684647,0.194779406,slc25a15a/abcc4/slc10a4/slc16a9a/slc25a32b/slc16a4/slc16a12a/slc6a7/lrrc8db/slc38a7/slc6a6a/slc16a6b/slc27a6/slc38a2/fabp10a/mfsd2ab/slc25a12/fabp2/slco1d1/fabp7a/abcb11b/fabp3/pla2g3/mpc1/slc7a6/slc16a10/crabp1a/slc16a1a/crabp2b/slc25a18/slc25a15b/si:ch211-106h11.1/slc6a9/pla2g1b/slc10a3/fabp4a/rbp1.1/slc1a3a/slc38a3a/sfxn1,40
MF,GO:0051082,unfolded protein binding,20/3098,76/18430,0.263157895,1.565526146,2.220681667,0.023837085,0.252196496,0.229429368,pfdn2/ern1/nudcd3/pfdn6/hspe1/hsp90aa1.1/pet100/dnajb5/ccdc115/pfdn4/ndufaf1/grpel1/hsp90b1/dnaja1/hspa9/nudc/tcp1/pfdn1/calr3a/calr,20
BP,GO:0061024,membrane organization,78/3139,377/18773,0.206896552,1.237358702,2.086075439,0.024090258,0.220623615,0.198172176,myof/timm50/oxa1l/cplx4c/cptp/tmem175/triap1/arl8ba/tlcd1/chmp5b/zgc:56596/steep1/timm29/maip1/bnip3lb/stx8/anxa6/stac3/sec23b/slc25a4/wdr83os/timm22/banf1/timd4/chchd6a/timm13/mtss1lb/timm10/mfsd2ab/hace1/gltpd2b/ppifb/vamp8/vtg2/samm50/camlg/dnajc11b/lmna/si:ch211-81a5.8/stx12/lmnl3/snap91b/tcap/slc25a42/apoob/bmb/havcr1/sec13/mesd/agk/dag1/sec22bb/stx11a/ctbp2a/vti1b/sec24d/rhot2/tram2/sec61a1a/nsfa/chmp6b/bet1/sec23a/dchs1b/stx4/dnajc11a/sar1ab/emc10/xkr8.3/bin2a/zgc:73226/micu1/fer1l6/atp13a2/stx5a/stx16/dnm1b/chchd3a,78
BP,GO:0007266,Rho protein signal transduction,23/3139,91/18773,0.252747253,1.511571894,2.191954654,0.02432272,0.221870299,0.199291993,arhgef28a/rhoab/rhoua/racgap1/cdc42l/cdc42ep5/arhgef49/kank2/arhgef3/cdc42ep1a/rock2a/eps8l1b/arhgef18b/gna12a/stard13b/eps8l3b/ngfra/dock6/net1/dock11/si:ch1073-416j23.1/arhgdia/rhov,23
BP,GO:0009124,nucleoside monophosphate biosynthetic process,13/3139,44/18773,0.295454545,1.766985722,2.282297211,0.02437102,0.221870299,0.199291993,umps/tyms/cad/adssl/adkb/uck2b/adsl/dhodh/rfk/ampd3a/adka/pfas/adss1,13
BP,GO:1901342,regulation of vasculature development,24/3139,96/18773,0.25,1.495141765,2.179352567,0.024687006,0.222418096,0.199784044,thbs1b/per2/hars/rin2a/tie1/serpinf1/tspan12/sirt2/serpine1/nme2b.1/bmper/lrp1aa/s1pr1/aplnrb/cnmd/sars1/lrp1ab/cemip2/tars1/ube3d/tp53/reck/iars1/dll4,24
BP,GO:0006740,NADPH regeneration,5/3139,11/18773,0.454545455,2.718439573,2.554505951,0.024793673,0.222418096,0.199784044,nnt/pgd/pgls/tigarb/tkta,5
BP,GO:0019320,hexose catabolic process,5/3139,11/18773,0.454545455,2.718439573,2.554505951,0.024793673,0.222418096,0.199784044,pfkpa/pfkma/si:dkey-224e22.2/pfkmb/gale,5
BP,GO:0033962,P-body assembly,5/3139,11/18773,0.454545455,2.718439573,2.554505951,0.024793673,0.222418096,0.199784044,edc3/lsm14aa/ddx61/pan3/lsm4,5
BP,GO:0046349,amino sugar biosynthetic process,5/3139,11/18773,0.454545455,2.718439573,2.554505951,0.024793673,0.222418096,0.199784044,uap1/gfpt1/uap1l1/gnpnat1/gfpt2,5
MF,GO:0140097,"catalytic activity, acting on DNA",48/3098,217/18430,0.221198157,1.315907691,2.104221769,0.024941133,0.252196496,0.229429368,tet2/smarca5/msh5/pole/mcm2/smug1/slx1b/ruvbl2/hells/apex1/tdg.1/zgc:85936/msh2/pole4/polq/pold1/lig1/rbbp4/rad17/dclre1b/srcap/dnase2/recql4/rfc3/rag1/msh6/ino80/supv3l1/tatdn1/mcm8/mlh1/apex2/polk/ercc6/rtel1/ercc5/helz2a/rad51c/ruvbl1/chd9/lig3/lig4/g3bp1/blm/rad54l2/mgme1/ep400/pole3,48
CC,GO:0031011,Ino80 complex,5/3237,11/19331,0.454545455,2.714494341,2.550845269,0.024941326,0.176611552,0.154331107,ruvbl2/actr5/ino80c/ino80/ruvbl1,5
BP,GO:2001242,regulation of intrinsic apoptotic signaling pathway,10/3139,31/18773,0.322580645,1.929215181,2.320091181,0.025268544,0.224686594,0.201821692,cerkl/nme5/herpud1/vax2/rnf2/cd74b/bcor/tp53/pin1/scrt2,10
BP,GO:0090497,mesenchymal cell migration,27/3139,111/18773,0.243243243,1.454732528,2.15305089,0.025316561,0.224686594,0.201821692,si:dkey-49n23.1/lrp5/hdac4/nrp2b/sema4ba/cxcr4a/fbln1/sox10/erbb2/fn1a/si:ch211-129c21.1/disc1/zeb2b/col18a1a/sema3ga/bmp2b/sema3ab/cdh2/sema6ba/sema3bl/sh3pxd2aa/fscn1a/dmxl2/glrx2/sema7a/sema5ba/aldh1l1,27
MF,GO:0002039,p53 binding,5/3098,11/18430,0.454545455,2.704090616,2.541254671,0.025330995,0.252196496,0.229429368,tp53bp2b/ppp1r13bb/taf3/ehmt1b/ppp1r13ba,5
MF,GO:0004017,adenylate kinase activity,5/3098,11/18430,0.454545455,2.704090616,2.541254671,0.025330995,0.252196496,0.229429368,ak1/zgc:86811/ak8/ak7b/ak2,5
MF,GO:0008307,structural constituent of muscle,5/3098,11/18430,0.454545455,2.704090616,2.541254671,0.025330995,0.252196496,0.229429368,ttn.1/zgc:153867/tcap/csrp1a/ttn.2,5
MF,GO:0008330,protein tyrosine/threonine phosphatase activity,5/3098,11/18430,0.454545455,2.704090616,2.541254671,0.025330995,0.252196496,0.229429368,dusp1/dusp4/si:ch211-195b15.8/dusp16/dusp7,5
MF,GO:0033550,MAP kinase tyrosine phosphatase activity,5/3098,11/18430,0.454545455,2.704090616,2.541254671,0.025330995,0.252196496,0.229429368,dusp1/dusp4/si:ch211-195b15.8/dusp16/dusp7,5
BP,GO:0030111,regulation of Wnt signaling pathway,41/3139,182/18773,0.225274725,1.347270601,2.109445039,0.025384315,0.224686594,0.201821692,fam53b/lrp5/dact3a/adgra2/nipblb/znf703/cdkn2aip/csnk1e/ppp2r3a/rspo3/lepr/cdk5rap3/tollip/tmem198aa/nkd2b/nkd2a/nphp4/nlk1/tle3b/id4/tsc2/nkd1/lgr4/gsk3aa/grb10b/zranb1b/otud5b/lzts2a/cemip2/tle2b/sulf2a/btk/fzd5/dmxl2/reck/rnf146/rspo4/notum1a/nxn/daam2/tnksa,41
BP,GO:0051248,negative regulation of protein metabolic process,41/3139,182/18773,0.225274725,1.347270601,2.109445039,0.025384315,0.224686594,0.201821692,edn1/trim2a/prmt6/rtraf/serpinf1/mcl1b/nanos1/rida/sirt2/serpina1/serpine1/pi15a/srp9/smo/caprin1a/pkig/serpina10a/ddx61/dap1b/c3b.1/usp14/fhit/lamtor5/a2ml/aida/cpamd8/chac1/klhl31/si:dkey-7n6.2/itih3a.2/cnot9/serpinh1b/tfpia/mrpl13/tfpi2/serpinb1l1/dap/reck/si:ch211-186e20.7/nxn/trim3b,41
BP,GO:0030218,erythrocyte differentiation,30/3139,126/18773,0.238095238,1.423944538,2.139467572,0.025412728,0.224686594,0.201821692,slc4a1a/tet2/klf6a/gata1a/epoa/alas2/bdh2/sec23b/hemgn/atp5if1a/rps27.1/alas1/gfi1b/stat5a/tbx16/lmo2/sfxn4/fam210b/numbl/rpl35/sparc/tp53/abcc5/csnk2b/slc48a1b/ash2l/rps9/klf17/sfxn1/fech,30
BP,GO:0000070,mitotic sister chromatid segregation,20/3139,77/18773,0.25974026,1.553394041,2.180325672,0.025902067,0.228355001,0.205116788,ttk/zw10/racgap1/anapc11/spdl1/prc1b/mad2l1/cenpi/ran/ccdc61/kif11/si:ch211-161h7.4/kif18a/smc2/ncapd3/cdca8/ndc80/anapc5/si:ch1073-416j23.1/ncapd2,20
MF,GO:0045499,chemorepellent activity,10/3098,31/18430,0.322580645,1.91903205,2.302006686,0.026137748,0.257399998,0.234163121,si:dkey-49n23.1/sema4ba/nrg3b/si:ch211-129c21.1/sema3ga/sema3ab/sema6ba/sema3bl/sema7a/sema5ba,10
BP,GO:0009161,ribonucleoside monophosphate metabolic process,14/3139,49/18773,0.285714286,1.708733446,2.225858378,0.026500534,0.232697874,0.209017716,umps/ak1/cad/adssl/adkb/uck2b/adsl/dhodh/rfk/ampd3a/adka/pfas/ak2/adss1,14
MF,GO:0016627,"oxidoreductase activity, acting on the CH-CH group of donors",16/3098,58/18430,0.275862069,1.64110327,2.198143076,0.026743247,0.260530984,0.237011456,acadm/acadsb/ptgr1.1/bdh2/decr2/acad11/tecrb/si:ch211-210c8.6/pecr/dhodh/zgc:85777/acadl/acads/mecr/ppox/ptgr2,16
BP,GO:0032008,positive regulation of TOR signaling,9/3139,27/18773,0.333333333,1.993522353,2.314840624,0.026789064,0.232697874,0.209017716,mios/wdr59/flcn/waca/sec13/lamtor5/otud5b/rragd/klhl22,9
BP,GO:0045324,late endosome to vacuole transport,9/3139,27/18773,0.333333333,1.993522353,2.314840624,0.026789064,0.232697874,0.209017716,snf8/chmp5b/chmp1b/becn1/vps25/chmp6b/vps36/vps28/stam,9
BP,GO:0006414,translational elongation,17/3139,63/18773,0.26984127,1.61380381,2.1866478,0.026849755,0.232697874,0.209017716,mrpl44/tsfm/eef2k/eef1b2/srp9/gtpbp1l/supt5h/eef1da/mtrfr/eef2b/eef1e1/eif5a/eefsec/skic8/gfm1/supt6h/ddrgk1,17
BP,GO:0008652,amino acid biosynthetic process,17/3139,63/18773,0.26984127,1.61380381,2.1866478,0.026849755,0.232697874,0.209017716,pycr3/zgc:172121/glulb/psph/pah/bhmt/ass1/adi1/shmt1/tha1/cbsb/upb1/shmt2/otc/ilvbl/mtr/got1,17
BP,GO:0009267,cellular response to starvation,17/3139,63/18773,0.26984127,1.61380381,2.1866478,0.026849755,0.232697874,0.209017716,sesn1/trim32/mios/becn1/wdr59/prkag3b/dap1b/tbc1d7/cart2/nupr1b/rragd/nuak2/dap/kptn/impact/atf4a/pak2b,17
BP,GO:0002244,hematopoietic progenitor cell differentiation,33/3139,142/18773,0.232394366,1.389850091,2.089486677,0.02764347,0.235693456,0.211708457,hlx1/tet2/hdac1/angptl2b/crebbpa/jun/mettl22/sf3a3/notch1b/prdm16/jag2b/stag1a/supt5h/wnt9a/tgfbr2b/nos1/notch3/atf3/adora2b/cdca7a/tbx16/nop14/epas1b/tgfb1a/nr3c1/smarcd1/setd1ba/crhb/ak2/ash2l/mbd3b/ncor2/tnfrsf1b,33
BP,GO:0006614,SRP-dependent cotranslational protein targeting to membrane,6/3139,15/18773,0.4,2.392226824,2.417008833,0.027747989,0.235693456,0.211708457,srp9/ssr3/tram2/sec61a1a/srp14/sec61b,6
BP,GO:0035907,dorsal aorta development,6/3139,15/18773,0.4,2.392226824,2.417008833,0.027747989,0.235693456,0.211708457,notch1b/pth1r/smo/notch3/amotl2a/dll4,6
BP,GO:0046653,tetrahydrofolate metabolic process,6/3139,15/18773,0.4,2.392226824,2.417008833,0.027747989,0.235693456,0.211708457,mthfd1b/aldh1l2/shmt1/shmt2/dhfr/aldh1l1,6
BP,GO:0070373,negative regulation of ERK1 and ERK2 cascade,6/3139,15/18773,0.4,2.392226824,2.417008833,0.027747989,0.235693456,0.211708457,dusp4/spry1/dusp7/spred2b/ptpn2b/spry4,6
BP,GO:0032984,protein-containing complex disassembly,32/3139,137/18773,0.233576642,1.396920773,2.089313633,0.027831754,0.235693456,0.211708457,stmn4l/abce1/si:ch211-266i6.3/mical3a/mrpl58/capza1a/eef2k/cfl2/etf1b/tfip11/rubcn/ogfod1/pcf11/tbc1d25/stmn4/capgb/tmod1/stmn1a/napba/avil/mtrfr/kif18a/fyco1a/nsfa/cfl1/twf1b/stmn1b/eif5a/sh3gl3a/katnb1/dnajc17/snx14,32
BP,GO:0031669,cellular response to nutrient levels,18/3139,68/18773,0.264705882,1.58309128,2.158380576,0.027921705,0.235693456,0.211708457,sesn1/kank2/trim32/mios/becn1/wdr59/prkag3b/dap1b/tbc1d7/cart2/nupr1b/rragd/nuak2/dap/kptn/impact/atf4a/pak2b,18
BP,GO:0043525,positive regulation of neuron apoptotic process,8/3139,23/18773,0.347826087,2.080197238,2.322641713,0.02796363,0.235693456,0.211708457,casp8/mcl1b/casp6a/gsk3aa/casp7/casp20/tp53/casp2,8
BP,GO:1901796,regulation of signal transduction by p53 class mediator,8/3139,23/18773,0.347826087,2.080197238,2.322641713,0.02796363,0.235693456,0.211708457,yju2/vax2/rnf2/eef1e1/cd74b/bcor/tp53/scrt2,8
BP,GO:1904263,positive regulation of TORC1 signaling,8/3139,23/18773,0.347826087,2.080197238,2.322641713,0.02796363,0.235693456,0.211708457,mios/wdr59/flcn/waca/lamtor5/otud5b/rragd/klhl22,8
MF,GO:0005372,water transmembrane transporter activity,6/3098,15/18430,0.4,2.379599742,2.402730486,0.028423031,0.269331756,0.245017735,aqp7/aqp4/mipa/aqp9b/aqp3b/aqp1a.2,6
BP,GO:0032511,late endosome to vacuole transport via multivesicular body sorting pathway,7/3139,19/18773,0.368421053,2.203366811,2.351493329,0.028470177,0.238651644,0.214365609,snf8/chmp5b/vps25/chmp6b/vps36/vps28/stam,7
BP,GO:1905952,regulation of lipid localization,7/3139,19/18773,0.368421053,2.203366811,2.351493329,0.028470177,0.238651644,0.214365609,plin2/abca1a/zdhhc8b/ppardb/asip2b/apoc1/pparab,7
BP,GO:0048872,homeostasis of number of cells,38/3139,168/18773,0.226190476,1.352747311,2.057876901,0.02872269,0.239030485,0.214705898,slc4a1a/sae1/tet2/klf6a/nr4a3/gata1a/epoa/alas2/bdh2/sec23b/sox10/hemgn/atp5if1a/rps27.1/ppp2r3c/nr4a2a/alas1/gfi1b/stat5a/tbx16/sod2/lmo2/sfxn4/fam210b/numbl/rpl35/sparc/rad51c/tp53/abcc5/csnk2b/slc48a1b/ash2l/gpr183a/rps9/klf17/sfxn1/fech,38
BP,GO:0097190,apoptotic signaling pathway,38/3139,168/18773,0.226190476,1.352747311,2.057876901,0.02872269,0.239030485,0.214705898,prkdc/cerkl/ern1/mcl1b/bnip3lb/fadd/anxa6/nme5/slc25a4/si:ch211-195h23.3/herpud1/atr/si:dkey-74k8.3/vax2/fam162a/bcl10/rnf2/dap1b/zgc:110239/fhit/cd74b/rhot2/eya3/si:ch211-284o19.8/si:dkey-9i23.15/hipk2/bcor/tp53/zgc:73226/dap/eya1/pycard/pin1/casp2/ctsk/scrt2/atf4a/tradd,38
BP,GO:0050817,coagulation,19/3139,73/18773,0.260273973,1.556585947,2.134955073,0.028806381,0.239030485,0.214705898,thbd/si:ch211-156j16.1/pros1/kng1/fgl1/prkcbb/plg/f13a1b/habp2/fgg/fga/serpina10a/anxa5b/tfpia/rad51c/tfpi2/f8/serpinc1/fgb,19
BP,GO:0006406,mRNA export from nucleus,11/3139,36/18773,0.305555556,1.82739549,2.226538701,0.028982836,0.239030485,0.214705898,nup88/sarnp/alyref/eny2/nxt2/thoc3/sem1/ddx39ab/thoc7/poldip3/ddx19b,11
BP,GO:0043534,blood vessel endothelial cell migration,11/3139,36/18773,0.305555556,1.82739549,2.226538701,0.028982836,0.239030485,0.214705898,cxcr4a/ccbe1/peak1/fn1a/efnb2a/lmo2/reck/arfgef2/zap70/dll4/srpx2,11
BP,GO:1903034,regulation of response to wounding,11/3139,36/18773,0.305555556,1.82739549,2.226538701,0.028982836,0.239030485,0.214705898,tmsb/pros1/serpine1/kng1/cntf/plg/il6st/cadm4/fga/lgals2a/serpinc1,11
MF,GO:0004529,DNA exonuclease activity,7/3098,19/18430,0.368421053,2.191736604,2.336202998,0.029236365,0.269331756,0.245017735,pole/apex1/pold1/dclre1b/tatdn1/apex2/mgme1,7
MF,GO:0016895,"DNA exonuclease activity, producing 5'-phosphomonoesters",7/3098,19/18430,0.368421053,2.191736604,2.336202998,0.029236365,0.269331756,0.245017735,pole/apex1/pold1/dclre1b/tatdn1/apex2/mgme1,7
MF,GO:0120014,phospholipid transfer activity,7/3098,19/18430,0.368421053,2.191736604,2.336202998,0.029236365,0.269331756,0.245017735,cptp/triap1/pitpnab/pitpnbl/gltpd2b/prelid1a/prelid1b,7
MF,GO:0140104,molecular carrier activity,18/3098,68/18430,0.264705882,1.574735123,2.134294719,0.029286795,0.269331756,0.245017735,mb/oxa1l/si:ch211-5k11.8/kpnb1/kpna2/anp32e/hbbe2/ndufab1b/xpo1b/hbae4/spty2d1/xpo1a/nutf2/cox17/nubp2/kpna5/ccs/emc10,18
BP,GO:0055123,digestive system development,36/3139,158/18773,0.227848101,1.362660849,2.051226289,0.029424956,0.242026177,0.217396738,mb/mgaa/hdac1/ikzf5/klf6a/nipblb/mphosph10/ruvbl2/bhmt/mapk7/gli2a/jag2b/nphp4/smo/yap1/rab11fip5a/mpc1/six1b/mtch2/spaw/sdc2/rps6ka3a/sec13/tsc2/nr5a2/rpl3/tbx16/epas1b/sbds/gldc/ttc7a/pitx2/rargb/fgfrl1a/fscn1a/tcf7l2,36
BP,GO:0051276,chromosome organization,54/3139,252/18773,0.214285714,1.281550084,2.016227774,0.029547185,0.242381719,0.217716098,h1-0/si:ch211-103n10.5/nasp/prkdc/ttk/msh5/zw10/nipblb/nop10/mcm2/racgap1/rae1/tasorb/anapc11/banf1/msh2/spdl1/prc1b/mad2l1/cenpi/mau2/ran/ptges3a/stag1a/atr/pot1/rad21b/ccdc61/kif11/si:ch211-161h7.4/xpa/dclre1b/dscc1/kif18a/msh6/rpa1/pttg1/esco1/smc2/supv3l1/hat1/ncapd3/mcm8/cenpx/mlh1/cdca8/rtel1/ndc80/rad50/anapc5/si:ch1073-416j23.1/blm/ncapd2/tnksa,54
BP,GO:0055002,striated muscle cell development,46/3139,210/18773,0.219047619,1.310028975,2.024434483,0.029788752,0.24249877,0.217821238,fhod3a/ttn.1/chchd10/cxcr4a/ppp2r3a/mybphb/hsp90aa1.1/orai1b/zgc:112052/gli2a/tmod1/smo/icam3/flncb/mybpc2b/erbb2/pygma/six1b/tnnt1/myot/myom2a/tcap/tnnt3b/rnf2/dag1/smyd1b/thrab/bmp2b/rbfox2/igfn1.3/rttn/ilk/lgals2a/csrp1a/dok7b/plecb/tpm4a/gpc4/pgm5/col6a1/tfpi2/tango2/spry4/nfixa/ttn.2/adss1,46
BP,GO:0000380,"alternative mRNA splicing, via spliceosome",16/3139,59/18773,0.271186441,1.621848694,2.143597771,0.029798578,0.24249877,0.217821238,pqbp1/khdrbs2/srsf1b/hnrnpub/srsf1a/rsrc1/snrpc/prpf31/rbm15/eif4a3/magoh/rbfox2/srsf2a/ddx17/ddx5/rest,16
BP,GO:0009134,nucleoside diphosphate catabolic process,16/3139,59/18773,0.271186441,1.621848694,2.143597771,0.029798578,0.24249877,0.217821238,pfkpa/hk2/pfkma/eno2/gapdh/hk1/adpgk/tigarb/tpi1a/prkag3b/pfkmb/gpia/pkmb/gapdhs/bpgm/entpd2a.1,16
MF,GO:0008094,"ATP-dependent activity, acting on DNA",26/3098,107/18430,0.242990654,1.445551245,2.0777029,0.029834654,0.269331756,0.245017735,smarca5/msh5/mcm2/ruvbl2/hells/msh2/rbbp4/rad17/srcap/recql4/rfc3/msh6/ino80/supv3l1/mcm8/mlh1/ercc6/rtel1/helz2a/rad51c/ruvbl1/chd9/g3bp1/blm/rad54l2/ep400,26
MF,GO:0060590,ATPase regulator activity,11/3098,36/18430,0.305555556,1.817749803,2.207627492,0.030024843,0.269331756,0.245017735,ahsa1b/hspa4a/hspa4l/bag2/atp5if1a/dnajc15/grpel1/bag1/atp1b1b/fnip1/bag4,11
MF,GO:0072341,modified amino acid binding,11/3098,36/18430,0.305555556,1.817749803,2.207627492,0.030024843,0.269331756,0.245017735,gap43/anxa6/timd4/anxa2a/anxa4/havcr1/anxa5b/gstr/anxa13l/prnpb/anxa13,11
BP,GO:0045595,regulation of cell differentiation,96/3139,479/18773,0.200417537,1.198610517,1.973020231,0.03007796,0.244124817,0.219281812,ccn1/bhlhe40/edn1/asxl1/ulk2/ccn2a/atoh8/dusp4/hdac1/hdac4/nipblb/gata1a/sox9a/nog2/cdkn2aip/cebpd/serpinf1/rbpms2b/zic5/sirt2/rflnb/sox10/il34/gli1/si:ch211-194k22.8/ascl1b/gli2a/her8.2/stmn4/osr1/ppp2r3c/ptbp1a/smad2/stag1a/supt5h/nlk1/irx5a/si:dkey-40c11.2/her4.3/vox/lhx1a/rflna/dscamb/rnf2/riox1/notch3/stat5a/ctbp2a/adora2b/cdca7a/tbx16/lfng/smyd1b/nsmfb/enpp1/thrab/bmp2b/wdfy2/cdh2/tenm4/si:dkeyp-68b7.7/eftud2/nr3c1/dhrs12la/tm4sf4/lgals2a/lama1/hipk2/olig2/crhb/sh3rf1/numbl/msmo1/tp53/akirin1/runx2b/tfpi2/slit3/aamdc/reck/zfhx3b/dbnlb/igf2b/metrn/bcan/dct/rest/nf2a/pum2/klf17/impact/heyl/daam2/atf4a/brinp3a.1/tnfrsf1b,96
BP,GO:0009628,response to abiotic stimulus,78/3139,381/18773,0.204724409,1.224368059,1.982553507,0.030187588,0.244368127,0.219500362,mb/dhdds/g0s2/ppiab/per2/bmal2/opn3/trpv6/ern1/tmc2b/fundc1/cry1a/cry1b/inip/lsm7/col1a2/cib2/cahz/alas2/hsp90aa1.1/sirt2/ddit4/dhx30/dlat/atp5if1a/tnfrsf11b/ndufa9a/nyx/opn8b/smyd3/opn7b/si:dkey-74k8.3/pgfb/babam1/xpa/uvssa/dcst1/atp5meb/tcap/babam2/fam162a/cirbpb/crtc3/trnt1/ddx61/rho/hspa5/aqp1a.2/epas1b/aanat1/npas2/hsp90b1/nupr1b/dnaja1/sema4d/atf6/hmox1a/stx4/nr3c1/ercc6/cox4i1/lama1/si:dkey-9i23.15/cry2/rcvrna/tp53/oxsr1a/opn5/pparab/scn8aa/foxb1a/prkn/opn4b/grk1a/rest/atp6v0e1/ctsk/oxsr1b,78
BP,GO:0080134,regulation of response to stress,65/3139,311/18773,0.209003215,1.249957746,1.991697128,0.030309216,0.244707035,0.219804782,tmsb/fh/cptp/trim13/pros1/ticam1/irak4/cd40/tlr5b/ripk1l/fadd/ahsg2/serpine1/yju2/kng1/sesn1/cntf/dhx30/slc15a2/atp5if1a/plg/si:ch211-195h23.3/herpud1/il6st/cadm4/supt5h/irf1b/ggt1a/usp1/fga/babam1/mapkapk3/babam2/ppardb/cnbpa/lgr4/usp14/eef1e1/cd74b/eya3/mia3/pik3r6b/insig1/cd248b/lgals2a/gramd4a/zgc:113337/rtel1/spring1/tp53/pparab/zmp:0000000936/gramd4b/prkn/uba1/eya1/pycard/serpinc1/tlr1/sema7a/pin1/rnf169/scrt2/ddrgk1/ptger4c,65
MF,GO:0004536,DNA nuclease activity,13/3098,45/18430,0.288888889,1.718599813,2.169470387,0.03034179,0.269506487,0.245176692,pole/slx1b/apex1/zgc:85936/pold1/dclre1b/dnase2/rag1/tatdn1/apex2/ercc5/rad51c/mgme1,13
BP,GO:0043434,response to peptide hormone,22/3139,88/18773,0.25,1.495141765,2.086124493,0.030545948,0.245971043,0.22094016,nr4a3/ghra/slc39a14/tns2a/lpin1a/slc2a1b/rab13/pik3r3b/irs2b/nr4a2a/tsc2/khk/lpin2/stat5a/gsk3aa/grb10b/pik3r1/socs7/insig1/rps6kb1b/jak2b/igf2b,22
BP,GO:0046942,carboxylic acid transport,39/3139,174/18773,0.224137931,1.340471927,2.021747956,0.030822616,0.247361237,0.222188883,slc25a15a/abcc4/slc10a4/slc16a9a/slc25a32b/slc16a4/slc16a12a/slc6a7/lrrc8db/slc38a7/slc16a6b/slc27a6/slc38a2/fabp10a/mfsd2ab/slc25a12/fabp2/slco1d1/fabp7a/abcb11b/fabp3/pla2g3/mpc1/slc7a6/slc16a10/crabp1a/slc16a1a/crabp2b/slc25a18/slc25a15b/si:ch211-106h11.1/slc6a9/pla2g1b/slc10a3/fabp4a/rbp1.1/slc1a3a/slc38a3a/sfxn1,39
BP,GO:0006511,ubiquitin-dependent protein catabolic process,84/3139,414/18773,0.202898551,1.213448389,1.967815683,0.030879842,0.247361237,0.222188883,edn1/si:ch1073-228j22.2/mylipa/trim2a/ube3a/prmt6/snf8/fbxo48/klhl11/klhl7/csnk1e/sirt2/anapc11/uchl1/psma6l/rbx1/tollip/rmnd5b/psmb9a/psmd7/herpud1/hace1/psmd14/klhl5/psma3/vps25/rnf167/psmb10/fbxo45/skp2/ufd1l/ubr3/anapc10/fbxo6.3/usp14/fhit/uchl3/gsk3aa/psmb13a/zranb1b/ube2a/psmd13/ube4a/nedd4a/psmb8a/psmb12/psmc6/rnf217/wdr81/vps36/zfand2a/ube3d/cul2/fbxl4/sh3rf1/herc56.1/fbxl5/psmb4/vps28/ube3b/stam/ddb1/hecw2a/psmb2/ube2d2/dmac2/anapc5/rnf146/psmd4a/psma4/prkn/fbxl18/ankib1a/fbxw5/psma8/uba1/fbxl7/smurf2/rnf19b/psmb3/itchb/klhl22/kbtbd3/trim3b,84
BP,GO:0008277,regulation of G protein-coupled receptor signaling pathway,14/3139,50/18773,0.28,1.674558777,2.140094533,0.031313907,0.249588221,0.224189241,nme3/slc39a14/rgs6/rgs14a/pdcl/crtc3/git1/kctd12.2/pde6ha/rgs12b/mrap2a/git2b/rgs9b/grk1a,14
BP,GO:0060070,canonical Wnt signaling pathway,43/3139,195/18773,0.220512821,1.318791711,2.005121636,0.031368291,0.249588221,0.224189241,fam53b/lrp5/kctd15a/dact3a/adgra2/nipblb/znf703/sfrp2/cdkn2aip/csnk1e/jun/ppp2r3a/rspo3/lepr/tmem198aa/nkd2b/nkd2a/nphp4/wnt9a/tle3b/tcf7l1b/wnt6b/nkd1/lgr4/gsk3aa/fzd8a/otud5b/lzts2a/fzd10/tle2b/net1/tcf7/btk/fzd5/dmxl2/reck/rnf146/tcf7l2/fzd7a/rspo4/notum1a/daam2/tnksa,43
BP,GO:0006879,intracellular iron ion homeostasis,10/3139,32/18773,0.3125,1.868927206,2.204336444,0.031401908,0.249588221,0.224189241,hamp/bdh2/slc39a14/zgc:112271/ccdc115/glrx3/tfr1b/zgc:56095/fbxl5/fthl27,10
BP,GO:0030490,maturation of SSU-rRNA,12/3139,41/18773,0.292682927,1.750409871,2.155332456,0.03208165,0.254332045,0.228450317,tsr1/srfbp1/rrs1/utp6/tsr2/riok2/rrp36/ngdn/wdr3/dcaf13/tsr3/riok1,12
BP,GO:0015711,organic anion transport,53/3139,248/18773,0.213709677,1.278105057,1.975474805,0.032283885,0.255275667,0.229297912,slc25a15a/abcc4/slc10a4/slc16a9a/slc25a32b/slc16a4/slc4a1a/oatx/slc16a12a/cptp/slc6a7/lrrc8db/slc38a7/slc25a19/slc25a4/slc6a6a/slc16a6b/slc27a6/slc2a1b/slc38a2/fabp10a/mfsd2ab/slc25a12/fabp2/slco1d1/fabp7a/slco1c1/abcb11b/fabp3/pla2g3/mpc1/slc7a6/slc52a3-2a/slc16a10/slc4a2b/crabp1a/slc16a1a/slc25a42/crabp2b/slc25a18/slc25a15b/si:ch211-106h11.1/slc6a9/slc25a17/pla2g1b/slc10a3/fabp4a/rbp1.1/slc1a3a/slc22a6l/slc38a3a/slc52a2/sfxn1,53
BP,GO:0000122,negative regulation of transcription by RNA polymerase II,49/3139,227/18773,0.215859031,1.290959409,1.976223613,0.032617448,0.25725021,0.231071519,per2/hdac1/hdac4/gata1a/sox9a/e2f7/vdrb/cbx4/nr2f6b/nr1i2/sirt2/bend3/sox10/kank2/osr1/skor1a/zbtb25/flcn/smad2/zbtb34/id3/cbx7b/id4/ldb2a/skia/ppardb/brms1/rnf2/sars1/zeb2b/thrab/nr1d4b/zbtb20/nr1h3/bcor/raraa/ehmt1b/brms1la/rargb/zbtb37/pparab/mbd3b/osr2/ncor2/gatad2b/scrt2/impact/atf4a/nr2f6a,49
CC,GO:0015629,actin cytoskeleton,68/3237,328/19331,0.207317073,1.238074248,1.950264599,0.032889501,0.22978798,0.200799058,smtnl/coro1cb/myhb/xirp2a/pdlim1/dctn5/actb2/afap1l1a/tpm1/capza1a/catip/marcksb/cgnl1/myo1g/myhz1.1l/zgc:101810/cfl2/acta2/rflnb/myh9a/capgb/tmod1/zgc:86896/zgc:153867/tnnt1/arpc3/myo5aa/avil/fblim1/si:dkey-40c11.2/limd2/parvb/myl1/ccdc102a/tnnt3b/bmf2/arpc5b/rflna/lima1a/myripb/dctn3/pdlim3b/mylz3/cnn3b/tnni2a.3/tnnc2.1/cttnbp2nlb/cfl1/pstpip1a/twf1b/specc1la/mylpfa/myo16/tpm4a/sh3pxd2aa/bin2a/actn3b/fscn1a/evlb/amotl2a/myo3a/pof1b/ttc17/pdlim5a/dbnlb/kptn/hax1/msrb1a,68
BP,GO:0006260,DNA replication,32/3139,139/18773,0.230215827,1.376821194,1.998046321,0.033576386,0.26241663,0.235712186,dbf4b/pole/e2f7/mcm2/pcna/rmi1/pold2/pole4/polq/pold1/lig1/rbbp4/dscc1/recql4/rfc3/rpa1/ssrp1b/chaf1a/supt16h/tatdn1/mcm8/rpa3/cenpx/rtel1/orc1/lig3/nfixa/mcm10/blm/mgme1/rpa2/pole3,32
BP,GO:0002183,cytoplasmic translational initiation,9/3139,28/18773,0.321428571,1.922325126,2.188447891,0.033785713,0.26241663,0.235712186,eif4a2/eif3eb/eif2s3/eif4a1a/mcts1/eif3ba/eif3c/impact/denr,9
BP,GO:0042558,pteridine-containing compound metabolic process,9/3139,28/18773,0.321428571,1.922325126,2.188447891,0.033785713,0.26241663,0.235712186,mthfd1b/pcbd1/aldh1l2/shmt1/shmt2/dhfr/sprb/mtr/aldh1l1,9
BP,GO:0051085,chaperone cofactor-dependent protein refolding,9/3139,28/18773,0.321428571,1.922325126,2.188447891,0.033785713,0.26241663,0.235712186,hsp70.3/hspe1/dnajb5/hspa5/hspa14/hspa9/hspa13/dnajb12a/st13,9
BP,GO:1902806,regulation of cell cycle G1/S phase transition,9/3139,28/18773,0.321428571,1.922325126,2.188447891,0.033785713,0.26241663,0.235712186,e2f7/ccne1/kank2/plk3/psme2/waca/rbl1/myo16/psme3,9
BP,GO:1905330,regulation of morphogenesis of an epithelium,9/3139,28/18773,0.321428571,1.922325126,2.188447891,0.033785713,0.26241663,0.235712186,rangrf/nphp4/atr/lhx1a/mia3/lurap1/pitx2/cfap20/mmp21,9
BP,GO:0008285,negative regulation of cell population proliferation,22/3139,89/18773,0.247191011,1.478342419,2.026818438,0.034372565,0.266300578,0.23920089,hdac1/sirt2/hhla2b.2/cdkn1bb/kank2/cnot7/cnmd/si:dkey-22i16.9/men1/hhla2b.1/nupr1b/dlec1/cdh2/klf4/tsc1b/akirin1/lgals9l3/cdkn1ca/zgc:123297/nf2a/dll4/zgc:153911,22
MF,GO:0052689,carboxylic ester hydrolase activity,36/3098,159/18430,0.226415094,1.34694325,1.97500424,0.03441396,0.302709199,0.275382018,lipg/pla1a/prdx6/mrpl58/si:ch211-71n6.4/abhd2a/abhd12/abhd4/plcb3/pgls/aarsd1/pla2g3/prorsd1/plcd3a/pnpla3/aadac/aars1/pafah1b3/plcd1a/plaat1l/cel.1/plch2b/pnpla2/vars1/lars1b/abhd10b/siae/ces2b/smpdl3b/pla2g1b/smpdl3a/lypla2/lipeb/iars1/napepld/notum1a,36
BP,GO:0090288,negative regulation of cellular response to growth factor stimulus,16/3139,60/18773,0.266666667,1.594817883,2.067777521,0.034526899,0.266822485,0.239669686,dusp4/nog2/il17rd/spry1/skor1a/supt5h/ldb2a/skia/inppl1a/vwc2/chrdl2/sulf2a/rargb/vwc2l/spry4/smurf2,16
BP,GO:0001755,neural crest cell migration,26/3139,109/18773,0.23853211,1.42655728,2.001262795,0.034809251,0.268328598,0.241022531,si:dkey-49n23.1/lrp5/hdac4/nrp2b/sema4ba/cxcr4a/sox10/erbb2/fn1a/si:ch211-129c21.1/disc1/zeb2b/col18a1a/sema3ga/bmp2b/sema3ab/cdh2/sema6ba/sema3bl/sh3pxd2aa/fscn1a/dmxl2/glrx2/sema7a/sema5ba/aldh1l1,26
MF,GO:0004857,enzyme inhibitor activity,49/3098,227/18430,0.215859031,1.284145235,1.936306076,0.035416601,0.30533893,0.277774349,fetub/ntd5/cdkn1d/ppp1r14aa/serpinf1/renbp/col28a1b/angptl4/ppp1r14d/anp32e/ahsg2/cst3/serpina1/serpine1/cdkn1bb/prkrip1/kng1/pi15a/anxa2a/c5/lrp11/ambp/dffa/pot1/cst14b.2/anos1a/cst14a.2/pkig/serpina10a/pak1ip1/cdkn2a/b/c3b.1/a2ml/cpamd8/si:dkey-7n6.2/itih3a.2/crim1/serpinh1b/tfpia/ppp1r1c/apoc1/tfpi2/serpinb1l1/reck/arpp19a/cdkn1ca/si:ch211-186e20.7/serpinc1/si:dkeyp-73b11.8,49
BP,GO:0045214,sarcomere organization,17/3139,65/18773,0.261538462,1.564148308,2.041513069,0.035696415,0.274477699,0.246545878,fhod3a/ttn.1/ppp2r3a/mybphb/orai1b/flncb/mybpc2b/tnnt1/myom2a/tnnt3b/smyd1b/thrab/igfn1.3/rttn/csrp1a/tfpi2/ttn.2,17
BP,GO:0045927,positive regulation of growth,8/3139,24/18773,0.333333333,1.993522353,2.182278057,0.035966842,0.275177733,0.247174674,hdac1/dnph1/cdkn2aip/si:dkey-40c11.2/dscamb/supv3l1/nsmfb/dbnlb,8
BP,GO:0050821,protein stabilization,8/3139,24/18773,0.333333333,1.993522353,2.182278057,0.035966842,0.275177733,0.247174674,gapdh/hsp90aa1.1/otud3/bag2/glmp/bag1/hypk/bag4,8
MF,GO:0140678,molecular function inhibitor activity,55/3098,259/18430,0.212355212,1.263301021,1.91824996,0.036152547,0.30533893,0.277774349,fetub/ntd5/cdkn1d/ppp1r14aa/wnk4b/serpinf1/renbp/col28a1b/angptl4/ppp1r14d/anp32e/ahsg2/cst3/serpina1/serpine1/cdkn1bb/prkrip1/kng1/pi15a/anxa2a/atp5if1a/c5/lrp11/ambp/dffa/pot1/cst14b.2/anos1a/cst14a.2/pkig/serpina10a/pak1ip1/cdkn2a/b/smad6b/c3b.1/a2ml/cpamd8/nedd4a/si:dkey-7n6.2/itih3a.2/crim1/fnip1/serpinh1b/tfpia/ppp1r1c/apoc1/tfpi2/serpinb1l1/reck/arpp19a/cdkn1ca/si:ch211-186e20.7/wfikkn2a/serpinc1/si:dkeyp-73b11.8,55
CC,GO:0000407,phagophore assembly site,8/3237,24/19331,0.333333333,1.990629183,2.177783077,0.036249747,0.232855609,0.20347969,ulk2/becn1/atg3/nbr1a/ilrun/si:ch1073-143l10.2/pik3c3/atg16l1,8
MF,GO:0140662,ATP-dependent protein folding chaperone,11/3098,37/18430,0.297297297,1.76862143,2.103677935,0.036436269,0.30533893,0.277774349,hspa4a/hspa4l/hsp70.3/hsp90aa1.1/bbs10/hspa5/hsp90b1/hspa14/hspa9/hspa13/tcp1,11
BP,GO:0007596,blood coagulation,18/3139,70/18773,0.257142857,1.537860101,2.020126608,0.036626756,0.276453062,0.248320221,thbd/si:ch211-156j16.1/pros1/kng1/fgl1/prkcbb/plg/f13a1b/habp2/fgg/fga/serpina10a/tfpia/rad51c/tfpi2/f8/serpinc1/fgb,18
BP,GO:0000054,ribosomal subunit export from nucleus,5/3139,12/18773,0.416666667,2.491902941,2.316429453,0.036764292,0.276453062,0.248320221,nup88/xpo1b/xpo1a/ran/npm1a,5
BP,GO:0016074,sno(s)RNA metabolic process,5/3139,12/18773,0.416666667,2.491902941,2.316429453,0.036764292,0.276453062,0.248320221,exosc6/larp7/exosc2/exosc4/dkc1,5
BP,GO:0033750,ribosome localization,5/3139,12/18773,0.416666667,2.491902941,2.316429453,0.036764292,0.276453062,0.248320221,nup88/xpo1b/xpo1a/ran/npm1a,5
BP,GO:0045444,fat cell differentiation,5/3139,12/18773,0.416666667,2.491902941,2.316429453,0.036764292,0.276453062,0.248320221,tmem18/mtch2/enpp1/wdfy2/aamdc,5
BP,GO:0046365,monosaccharide catabolic process,5/3139,12/18773,0.416666667,2.491902941,2.316429453,0.036764292,0.276453062,0.248320221,pfkpa/pfkma/si:dkey-224e22.2/pfkmb/gale,5
BP,GO:0070527,platelet aggregation,5/3139,12/18773,0.416666667,2.491902941,2.316429453,0.036764292,0.276453062,0.248320221,si:ch211-156j16.1/fgl1/fgg/fga/fgb,5
CC,GO:0000177,cytoplasmic exosome (RNase complex),5/3237,12/19331,0.416666667,2.488286479,2.312810851,0.036974982,0.232855609,0.20347969,exosc7/exosc6/exosc2/supv3l1/exosc4,5
CC,GO:0030894,replisome,5/3237,12/19331,0.416666667,2.488286479,2.312810851,0.036974982,0.232855609,0.20347969,pold2/pold1/rpa1/rpa3/rpa2,5
CC,GO:0043601,nuclear replisome,5/3237,12/19331,0.416666667,2.488286479,2.312810851,0.036974982,0.232855609,0.20347969,pold2/pold1/rpa1/rpa3/rpa2,5
CC,GO:0044665,MLL1/2 complex,5/3237,12/19331,0.416666667,2.488286479,2.312810851,0.036974982,0.232855609,0.20347969,ruvbl2/prpf31/rnf2/phf20b/ruvbl1,5
CC,GO:0071339,MLL1 complex,5/3237,12/19331,0.416666667,2.488286479,2.312810851,0.036974982,0.232855609,0.20347969,ruvbl2/prpf31/rnf2/phf20b/ruvbl1,5
MF,GO:0015035,protein-disulfide reductase activity,8/3098,24/18430,0.333333333,1.982999785,2.166065181,0.036995167,0.30533893,0.277774349,txnb/dnajc10/chchd4a/txnl1/ifi30a/nxnl2/qsox2/nxn,8
BP,GO:0009799,specification of symmetry,69/3139,336/18773,0.205357143,1.228152164,1.890884405,0.037152079,0.27800629,0.249715387,fsta/mgaa/atoh8/hdac1/tbx2b/ikzf5/rangrf/nipblb/znf703/nme3/catip/vdrb/ppp2r3a/bnip3lb/apex1/ttc36/smyd4/sesn1/daw1/nphp4/ep300b/hace1/smo/yap1/atr/atp2a2b/fabp3/foxn4/bmp1a/fn1a/bmpr1aa/spaw/aplnrb/ift57/nek8/skia/kif7/nkd1/adcy2a/tbx16/man1a2/nomo/map2k4a/cnpy1/aida/bmp2b/mia3/cfl1/ttc4/cemip2/pacrg/rfx3/nudc/atp2a2a/klf8/numbl/dhfr/pitx2/rargb/vgll4l/cfap20/ttc17/tcf7l2/mbd3b/robo3/megf8/bbs4/mmp21/apobec2a,69
BP,GO:0009855,determination of bilateral symmetry,69/3139,336/18773,0.205357143,1.228152164,1.890884405,0.037152079,0.27800629,0.249715387,fsta/mgaa/atoh8/hdac1/tbx2b/ikzf5/rangrf/nipblb/znf703/nme3/catip/vdrb/ppp2r3a/bnip3lb/apex1/ttc36/smyd4/sesn1/daw1/nphp4/ep300b/hace1/smo/yap1/atr/atp2a2b/fabp3/foxn4/bmp1a/fn1a/bmpr1aa/spaw/aplnrb/ift57/nek8/skia/kif7/nkd1/adcy2a/tbx16/man1a2/nomo/map2k4a/cnpy1/aida/bmp2b/mia3/cfl1/ttc4/cemip2/pacrg/rfx3/nudc/atp2a2a/klf8/numbl/dhfr/pitx2/rargb/vgll4l/cfap20/ttc17/tcf7l2/mbd3b/robo3/megf8/bbs4/mmp21/apobec2a,69
CC,GO:1990351,transporter complex,88/3237,439/19331,0.200455581,1.197098188,1.873402955,0.037484711,0.232855609,0.20347969,tcirg1a/abcc4/hcn2b/cox4i2/clic5b/cyc1/kcnf1a/trpc5a/uqcrq/lrrc8db/ndufb10/kcna2b/stac3/atp5mea/abcb8/ndufab1b/pex12/hcn5/ccdc115/trpc4b/pex14/chrnb3a/timm13/atp5pd/clic1/ndufc2/ttyh1/ndufa8/uqcrh/cachd1/cox8a/ndufv1/atp5f1b/smdt1b/ndufb5/ndufb8/atp5fa1/atp5meb/grik5/atp5f1d/kcnj19b/cox5aa/kcng3/ndufb11/scn4ab/grin1a/si:ch211-106h11.1/kcnj8/cacna1ia/ndufs2/trpc2b/gabrr3a/kcnh5b/atp5pf/ndufs5/atp5f1c/cox6b2/uqcrb/chrna11/ndufb7/ndufs3/cox4i1/vwc2/atp1b1b/cox6a2/ndufv3/atp6v1h/cacna1ha/micu3a/ndufs8a/atp6v0cb/scn8aa/ndufa10/micu1/vwc2l/trpc6a/kcnj5/cox6a1/ttyh2l/cacna1ba/atp6v0e1/cngb3.1/atp5md/gabrg1/atp5mc3b/atp5mf/gabra2a/ndufv2,88
BP,GO:0060828,regulation of canonical Wnt signaling pathway,30/3139,130/18773,0.230769231,1.38013086,1.948779854,0.037528781,0.280141849,0.251633624,fam53b/dact3a/adgra2/nipblb/znf703/cdkn2aip/csnk1e/ppp2r3a/rspo3/lepr/tmem198aa/nkd2b/nkd2a/nphp4/tle3b/nkd1/lgr4/gsk3aa/otud5b/lzts2a/tle2b/btk/fzd5/dmxl2/reck/rnf146/rspo4/notum1a/daam2/tnksa,30
MF,GO:0008296,3'-5'-DNA exonuclease activity,5/3098,12/18430,0.416666667,2.478749731,2.303330475,0.03753119,0.30533893,0.277774349,pole/apex1/pold1/tatdn1/apex2,5
MF,GO:0070530,K63-linked polyubiquitin modification-dependent protein binding,5/3098,12/18430,0.416666667,2.478749731,2.303330475,0.03753119,0.30533893,0.277774349,tab2/tnip2/zranb1b/ikbkg/rnf169,5
MF,GO:0097153,cysteine-type endopeptidase activity involved in apoptotic process,5/3098,12/18430,0.416666667,2.478749731,2.303330475,0.03753119,0.30533893,0.277774349,casp8/casp6a/casp7/casp20/casp2,5
BP,GO:0032507,maintenance of protein location in cell,7/3139,20/18773,0.35,2.093198471,2.191767654,0.037644647,0.280324703,0.251797871,tmsb/kdelr3/kdelr2a/ankrd13c/insig1/twf1b/vps13a,7
BP,GO:0009166,nucleotide catabolic process,20/3139,80/18773,0.25,1.495141765,1.988615992,0.037896056,0.280833576,0.252254959,pfkpa/hk2/pfkma/eno2/nudt17/gapdh/hk1/adpgk/tigarb/tpi1a/hint1/prkag3b/fhit/pfkmb/dctpp1/gpia/pkmb/gapdhs/bpgm/nudt15,20
BP,GO:0015718,monocarboxylic acid transport,20/3139,80/18773,0.25,1.495141765,1.988615992,0.037896056,0.280833576,0.252254959,abcc4/slc10a4/slc16a12a/slc27a6/fabp10a/mfsd2ab/fabp2/slco1d1/fabp7a/abcb11b/fabp3/pla2g3/mpc1/crabp1a/slc16a1a/crabp2b/pla2g1b/slc10a3/fabp4a/rbp1.1,20
CC,GO:0005732,sno(s)RNA-containing ribonucleoprotein complex,7/3237,20/19331,0.35,2.090160643,2.187552039,0.037914527,0.232855609,0.20347969,nop10/mphosph10/rpp38/pop7/pop5/nop58/dkc1,7
CC,GO:0045277,respiratory chain complex IV,7/3237,20/19331,0.35,2.090160643,2.187552039,0.037914527,0.232855609,0.20347969,cox4i2/cox8a/cox5aa/cox6b2/cox4i1/cox6a2/cox6a1,7
BP,GO:0006613,cotranslational protein targeting to membrane,6/3139,16/18773,0.375,2.242712647,2.228255038,0.038265559,0.28109225,0.252487309,srp9/ssr3/tram2/sec61a1a/srp14/sec61b,6
BP,GO:0030330,"DNA damage response, signal transduction by p53 class mediator",6/3139,16/18773,0.375,2.242712647,2.228255038,0.038265559,0.28109225,0.252487309,e2f7/yju2/eef1e1/cd74b/tp53/scrt2,6
BP,GO:0006635,fatty acid beta-oxidation,12/3139,42/18773,0.285714286,1.708733446,2.060359327,0.038297445,0.28109225,0.252487309,echs1/hsd17b4/acadm/acad11/hadhb/hadhab/zgc:85777/acadl/ech1/acads/echdc2/tysnd1,12
BP,GO:0009156,ribonucleoside monophosphate biosynthetic process,12/3139,42/18773,0.285714286,1.708733446,2.060359327,0.038297445,0.28109225,0.252487309,umps/cad/adssl/adkb/uck2b/adsl/dhodh/rfk/ampd3a/adka/pfas/adss1,12
BP,GO:0048545,response to steroid hormone,15/3139,56/18773,0.267857143,1.601937605,2.02135804,0.038426293,0.281310394,0.252683254,hamp/spata18/jun/bcl3/pgr/abhd2a/kank2/nr3c2/esr2a/junbb/strn3/nr3c1/cnot9/esrrga/esrra,15
BP,GO:0032922,circadian regulation of gene expression,10/3139,33/18773,0.303030303,1.812293048,2.0926702,0.038510549,0.281310394,0.252683254,bhlhe40/nfil3-5/per2/ciarta/nfil3-6/cry1a/cry1b/nr1d2a/npas2/cry2,10
CC,GO:0000178,exosome (RNase complex),6/3237,16/19331,0.375,2.239457831,2.224332304,0.038512725,0.232855609,0.20347969,c1d/exosc7/exosc6/exosc2/supv3l1/exosc4,6
CC,GO:0015030,Cajal body,6/3237,16/19331,0.375,2.239457831,2.224332304,0.038512725,0.232855609,0.20347969,toe1/prpf31/zgc:86811/smndc1/vrk1/dkc1,6
MF,GO:0004407,histone deacetylase activity,7/3098,20/18430,0.35,2.082149774,2.176545063,0.03862608,0.30533893,0.277774349,hdac1/hdac4/sirt2/smyd4/sirt5/si:dkey-103i16.6/sirt3,7
MF,GO:0030515,snoRNA binding,7/3098,20/18430,0.35,2.082149774,2.176545063,0.03862608,0.30533893,0.277774349,tsr1/imp3/nop10/utp6/wdr3/si:ch211-154o6.3/nop58,7
MF,GO:0070003,threonine-type peptidase activity,7/3098,20/18430,0.35,2.082149774,2.176545063,0.03862608,0.30533893,0.277774349,psmb9a/ggt1a/psmb10/psmb13a/psmb8a/psmb12/asrgl1,7
CC,GO:0030120,vesicle coat,15/3237,56/19331,0.267857143,1.599612737,2.015222241,0.038870304,0.232855609,0.20347969,copb2/sec23b/ap1s3b/sec13/cope/copg2/ap2s1/ap1g2/sec24d/sec23a/sar1ab/mycbpap/synrg/necap1/copz1,15
BP,GO:0061371,determination of heart left/right asymmetry,47/3139,219/18773,0.214611872,1.283500693,1.890920557,0.039084669,0.284609752,0.255646857,mgaa/atoh8/tbx2b/rangrf/nipblb/catip/vdrb/ppp2r3a/bnip3lb/apex1/ttc36/smyd4/daw1/nphp4/ep300b/hace1/smo/yap1/atr/atp2a2b/fabp3/foxn4/fn1a/bmpr1aa/spaw/aplnrb/nek8/skia/nkd1/adcy2a/tbx16/man1a2/mia3/cfl1/ttc4/cemip2/nudc/atp2a2a/dhfr/rargb/vgll4l/cfap20/ttc17/mbd3b/bbs4/mmp21/apobec2a,47
CC,GO:0016607,nuclear speck,22/3237,90/19331,0.244444444,1.459794734,1.96077024,0.039105522,0.232855609,0.20347969,atoh8/rbm4.1/cdk12/pqbp1/srsf1b/apex1/srsf1a/prpf31/pspc1/eif4a3/dazap2/magoh/slu7/srsf3b/srsf2a/inppl1a/smndc1/setd1ba/zmp:0000001236/thoc7/poldip3/abitram,22
MF,GO:0004806,triacylglycerol lipase activity,6/3098,16/18430,0.375,2.230874758,2.214073194,0.039164808,0.30533893,0.277774349,lipg/abhd2a/pnpla3/cel.1/pnpla2/lipeb,6
MF,GO:0004869,cysteine-type endopeptidase inhibitor activity,6/3098,16/18430,0.375,2.230874758,2.214073194,0.039164808,0.30533893,0.277774349,fetub/ahsg2/cst3/kng1/cst14b.2/cst14a.2,6
MF,GO:0045125,bioactive lipid receptor activity,6/3098,16/18430,0.375,2.230874758,2.214073194,0.039164808,0.30533893,0.277774349,lpar6a/lpar4/s1pr4/s1pr1/lpar2b/s1pr5a,6
BP,GO:0006401,RNA catabolic process,39/3139,177/18773,0.220338983,1.317752064,1.903185505,0.039240523,0.284609752,0.255646857,syncripl/polr2g/lsm7/zfp36l2/rida/etf1b/exosc7/gli2a/angel2/lsm1/exosc6/exosc2/mov10b.2/mov10b.1/edc3/fastk/ncbp2/cnot7/rnaseh2c/eif4a3/magoh/mrto4/supv3l1/smg6/pan3/igf2bp2a/pabpn1l/cnot9/skic8/xrn1/xrn2/cnot6l/exosc4/lsm4/pum2/tbrg4/igf2bp1/ythdf1/larp1b,39
BP,GO:0048701,embryonic cranial skeleton morphogenesis,39/3139,177/18773,0.220338983,1.317752064,1.903185505,0.039240523,0.284609752,0.255646857,fsta/edn1/xylt1/lrp5/hdac4/nipblb/gnptab/vdrb/cxcr4a/scfd1/pmm2/sec23b/prdm16/plcb3/gfpt1/leo1/ep300b/smo/wnt9a/fn1a/fam20b/cnbpa/disc1/rnf2/polr1d/fras1/sec24d/bmp2b/mkxa/mia3/nr1h3/sec23a/nr3c1/pkdccb/ilvbl/pitx2/fscn1a/vgll4l/aldh1l1,39
BP,GO:0060562,epithelial tube morphogenesis,56/3139,267/18773,0.209737828,1.254351144,1.875637569,0.039346668,0.28470655,0.255733805,fsta/mgaa/atoh8/tbx2b/rangrf/gla/nipblb/sox9a/vdrb/ppp2r3a/bnip3lb/zic5/apex1/sox10/smyd4/pcdh19/trim32/nphp4/ep300b/ift56/hace1/smo/atr/bmper/fabp3/foxn4/fn1a/bmpr1aa/spaw/lhx1a/nek8/skia/nkd1/sars1/tbx16/bmp2b/nin/marcksl1b/sema3ab/mia3/cdh2/cemip2/msx3/tars1/atp2a2a/hs6st2/dhfr/sparc/cfap20/msna/stx16/eya1/bbs4/mmp21/apobec2a/dll4,56
MF,GO:0003746,translation elongation factor activity,12/3098,42/18430,0.285714286,1.699714101,2.040657926,0.039699013,0.30533893,0.277774349,tsfm/eef2k/eef1b2/gtpbp1l/supt5h/eef1da/eef2b/eef1e1/eif5a/eefsec/gfm1/supt6h,12
MF,GO:0015036,disulfide oxidoreductase activity,10/3098,33/18430,0.303030303,1.802727077,2.074643906,0.039768205,0.30533893,0.277774349,txnb/dnajc10/gsto1/chchd4a/txnl1/ifi30a/nxnl2/qsox2/glrx2/nxn,10
BP,GO:0090263,positive regulation of canonical Wnt signaling pathway,13/3139,47/18773,0.276595745,1.654199399,2.012113326,0.040796058,0.294499544,0.264530229,fam53b/adgra2/cdkn2aip/csnk1e/rspo3/tmem198aa/lgr4/dmxl2/reck/rnf146/rspo4/daam2/tnksa,13
BP,GO:0008286,insulin receptor signaling pathway,9/3139,29/18773,0.310344828,1.856038053,2.067172927,0.041945422,0.302085812,0.271344492,tns2a/pik3r3b/irs2b/tsc2/gsk3aa/grb10b/pik3r1/socs7/igf2b,9
BP,GO:0009895,negative regulation of catabolic process,19/3139,76/18773,0.25,1.495141765,1.938055766,0.042258821,0.303221166,0.272364308,edn1/prmt6/cptp/syncripl/sirt2/rubcn/gli2a/angel2/tigarb/bmf2/dap1b/usp14/fhit/igf2bp2a/rragd/apoc1/dap/igf2bp1/larp1b,19
BP,GO:0008630,intrinsic apoptotic signaling pathway in response to DNA damage,11/3139,38/18773,0.289473684,1.73121678,2.021747784,0.042300736,0.303221166,0.272364308,prkdc/mcl1b/atr/si:dkey-74k8.3/cd74b/si:dkey-9i23.15/hipk2/tp53/pin1/casp2/scrt2,11
BP,GO:0031647,regulation of protein stability,14/3139,52/18773,0.269230769,1.61015267,1.974201797,0.042791609,0.306024839,0.274882669,gapdh/hsp90aa1.1/otud3/bag2/usp1/usp19/glmp/bag1/hypk/usp47/bag4/tp53/usp12a/ddrgk1,14
BP,GO:0046486,glycerolipid metabolic process,49/3139,231/18773,0.212121212,1.268605134,1.840593515,0.04297355,0.306611285,0.275409436,lipg/gpcpd1/ip6k2a/mogat3b/abhd2a/pip4p1b/abhd12/apobb.1/ip6k1/lpin1a/abhd4/plcb3/pip4p2/pip5k1bb/dpm1/cetp/bpnt2/pnpla3/tamm41/dpm2/zgc:172295/ptdss1a/pigb/agk/lpin2/plcd1a/plaat1l/pnpla2/mboat7/inppl1a/mboat2a/pik3c3/pla2g1b/acp6/pigl/chka/gpat2/si:dkey-172j4.3/ttc7a/apoc1/impa1/lipeb/napepld/zgc:77375/pcyt1ba/pgap2/notum1a/mtmr1b/bpnt1,49
BP,GO:0010506,regulation of autophagy,23/3139,96/18773,0.239583333,1.432844191,1.905151547,0.043099353,0.306795392,0.275574808,ulk2/cptp/ulk1a/cisd2/sirt2/rubcn/sesn1/tbc1d25/trim32/becn1/mtmr14/bmf2/fyco1a/waca/dap1b/mtcl3a/gsk3aa/lars1b/rragd/washc4/dap/gfap/ddrgk1,23
MF,GO:0030414,peptidase inhibitor activity,31/3098,136/18430,0.227941176,1.356021912,1.873199491,0.043267602,0.329415527,0.299677422,fetub/ntd5/serpinf1/renbp/col28a1b/ahsg2/cst3/serpina1/serpine1/kng1/pi15a/c5/lrp11/ambp/cst14b.2/anos1a/cst14a.2/serpina10a/c3b.1/a2ml/cpamd8/itih3a.2/crim1/serpinh1b/tfpia/tfpi2/serpinb1l1/reck/si:ch211-186e20.7/serpinc1/si:dkeyp-73b11.8,31
BP,GO:0030902,hindbrain development,32/3139,142/18773,0.225352113,1.347733422,1.863753192,0.043830943,0.311280866,0.279603825,hdac1/znf703/cfdp1/notch1b/gli1/pknox1.1/ascl1b/znf503/smo/neflb/tcf7l1b/lhx1a/disc1/crabp2b/notch3/clpb/bmp2b/efnb2a/cdh2/efnb3b/clp1/olig2/klf8/atg4da/raraa/fgfrl1a/zic4/atp13a2/spry4/snx14/rest/znhit3,32
BP,GO:0005975,carbohydrate metabolic process,71/3139,350/18773,0.202857143,1.213200746,1.804091015,0.04417657,0.313010893,0.281157798,ppp1r3cb/st6galnac5a/pfkpa/pask/hk2/si:ch211-152c8.5/gla/gnptab/pfkma/hyal1/treh/gdpgp1/eno2/renbp/gapdh/pmm2/gnpda1/pgd/pth1r/hyal4/g6pc1a.2/edem2/pgls/hk1/chst2b/man2a2/adpgk/pygma/gpd1l/si:ch211-269c21.2/fggy/lancl2/mogs/tigarb/foxo1a/si:dkey-224e22.2/atg3/zgc:172295/tpi1a/pofut2/pdhb/fbp1a/prkag3b/pomk/khk/mgat2/st8sia6/pfkmb/man1a2/tkfc/pdk2a/gpia/amy2a/pkmb/siae/gapdhs/si:ch211-167b20.8/gpd1c/bpgm/casd1/pgm5/pfkfb2b/phka2/gaa2/arpp19a/gale/hyal2a/fuom/slc3a1/idh1/mpdu1b,71
BP,GO:0170036,import into the mitochondrion,12/3139,43/18773,0.279069767,1.668995458,1.967906161,0.045312955,0.320322915,0.287725723,slc25a32b/timm50/tomm40/dnajc15/slc25a33/smdt1b/pam16/grpel1/vdac2/micu3a/micu1/sfxn1,12
CC,GO:0032040,small-subunit processome,12/3237,43/19331,0.279069767,1.66657327,1.962428315,0.045758819,0.269411472,0.235423846,imp3/fcf1/mphosph10/utp6/emg1/ngdn/wdr75/noc4l/wdr3/dcaf13/nop14/nop58,12
BP,GO:1901136,carbohydrate derivative catabolic process,34/3139,153/18773,0.222222222,1.329014902,1.830995694,0.046230838,0.326060254,0.29287921,pfkpa/hk2/zgc:103586/gla/pfkma/hyal1/eno2/renbp/gapdh/gnpda1/hyal4/edem2/hk1/adpgk/gpd1l/tigarb/tpi1a/hint1/prkag3b/fbxo6.3/pfkmb/dctpp1/gpia/pkmb/gapdhs/cemip2/gpd1c/bpgm/gm2a/hoga1/cdab/hyal2a/ngly1/nudt15,34
BP,GO:0030177,positive regulation of Wnt signaling pathway,17/3139,67/18773,0.253731343,1.517457314,1.901241751,0.04649976,0.327204736,0.293907225,fam53b/adgra2/cdkn2aip/csnk1e/rspo3/tmem198aa/nphp4/nlk1/lgr4/zranb1b/sulf2a/dmxl2/reck/rnf146/rspo4/daam2/tnksa,17
BP,GO:0009066,aspartate family amino acid metabolic process,10/3139,34/18773,0.294117647,1.758990312,1.984807361,0.046652912,0.327531201,0.294200468,got2a/zgc:172121/bhmt/dlst/adi1/tha1/gcat/mtr/got1/asrgl1,10
BP,GO:0006195,purine nucleotide catabolic process,18/3139,72/18773,0.25,1.495141765,1.886163213,0.047165214,0.329619308,0.296076082,pfkpa/hk2/pfkma/eno2/nudt17/gapdh/hk1/adpgk/tigarb/tpi1a/hint1/prkag3b/pfkmb/gpia/pkmb/gapdhs/bpgm/nudt15,18
BP,GO:0032006,regulation of TOR signaling,18/3139,72/18773,0.25,1.495141765,1.886163213,0.047165214,0.329619308,0.296076082,sesn1/ddit4/mios/tnfaip8l1/wdr59/flcn/ift57/waca/sec13/tsc2/tbc1d7/gsk3aa/lamtor5/otud5b/rragd/tsc1b/kptn/klhl22,18
BP,GO:0141188,nucleic acid catabolic process,41/3139,190/18773,0.215789474,1.290543418,1.803623168,0.047372802,0.330317626,0.296703337,syncripl/polr2g/lsm7/zfp36l2/rida/etf1b/exosc7/gli2a/angel2/lsm1/exosc6/exosc2/mov10b.2/mov10b.1/edc3/dffa/fastk/ncbp2/cnot7/rnaseh2c/dnase2/eif4a3/magoh/mrto4/supv3l1/smg6/pan3/igf2bp2a/pabpn1l/cnot9/skic8/xrn1/xrn2/cnot6l/exosc4/lsm4/pum2/tbrg4/igf2bp1/ythdf1/larp1b,41
BP,GO:0019395,fatty acid oxidation,13/3139,48/18773,0.270833333,1.619736912,1.926340015,0.047682466,0.330965774,0.297285526,echs1/hsd17b4/acadm/acad11/hadhb/hadhab/zgc:85777/acadl/ech1/ilvbl/acads/echdc2/tysnd1,13
BP,GO:0007368,determination of left/right symmetry,63/3139,308/18773,0.204545455,1.223297808,1.77052082,0.047849519,0.330965774,0.297285526,mgaa/atoh8/tbx2b/ikzf5/rangrf/nipblb/znf703/nme3/catip/vdrb/ppp2r3a/bnip3lb/apex1/ttc36/smyd4/sesn1/daw1/nphp4/ep300b/hace1/smo/yap1/atr/atp2a2b/fabp3/foxn4/fn1a/bmpr1aa/spaw/aplnrb/ift57/nek8/skia/kif7/nkd1/adcy2a/tbx16/man1a2/nomo/cnpy1/bmp2b/mia3/cfl1/ttc4/cemip2/pacrg/rfx3/nudc/atp2a2a/klf8/numbl/dhfr/pitx2/rargb/vgll4l/cfap20/ttc17/tcf7l2/mbd3b/megf8/bbs4/mmp21/apobec2a,63
BP,GO:0031101,fin regeneration,22/3139,92/18773,0.239130435,1.430135601,1.853169397,0.04799178,0.330965774,0.297285526,ccn1/tubb5/fam53b/hdac1/lrp5/ttk/scfd1/notch1b/col1a1a/yap1/erbb2/rbbp4/vdac3/lfng/junbb/vdac2/lmo2/hspa9/dspb/serpinh1b/igf2b/igf1ra,22
BP,GO:0045765,regulation of angiogenesis,21/3139,87/18773,0.24137931,1.443585152,1.858208027,0.04800514,0.330965774,0.297285526,thbs1b/per2/rin2a/tie1/serpinf1/tspan12/sirt2/serpine1/nme2b.1/bmper/s1pr1/aplnrb/cnmd/sars1/cemip2/tars1/ube3d/tp53/reck/iars1/dll4,21
BP,GO:0060218,hematopoietic stem cell differentiation,21/3139,87/18773,0.24137931,1.443585152,1.858208027,0.04800514,0.330965774,0.297285526,hdac1/mettl22/sf3a3/notch1b/prdm16/jag2b/supt5h/wnt9a/tgfbr2b/nos1/adora2b/cdca7a/tbx16/nop14/epas1b/tgfb1a/nr3c1/crhb/ak2/ncor2/tnfrsf1b,21
MF,GO:0030215,semaphorin receptor binding,10/3098,34/18430,0.294117647,1.749705692,1.966802506,0.048136406,0.360426315,0.327888701,si:dkey-49n23.1/sema4ba/si:ch211-129c21.1/sema3ga/sema3ab/sema4d/sema6ba/sema3bl/sema7a/sema5ba,10
MF,GO:0031593,polyubiquitin modification-dependent protein binding,10/3098,34/18430,0.294117647,1.749705692,1.966802506,0.048136406,0.360426315,0.327888701,tab2/mpnd/babam2/tnip2/ufd1l/zranb1b/ikbkg/brcc3/psmd4a/rnf169,10
BP,GO:0050767,regulation of neurogenesis,31/3139,138/18773,0.224637681,1.343460716,1.814545208,0.048442513,0.331085561,0.297393124,bhlhe40/ulk2/hdac1/serpinf1/zic5/sirt2/sox10/gli1/ascl1b/gli2a/her8.2/nlk1/si:dkey-40c11.2/her4.3/dscamb/notch3/ctbp2a/nsmfb/tenm4/dhrs12la/lgals2a/olig2/numbl/slit3/dbnlb/metrn/bcan/dct/nf2a/heyl/daam2,31
BP,GO:0010507,negative regulation of autophagy,7/3139,21/18773,0.333333333,1.993522353,2.041170907,0.048562093,0.331085561,0.297393124,cptp/sirt2/rubcn/bmf2/dap1b/rragd/dap,7
BP,GO:0010965,regulation of mitotic sister chromatid separation,7/3139,21/18773,0.333333333,1.993522353,2.041170907,0.048562093,0.331085561,0.297393124,ttk/zw10/anapc11/spdl1/mad2l1/ndc80/anapc5,7
BP,GO:0021695,cerebellar cortex development,7/3139,21/18773,0.333333333,1.993522353,2.041170907,0.048562093,0.331085561,0.297393124,cfdp1/lhx1a/disc1/clp1/klf8/atg4da/snx14,7
BP,GO:0038092,nodal signaling pathway,7/3139,21/18773,0.333333333,1.993522353,2.041170907,0.048562093,0.331085561,0.297393124,osr1/smad2/aplnrb/ldb2a/nomo/net1/fscn1a,7
MF,GO:0016667,"oxidoreductase activity, acting on a sulfur group of donors",13/3098,48/18430,0.270833333,1.611187325,1.905858983,0.049457059,0.36429346,0.331406738,txnb/dnajc10/gsto1/chchd4a/msrab/txnl1/ifi30a/nxnl2/qsox2/glrx2/nxn/dldh/msrb1a,13
MF,GO:0031072,heat shock protein binding,13/3098,48/18430,0.270833333,1.611187325,1.905858983,0.049457059,0.36429346,0.331406738,hsp70.3/dnajc9/ptges3a/dnajc2/hspa5/hspa14/dnaja1/ttc4/pacrg/hspa9/hspa13/dnajb12a/st13,13
