ONTOLOGY,ID,Description,GeneRatio,BgRatio,RichFactor,FoldEnrichment,zScore,pvalue,p.adjust,qvalue,geneID,Count
BP,GO:0044282,small molecule catabolic process,73/2545,218/18773,0.334862385,2.470087057,8.645845848,3.66E-14,1.10E-10,9.76E-11,glud1b/cyp46a1.5/zgc:92040/aldh6a1/qdpra/tha1/abhd3/cpt1b/kmo/ido1/adh8a/eci1/acadl/asrgl1/hacl1/hoga1/pck1/cpt1ab/aldh4a1/hadhab/sardh/fah/phyh/hgd/prodha/cpt2/crot/urad/acad11/acaa1/gstz1/pah/nos1/hadh/oxct1a/zgc:103586/esd/gcat/kynu/cyp24a1/bckdhb/etfb/amdhd1/bckdha/abcd1/cyp46a1.1/acot7/cyp7a1/cdab/acaa2/got2a/dctd/gls2a/decr2/glb1l/lpin1a/acads/zgc:162816/cdadc1/ech1/decr1/echdc2/aldh1l2/abhd2a/echs1/tpi1b/ftcd/arg1/gcshb/ddo/thnsl2/tkfc/zgc:172295,73
BP,GO:0016054,organic acid catabolic process,57/2545,165/18773,0.345454545,2.548219325,7.910269391,5.42E-12,5.46E-09,4.82E-09,glud1b/zgc:92040/aldh6a1/qdpra/tha1/abhd3/cpt1b/kmo/ido1/eci1/acadl/asrgl1/hacl1/hoga1/pck1/cpt1ab/aldh4a1/hadhab/sardh/fah/phyh/hgd/prodha/cpt2/crot/acad11/acaa1/gstz1/pah/nos1/hadh/gcat/kynu/bckdhb/etfb/amdhd1/bckdha/abcd1/acot7/acaa2/got2a/gls2a/decr2/lpin1a/acads/zgc:162816/ech1/decr1/echdc2/aldh1l2/abhd2a/echs1/ftcd/arg1/gcshb/ddo/thnsl2,57
BP,GO:0046395,carboxylic acid catabolic process,57/2545,165/18773,0.345454545,2.548219325,7.910269391,5.42E-12,5.46E-09,4.82E-09,glud1b/zgc:92040/aldh6a1/qdpra/tha1/abhd3/cpt1b/kmo/ido1/eci1/acadl/asrgl1/hacl1/hoga1/pck1/cpt1ab/aldh4a1/hadhab/sardh/fah/phyh/hgd/prodha/cpt2/crot/acad11/acaa1/gstz1/pah/nos1/hadh/gcat/kynu/bckdhb/etfb/amdhd1/bckdha/abcd1/acot7/acaa2/got2a/gls2a/decr2/lpin1a/acads/zgc:162816/ech1/decr1/echdc2/aldh1l2/abhd2a/echs1/ftcd/arg1/gcshb/ddo/thnsl2,57
BP,GO:0032787,monocarboxylic acid metabolic process,88/2545,319/18773,0.275862069,2.034875686,7.382525121,2.17E-11,1.64E-08,1.45E-08,agxtb/gck/prkag2b/slc27a2a/abhd3/fasn2/lipg/cpt1b/aclya/kmo/eci1/acadl/hacl1/asah1b/hoga1/pck1/cpt1ab/elovl6/pdk2a/fgfr4/gamt/hadhab/elovl8b/fah/hkdc1/acsl3b/phyh/acsf2/gapdh/pdk4/slc38a9/ptgr2/cpt2/crot/ldhba/amacr/zgc:56585/zgc:113054/kdm1a/acad11/acaa1/hadh/me1/kynu/hsd17b10/etfb/amdhd1/mmut/abcd1/aldob/acot7/cyp7a1/acaa2/cryl1/olah/idh1/acot20/zgc:152891/hk2/dcaf5/dagla/decr2/lpin1a/acacb/mlycd/mpc1/acads/acot11a/eno1a/pdk1/ech1/hpgd/fasn/ccdc57/decr1/echdc2/slc7a3a/ptges/pdhb/abhd2a/echs1/tpi1b/fads2/ftcd/thnsl2/peds1/pklr/me2,88
BP,GO:0016042,lipid catabolic process,62/2545,198/18773,0.313131313,2.309789447,7.337301029,7.57E-11,4.57E-08,4.04E-08,cyp46a1.5/prdx6/abhd3/lipg/cpt1b/eci1/acadl/abhd12/hacl1/asah1b/pck1/cpt1ab/plce1/hadhab/plcxd3/phyh/cpt2/crot/plcg1/acad11/acaa1/hadh/rab7a/oxct1a/hexa/bco2l/plpp6/cyp24a1/etfb/pld1a/abcd1/cyp46a1.1/hsd17b14/plcb1/neu1/acot7/fitm2/cyp7a1/acaa2/enpp6/zgc:195173/plcb3/abhd6a/dagla/si:ch1073-406l10.2/decr2/cel.1/lpin1a/plch1/acads/pla2g12a/ech1/decr1/echdc2/gdpd1/abhd2a/echs1/smpd1/pnpla3/pla1a/pla2g4f.1/bco1l,62
BP,GO:0007059,chromosome segregation,59/2545,189/18773,0.312169312,2.302693319,7.12804046,2.48E-10,1.14E-07,1.01E-07,mapre2/kif11/ccnb1/ttll11/mki67/top2a/smc2/aurkb/ndel1b/prc1b/mad2l1/espl1/cdca8/dlgap5/nusap1/ttk/ncapg/knl1/kif4/ncaph/cenpi/clasp1a/bub1bb/birc6/ndc80/si:dkey-6i22.5/nuf2/spc24/birc5a/ncapd3/spc25/pttg1/cenph/tlk1b/mapre3b/kif23/kntc1/si:dkey-25o16.4/ska3/mos/zw10/kif2c/kif18a/tubgcp5/haus5/racgap1/anapc15/zwilch/map9/smc4/incenp/anapc5/knstrn/ncapd2/cep63/cenpk/ska1/haus1/si:ch211-161h7.4,59
BP,GO:0000070,mitotic sister chromatid segregation,33/2545,77/18773,0.428571429,3.161324726,7.525887144,2.65E-10,1.14E-07,1.01E-07,kif11/ccnb1/smc2/aurkb/prc1b/mad2l1/cdca8/nusap1/ttk/ncapg/ncaph/cenpi/clasp1a/bub1bb/ndc80/nuf2/ncapd3/kif23/kntc1/ska3/zw10/kif18a/racgap1/anapc15/zwilch/map9/smc4/anapc5/knstrn/ncapd2/cenpk/ska1/si:ch211-161h7.4,33
CC,GO:0000779,"condensed chromosome, centromeric region",31/2610,70/19331,0.442857143,3.280027367,7.550135077,3.06E-10,1.50E-07,1.37E-07,plk1/aurkb/firrm/ndel1b/mad2l1/spout1/cfdp1/ttk/cenpi/clasp1a/ndc80/si:dkey-6i22.5/nuf2/spc24/ncapd3/spc25/cenph/ckap5/kntc1/ska3/zw10/kif2c/gpatch11/ppp1cc/zwilch/ercc6l/incenp/knstrn/ncapd2/ska1/si:ch211-161h7.4,31
BP,GO:0000819,sister chromatid segregation,35/2545,86/18773,0.406976744,3.00203317,7.369149515,4.29E-10,1.62E-07,1.43E-07,kif11/ccnb1/top2a/smc2/aurkb/prc1b/mad2l1/cdca8/nusap1/ttk/ncapg/ncaph/cenpi/clasp1a/bub1bb/ndc80/nuf2/ncapd3/kif23/kntc1/ska3/mos/zw10/kif18a/racgap1/anapc15/zwilch/map9/smc4/anapc5/knstrn/ncapd2/cenpk/ska1/si:ch211-161h7.4,35
BP,GO:0006631,fatty acid metabolic process,61/2545,208/18773,0.293269231,2.163278298,6.680892495,1.96E-09,6.57E-07,5.81E-07,prkag2b/slc27a2a/abhd3/fasn2/lipg/cpt1b/aclya/eci1/acadl/hacl1/asah1b/pck1/cpt1ab/elovl6/pdk2a/hadhab/elovl8b/acsl3b/phyh/acsf2/pdk4/ptgr2/cpt2/crot/zgc:56585/zgc:113054/acad11/acaa1/hadh/hsd17b10/etfb/mmut/abcd1/acot7/acaa2/cryl1/olah/acot20/zgc:152891/dcaf5/dagla/decr2/lpin1a/acacb/mlycd/acads/acot11a/pdk1/ech1/hpgd/fasn/ccdc57/decr1/echdc2/slc7a3a/ptges/abhd2a/echs1/fads2/thnsl2/peds1,61
CC,GO:0000793,condensed chromosome,37/2610,99/19331,0.373737374,2.76809087,6.968110211,2.11E-09,5.17E-07,4.72E-07,smc2/plk1/aurkb/firrm/ndel1b/mad2l1/spout1/cfdp1/ttk/ncapg/cenpi/rad50/clasp1a/ndc80/si:dkey-6i22.5/nuf2/spc24/ncapd3/spc25/cenph/ckap5/kntc1/ska3/zw10/rad51/kif2c/nsmce4a/gpatch11/ppp1cc/zwilch/ercc6l/incenp/smc5/knstrn/ncapd2/ska1/si:ch211-161h7.4,37
CC,GO:0000776,kinetochore,29/2610,68/19331,0.426470588,3.158660131,7.045013371,3.33E-09,5.44E-07,4.96E-07,plk1/aurkb/firrm/ndel1b/mad2l1/spout1/cfdp1/ttk/cenpi/clasp1a/ndc80/si:dkey-6i22.5/nuf2/spc24/spc25/cenph/ckap5/kntc1/ska3/zw10/kif2c/gpatch11/ppp1cc/zwilch/ercc6l/incenp/knstrn/ska1/si:ch211-161h7.4,29
BP,GO:0044283,small molecule biosynthetic process,79/2545,307/18773,0.25732899,1.898167832,6.283576917,7.47E-09,2.26E-06,1.99E-06,csad/agxtb/scap/psph/itpkcb/sprb/prkag2b/cyp27b1/qdpra/tha1/abhd3/fasn2/agxta/lipg/aclya/kmo/dnph1/mthfd1l/pptc7b/g6pc1a.2/aprt/pck1/elovl6/fgfr4/gamt/elovl8b/rdh5/itpkb/lbr/slc38a9/adka/ubiad1/aldh18a1/pptc7a/pcbd1/kdm1a/acmsd/pah/gch2/sephs3/got1/kynu/sirt5/sptlc2b/dbh/coq8aa/akr1a1b/glulb/cyp7a1/olah/ndufa9a/nus1/dcaf5/gls2a/bhmt/acacb/mlycd/psat1/cyp27a3/tm7sf2/srebf2/ip6k2a/cbsb/fasn/ccdc57/ptges/sc5d/abhd2a/hsd17b7/tpk1/mtap/fbp2/tpi1b/fads2/rgn/thnsl2/hprt1/dhcr7/fgf1a,79
BP,GO:0098813,nuclear chromosome segregation,40/2545,117/18773,0.341880342,2.521854483,6.53918251,1.08E-08,2.95E-06,2.61E-06,kif11/ccnb1/top2a/smc2/aurkb/prc1b/mad2l1/espl1/cdca8/nusap1/ttk/ncapg/knl1/kif4/ncaph/cenpi/clasp1a/bub1bb/ndc80/nuf2/ncapd3/pttg1/kif23/kntc1/si:dkey-25o16.4/ska3/mos/zw10/kif18a/racgap1/anapc15/zwilch/map9/smc4/anapc5/knstrn/ncapd2/cenpk/ska1/si:ch211-161h7.4,40
CC,GO:0000775,"chromosome, centromeric region",39/2610,113/19331,0.345132743,2.556230292,6.554869489,1.08E-08,1.32E-06,1.21E-06,si:dkeyp-115e12.6/plk1/aurkb/firrm/ndel1b/mad2l1/mis18bp1/cdca8/spout1/cfdp1/ttk/cenpi/clasp1a/birc6/ndc80/si:dkey-6i22.5/nuf2/spc24/birc5a/cbx1a/ncapd3/spc25/cenph/ckap5/cenpq/kntc1/ska3/zw10/kif2c/gpatch11/ppp1cc/zwilch/ercc6l/incenp/knstrn/ncapd2/cenpk/ska1/si:ch211-161h7.4,39
BP,GO:0009062,fatty acid catabolic process,26/2545,61/18773,0.426229508,3.144049728,6.642114128,2.37E-08,5.90E-06,5.21E-06,abhd3/cpt1b/eci1/acadl/hacl1/pck1/cpt1ab/hadhab/phyh/cpt2/crot/acad11/acaa1/hadh/etfb/abcd1/acot7/acaa2/decr2/lpin1a/acads/ech1/decr1/echdc2/abhd2a/echs1,26
BP,GO:0072329,monocarboxylic acid catabolic process,28/2545,69/18773,0.405797101,2.993331625,6.569064439,2.54E-08,5.90E-06,5.21E-06,abhd3/cpt1b/eci1/acadl/hacl1/hoga1/pck1/cpt1ab/hadhab/fah/phyh/cpt2/crot/acad11/acaa1/hadh/etfb/abcd1/acot7/acaa2/decr2/lpin1a/acads/ech1/decr1/echdc2/abhd2a/echs1,28
BP,GO:0044242,cellular lipid catabolic process,43/2545,137/18773,0.313868613,2.315228084,6.118594516,5.41E-08,1.17E-05,1.03E-05,abhd3/lipg/cpt1b/eci1/acadl/abhd12/hacl1/asah1b/pck1/cpt1ab/hadhab/phyh/cpt2/crot/plcg1/acad11/acaa1/hadh/hexa/bco2l/plpp6/etfb/pld1a/abcd1/neu1/acot7/acaa2/abhd6a/dagla/decr2/cel.1/lpin1a/acads/ech1/decr1/echdc2/gdpd1/abhd2a/echs1/smpd1/pnpla3/pla2g4f.1/bco1l,43
BP,GO:0051301,cell division,78/2545,317/18773,0.246056782,1.815019244,5.795559515,7.38E-08,1.49E-05,1.31E-05,mapre2/cdc20/cdk1/gdf3/ccnb1/kdf1b/plk1/cdca7b/cp110/cks1b/aurkb/e2f7/cdca7a/tgfb3/ankle2/ect2/ccnb2/cdca8/rab25b/aspm/unc119a2/spire1a/nusap1/ttk/pard6b/ncapg/si:dkey-12j5.1/knl1/ncaph/ttc19/cdca3/birc6/ndc80/si:dkey-6i22.5/nuf2/snx18a/spc24/cdca4/ncapd3/spc25/pttg1/si:dkey-187j14.4/kmt5aa/mapre3b/si:ch73-170d6.2/klhl13/ccna2/kif23/cks2/si:dkey-25o16.4/ska3/cdc45/zw10/cdc25b/tdrd12/racgap1/anapc15/ppp1cc/nudc/zwilch/cdc40/map9/cdh1/ercc6l/cdc7/cdc42/incenp/anapc5/septin8a/ncapd2/cep63/tp53/zfyve26/dis3l2/iqgap1/ska1/haus1/fgf1a,78
CC,GO:0098687,chromosomal region,43/2610,140/19331,0.307142857,2.27485769,5.981112627,9.67E-08,9.45E-06,8.63E-06,si:dkeyp-115e12.6/plk1/aurkb/firrm/ndel1b/mad2l1/mis18bp1/cdca8/spout1/cfdp1/ttk/cenpi/rad50/clasp1a/birc6/ndc80/si:dkey-6i22.5/nuf2/spc24/birc5a/cbx1a/ncapd3/spc25/cenph/ckap5/cenpq/kntc1/ska3/zw10/kif2c/nsmce4a/tert/gpatch11/ppp1cc/zwilch/ercc6l/incenp/smc5/knstrn/ncapd2/cenpk/ska1/si:ch211-161h7.4,43
BP,GO:1903047,mitotic cell cycle process,78/2545,322/18773,0.242236025,1.786835715,5.639865053,1.48E-07,2.80E-05,2.47E-05,cdk1/kif11/ccnb1/ccni2/mki67/smc2/plk1/aurkb/e2f7/mcm2/ndel1b/prc1b/cdkn1a/mad2l1/foxm1/gins1/ankle2/ect2/ccnb2/cdca8/unc119a2/dlgap5/nusap1/ttk/ccnb3/ncapg/kif4/ncaph/cenpi/lats1/clasp1a/mcm6/bub1bb/ndc80/nuf2/ncapd3/pdcd2/cenph/ckap5/ccna2/kif23/kntc1/nipblb/ska3/cdc45/tacc2/zw10/rad51/vcp/cdc25b/kif18a/tpd52l1/rhoab/racgap1/tpx2/anapc15/fbxl15/id2a/zwilch/rb1/map9/cxcr4a/chek2/smc4/mcm3/ccng2/scrib/anapc5/knstrn/ncapd2/cenpk/mrnip/zfyve26/iqgap1/ska1/swap70b/si:ch211-161h7.4/vangl2,78
CC,GO:0005839,proteasome core complex,14/2610,23/19331,0.608695652,4.50831251,6.651178485,1.59E-07,1.30E-05,1.18E-05,psmb12/psma6l/psmb10/psmb7/psmb5/psmb8a/psmb13a/psmb9a/psmb6/psma2a/psmb4/psma6b/psma4/psma8,14
BP,GO:0140014,mitotic nuclear division,38/2545,119/18773,0.319327731,2.355496855,5.874253378,1.92E-07,3.40E-05,3.01E-05,kif11/ccnb1/mki67/smc2/aurkb/ndel1b/prc1b/mad2l1/ankle2/cdca8/nusap1/ttk/ncapg/ncaph/cenpi/clasp1a/bub1bb/ndc80/nuf2/ncapd3/pdcd2/kif23/kntc1/ska3/zw10/kif18a/racgap1/anapc15/zwilch/map9/smc4/anapc5/knstrn/ncapd2/cenpk/ska1/swap70b/si:ch211-161h7.4,38
BP,GO:0043648,dicarboxylic acid metabolic process,21/2545,49/18773,0.428571429,3.161324726,5.999090483,4.68E-07,7.85E-05,6.94E-05,glud1b/zgc:92040/kmo/mthfd1l/pck1/aldh4a1/prodha/acmsd/me1/got1/kynu/amdhd1/got2a/gls2a/mdh1aa/aldh1l2/dglucy/dhfr/ftcd/d2hgdh/me2,21
BP,GO:0055086,nucleobase-containing small molecule metabolic process,94/2545,423/18773,0.222222222,1.639205414,5.265738167,6.05E-07,9.61E-05,8.50E-05,enpp1/ampd2b/gck/urahb/aldh6a1/prkag2b/gpd1b/aclya/kmo/ido1/dnph1/aprt/pde4ca/pnp5a/gart/elovl6/pdk2a/umps/impdh1a/hkdc1/acsl3b/gapdh/pdk4/slc38a9/adka/atp5pf/pde4bb/pank1b/urad/rrm1/itpa/entpd1/nt5c2b/tyms/kars1/adcy6a/zgc:103586/atp5pd/ak4/npr1a/nudt17/kynu/gfpt2/nnt/atp6v1ba/ak2/atp6v1ab/atp5mea/aldob/gfpt1/hmgcra/acot7/fitm2/cdab/idh1/acot20/dctd/papss2b/atp5meb/nampt1/hk2/prpsap2/macrod1/acacb/mlycd/dpys/oard1/acot11a/hint1/atpsckmt/eno1a/pdk1/cdadc1/aspdh/mdh1aa/nme2b.1/gucy1a2/nudt4a/pdhb/pmm2/mtap/ugp2b/tpi1b/nadkb/pgls/uap1l1/cmpk2/atp5pb/atp5mc1/g6pd/pklr/hprt1/dhodh/pgm3,94
CC,GO:0019774,"proteasome core complex, beta-subunit complex",9/2610,11/19331,0.818181818,6.059874608,6.631894262,6.26E-07,4.37E-05,3.99E-05,psmb12/psmb10/psmb7/psmb5/psmb8a/psmb13a/psmb9a/psmb6/psmb4,9
BP,GO:1901605,alpha-amino acid metabolic process,45/2545,161/18773,0.279503106,2.061733517,5.357949429,1.10E-06,0.00016559,0.000146361,glud1b/agxtb/th2/psph/zgc:92040/aldh6a1/qdpra/tha1/agxta/kmo/ido1/asrgl1/aldh4a1/sardh/fah/hgd/prodha/agmat/aldh18a1/ggh/gstz1/pah/nos1/ttc36/gcat/sephs3/got1/kynu/gfpt2/amdhd1/glulb/gfpt1/got2a/gls2a/bhmt/psat1/zgc:162816/cbsb/mtap/dglucy/ftcd/arg1/gcshb/ddo/thnsl2,45
BP,GO:0019395,fatty acid oxidation,20/2545,48/18773,0.416666667,3.073510151,5.696164697,1.51E-06,0.00019685,0.000173991,cpt1b/eci1/acadl/hacl1/cpt1ab/hadhab/phyh/cpt2/crot/acad11/acaa1/hadh/etfb/abcd1/acaa2/acads/ech1/decr1/echdc2/echs1,20
BP,GO:0000280,nuclear division,47/2545,173/18773,0.271676301,2.003999682,5.253718769,1.55E-06,0.00019685,0.000173991,kif11/ccnb1/mki67/top2a/smc2/aurkb/ndel1b/prc1b/mad2l1/ankle2/espl1/cdca8/spire1a/nusap1/ttk/ncapg/ncaph/cenpi/clasp1a/bub1bb/ndc80/nuf2/ncapd3/pdcd2/pttg1/slx4/kif23/kntc1/cenpx/ska3/mos/zw10/rad51/kif18a/racgap1/anapc15/zwilch/map9/smc4/apoa2/anapc5/knstrn/ncapd2/cenpk/ska1/swap70b/si:ch211-161h7.4,47
BP,GO:0051276,chromosome organization,62/2545,252/18773,0.246031746,1.814834565,5.157083515,1.56E-06,0.00019685,0.000173991,h1-0/si:ch211-103n10.5/mcm5/kif11/ccnb1/top2a/smc2/aurkb/mcm2/prc1b/nasp/mad2l1/zgc:110425/esco2/cdca8/si:dkey-108k21.10/dlgap5/nusap1/ttk/ncapg/ncaph/cenpi/rad50/clasp1a/mcm6/bub1bb/ndc80/nuf2/ncapd3/pttg1/cenph/nop10/kif23/kntc1/nipblb/cenpx/ska3/mos/mcm7/zw10/rad51/tert/kif18a/racgap1/anapc15/histh1l2/zwilch/map9/tasorb/smc4/si:dkey-261m9.12/mcm3/anapc5/knstrn/itgb3bp/ncapd2/tnksa/si:ch211-13c6.2/cenpk/ska1/atf7ip/si:ch211-161h7.4,62
BP,GO:0170039,proteinogenic amino acid metabolic process,40/2545,138/18773,0.289855072,2.138094018,5.313976773,1.56E-06,0.00019685,0.000173991,glud1b/agxtb/th2/psph/zgc:92040/qdpra/tha1/agxta/kmo/ido1/asrgl1/aldh4a1/fah/hgd/prodha/aldh18a1/ggh/gstz1/pah/nos1/ttc36/gcat/sephs3/got1/kynu/gfpt2/amdhd1/glulb/gfpt1/got2a/gls2a/bhmt/psat1/cbsb/mtap/dglucy/ftcd/arg1/gcshb/thnsl2,40
CC,GO:0005819,spindle,43/2610,154/19331,0.279220779,2.068052446,5.257359344,1.75E-06,0.000106681,9.74E-05,mapre2/kif11/shcbp1/plk1/aurkb/firrm/ndel1b/prc1b/hspb1/espl1/rmdn1/cdca8/aspm/unc119a2/dlgap5/spout1/nusap1/numa1/ckap2l/clasp1a/ckap5/mapre3b/kntc1/mzt2b/ska3/wdr62/eml1/kif2c/kif18a/tubgcp5/agbl5/racgap1/tpx2/odf2a/map9/nin/incenp/anapc5/knstrn/cep63/pin4/ska1/haus1,43
BP,GO:0006635,fatty acid beta-oxidation,18/2545,42/18773,0.428571429,3.161324726,5.55304064,3.08E-06,0.000371825,0.000328647,cpt1b/eci1/acadl/cpt1ab/hadhab/cpt2/crot/acad11/acaa1/hadh/etfb/abcd1/acaa2/acads/ech1/decr1/echdc2/echs1,18
BP,GO:0170033,L-amino acid metabolic process,40/2545,142/18773,0.281690141,2.077866017,5.105726366,3.43E-06,0.000398806,0.000352495,glud1b/agxtb/th2/psph/zgc:92040/qdpra/tha1/agxta/kmo/ido1/asrgl1/aldh4a1/fah/hgd/prodha/aldh18a1/ggh/gstz1/pah/nos1/ttc36/gcat/sephs3/got1/kynu/gfpt2/amdhd1/glulb/gfpt1/got2a/gls2a/bhmt/psat1/cbsb/mtap/dglucy/ftcd/arg1/gcshb/thnsl2,40
BP,GO:0009063,amino acid catabolic process,30/2545,94/18773,0.319148936,2.354177988,5.21230154,3.64E-06,0.000407436,0.000360123,glud1b/zgc:92040/aldh6a1/qdpra/tha1/kmo/ido1/asrgl1/aldh4a1/sardh/fah/hgd/prodha/gstz1/pah/nos1/gcat/kynu/bckdhb/amdhd1/bckdha/got2a/gls2a/zgc:162816/enosf1/ftcd/arg1/gcshb/ddo/thnsl2,30
BP,GO:0034440,lipid oxidation,21/2545,55/18773,0.381818182,2.816452938,5.342474282,4.46E-06,0.000481039,0.000425179,cpt1b/eci1/acadl/hacl1/cpt1ab/hadhab/phyh/cpt2/crot/acad11/acaa1/hadh/etfb/abcd1/acaa2/zgc:152891/acads/ech1/decr1/echdc2/echs1,21
BP,GO:0006575,cellular modified amino acid metabolic process,31/2545,102/18773,0.303921569,2.241854463,4.980278912,7.85E-06,0.000817601,0.000722658,gstt1a/gstk1/ckmt1/mthfd1b/gstr/gstt2/cpt1b/mthfd1l/acadl/abhd12/cpt1ab/tmlhe/gamt/sardh/zgc:154046/ptdss2/ggh/gstz1/chdh/gch2/mthfd1a/gstm.1/bbox1/bhmt/aldh1l2/aldh9a1a.1/gstt1b/ggt1a/dhfr/ethe1/fpgs,31
BP,GO:0019216,regulation of lipid metabolic process,26/2545,79/18773,0.329113924,2.427683967,5.035715377,8.53E-06,0.000858385,0.000758705,thrsp/scap/tm6sf2b/ncoa2/ormdl3/ldlra/cpt1ab/pdk2a/fgfr4/pdk4/psap/kdm1a/stat5a/acaa2/zgc:195173/dcaf5/si:ch1073-406l10.2/srebf2/pdk1/tlcd3ba/ormdl2/mid1ip1b/pnpla3/tlcd3bb/srebf1/fgf1a,26
BP,GO:1901615,organic hydroxy compound metabolic process,56/2545,232/18773,0.24137931,1.780516225,4.737246871,9.02E-06,0.000878615,0.000776587,zgc:162608/sult1st3/cyp46a1.5/scap/th2/itpkcb/sprb/cyp27b1/dgat2/qdpra/soat2/adh8a/lrata/ldlra/pck1/fgfr4/fah/itpkb/lbr/apoeb/lratb.1/ldhba/amacr/pcbd1/mfsd12a/cyp2r1/gch2/cyp24a1/sptlc2b/dbh/cyp46a1.1/hmgcra/cyp7a1/idh1/nus1/sult1st2/ttpa/cyp27a3/tm7sf2/srebf2/ip6k2a/gdpd1/nudt4a/sc5d/hsd17b7/tpk1/tpi1b/dhrs9/ddt/dhcr7/fgf1a/tkfc/zgc:172295/hsd11b2/npc2.1/trpm7,56
CC,GO:0005740,mitochondrial envelope,95/2610,457/19331,0.207877462,1.539647208,4.612550311,9.03E-06,0.000460355,0.000420171,cox4i2/ckmt1/slc25a55a/acadvl/sfxn1/prelid3b/cpt1b/samm50/kmo/etfdh/slc25a47a/slc25a33/cox6a2/zgc:73226/si:ch73-141c7.1/tmem14a/bcl2l1/slc25a42/cpt2/atp5pf/mpc2b/ubiad1/slc25a20/ndufs4/ndufb4/acad11/cox5b2/ndufb10/hccsb/ttc19/atp5pd/chdh/smdt1b/chchd3a/slc25a25a/mtch2/si:dkey-237i9.1/ak2/ppox/coa8/ifi27.6/atp5mea/tomm7/slc25a40/adck1/mix23/oxa1l/cox5aa/pgrmc1/chchd6a/slc25a38a/zgc:110843/marc1/atp5meb/aifm2/slc25a37/hk2/alas1/lpin1a/fundc1/ndufs5/yme1l1a/mpc1/atpsckmt/afg3l2/slc39a9/uqcrq/tomm6/tmem70/tomm70a/slc25a24/cox7a1/ndufs6/ndufb8/ucp2/plekhn1/slc25a5/spata18/uqcrb/atp5pb/atp5mc1/cibar1/grpel1/mief1/bida/ndufa7/timm10b/dhodh/slc25a43/fpgs/zgc:172295/armc1/uqcrh/rps6kb1b/letm2,95
CC,GO:0072686,mitotic spindle,18/2610,45/19331,0.4,2.962605364,5.207427286,9.41E-06,0.000460355,0.000420171,kif11/prc1b/espl1/rmdn1/spout1/nusap1/ckap2l/clasp1a/ska3/wdr62/eml1/kif18a/agbl5/racgap1/map9/nin/knstrn/ska1,18
MF,GO:0016614,"oxidoreductase activity, acting on CH-OH group of donors",38/2489,139/18430,0.273381295,2.024273711,4.789721411,1.17E-05,0.010145637,0.009218843,akr1b1.1/dcxr/l2hgdh/sprb/akr1a1a/gpd1b/adh8a/impdh1a/hadhab/rdh5/zgc:136493/ldhba/bdh2/zgc:56585/zgc:113054/zgc:56622/hadh/chdh/me1/adhfe1/hsd17b10/akr1a1b/hsd17b14/hmgcra/cryl1/idh1/akr7a3/sdr42e1/hpgd/fasn/mdh1aa/dhrs4/hsd17b7/dhrs9/d2hgdh/g6pd/me2/hsd11b2,38
BP,GO:0048285,organelle fission,49/2545,196/18773,0.25,1.84410609,4.704396796,1.18E-05,0.001109426,0.000980595,kif11/ccnb1/mki67/top2a/smc2/aurkb/ndel1b/prc1b/mad2l1/ankle2/espl1/cdca8/spire1a/nusap1/ttk/ncapg/ncaph/cenpi/clasp1a/bub1bb/ndc80/nuf2/pex11a/ncapd3/pdcd2/pttg1/slx4/kif23/kntc1/cenpx/ska3/mos/zw10/rad51/kif18a/racgap1/anapc15/zwilch/map9/smc4/apoa2/anapc5/knstrn/ncapd2/cenpk/mief1/ska1/swap70b/si:ch211-161h7.4,49
CC,GO:0031966,mitochondrial membrane,89/2610,426/19331,0.208920188,1.547370173,4.51338773,1.40E-05,0.000622179,0.00056787,cox4i2/ckmt1/slc25a55a/acadvl/sfxn1/cpt1b/samm50/kmo/etfdh/slc25a47a/slc25a33/cox6a2/zgc:73226/si:ch73-141c7.1/tmem14a/bcl2l1/slc25a42/cpt2/atp5pf/mpc2b/ubiad1/ndufs4/ndufb4/acad11/ndufb10/hccsb/ttc19/atp5pd/chdh/smdt1b/chchd3a/slc25a25a/mtch2/ppox/coa8/ifi27.6/atp5mea/tomm7/slc25a40/adck1/oxa1l/cox5aa/pgrmc1/chchd6a/slc25a38a/zgc:110843/marc1/atp5meb/aifm2/slc25a37/hk2/alas1/lpin1a/fundc1/ndufs5/yme1l1a/mpc1/atpsckmt/afg3l2/slc39a9/uqcrq/tomm6/tmem70/tomm70a/slc25a24/cox7a1/ndufs6/ndufb8/ucp2/plekhn1/slc25a5/spata18/uqcrb/atp5pb/atp5mc1/cibar1/grpel1/mief1/bida/ndufa7/timm10b/dhodh/slc25a43/fpgs/zgc:172295/armc1/uqcrh/rps6kb1b/letm2,89
BP,GO:1901606,alpha-amino acid catabolic process,27/2545,86/18773,0.313953488,2.31585416,4.843439254,1.54E-05,0.001407939,0.001244443,glud1b/zgc:92040/aldh6a1/qdpra/tha1/kmo/ido1/asrgl1/aldh4a1/sardh/fah/hgd/prodha/gstz1/pah/nos1/gcat/kynu/amdhd1/got2a/gls2a/zgc:162816/ftcd/arg1/gcshb/ddo/thnsl2,27
BP,GO:0006577,amino-acid betaine metabolic process,9/2545,14/18773,0.642857143,4.74198709,5.54661635,1.60E-05,0.001422714,0.001257502,cpt1b/acadl/cpt1ab/tmlhe/zgc:154046/chdh/bbox1/bhmt/aldh9a1a.1,9
BP,GO:0030261,chromosome condensation,14/2545,31/18773,0.451612903,3.331288421,5.144409759,1.87E-05,0.001613882,0.001426471,h1-0/si:ch211-103n10.5/top2a/smc2/zgc:110425/si:dkey-108k21.10/nusap1/ncapg/ncaph/ncapd3/histh1l2/smc4/si:dkey-261m9.12/ncapd2,14
CC,GO:0005759,mitochondrial matrix,43/2610,169/19331,0.25443787,1.884497495,4.562728201,2.26E-05,0.00092074,0.00084037,ccnb1/acadl/pdk2a/aldh4a1/hadhab/sardh/pdk4/pptc7a/mrpl40/hadh/ak4/wars2/cs/dmgdh/mrpl20/etfb/nipsnap1/mrps24/mrps35/acss3/mrps7/mrpl58/mrps22/got2a/mrpl44/alas1/mlycd/adprs/pdk1/mrpl10/fastk/mrps11/mrpl43/mrps6/clpxa/lyrm7/pyroxd2/tfb1m/mrpl27/mrps18c/grpel1/mrps31/fpgs,43
BP,GO:0006753,nucleoside phosphate metabolic process,82/2545,389/18773,0.210796915,1.5549275,4.37983459,2.47E-05,0.002069915,0.001829548,enpp1/ampd2b/gck/prkag2b/gpd1b/aclya/kmo/ido1/dnph1/aprt/pde4ca/gart/elovl6/pdk2a/umps/impdh1a/hkdc1/acsl3b/gapdh/pdk4/slc38a9/adka/atp5pf/pde4bb/pank1b/rrm1/itpa/entpd1/nt5c2b/tyms/kars1/adcy6a/atp5pd/ak4/npr1a/nudt17/kynu/gfpt2/nnt/atp6v1ba/ak2/atp6v1ab/atp5mea/aldob/gfpt1/hmgcra/acot7/fitm2/idh1/acot20/papss2b/atp5meb/nampt1/hk2/prpsap2/acacb/mlycd/acot11a/hint1/atpsckmt/eno1a/pdk1/aspdh/mdh1aa/nme2b.1/gucy1a2/nudt4a/pdhb/pmm2/ugp2b/tpi1b/nadkb/pgls/uap1l1/cmpk2/atp5pb/atp5mc1/g6pd/pklr/hprt1/dhodh/pgm3,82
BP,GO:0006066,alcohol metabolic process,43/2545,170/18773,0.252941176,1.865801456,4.490740358,2.90E-05,0.002367101,0.002092223,zgc:162608/cyp46a1.5/scap/itpkcb/sprb/cyp27b1/dgat2/qdpra/soat2/adh8a/lrata/ldlra/pck1/itpkb/lbr/apoeb/lratb.1/pcbd1/cyp2r1/gch2/sptlc2b/dbh/cyp46a1.1/cyp7a1/idh1/nus1/cyp27a3/tm7sf2/srebf2/ip6k2a/gdpd1/nudt4a/sc5d/hsd17b7/tpk1/tpi1b/dhrs9/dhcr7/fgf1a/tkfc/zgc:172295/hsd11b2/npc2.1,43
BP,GO:0062012,regulation of small molecule metabolic process,22/2545,66/18773,0.333333333,2.45880812,4.70148152,3.30E-05,0.002619602,0.002315403,scap/nr4a1/prkag2b/pptc7b/cpt1ab/pdk2a/fgfr4/pdk4/slc38a9/pptc7a/kdm1a/acmsd/cyp2r1/sirt5/akr1a1b/acaa2/dcaf5/atpsckmt/srebf2/pdk1/cbsb/fgf1a,22
CC,GO:0019866,organelle inner membrane,63/2610,283/19331,0.222614841,1.648799805,4.343944766,3.46E-05,0.001300637,0.001187106,cox4i2/ckmt1/slc25a55a/acadvl/sfxn1/etfdh/slc25a47a/slc25a33/cox6a2/lbr/si:ch73-141c7.1/slc25a42/cpt2/atp5pf/mpc2b/ndufs4/ndufb4/ndufb10/hccsb/ttc19/atp5pd/chdh/smdt1b/chchd3a/plpp6/slc25a25a/ppox/coa8/atp5mea/slc25a40/adck1/oxa1l/cox5aa/sirt1/chchd6a/slc25a38a/atp5meb/slc25a37/alas1/ndufs5/yme1l1a/mpc1/tm7sf2/afg3l2/uqcrq/nrm/slc25a24/cox7a1/ndufs6/ndufb8/ucp2/slc25a5/uqcrb/atp5pb/cibar1/grpel1/ndufa7/timm10b/dhodh/slc25a43/fpgs/uqcrh/letm2,63
BP,GO:0072521,purine-containing compound metabolic process,72/2545,334/18773,0.215568862,1.590127407,4.30940194,3.53E-05,0.00272976,0.002412769,enpp1/ampd2b/gck/urahb/prkag2b/gpd1b/aclya/kmo/ido1/aprt/pde4ca/gart/elovl6/pdk2a/impdh1a/hkdc1/acsl3b/gapdh/pdk4/slc38a9/adka/atp5pf/pde4bb/pank1b/urad/nt5c2b/adcy6a/atp5pd/ak4/npr1a/nudt17/kynu/nnt/atp6v1ba/ak2/atp6v1ab/atp5mea/aldob/hmgcra/acot7/fitm2/idh1/acot20/papss2b/atp5meb/nampt1/hk2/prpsap2/macrod1/acacb/mlycd/oard1/acot11a/hint1/atpsckmt/eno1a/pdk1/aspdh/mdh1aa/nme2b.1/gucy1a2/nudt4a/pdhb/mtap/tpi1b/nadkb/pgls/atp5pb/atp5mc1/g6pd/pklr/hprt1,72
MF,GO:0016616,"oxidoreductase activity, acting on the CH-OH group of donors, NAD or NADP as acceptor",35/2489,130/18430,0.269230769,1.99354081,4.491975661,3.61E-05,0.015683715,0.014251023,akr1b1.1/dcxr/sprb/akr1a1a/gpd1b/adh8a/impdh1a/hadhab/rdh5/zgc:136493/ldhba/bdh2/zgc:56585/zgc:113054/zgc:56622/hadh/me1/adhfe1/hsd17b10/akr1a1b/hsd17b14/hmgcra/cryl1/idh1/akr7a3/sdr42e1/hpgd/fasn/mdh1aa/dhrs4/hsd17b7/dhrs9/g6pd/me2/hsd11b2,35
BP,GO:0030258,lipid modification,34/2545,125/18773,0.272,2.006387426,4.470650761,3.99E-05,0.003014154,0.002664138,cpt1b/eci1/acadl/hacl1/cpt1ab/hadhab/phyh/cpt2/crot/acad11/acaa1/ppap2d/hadh/synj1/plpp6/etfb/b3galt1a/abcd1/inpp5l/acaa2/mtmr1b/zgc:152891/acads/ech1/decr1/porcn/echdc2/inpp5e/echs1/inpp5b/mtmr7b/mtmr6/gbgt1l1/pip4p1b,34
BP,GO:0016053,organic acid biosynthetic process,41/2545,165/18773,0.248484848,1.83292969,4.255662053,6.79E-05,0.004998739,0.004418264,csad/agxtb/psph/prkag2b/tha1/abhd3/fasn2/agxta/lipg/aclya/kmo/mthfd1l/elovl6/fgfr4/gamt/elovl8b/aldh18a1/kdm1a/acmsd/pah/sephs3/got1/kynu/glulb/cyp7a1/olah/dcaf5/gls2a/bhmt/acacb/mlycd/psat1/cbsb/fasn/ccdc57/ptges/abhd2a/mtap/fads2/rgn/thnsl2,41
BP,GO:0033993,response to lipid,44/2545,182/18773,0.241758242,1.783311384,4.205188068,7.55E-05,0.005395797,0.004769214,hamp/slc37a4a/fabp1b.1/ldlra/pck1/junbb/esr2b/si:ch211-241b2.5/anxa1a/rbp4/nfe2l2a/nr2f5/bcl3/ptger4b/nos1/ripk3/cyp2r1/vtg2/nr6a1a/cxcl8a/psmb9a/cyp24a1/myod1/vtg7/cd276/pgrmc1/zgc:153911/cd248b/junba/keap1b/slc39a9/cnn2/vhl/si:dkey-22i16.9/abhd2a/strn3/raraa/igldcp/cers2b/cxcl11.1/cxcl20/spata18/ighd/arnt,44
BP,GO:0000727,double-strand break repair via break-induced replication,8/2545,13/18773,0.615384615,4.539338069,5.055265542,7.69E-05,0.005395797,0.004769214,mcm5/mcm2/mcm6/cdc45/mcm7/gins4/cdc7/mcm3,8
BP,GO:0140694,non-membrane-bounded organelle assembly,58/2545,261/18773,0.222222222,1.639205414,4.118136086,8.15E-05,0.005591701,0.004942369,mapre2/kif11/rps27.1/itga3b/cp110/aurkb/c2cd3/prc1b/hsp90aa1.1/myot/rrp7a/dlgap5/chrnd/neb/clasp1a/tnnt3b/tpm4a/cenph/atxn2l/chchd10/mapre3b/rpf2/sbds/smyd1b/tln1/kif23/mrto4/kntc1/rpl5a/fitm2/cenpx/mrps7/cetn2/wdr62/vcp/tubgcp5/haus5/racgap1/naca/cenpj/fhod3a/map9/cxcr4a/myo18ab/smo/g3bp2a/plecb/myom2a/si:dkey-243i1.1/ppp2r3a/edc3/cep63/rnf2/cenpk/haus1/dnajb6b/si:ch211-161h7.4/alms1,58
CC,GO:1990204,oxidoreductase complex,28/2610,99/19331,0.282828283,2.094771469,4.314534045,8.25E-05,0.002882033,0.002630464,cox6b1/cox4i2/cox6b2/cox6a2/hadhab/ogdha/ndufs4/rrm1/ndufb4/cyba/ndufb10/bckdhb/bckdha/ndufs3/sdhc/cox5aa/ndufb11/ndufs5/uqcrq/pdhb/ndufs6/ndufb8/ogdhb/gcshb/uqcrb/ndufv2/ndufa7/uqcrh,28
BP,GO:0055088,lipid homeostasis,22/2545,70/18773,0.314285714,2.318304799,4.375985586,9.03E-05,0.006059386,0.005355745,zgc:162608/angptl4/dgat2/lipg/tm6sf2b/ormdl3/ldlra/apoeb/cln8/apoba/mtch2/surf4/adck1/fitm2/cyp7a1/tlcd3ba/ormdl2/pnpla3/tlcd3bb/apobb.1/npc1/wnt5b,22
MF,GO:0070003,threonine-type peptidase activity,10/2489,20/18430,0.5,3.702290076,4.777774216,0.000100281,0.029081496,0.026424928,asrgl1/psmb12/psmb10/psmb7/psmb5/psmb8a/psmb13a/psmb9a/psmb6/ggt1a,10
BP,GO:0046394,carboxylic acid biosynthetic process,40/2545,163/18773,0.245398773,1.810165487,4.113969057,0.00011087,0.007276424,0.006431455,agxtb/psph/prkag2b/tha1/abhd3/fasn2/agxta/lipg/aclya/kmo/mthfd1l/elovl6/fgfr4/gamt/elovl8b/aldh18a1/kdm1a/acmsd/pah/sephs3/got1/kynu/glulb/cyp7a1/olah/dcaf5/gls2a/bhmt/acacb/mlycd/psat1/cbsb/fasn/ccdc57/ptges/abhd2a/mtap/fads2/rgn/thnsl2,40
CC,GO:0005743,mitochondrial inner membrane,58/2610,266/19331,0.218045113,1.614954052,3.989974665,0.000126304,0.004117501,0.00375809,cox4i2/ckmt1/slc25a55a/acadvl/sfxn1/etfdh/slc25a47a/slc25a33/cox6a2/si:ch73-141c7.1/slc25a42/cpt2/atp5pf/mpc2b/ndufs4/ndufb4/ndufb10/hccsb/ttc19/atp5pd/chdh/smdt1b/chchd3a/slc25a25a/ppox/coa8/atp5mea/slc25a40/adck1/oxa1l/cox5aa/chchd6a/slc25a38a/atp5meb/slc25a37/alas1/ndufs5/yme1l1a/mpc1/afg3l2/uqcrq/slc25a24/cox7a1/ndufs6/ndufb8/ucp2/slc25a5/uqcrb/atp5pb/cibar1/grpel1/ndufa7/timm10b/dhodh/slc25a43/fpgs/uqcrh/letm2,58
BP,GO:0006163,purine nucleotide metabolic process,52/2545,231/18773,0.225108225,1.660493796,4.00002873,0.000131527,0.007832714,0.006923146,enpp1/ampd2b/gck/prkag2b/gpd1b/kmo/ido1/aprt/pde4ca/gart/impdh1a/hkdc1/gapdh/slc38a9/adka/atp5pf/pde4bb/nt5c2b/adcy6a/atp5pd/ak4/npr1a/nudt17/kynu/nnt/atp6v1ba/ak2/atp6v1ab/atp5mea/aldob/idh1/papss2b/atp5meb/nampt1/hk2/prpsap2/hint1/atpsckmt/eno1a/aspdh/mdh1aa/nme2b.1/gucy1a2/nudt4a/tpi1b/nadkb/pgls/atp5pb/atp5mc1/g6pd/pklr/hprt1,52
BP,GO:0009117,nucleotide metabolic process,60/2545,277/18773,0.216606498,1.59778145,3.969264838,0.00013219,0.007832714,0.006923146,enpp1/ampd2b/gck/prkag2b/gpd1b/kmo/ido1/dnph1/aprt/pde4ca/gart/umps/impdh1a/hkdc1/gapdh/slc38a9/adka/atp5pf/pde4bb/rrm1/itpa/nt5c2b/tyms/kars1/adcy6a/atp5pd/ak4/npr1a/nudt17/kynu/nnt/atp6v1ba/ak2/atp6v1ab/atp5mea/aldob/idh1/papss2b/atp5meb/nampt1/hk2/prpsap2/hint1/atpsckmt/eno1a/aspdh/mdh1aa/nme2b.1/gucy1a2/nudt4a/tpi1b/nadkb/pgls/cmpk2/atp5pb/atp5mc1/g6pd/pklr/hprt1/dhodh,60
BP,GO:0051985,negative regulation of chromosome segregation,9/2545,17/18773,0.529411765,3.905165838,4.745608901,0.000132318,0.007832714,0.006923146,mad2l1/ttk/bub1bb/ndc80/kntc1/mos/zw10/anapc15/zwilch,9
BP,GO:1902100,negative regulation of metaphase/anaphase transition of cell cycle,9/2545,17/18773,0.529411765,3.905165838,4.745608901,0.000132318,0.007832714,0.006923146,mad2l1/ttk/bub1bb/ndc80/kntc1/mos/zw10/anapc15/zwilch,9
BP,GO:1905819,negative regulation of chromosome separation,9/2545,17/18773,0.529411765,3.905165838,4.745608901,0.000132318,0.007832714,0.006923146,mad2l1/ttk/bub1bb/ndc80/kntc1/mos/zw10/anapc15/zwilch,9
BP,GO:0042558,pteridine-containing compound metabolic process,12/2545,28/18773,0.428571429,3.161324726,4.53234522,0.000138303,0.008029528,0.007097106,mthfd1b/sprb/qdpra/mthfd1l/pcbd1/ggh/gch2/mthfd1a/aldh1l2/dhfr/mycbp2/fpgs,12
CC,GO:0000940,outer kinetochore,7/2610,11/19331,0.636363636,4.713235806,4.866876977,0.000162579,0.004968833,0.00453511,ndc80/si:dkey-6i22.5/nuf2/spc24/spc25/ska3/ska1,7
BP,GO:0051383,kinetochore organization,7/2545,11/18773,0.636363636,4.69408823,4.853228143,0.000166893,0.00950661,0.008402662,dlgap5/nuf2/cenph/kntc1/cenpx/cenpk/si:ch211-161h7.4,7
BP,GO:1902221,erythrose 4-phosphate/phosphoenolpyruvate family amino acid metabolic process,10/2545,21/18773,0.476190476,3.512583029,4.56218549,0.00017388,0.009721176,0.008592312,th2/qdpra/kmo/ido1/fah/hgd/gstz1/pah/ttc36/kynu,10
BP,GO:0008202,steroid metabolic process,32/2545,124/18773,0.258064516,1.903593384,3.997815771,0.000194545,0.010678771,0.009438707,zgc:162608/sult1st3/cyp46a1.5/scap/cyp27b1/soat2/ldlra/fgfr4/rdh5/lbr/apoeb/amacr/cyp2r1/cyp24a1/hsd17b10/cyp46a1.1/hsd17b14/hmgcra/cyp7a1/sult1st2/zgc:113142/cyp27a3/tm7sf2/srebf2/sdr42e1/sc5d/hsd17b7/dhrs9/dhcr7/fgf1a/hsd11b2/npc2.1,32
BP,GO:0008286,insulin receptor signaling pathway,12/2545,29/18773,0.413793103,3.052313529,4.380041605,0.000206958,0.011157254,0.009861627,pik3r3b/igf2b/pdk4/pik3r1/irs2b/socs7/grb10a/tsc2/tns2a/gsk3ba/si:ch73-335l21.1/pid1,12
BP,GO:0043632,modification-dependent macromolecule catabolic process,84/2545,426/18773,0.197183099,1.454506212,3.757757577,0.000222348,0.011522756,0.010184685,zfand2a/rnf144aa/cdc20/psmb12/si:ch1073-228j22.2/si:ch211-59o9.10/ivns1abpa/n4bp1/psma6l/znrf2b/psmb10/rnf128a/herc3/ubr3/psmb7/psmb5/spsb1/psmb8a/tent4a/spsb3a/ubr1/fbxo38/stam/psmd13/fbxw5/psmb13a/fbxl2/psmb9a/psmb6/zranb1b/fem1c/tnfaip1/mylipa/wdr81/ubxn1/wdr26b/psma2a/fbxl18/znrf3/rnf6/hecw2a/cul2/kremen1/trim2a/psmb4/psma6b/rnf25/vcp/ube4b/axin1/keap1b/ccdc22/kctd5a/psma4/psmc5/prkn/anapc15/smurf2/fbxl15/nsfl1c/ubr2/cul1a/klhl11/anapc5/ubr4/si:ch211-256e16.3/rnf111/hectd3/kbtbd2/ptpn23a/rnf5/fem1b/dis3l2/usp38/psmc1a/cacul1/dmac2/rnf168/gsk3ba/rnf7/psma8/ube3c/gid8b/rbbp6,84
BP,GO:0006511,ubiquitin-dependent protein catabolic process,82/2545,414/18773,0.198067633,1.461030912,3.756404673,0.000226059,0.011522756,0.010184685,zfand2a/rnf144aa/cdc20/psmb12/si:ch1073-228j22.2/si:ch211-59o9.10/ivns1abpa/n4bp1/psma6l/znrf2b/psmb10/rnf128a/herc3/ubr3/psmb7/psmb5/spsb1/psmb8a/spsb3a/ubr1/fbxo38/stam/psmd13/fbxw5/psmb13a/fbxl2/psmb9a/psmb6/zranb1b/fem1c/tnfaip1/mylipa/wdr81/ubxn1/wdr26b/psma2a/fbxl18/znrf3/rnf6/hecw2a/cul2/kremen1/trim2a/psmb4/psma6b/rnf25/vcp/ube4b/axin1/keap1b/ccdc22/kctd5a/psma4/psmc5/prkn/anapc15/smurf2/fbxl15/nsfl1c/ubr2/cul1a/klhl11/anapc5/ubr4/si:ch211-256e16.3/rnf111/hectd3/kbtbd2/ptpn23a/rnf5/fem1b/usp38/psmc1a/cacul1/dmac2/rnf168/gsk3ba/rnf7/psma8/ube3c/gid8b/rbbp6,82
BP,GO:0008608,attachment of spindle microtubules to kinetochore,9/2545,18/18773,0.5,3.688212181,4.518641946,0.000232821,0.011522756,0.010184685,aurkb/knl1/ndc80/nuf2/si:dkey-25o16.4/ska3/knstrn/ska1/si:ch211-161h7.4,9
BP,GO:0033047,regulation of mitotic sister chromatid segregation,9/2545,18/18773,0.5,3.688212181,4.518641946,0.000232821,0.011522756,0.010184685,aurkb/mad2l1/ttk/bub1bb/ndc80/kntc1/zw10/anapc15/zwilch,9
BP,GO:0034508,centromere complex assembly,9/2545,18/18773,0.5,3.688212181,4.518641946,0.000232821,0.011522756,0.010184685,nasp/dlgap5/cenpi/cenph/kntc1/cenpx/itgb3bp/cenpk/si:ch211-161h7.4,9
BP,GO:0006520,amino acid metabolic process,51/2545,231/18773,0.220779221,1.628561223,3.806641282,0.000250815,0.01191514,0.010531504,glud1b/agxtb/th2/psph/zgc:92040/aldh6a1/qdpra/tha1/agxta/kmo/ido1/asrgl1/aldh4a1/sardh/fah/hgd/slc38a9/prodha/agmat/aldh18a1/ggh/gstz1/pah/nos1/kars1/ttc36/wars2/gcat/sephs3/got1/kynu/bckdhb/gfpt2/amdhd1/bckdha/glulb/gfpt1/got2a/gls2a/bhmt/psat1/zgc:162816/cbsb/enosf1/mtap/dglucy/ftcd/arg1/gcshb/ddo/thnsl2,51
BP,GO:0015695,organic cation transport,17/2545,51/18773,0.333333333,2.45880812,4.131177035,0.00025259,0.01191514,0.010531504,slc38a5b/sfxn1/slc25a29/slc38a9/slc25a42/slc25a20/slc6a7/mfsd12a/slc22a16/slc3a2a/slc25a38a/slc6a15/slc7a3a/slc6a9/slc47a2.1/slc44a4/slc6a2,17
BP,GO:0042273,ribosomal large subunit biogenesis,17/2545,51/18773,0.333333333,2.45880812,4.131177035,0.00025259,0.01191514,0.010531504,nsa2/las1l/rpf2/mrto4/rpl5a/rpl7l1/tma16/rpl14/rpf1/npm1a/mak16/znf622/rsl24d1/bop1/znhit6/rpl35/rbm34,17
CC,GO:0005876,spindle microtubule,10/2610,22/19331,0.454545455,3.366597005,4.387941378,0.000270864,0.007791328,0.007111233,kif11/aurkb/rmdn1/nusap1/clasp1a/kntc1/ska3/kif18a/map9/ska1,10
BP,GO:0006338,chromatin remodeling,58/2545,273/18773,0.212454212,1.567152428,3.738194739,0.000289141,0.013429499,0.011870009,h1-0/mbd3b/nasp/prmt7/zgc:110425/brd3b/si:dkey-108k21.10/prdm14/kat6a/mbd3a/cfdp1/kdm1a/nsd1a/cenpi/cbx1a/hells/smyd1b/chd1/hcfc1a/lmna/sirt1/psip1b/smarcb1a/chd8/pou5f3/glyr1/h2ax1/kdm5ba/hdac3/kdm5c/apex1/si:ch1073-153i20.5/dpf3/npm1a/hdac10/spty2d1/histh1l2/kdm7ab/tada2a/tasorb/si:dkey-261m9.12/jarid2a/znf644a/itgb3bp/npm3/si:ch211-13c6.2/rnf2/cecr2/hpf1/znfx1/h2az2a/ino80c/rnf168/brd2a/supt4h1/atf7ip/ino80/ino80b,58
BP,GO:0006325,chromatin organization,75/2545,375/18773,0.2,1.475284872,3.681721933,0.000302758,0.013694792,0.012104495,h1-0/mbd3b/nasp/prmt7/zgc:110425/brd3b/si:dkey-108k21.10/prdm14/kat6a/mbd3a/cfdp1/mms22l/kdm1a/nsd1a/cenpi/kdm5a/cbx1a/kmt5aa/hdac4/hells/kansl3/smyd1b/chd1/rnf20/emsy/hcfc1a/hmgn3/lmna/sirt1/psip1b/smarcb1a/chd8/pou5f3/kmt2cb/glyr1/h2ax1/kdm5ba/hdac3/kdm5c/apex1/si:ch1073-153i20.5/kmt2ca/dpf3/npm1a/hdac10/spty2d1/histh1l2/ash1l/kmt2bb/kdm7ab/tada2a/tasorb/hmgn1a/si:dkey-261m9.12/jarid2a/znf644a/itgb3bp/npm3/tonsl/si:ch211-13c6.2/rnf2/cecr2/hpf1/znfx1/h2az2a/epc1a/ino80c/rnf168/setd7/brd2a/supt4h1/setd1a/atf7ip/ino80/ino80b,75
BP,GO:0015849,organic acid transport,41/2545,176/18773,0.232954545,1.718371584,3.791846081,0.000303925,0.013694792,0.012104495,slc16a12a/fabp3/slc25a55a/slc10a4/slc6a6a/slc38a5b/slc27a2a/slc16a1a/sfxn1/slc25a29/cpt1b/fabp4a/slc1a6/fabp1b.1/slc16a1b/slc38a7/lrrc8db/mfsd2ab/slc38a9/mpc2b/slc6a7/slc13a5a/slco3a1a/mfsd12a/slc1a5/slc3a2a/slc38a3b/slc51a/abcd1/slc10a3/slc25a38a/slco1e1/rbp2b/rbp5/slco1d1/mpc1/pla2g12a/slc6a15/slc7a3a/slc6a9/slc38a3a,41
CC,GO:0098803,respiratory chain complex,26/2610,96/19331,0.270833333,2.005930715,3.903576075,0.000311517,0.008462879,0.007724165,cox6b1/cox4i2/cox6b2/cox6a2/atp5pf/ndufs4/ndufb4/ndufb10/atp5pd/ndufs3/atp5mea/sdhc/cox5aa/atp5meb/ndufb11/ndufs5/uqcrq/cox7a1/ndufs6/ndufb8/uqcrb/atp5pb/atp5mc1/ndufv2/ndufa7/uqcrh,26
BP,GO:0009437,carnitine metabolic process,7/2545,12/18773,0.583333333,4.302914211,4.532382891,0.000353553,0.015248221,0.013477534,cpt1b/acadl/cpt1ab/tmlhe/zgc:154046/bbox1/aldh9a1a.1,7
BP,GO:0032479,regulation of type I interferon production,7/2545,12/18773,0.583333333,4.302914211,4.532382891,0.000353553,0.015248221,0.013477534,gapdh/gpatch3/zbtb16a/pias4a/sting1/zbtb16b/ticam1,7
BP,GO:0032606,type I interferon production,7/2545,12/18773,0.583333333,4.302914211,4.532382891,0.000353553,0.015248221,0.013477534,gapdh/gpatch3/zbtb16a/pias4a/sting1/zbtb16b/ticam1,7
BP,GO:0048871,multicellular organismal-level homeostasis,60/2545,287/18773,0.209059233,1.542109623,3.664993906,0.000358776,0.015255557,0.013484018,hamp/nr4a3/abcc6a/sfxn1/cpt1b/klf6a/rps27.1/tet2/syne2a/dram2b/acp5b/tfr1a/adnp2b/hsf4/bcl2l1/aqp1a.1/slc40a1/ppargc1a/ttk/tjp3/bdh2/stat5a/pdcd2/tsku/sparc/melk/ift74/mrap2a/tjp1b/usp45/ift172/pgrmc1/epg5/slc25a38a/prdm15/glrx3/adnpb/chd8/sulf2b/slc25a37/alas1/kif2c/tert/sae1/vhl/mipa/prdm12b/nrf1/klf9/lpar2a/clpxa/pprc1/cdc42/arhgef12a/ftcd/prrc1/tp53/ift57/rpl35/ptbp1a,60
BP,GO:0044786,cell cycle DNA replication,9/2545,19/18773,0.473684211,3.49409575,4.307344755,0.000389266,0.016322138,0.014426743,e2f7/mcm2/gins1/mcm6/cdt1/cdc45/dbf4/rad51/mcm3,9
MF,GO:0004879,nuclear receptor activity,22/2489,77/18430,0.285714286,2.115594329,3.876177718,0.000393349,0.051031423,0.04636975,nr4a3/nr4a1/nr2f6a/esr2b/nr1d2a/nr2f5/nr1d2b/rxraa/nr6a1a/nr2f1a/rorca/nr2f2/nr1d4a/rargb/abhd2a/ahr1b/raraa/nr1h5/nr2f6b/nr1d4b/rorcb/nr1i2,22
MF,GO:0098531,ligand-activated transcription factor activity,22/2489,77/18430,0.285714286,2.115594329,3.876177718,0.000393349,0.051031423,0.04636975,nr4a3/nr4a1/nr2f6a/esr2b/nr1d2a/nr2f5/nr1d2b/rxraa/nr6a1a/nr2f1a/rorca/nr2f2/nr1d4a/rargb/abhd2a/ahr1b/raraa/nr1h5/nr2f6b/nr1d4b/rorcb/nr1i2,22
MF,GO:0015101,organic cation transmembrane transporter activity,17/2489,53/18430,0.320754717,2.375054011,3.961192398,0.000404132,0.051031423,0.04636975,slc38a5b/slc25a29/slc38a7/slc38a9/slc25a42/slc25a20/mfsd12a/slc22a16/slc3a2a/slc38a3b/slc25a38a/slc7a3a/slc6a9/slc47a2.1/slc44a4/slc38a3a/slc6a2,17
BP,GO:0170035,L-amino acid catabolic process,21/2545,72/18773,0.291666667,2.151457105,3.876575653,0.000410214,0.016647477,0.014714302,glud1b/zgc:92040/qdpra/tha1/asrgl1/aldh4a1/fah/hgd/prodha/gstz1/pah/nos1/gcat/kynu/amdhd1/got2a/gls2a/ftcd/arg1/gcshb/thnsl2,21
MF,GO:0019842,vitamin binding,28/2489,108/18430,0.259259259,1.919705966,3.787738552,0.000410598,0.051031423,0.04636975,csad/cyp27c1/hacl1/ogdha/rbp4/p4ha2/gcat/ftcdnl1/got1/kynu/sptlc2b/mmut/aadat/got2a/plod1a/marc1/p4ha1b/ttpa/alas1/psat1/fasn/ogfod3/kyat1/tpk1/ftcd/ogdhb/thnsl2/plod3,28
BP,GO:0009725,response to hormone,60/2545,289/18773,0.207612457,1.531437584,3.605536304,0.000433267,0.016647477,0.014714302,hamp/nr4a3/slc2a1b/agxtb/nr4a1/pik3r3b/slc37a4a/igf2b/ncoa2/pck1/ucp1/junbb/esr2b/pdk4/anxa1a/nfe2l2a/bcl3/nr1d2b/ptger4b/pah/nos1/stat5a/stat4/rxraa/vtg2/vtg7/pik3r1/hpxa/med1/pgrmc1/ghra/nr1d4a/junba/fkbp11/ramp1/irs2b/socs7/khk/rargb/lpin1a/keap1b/cnn2/grb10a/vhl/timp2a/abhd2a/strn3/stat1b/raraa/tsc2/ssr4/tns2a/spata18/avpr1ab/arnt/gsk3ba/nr1d4b/si:ch73-335l21.1/rps6kb1b/pid1,60
BP,GO:0006775,fat-soluble vitamin metabolic process,10/2545,23/18773,0.434782609,3.207141027,4.194305232,0.000435703,0.016647477,0.014714302,cyp27b1/lrata/rdh5/lratb.1/ubiad1/cyp2r1/cyp24a1/ttpa/cyp27a3/vkorc1,10
BP,GO:0009074,aromatic amino acid family catabolic process,10/2545,23/18773,0.434782609,3.207141027,4.194305232,0.000435703,0.016647477,0.014714302,qdpra/kmo/ido1/fah/hgd/gstz1/pah/kynu/amdhd1/ftcd,10
BP,GO:0034502,protein localization to chromosome,10/2545,23/18773,0.434782609,3.207141027,4.194305232,0.000435703,0.016647477,0.014714302,aurkb/ttk/knl1/kntc1/nipblb/vcp/zwilch/tasorb/tnksa/mrnip,10
BP,GO:0071425,hematopoietic stem cell proliferation,10/2545,23/18773,0.434782609,3.207141027,4.194305232,0.000435703,0.016647477,0.014714302,csf3a/cyp27b1/klf6a/tet2/csf3b/tpd52/cyp2r1/ccl25b/rad51/tp53,10
BP,GO:0006766,vitamin metabolic process,15/2545,44/18773,0.340909091,2.514690123,3.983451222,0.000437732,0.016647477,0.014714302,cyp27b1/lrata/rdh5/lratb.1/ubiad1/kdm1a/cyp2r1/mmadhcb/cyp24a1/ttpa/cyp27a3/tpk1/rgn/dhfr/vkorc1,15
BP,GO:0015711,organic anion transport,53/2545,248/18773,0.213709677,1.576413271,3.618656583,0.000444465,0.016647477,0.014714302,slc16a12a/slc2a1b/fabp3/slc25a55a/slc10a4/slc6a6a/slc38a5b/slc27a2a/slc16a1a/sfxn1/slc25a29/cpt1b/slc37a4a/fabp4a/slc1a6/fabp1b.1/slc16a1b/slc4a2b/slc38a7/lrrc8db/mfsd2ab/slc38a9/slc25a42/mpc2b/slc6a7/slc13a5a/slco3a1a/mfsd12a/slc1a5/slc3a2a/slc17a9b/slc38a3b/slc51a/slc25a25a/abcd1/slc10a3/slc25a38a/slc52a2/slco1e1/rbp2b/rbp5/slco1d1/mpc1/pla2g12a/shoc2/slc6a15/slc7a3a/slc35b2/slc6a9/slc25a24/slc25a5/slc44a4/slc38a3a,53
BP,GO:0051304,chromosome separation,11/2545,27/18773,0.407407407,3.005209925,4.129087516,0.000446653,0.016647477,0.014714302,mad2l1/espl1/ttk/bub1bb/ndc80/kntc1/mos/zw10/anapc15/zwilch/anapc5,11
BP,GO:0007098,centrosome cycle,18/2545,58/18773,0.310344828,2.289235147,3.894196698,0.000455746,0.016705607,0.014765682,cp110/zgc:92429/c2cd3/ndel1b/pard6b/fbxw5/ckap5/cetn2/wdr62/pde4dip/haus5/npm1a/cenpj/si:ch73-95l15.5/si:dkey-243i1.1/cep63/haus1/alms1,18
BP,GO:0046942,carboxylic acid transport,40/2545,174/18773,0.229885057,1.695729738,3.65121209,0.000475755,0.016705607,0.014765682,slc16a12a/fabp3/slc25a55a/slc10a4/slc38a5b/slc27a2a/slc16a1a/sfxn1/slc25a29/cpt1b/fabp4a/slc1a6/fabp1b.1/slc16a1b/slc38a7/lrrc8db/mfsd2ab/slc38a9/mpc2b/slc6a7/slc13a5a/slco3a1a/mfsd12a/slc1a5/slc3a2a/slc38a3b/slc51a/abcd1/slc10a3/slc25a38a/slco1e1/rbp2b/rbp5/slco1d1/mpc1/pla2g12a/slc6a15/slc7a3a/slc6a9/slc38a3a,40
BP,GO:1901293,nucleoside phosphate biosynthetic process,47/2545,214/18773,0.219626168,1.620055818,3.612659696,0.00048481,0.016705607,0.014765682,ampd2b/aclya/kmo/ido1/aprt/gart/elovl6/pdk2a/umps/impdh1a/pdk4/adka/atp5pf/pank1b/rrm1/tyms/kars1/adcy6a/atp5pd/ak4/npr1a/kynu/gfpt2/ak2/atp5mea/gfpt1/papss2b/atp5meb/nampt1/prpsap2/acacb/mlycd/atpsckmt/pdk1/aspdh/nme2b.1/gucy1a2/pdhb/pmm2/nadkb/uap1l1/cmpk2/atp5pb/atp5mc1/hprt1/dhodh/pgm3,47
BP,GO:0019941,modification-dependent protein catabolic process,82/2545,424/18773,0.193396226,1.426572636,3.518328507,0.000493318,0.016705607,0.014765682,zfand2a/rnf144aa/cdc20/psmb12/si:ch1073-228j22.2/si:ch211-59o9.10/ivns1abpa/n4bp1/psma6l/znrf2b/psmb10/rnf128a/herc3/ubr3/psmb7/psmb5/spsb1/psmb8a/spsb3a/ubr1/fbxo38/stam/psmd13/fbxw5/psmb13a/fbxl2/psmb9a/psmb6/zranb1b/fem1c/tnfaip1/mylipa/wdr81/ubxn1/wdr26b/psma2a/fbxl18/znrf3/rnf6/hecw2a/cul2/kremen1/trim2a/psmb4/psma6b/rnf25/vcp/ube4b/axin1/keap1b/ccdc22/kctd5a/psma4/psmc5/prkn/anapc15/smurf2/fbxl15/nsfl1c/ubr2/cul1a/klhl11/anapc5/ubr4/si:ch211-256e16.3/rnf111/hectd3/kbtbd2/ptpn23a/rnf5/fem1b/usp38/psmc1a/cacul1/dmac2/rnf168/gsk3ba/rnf7/psma8/ube3c/gid8b/rbbp6,82
BP,GO:0170040,proteinogenic amino acid catabolic process,20/2545,68/18773,0.294117647,2.169536577,3.826097875,0.000494994,0.016705607,0.014765682,glud1b/zgc:92040/qdpra/tha1/asrgl1/aldh4a1/fah/hgd/prodha/gstz1/pah/nos1/gcat/amdhd1/got2a/gls2a/ftcd/arg1/gcshb/thnsl2,20
BP,GO:0061515,myeloid cell development,22/2545,78/18773,0.282051282,2.080529948,3.786936663,0.000505409,0.016705607,0.014765682,csf3a/sfxn1/klf6a/csf3b/adnp2b/slc40a1/bdh2/stat5a/il34/melk/nfil3/flt3/adnpb/jmjd1cb/slc25a37/alas1/sf3b1/tert/klf9/clpxa/tp53/npc1,22
BP,GO:0007094,mitotic spindle assembly checkpoint signaling,8/2545,16/18773,0.5,3.688212181,4.25998935,0.000525682,0.016705607,0.014765682,mad2l1/ttk/bub1bb/ndc80/kntc1/zw10/anapc15/zwilch,8
BP,GO:0031577,spindle checkpoint signaling,8/2545,16/18773,0.5,3.688212181,4.25998935,0.000525682,0.016705607,0.014765682,mad2l1/ttk/bub1bb/ndc80/kntc1/zw10/anapc15/zwilch,8
BP,GO:0033046,negative regulation of sister chromatid segregation,8/2545,16/18773,0.5,3.688212181,4.25998935,0.000525682,0.016705607,0.014765682,mad2l1/ttk/bub1bb/ndc80/kntc1/zw10/anapc15/zwilch,8
BP,GO:0033048,negative regulation of mitotic sister chromatid segregation,8/2545,16/18773,0.5,3.688212181,4.25998935,0.000525682,0.016705607,0.014765682,mad2l1/ttk/bub1bb/ndc80/kntc1/zw10/anapc15/zwilch,8
BP,GO:0045841,negative regulation of mitotic metaphase/anaphase transition,8/2545,16/18773,0.5,3.688212181,4.25998935,0.000525682,0.016705607,0.014765682,mad2l1/ttk/bub1bb/ndc80/kntc1/zw10/anapc15/zwilch,8
BP,GO:0071173,spindle assembly checkpoint signaling,8/2545,16/18773,0.5,3.688212181,4.25998935,0.000525682,0.016705607,0.014765682,mad2l1/ttk/bub1bb/ndc80/kntc1/zw10/anapc15/zwilch,8
BP,GO:0071174,mitotic spindle checkpoint signaling,8/2545,16/18773,0.5,3.688212181,4.25998935,0.000525682,0.016705607,0.014765682,mad2l1/ttk/bub1bb/ndc80/kntc1/zw10/anapc15/zwilch,8
BP,GO:2000816,negative regulation of mitotic sister chromatid separation,8/2545,16/18773,0.5,3.688212181,4.25998935,0.000525682,0.016705607,0.014765682,mad2l1/ttk/bub1bb/ndc80/kntc1/zw10/anapc15/zwilch,8
BP,GO:0006091,generation of precursor metabolites and energy,53/2545,251/18773,0.211155378,1.557571678,3.52176435,0.000599604,0.018856288,0.016666617,cox4i2/gck/ppp1r3cb/slc25a55a/gyg2/prkag2b/gyg1b/etfdh/cox6a2/hkdc1/si:ch73-141c7.1/gapdh/slc38a9/ogdha/ndufs4/ppargc1a/ppp1r3b/cox5b2/oxct1a/cs/nnt/mrap2a/sdhc/aco1/aldob/aco2/cox5aa/idh1/hk2/khk/atpsckmt/eno1a/mdh1aa/smn1/uqcrq/prkn/ppp1cc/si:ch211-152c8.5/cox7a1/ndufs6/ugp2b/tpi1b/atg2a/smpd1/ndufb8/ogdhb/pgls/uqcrb/g6pd/ndufv2/pklr/ndufa7/uqcrh,53
BP,GO:0009072,aromatic amino acid metabolic process,12/2545,32/18773,0.375,2.766159136,3.959816924,0.000608375,0.018934893,0.016736093,th2/qdpra/kmo/ido1/fah/hgd/gstz1/pah/ttc36/kynu/amdhd1/ftcd,12
BP,GO:0042398,cellular modified amino acid biosynthetic process,11/2545,28/18773,0.392857143,2.897880999,3.979897963,0.000646174,0.019436711,0.017179639,ckmt1/mthfd1l/tmlhe/gamt/ptdss2/chdh/gch2/bbox1/aldh9a1a.1/dhfr/fpgs,11
BP,GO:0072089,stem cell proliferation,11/2545,28/18773,0.392857143,2.897880999,3.979897963,0.000646174,0.019436711,0.017179639,csf3a/cyp27b1/klf6a/tet2/csf3b/tpd52/cyp2r1/ccl25b/znrf3/rad51/tp53,11
BP,GO:0043249,erythrocyte maturation,10/2545,24/18773,0.416666667,3.073510151,4.025217931,0.000656689,0.019436711,0.017179639,sfxn1/klf6a/adnp2b/slc40a1/bdh2/adnpb/slc25a37/tert/klf9/tp53,10
BP,GO:1902099,regulation of metaphase/anaphase transition of cell cycle,10/2545,24/18773,0.416666667,3.073510151,4.025217931,0.000656689,0.019436711,0.017179639,mad2l1/ttk/bub1bb/ndc80/kntc1/mos/zw10/anapc15/zwilch/anapc5,10
BP,GO:1905818,regulation of chromosome separation,10/2545,24/18773,0.416666667,3.073510151,4.025217931,0.000656689,0.019436711,0.017179639,mad2l1/ttk/bub1bb/ndc80/kntc1/mos/zw10/anapc15/zwilch/anapc5,10
CC,GO:0042555,MCM complex,7/2610,13/19331,0.538461538,3.988122605,4.257886353,0.00065958,0.016975511,0.015493739,mcm5/mcm2/mms22l/mcm6/mcm7/mcm3/tonsl,7
BP,GO:0061842,microtubule organizing center localization,7/2545,13/18773,0.538461538,3.97192081,4.244818826,0.000676369,0.019495534,0.01723163,ndel1b/cep83/dlgap5/spout1/pard3ab/nin/mid1ip1b,7
BP,GO:0007051,spindle organization,25/2545,95/18773,0.263157895,1.941164306,3.641905995,0.000682317,0.019495534,0.01723163,mapre2/kif11/plk1/aurkb/prc1b/aspm/dlgap5/kif4/clasp1a/ndc80/nuf2/cenph/ckap5/mapre3b/kif23/tacc2/vcp/tubgcp5/haus5/racgap1/tpx2/map9/knstrn/cep63/haus1,25
BP,GO:0006638,neutral lipid metabolic process,17/2545,55/18773,0.309090909,2.279985712,3.764639646,0.000684507,0.019495534,0.01723163,dgat2/lipg/mogat2/abhd12/pck1/apoba/sbds/abhd6a/dagla/lpin1a/gpat3/slc7a3a/abhd2a/pnpla3/dgat1b/apobb.1/zgc:172295,17
BP,GO:0032868,response to insulin,17/2545,55/18773,0.309090909,2.279985712,3.764639646,0.000684507,0.019495534,0.01723163,slc2a1b/pik3r3b/igf2b/pck1/pdk4/pik3r1/irs2b/socs7/khk/lpin1a/grb10a/tsc2/tns2a/gsk3ba/si:ch73-335l21.1/rps6kb1b/pid1,17
BP,GO:0042180,cellular ketone metabolic process,21/2545,75/18773,0.28,2.065398821,3.661102875,0.000745694,0.021039717,0.018596497,kmo/ido1/pptc7b/cpt1ab/pdk2a/fgfr4/pdk4/ubiad1/pptc7a/kdm1a/kynu/sirt5/coq8aa/acaa2/ndufa9a/dcaf5/pdk1/cbsb/tpi1b/vkorc1/hsd11b2,21
BP,GO:0051315,attachment of mitotic spindle microtubules to kinetochore,6/2545,10/18773,0.6,4.425854617,4.291256321,0.000793859,0.021987711,0.019434406,aurkb/ndc80/nuf2/ska3/ska1/si:ch211-161h7.4,6
BP,GO:0051382,kinetochore assembly,6/2545,10/18773,0.6,4.425854617,4.291256321,0.000793859,0.021987711,0.019434406,dlgap5/cenph/kntc1/cenpx/cenpk/si:ch211-161h7.4,6
MF,GO:0016645,"oxidoreductase activity, acting on the CH-NH group of donors",12/2489,33/18430,0.363636364,2.692574601,3.845358524,0.000810394,0.069241054,0.062915948,mthfd1b/zgc:92040/qdpra/mthfd1l/etfdh/smox/sardh/prodha/mthfd1a/dmgdh/aldh1l2/dhfr,12
BP,GO:0010498,proteasomal protein catabolic process,66/2545,333/18773,0.198198198,1.461994018,3.368563021,0.000863164,0.023689915,0.020938943,zfand2a/cdc20/psmb12/si:ch1073-228j22.2/ivns1abpa/n4bp1/psma6l/znrf2b/psmb10/man1a2/ubr3/psmb7/psmb5/spsb1/psmb8a/spsb3a/ubr1/fbxo38/fbxw5/psmb13a/fbxl2/psmb9a/psmb6/fem1c/tnfaip1/ubxn1/wdr26b/edem2/psma2a/fbxl18/cul2/derl1/trim2a/psmb4/psma6b/uggt1/vcp/man1a1/ube4b/axin1/keap1b/kctd5a/psma4/psmc5/anapc15/smurf2/fbxl15/nsfl1c/ubr2/calr/cul1a/klhl11/anapc5/si:ch211-256e16.3/edem3/hectd3/rnf121/kbtbd2/fem1b/psmc1a/dmac2/gsk3ba/psma8/gid8b/traf7/man1b1b,66
BP,GO:0033260,nuclear DNA replication,8/2545,17/18773,0.470588235,3.471258523,4.036818239,0.000875338,0.023807616,0.021042976,mcm2/gins1/mcm6/cdt1/cdc45/dbf4/rad51/mcm3,8
MF,GO:0016709,"oxidoreductase activity, acting on paired donors, with incorporation or reduction of molecular oxygen, NAD(P)H as one donor, and incorporation of one atom of oxygen",11/2489,29/18430,0.379310345,2.808633851,3.85154072,0.000885174,0.069241054,0.062915948,cyp46a1.5/cyp27b1/kmo/mical3a/mical2b/ubiad1/nos1/si:dkey-239i20.2/cyp46a1.1/cyp7a1/si:dkey-239i20.4,11
BP,GO:0006006,glucose metabolic process,19/2545,66/18773,0.287878788,2.123516104,3.620894432,0.000905367,0.024404492,0.02157054,gck/nr4a1/dcxr/prkag2b/g6pc1a.2/pck1/pdk2a/hkdc1/gapdh/pdk4/slc38a9/cyp2r1/akr1a1b/hk2/pdk1/pdhb/fbp2/tpi1b/g6pd,19
MF,GO:0016747,"acyltransferase activity, transferring groups other than amino-acyl groups",46/2489,215/18430,0.213953488,1.584235754,3.404852679,0.000916731,0.069241054,0.062915948,dgat2/prdx6/soat2/fasn2/cpt1b/gpat4/mogat2/lrata/cpt1ab/elovl6/cers1/elovl8b/zdhhc14/lratb.1/esco2/cpt2/kat6a/scp2a/crot/ep300b/zgc:154046/acaa1/gcat/aldh7a1/sirt5/sptlc2b/nat8l2/acaa2/alas1/fasn/ccdc57/porcn/gpat3/tlcd3ba/crebbpa/si:ch73-106k19.2/zdhhc15b/cers6/nmt1a/lipt1/cers2b/zdhhc20a/pafah1b3/tlcd3bb/zdhhc23a/dgat1b,46
CC,GO:0051233,spindle midzone,9/2610,21/19331,0.428571429,3.174220033,3.938465637,0.000931544,0.022776252,0.020788141,mapre2/aurkb/firrm/prc1b/cdca8/unc119a2/mapre3b/kif18a/racgap1,9
BP,GO:0010965,regulation of mitotic sister chromatid separation,9/2545,21/18773,0.428571429,3.161324726,3.924393419,0.000959748,0.025261337,0.022327884,mad2l1/ttk/bub1bb/ndc80/kntc1/zw10/anapc15/zwilch/anapc5,9
BP,GO:2001251,negative regulation of chromosome organization,9/2545,21/18773,0.428571429,3.161324726,3.924393419,0.000959748,0.025261337,0.022327884,mcm2/mad2l1/ttk/bub1bb/ndc80/kntc1/zw10/anapc15/zwilch,9
BP,GO:0032869,cellular response to insulin stimulus,15/2545,47/18773,0.319148936,2.354177988,3.681025585,0.000962257,0.025261337,0.022327884,pik3r3b/igf2b/pck1/pdk4/pik3r1/irs2b/socs7/lpin1a/grb10a/tsc2/tns2a/gsk3ba/si:ch73-335l21.1/rps6kb1b/pid1,15
BP,GO:0043161,proteasome-mediated ubiquitin-dependent protein catabolic process,55/2545,268/18773,0.205223881,1.513818432,3.35505156,0.000973961,0.025348178,0.022404641,zfand2a/cdc20/psmb12/si:ch1073-228j22.2/ivns1abpa/n4bp1/psma6l/znrf2b/psmb10/ubr3/psmb7/psmb5/spsb1/psmb8a/spsb3a/ubr1/fbxo38/fbxw5/psmb13a/fbxl2/psmb9a/psmb6/fem1c/tnfaip1/ubxn1/wdr26b/psma2a/fbxl18/cul2/trim2a/psmb4/psma6b/vcp/axin1/keap1b/kctd5a/psma4/psmc5/anapc15/smurf2/fbxl15/nsfl1c/ubr2/cul1a/klhl11/anapc5/si:ch211-256e16.3/hectd3/kbtbd2/fem1b/psmc1a/dmac2/gsk3ba/psma8/gid8b,55
BP,GO:0072524,pyridine-containing compound metabolic process,24/2545,92/18773,0.260869565,1.924284616,3.519380672,0.000988383,0.025503648,0.022542058,gck/prkag2b/gpd1b/kmo/ido1/hkdc1/gapdh/slc38a9/acmsd/nudt17/kynu/nnt/aldob/idh1/nampt1/hk2/eno1a/aspdh/mdh1aa/tpi1b/nadkb/pgls/g6pd/pklr,24
BP,GO:0019362,pyridine nucleotide metabolic process,23/2545,87/18773,0.264367816,1.950089199,3.517487004,0.001025321,0.026012141,0.022991502,gck/prkag2b/gpd1b/kmo/ido1/hkdc1/gapdh/slc38a9/nudt17/kynu/nnt/aldob/idh1/nampt1/hk2/eno1a/aspdh/mdh1aa/tpi1b/nadkb/pgls/g6pd/pklr,23
BP,GO:0046496,nicotinamide nucleotide metabolic process,23/2545,87/18773,0.264367816,1.950089199,3.517487004,0.001025321,0.026012141,0.022991502,gck/prkag2b/gpd1b/kmo/ido1/hkdc1/gapdh/slc38a9/nudt17/kynu/nnt/aldob/idh1/nampt1/hk2/eno1a/aspdh/mdh1aa/tpi1b/nadkb/pgls/g6pd/pklr,23
CC,GO:0000502,proteasome complex,18/2610,62/19331,0.290322581,2.150278087,3.584050828,0.001047049,0.02438128,0.022253068,psmb12/psma6l/psmb10/psmb7/psmb5/psmb8a/psmd13/psmb13a/psmb9a/psmb6/psma2a/psmb4/psma6b/psma4/psmc5/psmd2/psmc1a/psma8,18
MF,GO:0050661,NADP binding,12/2489,34/18430,0.352941176,2.61338123,3.720662788,0.001100089,0.069241054,0.062915948,qdpra/gapdh/nos1/si:dkey-239i20.2/nnt/hmgcra/glyr1/aspdh/dhfr/si:dkey-239i20.4/g6pd/dhcr7,12
BP,GO:0030177,positive regulation of Wnt signaling pathway,19/2545,67/18773,0.28358209,2.091821834,3.545401122,0.001105536,0.027813445,0.024583631,adgra2/nlk1/dmxl2/zranb1b/bambia/adnpb/sulf2b/rnf25/lgr4/nlk2/atp6ap2/ubr5/cdkn2aip/fam53b/tnksa/csnk1g2a/gid8b/wnt5b/vangl2,19
MF,GO:0052689,carboxylic ester hydrolase activity,36/2489,159/18430,0.226415094,1.676508714,3.385293682,0.001106739,0.069241054,0.062915948,prdx6/abhd3/lipg/abhd12/plce1/jmjd7/plcg1/pon2/esd/pld1a/pitpnm3/ces2b/abhd15a/plcb1/acot7/mrpl58/plcb3/abhd6a/dagla/cel.1/plch1/acot11a/pla2g12a/lyplal1/gdpd1/abhd2a/rpe65a/rgn/smpd1/pafah1b3/pnpla3/pgls/plb1/pla1a/apmap/pla2g4f.1,36
MF,GO:0016810,"hydrolase activity, acting on carbon-nitrogen (but not peptide) bonds",31/2489,131/18430,0.236641221,1.752228891,3.414110169,0.001114276,0.069241054,0.062915948,mthfd1b/ampd2b/urahb/asrgl1/asah1b/aspa/agmat/kdm1a/zgc:103586/gch2/mthfd1a/sirt5/amdhd1/sirt3/hdac4/acer2/cdab/sirt1/dctd/gls2a/dpys/hdac3/adprs/cdadc1/hdac10/adat1/si:dkey-103i16.6/padi2/ddah2/arg1/apmap,31
BP,GO:0061008,hepaticobiliary system development,38/2545,170/18773,0.223529412,1.648847798,3.365444784,0.001135924,0.028174094,0.0249024,epcam/klf6a/samm50/smc2/e2f7/pck1/man1a2/rbp4/selenoh/jag1b/enc3/nos1/rbm15/add3a/slx4/mtch2/fzd5/kremen1/a2ml/mgaa/rargb/rcl1/hdac3/cebpa/srebf2/bmp4/leg1.1/tbx2b/atp6ap2/id2a/ctnnb1/raraa/fads2/pnpla3/srebf1/pklr/grna/onecut1,38
BP,GO:0010565,regulation of cellular ketone metabolic process,12/2545,34/18773,0.352941176,2.603443892,3.705840192,0.001138536,0.028174094,0.0249024,pptc7b/cpt1ab/pdk2a/fgfr4/pdk4/pptc7a/kdm1a/sirt5/acaa2/dcaf5/pdk1/cbsb,12
CC,GO:0005730,nucleolus,54/2610,265/19331,0.203773585,1.509251789,3.297848976,0.001163815,0.025868428,0.023610405,arhgap32a/rps27.1/top2a/mphosph10/n4bp1/rrp36/midn/bud23/tent4a/rbm28/rrp7a/nusap1/utp3/nol7/c1d/nsa2/ddx24/parp2/polr1e/polr2f/rpf2/nol8/gnl3l/nop10/mrto4/noc4l/polr1h/rcl1/nol12/rpf1/nop14/apex1/esf1/rbm19/npm1a/rsl1d1/spty2d1/mak16/ddx27/cdkn2aip/hspa8/rsl24d1/npm3/bop1/ddx54/gpatch4/si:dkey-251i10.3/pin4/zgc:103482/pop5/parp3/rps13/pno1/rbm34,54
MF,GO:0070403,NAD+ binding,7/2489,14/18430,0.5,3.702290076,3.99672147,0.001167299,0.069241054,0.062915948,hadhab/hadh/sirt5/sirt3/sirt1/cryl1/si:dkey-103i16.6,7
BP,GO:0007080,mitotic metaphase chromosome alignment,7/2545,14/18773,0.5,3.688212181,3.984642725,0.001194778,0.02908898,0.025711045,ccnb1/aurkb/ndc80/nuf2/ska3/ska1/si:ch211-161h7.4,7
BP,GO:0009070,serine family amino acid biosynthetic process,7/2545,14/18773,0.5,3.688212181,3.984642725,0.001194778,0.02908898,0.025711045,agxtb/psph/tha1/agxta/sephs3/psat1/cbsb,7
BP,GO:0043434,response to peptide hormone,23/2545,88/18773,0.261363636,1.927929094,3.455224285,0.001213019,0.029296829,0.025894758,nr4a3/slc2a1b/nr4a1/pik3r3b/igf2b/pck1/pdk4/stat5a/stat4/pik3r1/ghra/irs2b/socs7/khk/lpin1a/grb10a/stat1b/tsc2/tns2a/gsk3ba/si:ch73-335l21.1/rps6kb1b/pid1,23
BP,GO:0033045,regulation of sister chromatid segregation,11/2545,30/18773,0.366666667,2.704688933,3.700435877,0.001268877,0.030402706,0.026872216,aurkb/mad2l1/ttk/bub1bb/ndc80/kntc1/mos/zw10/anapc15/zwilch/anapc5,11
MF,GO:0016903,"oxidoreductase activity, acting on the aldehyde or oxo group of donors",13/2489,39/18430,0.333333333,2.468193384,3.626756905,0.001272303,0.069241054,0.062915948,aldh6a1/aldh4a1/gapdh/ogdha/aldh18a1/aldh7a1/bckdhb/bckdha/aldh16a1/aldh1l2/pdhb/aldh9a1a.1/ogdhb,13
MF,GO:0016627,"oxidoreductase activity, acting on the CH-CH group of donors",17/2489,58/18430,0.293103448,2.170307976,3.527292668,0.001273399,0.069241054,0.062915948,acadvl/acadl/dus1l/lbr/ptgr2/bdh2/acad11/blvra/ppox/decr2/acads/tm7sf2/fasn/decr1/acad8/dhcr7/dhodh,17
BP,GO:0046165,alcohol biosynthetic process,21/2545,78/18773,0.269230769,1.985960405,3.455498492,0.001295573,0.030797916,0.027221533,scap/itpkcb/sprb/cyp27b1/qdpra/pck1/itpkb/lbr/pcbd1/gch2/sptlc2b/dbh/nus1/cyp27a3/tm7sf2/srebf2/ip6k2a/sc5d/hsd17b7/dhcr7/fgf1a,21
BP,GO:0006090,pyruvate metabolic process,20/2545,73/18773,0.273972603,2.020938181,3.461040962,0.00132472,0.031244761,0.027616488,agxtb/gck/prkag2b/pck1/pdk2a/hkdc1/gapdh/pdk4/slc38a9/ldhba/me1/aldob/hk2/mpc1/eno1a/pdk1/pdhb/tpi1b/pklr/me2,20
BP,GO:0019318,hexose metabolic process,24/2545,94/18773,0.255319149,1.88334239,3.400030825,0.001365458,0.031946326,0.028236585,gck/nr4a1/dcxr/prkag2b/g6pc1a.2/pck1/pdk2a/hkdc1/gapdh/pdk4/slc38a9/pfkfb3/pfkfb1/cyp2r1/akr1a1b/hk2/glb1l/khk/pdk1/pdhb/pmm2/fbp2/tpi1b/g6pd,24
BP,GO:0000470,maturation of LSU-rRNA,10/2545,26/18773,0.384615385,2.837086293,3.712077268,0.001375628,0.031946326,0.028236585,nsa2/las1l/rpf2/rpl7l1/rpf1/mak16/bop1/znhit6/rpl35/rbm34,10
BP,GO:0006760,folic acid-containing compound metabolic process,8/2545,18/18773,0.444444444,3.278410827,3.829802874,0.001389351,0.032018712,0.028300565,mthfd1b/mthfd1l/ggh/gch2/mthfd1a/aldh1l2/dhfr/fpgs,8
BP,GO:1901700,response to oxygen-containing compound,70/2545,364/18773,0.192307692,1.418543146,3.193320392,0.001424645,0.032465202,0.028695207,hamp/nr4a3/slc2a1b/nr4a1/pik3r3b/akr1a1a/igf2b/adh8a/ppifb/ldlra/pck1/sesn1/esr2b/per2/pdk4/si:ch211-241b2.5/rbp4/chrnd/nr2f5/entpd1/gna11a/ptger4b/nos1/stat5a/chrm5a/ripk3/stat4/esd/cyp2r1/vtg2/cxcl8a/psmb9a/cyp24a1/myod1/vtg7/pik3r1/akr1a1b/cd276/glra1/cyp7a1/edem2/pgrmc1/zgc:153911/cd248b/ghra/irs2b/socs7/khk/lpin1a/chrm4a/slc39a9/grb10a/si:dkey-22i16.9/abhd2a/stat1b/raraa/tsc2/igldcp/cxcl11.1/tns2a/cxcl20/gna11b/edem3/ighd/gsk3ba/sod3b/castor2/si:ch73-335l21.1/rps6kb1b/pid1,70
BP,GO:0051306,mitotic sister chromatid separation,9/2545,22/18773,0.409090909,3.017628148,3.749789755,0.001430232,0.032465202,0.028695207,mad2l1/ttk/bub1bb/ndc80/kntc1/zw10/anapc15/zwilch/anapc5,9
BP,GO:0090407,organophosphate biosynthetic process,72/2545,377/18773,0.190981432,1.40876009,3.17500291,0.001488366,0.033532661,0.029638708,zgc:77375/ckmt1/pik3c2g/ampd2b/itpkcb/pcyt1bb/aclya/kmo/ido1/sgms2a/aprt/gart/elovl6/pdk2a/umps/impdh1a/itpkb/bpnt1/pdk4/adka/atp5pf/chka/pank1b/rrm1/ptdss2/tyms/pik3ca/kars1/adcy6a/atp5pd/ak4/npr1a/kynu/sgms1b/pld1a/gfpt2/ak2/atp5mea/gfpt1/fitm2/papss2b/atp5meb/nampt1/prpsap2/etnk1/acacb/mlycd/atpsckmt/ip6k2a/pign/pdk1/pip4k2ca/aspdh/gpat3/nme2b.1/gucy1a2/pdhb/tpk1/pmm2/serac1/tpi1b/nadkb/dolk/uap1l1/cmpk2/atp5pb/atp5mc1/cept1b/hprt1/dhodh/pgm3/zgc:172295,72
MF,GO:0051287,NAD binding,15/2489,49/18430,0.306122449,2.26670821,3.508291008,0.001489541,0.073201656,0.066514753,qdpra/gpd1b/hadhab/zgc:136493/gapdh/hadh/me1/sirt5/sirt3/sirt1/cryl1/idh1/glyr1/si:dkey-103i16.6/me2,15
MF,GO:0016763,pentosyltransferase activity,20/2489,74/18430,0.27027027,2.001237879,3.410119981,0.001514517,0.073201656,0.066514753,aprt/pnp5a/umps/parp142.2/parp14rs2.1/parp2/zgc:174895/nampt1/xylt2/large1/huwe1/tiparp/mtap/art4/parp12a/parp14rs1/tnksa/large2/hprt1/parp3,20
BP,GO:0030099,myeloid cell differentiation,50/2545,243/18773,0.205761317,1.51778279,3.217212189,0.001518934,0.033816483,0.029889571,csf3a/mturn/sfxn1/klf6a/rps27.1/tet2/ncoa2/csf3b/tfr1a/adnp2b/slc40a1/plcg1/bdh2/asxl1/bcl6aa/stat5a/pdcd2/il34/sparc/melk/sbds/arpc1b/zbtb11/nfil3/flt3/slc25a38a/prdm15/adnpb/trim2a/jmjd1cb/slc25a37/alas1/sf3b1/cebpa/tert/vhl/prdm12b/irf2bp2b/srp54/ikzf1/klf9/lpar2a/clpxa/med12/arhgef12a/tp53/brd2a/npc1/rpl35/wnt5b,50
BP,GO:1901701,cellular response to oxygen-containing compound,52/2545,255/18773,0.203921569,1.504212027,3.210353951,0.001523366,0.033816483,0.029889571,hamp/nr4a3/nr4a1/pik3r3b/akr1a1a/igf2b/adh8a/ppifb/ldlra/pck1/sesn1/esr2b/pdk4/si:ch211-241b2.5/chrnd/entpd1/gna11a/ptger4b/nos1/stat5a/chrm5a/esd/cyp2r1/cxcl8a/psmb9a/myod1/pik3r1/akr1a1b/cd276/glra1/cyp7a1/zgc:153911/ghra/irs2b/socs7/lpin1a/chrm4a/slc39a9/grb10a/si:dkey-22i16.9/tsc2/igldcp/cxcl11.1/tns2a/cxcl20/gna11b/gsk3ba/sod3b/castor2/si:ch73-335l21.1/rps6kb1b/pid1,52
BP,GO:0051231,spindle elongation,6/2545,11/18773,0.545454545,4.023504197,3.972226635,0.001546218,0.034073232,0.030116505,kif11/aurkb/prc1b/kif4/kif23/racgap1,6
BP,GO:0006639,acylglycerol metabolic process,16/2545,54/18773,0.296296296,2.185607218,3.455119392,0.001607475,0.035166432,0.031082759,dgat2/lipg/mogat2/abhd12/pck1/apoba/abhd6a/dagla/lpin1a/gpat3/slc7a3a/abhd2a/pnpla3/dgat1b/apobb.1/zgc:172295,16
BP,GO:0042254,ribosome biogenesis,47/2545,226/18773,0.207964602,1.534035155,3.198555547,0.00164542,0.035737581,0.031587583,rps27.1/mphosph10/sart1/rrp36/bud23/rrp7a/utp3/c1d/znf593/nsa2/las1l/ddx49/rpf2/sbds/gnl3l/nop10/mrto4/rpl5a/rpl7l1/mrps7/tma16/noc4l/mrpl44/rpl14/rcl1/nmd3/rpf1/nop14/esf1/srfbp1/npm1a/mak16/znf622/ddx27/mettl5/rsl24d1/tfb1m/bop1/ddx54/znhit6/si:dkey-251i10.3/pin4/riok1/pop5/rpl35/pno1/rbm34,47
BP,GO:0006261,DNA-templated DNA replication,23/2545,90/18773,0.255555556,1.885086226,3.33311422,0.001678255,0.036190369,0.031987791,pold1/mcm5/e2f7/mcm2/wdhd1/gins1/prim2/orc3/mms22l/mcm6/cdt1/cenpx/cdc45/timeless/dbf4/mcm7/gins4/rad51/rfc3/mcm3/tonsl/twnk/mgme1,23
BP,GO:2001242,regulation of intrinsic apoptotic signaling pathway,11/2545,31/18773,0.35483871,2.617440902,3.569176035,0.001728469,0.037008845,0.032711223,bcl2l1/bcl6aa/bco2l/nck2a/cd74b/cd74a/rnf2/tp53/bida/pin1/bcor,11
CC,GO:1904949,ATPase complex,24/2610,96/19331,0.25,1.851628352,3.304796256,0.001760752,0.037435108,0.034167444,cfdp1/atp6v0cb/gatad2b/atp6v0b/atp6v1f/atp6ap1a/atp6v1ba/ccdc115/atp6v1ab/bicra/gatad2ab/smarcb1a/smarcd1/bicral/atp6v1c1a/smarcc1b/bptf/dpf3/si:ch211-168d23.3/cecr2/phf10/ino80c/ino80/ino80b,24
BP,GO:1901617,organic hydroxy compound biosynthetic process,27/2545,112/18773,0.241071429,1.778245159,3.271332205,0.001787971,0.038013261,0.033599002,scap/th2/itpkcb/sprb/cyp27b1/qdpra/pck1/fgfr4/itpkb/lbr/pcbd1/mfsd12a/gch2/sptlc2b/dbh/hmgcra/cyp7a1/nus1/cyp27a3/tm7sf2/srebf2/ip6k2a/sc5d/hsd17b7/ddt/dhcr7/fgf1a,27
MF,GO:0051213,dioxygenase activity,26/2489,107/18430,0.242990654,1.799243775,3.276260404,0.001806163,0.07532762,0.068446512,si:dkey-10o6.2/kdm6ba/ido1/tet2/tmlhe/jmjd7/phyh/hgd/p4ha2/phyhd1/bco2l/kdm5a/bbox1/plod1a/p4ha1b/zgc:152891/jmjd1cb/kdm5ba/kdm5c/ogfod3/rpe65a/kdm7ab/ethe1/tyw5/plod3/bco1l,26
BP,GO:0015718,monocarboxylic acid transport,21/2545,80/18773,0.2625,1.936311395,3.32347538,0.00182966,0.038627569,0.034141974,slc16a12a/fabp3/slc10a4/slc27a2a/slc16a1a/cpt1b/fabp4a/fabp1b.1/slc16a1b/mfsd2ab/mpc2b/slco3a1a/slc51a/abcd1/slc10a3/slco1e1/rbp2b/rbp5/slco1d1/mpc1/pla2g12a,21
MF,GO:0003697,single-stranded DNA binding,18/2489,65/18430,0.276923077,2.050499119,3.35245114,0.001898503,0.07532762,0.068446512,mcm5/mcm2/zgc:110158/mms22l/rad50/mcm6/tsn/nucks1a/cdc45/mcm7/rpa3/rad51/pcbp2/cnbpa/rad51ap1/mcm3/smc5/twnk,18
BP,GO:0044784,metaphase/anaphase transition of cell cycle,10/2545,27/18773,0.37037037,2.732009023,3.566517772,0.001922085,0.040019127,0.035371938,mad2l1/ttk/bub1bb/ndc80/kntc1/mos/zw10/anapc15/zwilch/anapc5,10
BP,GO:0051310,metaphase chromosome alignment,10/2545,27/18773,0.37037037,2.732009023,3.566517772,0.001922085,0.040019127,0.035371938,ccnb1/aurkb/knl1/ndc80/nuf2/si:dkey-25o16.4/ska3/knstrn/ska1/si:ch211-161h7.4,10
MF,GO:0060590,ATPase regulator activity,12/2489,36/18430,0.333333333,2.468193384,3.48419116,0.001938331,0.07532762,0.068446512,atp1b1b/hspbp1/atp1b3b/atp6ap1a/hspa4a/ahsa1b/bag5/hscb/atp1b1a/dnajc24/grpel1/bag2,12
BP,GO:0042559,pteridine-containing compound biosynthetic process,7/2545,15/18773,0.466666667,3.442331369,3.747344478,0.001979251,0.040217654,0.035547411,sprb/qdpra/mthfd1l/pcbd1/gch2/dhfr/fpgs,7
BP,GO:0031023,microtubule organizing center organization,18/2545,65/18773,0.276923077,2.042702131,3.334801018,0.001983055,0.040217654,0.035547411,cp110/zgc:92429/c2cd3/ndel1b/pard6b/fbxw5/ckap5/cetn2/wdr62/pde4dip/haus5/npm1a/cenpj/si:ch73-95l15.5/si:dkey-243i1.1/cep63/haus1/alms1,18
BP,GO:0033044,regulation of chromosome organization,16/2545,55/18773,0.290909091,2.145868905,3.370180987,0.001986129,0.040217654,0.035547411,aurkb/mcm2/mad2l1/ttk/bub1bb/ndc80/kntc1/mos/zw10/anapc15/zwilch/tasorb/anapc5/tnksa/si:ch211-13c6.2/atf7ip,16
BP,GO:0051298,centrosome duplication,12/2545,36/18773,0.333333333,2.45880812,3.469493361,0.002003986,0.040217654,0.035547411,cp110/zgc:92429/c2cd3/fbxw5/ckap5/cetn2/wdr62/npm1a/cenpj/si:dkey-243i1.1/cep63/alms1,12
MF,GO:0042800,histone H3K4 methyltransferase activity,9/2489,23/18430,0.391304348,2.897444408,3.597882904,0.002013945,0.07532762,0.068446512,smyd1b/kmt2cb/kmt2ca/ash1l/kmt2bb/smyd3/setbp1/setd7/setd1a,9
BP,GO:0005996,monosaccharide metabolic process,25/2545,102/18773,0.245098039,1.807947147,3.240155961,0.002032833,0.040217654,0.035547411,gck/nr4a1/dcxr/prkag2b/g6pc1a.2/pck1/pdk2a/hkdc1/gapdh/pdk4/slc38a9/pfkfb3/pfkfb1/cyp2r1/akr1a1b/hk2/glb1l/khk/pdk1/pdhb/pmm2/fbp2/tpi1b/rgn/g6pd,25
BP,GO:0055123,digestive system development,35/2545,158/18773,0.221518987,1.634018055,3.169314336,0.002045862,0.040217654,0.035547411,lnx2a/klf6a/mphosph10/flna/selenoh/utp3/jag1b/ap1m2/myod1/mtch2/sbds/invs/nipblb/epg5/mapk7/chd8/mgaa/rargb/bhmt/mpc1/furina/bmp4/rbm19/leg1.1/srp54/ppdpfa/smo/tsc2/dhrs9/myh11a/rps6ka3a/sdc2/myo5b/trpm7/vangl2,35
BP,GO:0008610,lipid biosynthetic process,74/2545,394/18773,0.187817259,1.385419804,3.061877876,0.002048273,0.040217654,0.035547411,zgc:77375/thrsp/pik3c2g/scap/prkag2b/cyp27b1/dgat2/abhd3/fasn2/lipg/pcyt1bb/aclya/mogat2/sgms2a/ormdl3/pck1/elovl6/fgfr4/cers1/elovl8b/rdh5/lbr/bpnt1/chka/kdm1a/ptdss2/pik3ca/sgms1b/pld1a/sptlc2b/b3galt1a/hmgcra/fitm2/cyp7a1/olah/st6galnac5a/nus1/dcaf5/etnk1/lpin1a/acacb/mlycd/cyp27a3/tm7sf2/srebf2/ip6k2a/pign/sdr42e1/pip4k2ca/fasn/ccdc57/gpat3/tlcd3ba/ormdl2/ptges/sc5d/abhd2a/hsd17b7/rpe65a/cers6/serac1/fads2/mid1ip1b/smpd1/cers2b/dolk/tlcd3bb/thnsl2/cept1b/gbgt1l1/dgat1b/dhcr7/fgf1a/ch25hl3,74
BP,GO:0030071,regulation of mitotic metaphase/anaphase transition,9/2545,23/18773,0.391304348,2.886426924,3.584841304,0.002069573,0.040217654,0.035547411,mad2l1/ttk/bub1bb/ndc80/kntc1/zw10/anapc15/zwilch/anapc5,9
BP,GO:0030537,larval behavior,9/2545,23/18773,0.391304348,2.886426924,3.584841304,0.002069573,0.040217654,0.035547411,sncb/nfe2l2a/pogza/setd5/keap1b/psd2/ugp2b/col6a1/thnsl2,9
BP,GO:1901616,organic hydroxy compound catabolic process,9/2545,23/18773,0.391304348,2.886426924,3.584841304,0.002069573,0.040217654,0.035547411,cyp46a1.5/fah/cyp24a1/dbh/cyp46a1.1/cyp7a1/tpi1b/tkfc/zgc:172295,9
BP,GO:0009968,negative regulation of signal transduction,86/2545,470/18773,0.182978723,1.349728713,3.040785218,0.002078156,0.040217654,0.035547411,tcima/bcl9l/si:ch211-284o19.8/deptor/cblc/socs2/sesn1/rerea/fbxw7/bcl2l1/scube2/il17rd/tegt/dusp5/socs3b/si:dkey-175m17.7/sh3bp4a/uacab/gpatch3/bcl6aa/nlrx1/gatad2b/bco2l/nlk1/dusp2/nck2a/tnfaip1/si:dkey-237i9.1/mrap2a/ldb2a/trabd2a/draxina/fzd5/cd74b/rgs6/bambia/znrf3/nfkbiaa/kremen1/chd8/sulf2b/dusp13a/sufu/adgrl2a/arhgap29a/socs7/cdk5rap3/rargb/zfyve28/cd74a/axin1/stk3/lgr4/nf1a/pias4a/pik3ip1/spred2b/si:ch211-194k22.8/grb10a/vhl/smurf2/strn3/skila/tp53bp2b/tsc2/socs1b/tns2a/usp4/slc25a5/parp14rs1/stambpa/rnf2/si:ch211-247j9.1/gpr155b/sox4b/arnt/gsk3ba/castor2/nomo/aida/ptbp1a/grk5l/dusp10/pid1/bcor/vangl2,86
MF,GO:0016829,lyase activity,43/2489,206/18430,0.208737864,1.545616245,3.111749311,0.002179557,0.07532762,0.068446512,csad/cfh/tha1/acod1/aclya/cahz/hacl1/hoga1/pck1/ca4c/umps/hadhab/endou/urad/pcbd1/acmsd/hccsb/adcy6a/npr1a/polb/aco1/aldob/aco2/mlycd/tsen2/zgc:162816/eno1a/apex1/cbsb/enosf1/fasn/fahd1/gucy1a2/echs1/neil1/dglucy/tpi1b/ftcd/thnsl2/ddt/tkfc/ca8/ca6,43
MF,GO:0016835,carbon-oxygen lyase activity,19/2489,71/18430,0.267605634,1.981507365,3.274189252,0.002224564,0.07532762,0.068446512,cfh/cahz/ca4c/hadhab/pcbd1/polb/aco1/aco2/eno1a/cbsb/enosf1/fasn/echs1/neil1/dglucy/tpi1b/thnsl2/ca8/ca6,19
BP,GO:0030111,regulation of Wnt signaling pathway,39/2545,182/18773,0.214285714,1.580662363,3.11727174,0.002240042,0.043074443,0.038072458,id4/adgra2/znf703/nlk1/dmxl2/bcl9/zranb1b/trabd2a/draxina/fzd5/nipblb/bambia/znrf3/kremen1/adnpb/chd8/sulf2b/cdk5rap3/rnf25/axin1/stk3/lgr4/nlk2/grb10a/pygo2/prdm5/atp6ap2/ubr5/tsc2/cdkn2aip/fam53b/tnksa/ppp2r3a/rab8b/gsk3ba/csnk1g2a/gid8b/wnt5b/vangl2,39
MF,GO:0016769,"transferase activity, transferring nitrogenous groups",11/2489,32/18430,0.34375,2.545324427,3.457123578,0.002244216,0.07532762,0.068446512,agxtb/agxta/gapdh/got1/gfpt2/gfpt1/aadat/got2a/zgc:110843/psat1/kyat1,11
MF,GO:0016859,cis-trans isomerase activity,14/2489,46/18430,0.304347826,2.253567873,3.363661743,0.00225117,0.07532762,0.068446512,ppifb/ppil4/ppiab/ppie/gstz1/fkbp1b/cwc27/aipl1/fkbp11/rpe65a/ppig/pin4/fkbp4/pin1,14
BP,GO:0045934,negative regulation of nucleobase-containing compound metabolic process,79/2545,427/18773,0.18501171,1.364724882,3.019084732,0.002268653,0.043348506,0.038314696,cbx7a/h1-0/nr0b2a/si:ch211-103n10.5/id4/mbd3b/aurkb/e2f7/hexim1/nr2f6a/bhlhe40/zbtb1/zgc:110425/per2/si:dkey-108k21.10/smad2/tegt/mbd3a/znf703/nr1d2b/igf2bp3/zbtb16a/gatad2b/lhx9/si:dkey-28a3.2/nr2f1a/nr2f2/hdac4/impact/ciarta/nab1b/ldb2a/nfil3/gatad2ab/sirt1/ybx1/mycb/timeless/phc1/chd8/nr1d4a/rargb/cry2/igf2bp2a/hdac3/cry3a/znf503/zc3h4/kctd15a/tent5c/cnbpa/prdm12b/histh1l2/cbfa2t2/prdm5/si:ch211-132b12.7/skila/id2a/raraa/nr1h5/igfbp2b/si:dkey-261m9.12/zbtb34/nr2f6b/sox3/zbtb20/rnf2/pdcd4a/sox4b/samd7/rnf168/dhx34/nr1d4b/hinfp/si:dkey-19b23.10/patz1/nr1i2/bcor/cbx8b,79
BP,GO:0015850,organic hydroxy compound transport,22/2545,87/18773,0.252873563,1.865302712,3.203584513,0.002415458,0.045576679,0.040284124,zgc:162608/aqp7/slc10a4/slc16a1a/soat2/slc16a1b/ldlra/apoeb/rbp4/apoba/slc51a/abcd1/slc6a4a/slc10a3/slco1e1/nus1/slco1d1/stard3/apobb.1/npc2.1/npc1/slc6a2,22
BP,GO:0072330,monocarboxylic acid biosynthetic process,22/2545,87/18773,0.252873563,1.865302712,3.203584513,0.002415458,0.045576679,0.040284124,agxtb/prkag2b/abhd3/fasn2/lipg/aclya/elovl6/fgfr4/gamt/elovl8b/kdm1a/cyp7a1/olah/dcaf5/acacb/mlycd/fasn/ccdc57/ptges/abhd2a/fads2/thnsl2,22
MF,GO:0003682,chromatin binding,55/2489,280/18430,0.196428571,1.454471101,3.027976681,0.002493666,0.080351472,0.073011441,h1-0/si:ch211-103n10.5/klf6a/smc2/mcm2/wdhd1/rerea/zgc:110425/per2/si:dkey-108k21.10/kat6a/ep300b/asxl1/kdm1a/ncaph/cbx1a/tox3/myod1/hells/chd1/ldb2a/nipblb/hmgn3/cdc45/phc1/chd8/jmjd1cb/pou5f3/glyr1/ctcf/hdac3/sbno1/mllt3/cnbpa/npm1a/histh1l2/crebbpa/ash1l/tada2a/tasorb/hmgn1a/si:dkey-261m9.12/mcm3/med12/npm3/rnf2/phf21ab/mrnip/hpf1/tp53/sbno2a/egr1/samd7/rnf168/cbx8b,55
BP,GO:0006641,triglyceride metabolic process,12/2545,37/18773,0.324324324,2.392353847,3.357211552,0.002605119,0.047561432,0.042038399,dgat2/lipg/mogat2/pck1/apoba/lpin1a/gpat3/slc7a3a/pnpla3/dgat1b/apobb.1/zgc:172295,12
BP,GO:0009116,nucleoside metabolic process,12/2545,37/18773,0.324324324,2.392353847,3.357211552,0.002605119,0.047561432,0.042038399,dnph1/aprt/pnp5a/adka/zgc:103586/cdab/dctd/macrod1/oard1/cdadc1/mtap/hprt1,12
BP,GO:0046486,glycerolipid metabolic process,47/2545,231/18773,0.203463203,1.500830931,3.033091491,0.002606786,0.047561432,0.042038399,zgc:77375/pik3c2g/dgat2/abhd3/lipg/pcyt1bb/mogat2/abhd12/pck1/plce1/bpnt1/dgkh/chka/plcg1/acp6/ptdss2/pik3ca/apoba/synj1/pld1a/inpp5l/mtmr1b/plcb3/abhd6a/dagla/etnk1/lpin1a/plch1/ip6k2a/pign/pip4k2ca/gpat3/gdpd1/slc7a3a/abhd2a/inpp5e/inpp5b/mtmr7b/mtmr6/pnpla3/cept1b/dgat1b/pip4p1b/apobb.1/zgc:172295/dgki/pla2g4f.1,47
BP,GO:0000226,microtubule cytoskeleton organization,72/2545,385/18773,0.187012987,1.379487153,2.979386614,0.002611227,0.047561432,0.042038399,mapre2/kif11/ttll11/si:ch211-266i6.3/plk1/cp110/aurkb/tuba8l3/zgc:92429/c2cd3/ndel1b/prc1b/gapdh/cep350/aspm/dnah5l/spire1a/dlgap5/nusap1/pard6b/kif4/cep43/clasp1a/ndc80/nuf2/pard3ab/fbxw5/cenph/llgl1/ckap5/mapre3b/tubb2b/kif23/spag1a/stmn1b/tuba1c/ska3/cetn2/wdr62/tacc2/tubd1/eml1/pde4dip/vcp/kif18a/tubgcp5/tuba5/lrriq1/rhoab/haus5/racgap1/tpx2/tubb5/odad4/npm1a/cenpj/phldb1b/map9/nin/si:ch73-95l15.5/scrib/ttll5/knstrn/si:dkey-243i1.1/mid1/cep63/ttll3/gsk3ba/ska1/haus1/alms1/vangl2,72
BP,GO:0001889,liver development,36/2545,166/18773,0.21686747,1.599706488,3.073415514,0.002613965,0.047561432,0.042038399,epcam/klf6a/samm50/smc2/e2f7/pck1/man1a2/rbp4/selenoh/jag1b/enc3/nos1/rbm15/mtch2/fzd5/kremen1/a2ml/mgaa/rargb/rcl1/hdac3/cebpa/srebf2/bmp4/leg1.1/tbx2b/atp6ap2/id2a/ctnnb1/raraa/fads2/pnpla3/srebf1/pklr/grna/onecut1,36
BP,GO:0032474,otolith morphogenesis,10/2545,28/18773,0.357142857,2.634437272,3.427450705,0.002630924,0.047561432,0.042038399,epcam/jag1b/ttc36/sparc/ttc4/odad4/smo/npc2.1/npc1/slc44a4,10
BP,GO:1902017,regulation of cilium assembly,10/2545,28/18773,0.357142857,2.634437272,3.427450705,0.002630924,0.047561432,0.042038399,mcm2/ezrb/man1a2/atp6v1f/ift74/mcm7/inpp5e/odf2a/usp8/grk5l,10
BP,GO:0071396,cellular response to lipid,25/2545,104/18773,0.240384615,1.773178933,3.13114241,0.002697998,0.048354912,0.042739737,hamp/ldlra/pck1/esr2b/si:ch211-241b2.5/anxa1a/nfe2l2a/ptger4b/cyp2r1/cxcl8a/psmb9a/myod1/cd276/zgc:153911/keap1b/slc39a9/vhl/si:dkey-22i16.9/abhd2a/strn3/igldcp/cers2b/cxcl11.1/cxcl20/arnt,25
BP,GO:0006570,tyrosine metabolic process,6/2545,12/18773,0.5,3.688212181,3.688865686,0.002738884,0.048354912,0.042739737,th2/fah/hgd/gstz1/pah/ttc36,6
BP,GO:0043650,dicarboxylic acid biosynthetic process,6/2545,12/18773,0.5,3.688212181,3.688865686,0.002738884,0.048354912,0.042739737,kmo/mthfd1l/acmsd/got1/kynu/gls2a,6
BP,GO:0051642,centrosome localization,6/2545,12/18773,0.5,3.688212181,3.688865686,0.002738884,0.048354912,0.042739737,ndel1b/cep83/dlgap5/spout1/pard3ab/nin,6
BP,GO:0046034,ATP metabolic process,22/2545,88/18773,0.25,1.84410609,3.143102075,0.002816272,0.04914638,0.043439296,enpp1/gck/prkag2b/hkdc1/gapdh/slc38a9/atp5pf/atp5pd/ak4/atp6v1ba/ak2/atp6v1ab/atp5mea/aldob/atp5meb/hk2/atpsckmt/eno1a/tpi1b/atp5pb/atp5mc1/pklr,22
BP,GO:1902850,microtubule cytoskeleton organization involved in mitosis,22/2545,88/18773,0.25,1.84410609,3.143102075,0.002816272,0.04914638,0.043439296,kif11/plk1/aurkb/ndel1b/prc1b/dlgap5/nusap1/kif4/clasp1a/ndc80/nuf2/cenph/ckap5/kif23/tacc2/vcp/rhoab/racgap1/tpx2/map9/scrib/vangl2,22
BP,GO:0032870,cellular response to hormone stimulus,47/2545,232/18773,0.202586207,1.494361832,3.000468107,0.002848796,0.049428252,0.043688436,hamp/nr4a3/agxtb/nr4a1/pik3r3b/igf2b/ncoa2/pck1/ucp1/esr2b/pdk4/anxa1a/nfe2l2a/nr1d2b/ptger4b/pah/stat5a/rxraa/vtg2/vtg7/pik3r1/hpxa/med1/ghra/nr1d4a/fkbp11/ramp1/irs2b/socs7/rargb/lpin1a/keap1b/grb10a/vhl/abhd2a/strn3/raraa/tsc2/ssr4/tns2a/avpr1ab/arnt/gsk3ba/nr1d4b/si:ch73-335l21.1/rps6kb1b/pid1,47
CC,GO:0016469,proton-transporting two-sector ATPase complex,15/2610,52/19331,0.288461538,2.136494253,3.242139679,0.002853425,0.058138544,0.053063701,atp5pf/atp6v0cb/atp5pd/atp6v0b/atp6v1f/atp6ap1a/atp6v1ba/ccdc115/atp6v1ab/atp5mea/atp6v1e1b/atp5meb/atp6v1c1a/atp5pb/atp5mc1,15
MF,GO:0016705,"oxidoreductase activity, acting on paired donors, with incorporation or reduction of molecular oxygen",45/2489,221/18430,0.20361991,1.507719941,3.000425597,0.002897756,0.090037416,0.081812583,cyp46a1.5/th2/cyp27c1/cyp27b1/kdm6ba/kmo/tet2/cyp2k21/tmlhe/cyp2ad2/jmjd7/phyh/mical3a/mical2b/ubiad1/p4ha2/hmox1a/cyp3a65/kdm1a/pah/nos1/si:dkey-239i20.2/phyhd1/cyp2r1/kdm5a/cyp24a1/dbh/cyp46a1.1/cyp2x9/cyp7a1/bbox1/plod1a/p4ha1b/jmjd1cb/cyp2p10/kdm5ba/kdm5c/cyp27a3/ogfod3/sc5d/kdm7ab/fads2/si:dkey-239i20.4/tyw5/plod3,45
BP,GO:0009069,serine family amino acid metabolic process,9/2545,24/18773,0.375,2.766159136,3.428570349,0.002917303,0.050327651,0.044483393,agxtb/psph/tha1/agxta/sephs3/psat1/cbsb/gcshb/thnsl2,9
BP,GO:0009064,glutamine family amino acid metabolic process,16/2545,57/18773,0.280701754,2.070575259,3.205640224,0.002968377,0.050917789,0.045005001,glud1b/zgc:92040/asrgl1/aldh4a1/prodha/aldh18a1/ggh/nos1/gfpt2/amdhd1/glulb/gfpt1/gls2a/dglucy/ftcd/arg1,16
MF,GO:0052745,inositol phosphate phosphatase activity,8/2489,20/18430,0.4,2.961832061,3.468610095,0.003037121,0.091113631,0.082790486,minpp1b/bpnt1/synj1/inpp5l/minpp1a/inpp5e/inpp5b/inpp5f,8
BP,GO:0032922,circadian regulation of gene expression,11/2545,33/18773,0.333333333,2.45880812,3.321521098,0.003053199,0.051784312,0.0457709,bhlhe40/per2/nr1d2a/ciarta/nampt1/cry2/hdac3/cry3a/nfil3-6/egr1/mycbp2,11
BP,GO:0051303,establishment of chromosome localization,11/2545,33/18773,0.333333333,2.45880812,3.321521098,0.003053199,0.051784312,0.0457709,ccnb1/aurkb/ndel1b/knl1/ndc80/nuf2/si:dkey-25o16.4/ska3/knstrn/ska1/si:ch211-161h7.4,11
BP,GO:0019748,secondary metabolic process,7/2545,16/18773,0.4375,3.227185658,3.529404134,0.003109805,0.052203734,0.046141617,qdpra/bdh2/acmsd/mfsd12a/zgc:153372/ddt/trpm7,7
BP,GO:0006536,glutamate metabolic process,8/2545,20/18773,0.4,2.950569745,3.456270871,0.003112511,0.052203734,0.046141617,glud1b/zgc:92040/aldh4a1/prodha/amdhd1/gls2a/dglucy/ftcd,8
BP,GO:0051253,negative regulation of RNA metabolic process,71/2545,382/18773,0.185863874,1.371010811,2.901230539,0.003258727,0.054354124,0.048042295,cbx7a/nr0b2a/id4/mbd3b/aurkb/e2f7/hexim1/nr2f6a/bhlhe40/zbtb1/per2/smad2/tegt/mbd3a/znf703/nr1d2b/igf2bp3/zbtb16a/gatad2b/lhx9/si:dkey-28a3.2/nr2f1a/nr2f2/hdac4/impact/ciarta/nab1b/ldb2a/nfil3/gatad2ab/sirt1/ybx1/mycb/phc1/chd8/nr1d4a/rargb/cry2/igf2bp2a/hdac3/cry3a/znf503/zc3h4/kctd15a/tent5c/cnbpa/prdm12b/cbfa2t2/prdm5/si:ch211-132b12.7/skila/id2a/raraa/nr1h5/zbtb34/nr2f6b/sox3/zbtb20/rnf2/pdcd4a/sox4b/samd7/rnf168/dhx34/nr1d4b/hinfp/si:dkey-19b23.10/patz1/nr1i2/bcor/cbx8b,71
BP,GO:0009150,purine ribonucleotide metabolic process,38/2545,180/18773,0.211111111,1.557245143,2.974914417,0.003316476,0.054882222,0.048509068,enpp1/ampd2b/gck/prkag2b/aprt/pde4ca/gart/impdh1a/hkdc1/gapdh/slc38a9/adka/atp5pf/pde4bb/nt5c2b/adcy6a/atp5pd/ak4/npr1a/atp6v1ba/ak2/atp6v1ab/atp5mea/aldob/papss2b/atp5meb/hk2/hint1/atpsckmt/eno1a/nme2b.1/gucy1a2/nudt4a/tpi1b/atp5pb/atp5mc1/pklr/hprt1,38
BP,GO:0043603,amide metabolic process,50/2545,252/18773,0.198412698,1.463576262,2.933971633,0.003333135,0.054882222,0.048509068,gstt1a/gstk1/gstr/bace2/gstt2/aclya/sgms2a/asah1b/hoga1/ormdl3/elovl6/pdk2a/cers1/acsl3b/pdk4/pank1b/urad/gstz1/hexa/sgms1b/amdhd1/sptlc2b/gstm.1/neu1/hmgcra/acot7/fitm2/acer2/st6galnac5a/acot20/cel.1/acacb/mlycd/acot11a/pdk1/furina/tlcd3ba/ormdl2/pdhb/cers6/gstt1b/smpd1/cers2b/ggt1a/dhfr/ftcd/arg1/tlcd3bb/ethe1/pcsk5a,50
BP,GO:0051983,regulation of chromosome segregation,12/2545,38/18773,0.315789474,2.329397167,3.248526135,0.003344925,0.054882222,0.048509068,mki67/aurkb/mad2l1/ttk/bub1bb/ndc80/kntc1/mos/zw10/anapc15/zwilch/anapc5,12
MF,GO:0015605,organophosphate ester transmembrane transporter activity,13/2489,43/18430,0.302325581,2.238594,3.213019149,0.003407309,0.094817459,0.086155973,slc37a4a/slc25a33/mfsd2ab/slc25a51a/slc25a42/slc25a25a/slc35d1a/slc35b2/slc25a24/slc35d2/slc25a5/slc44a4/slc35a5,13
MF,GO:0008483,transaminase activity,10/2489,29/18430,0.344827586,2.553303501,3.307806984,0.003435178,0.094817459,0.086155973,agxtb/agxta/got1/gfpt2/gfpt1/aadat/got2a/zgc:110843/psat1/kyat1,10
MF,GO:0008374,O-acyltransferase activity,14/2489,48/18430,0.291666667,2.159669211,3.178805218,0.003487539,0.094817459,0.086155973,dgat2/prdx6/soat2/cpt1b/gpat4/mogat2/lrata/cpt1ab/lratb.1/cpt2/crot/zgc:154046/gpat3/dgat1b,14
BP,GO:0007052,mitotic spindle organization,17/2545,63/18773,0.26984127,1.990463717,3.118448802,0.00351329,0.057333087,0.050675328,kif11/plk1/aurkb/prc1b/dlgap5/kif4/clasp1a/ndc80/nuf2/cenph/ckap5/kif23/tacc2/vcp/racgap1/tpx2/map9,17
BP,GO:0045892,negative regulation of DNA-templated transcription,65/2545,346/18773,0.187861272,1.385744461,2.86798646,0.003661641,0.059114941,0.052250266,cbx7a/nr0b2a/id4/mbd3b/aurkb/e2f7/hexim1/nr2f6a/bhlhe40/zbtb1/per2/smad2/mbd3a/znf703/nr1d2b/zbtb16a/gatad2b/lhx9/si:dkey-28a3.2/nr2f1a/nr2f2/hdac4/impact/ciarta/nab1b/ldb2a/nfil3/gatad2ab/sirt1/mycb/phc1/chd8/nr1d4a/rargb/cry2/hdac3/cry3a/znf503/zc3h4/kctd15a/cnbpa/prdm12b/cbfa2t2/prdm5/si:ch211-132b12.7/skila/id2a/raraa/nr1h5/zbtb34/nr2f6b/sox3/zbtb20/rnf2/pdcd4a/sox4b/samd7/rnf168/nr1d4b/hinfp/si:dkey-19b23.10/patz1/nr1i2/bcor/cbx8b,65
BP,GO:1902679,negative regulation of RNA biosynthetic process,65/2545,346/18773,0.187861272,1.385744461,2.86798646,0.003661641,0.059114941,0.052250266,cbx7a/nr0b2a/id4/mbd3b/aurkb/e2f7/hexim1/nr2f6a/bhlhe40/zbtb1/per2/smad2/mbd3a/znf703/nr1d2b/zbtb16a/gatad2b/lhx9/si:dkey-28a3.2/nr2f1a/nr2f2/hdac4/impact/ciarta/nab1b/ldb2a/nfil3/gatad2ab/sirt1/mycb/phc1/chd8/nr1d4a/rargb/cry2/hdac3/cry3a/znf503/zc3h4/kctd15a/cnbpa/prdm12b/cbfa2t2/prdm5/si:ch211-132b12.7/skila/id2a/raraa/nr1h5/zbtb34/nr2f6b/sox3/zbtb20/rnf2/pdcd4a/sox4b/samd7/rnf168/nr1d4b/hinfp/si:dkey-19b23.10/patz1/nr1i2/bcor/cbx8b,65
BP,GO:0051656,establishment of organelle localization,43/2545,211/18773,0.203791469,1.503252358,2.911262247,0.003737681,0.060021597,0.053051637,ccnb1/syne2a/aurkb/trak1a/sar1ab/ndel1b/cep83/aspm/spire1a/nusap1/knl1/cadpsa/clasp1a/ndc80/nuf2/pard3ab/synj1/llgl1/kif23/zgc:154077/si:dkey-25o16.4/lmna/ska3/rab3ip/bbip1/nmd3/stxbp3/rhoab/dnm1b/npm1a/f8a/inpp5e/inpp5b/si:ch211-200p22.4/cdc42/scrib/knstrn/ska1/kif13ba/stard3/myo5b/si:ch211-161h7.4/vangl2,43
BP,GO:0071375,cellular response to peptide hormone stimulus,19/2545,74/18773,0.256756757,1.893946796,3.051300692,0.003854885,0.061576182,0.054425697,nr4a3/nr4a1/pik3r3b/igf2b/pck1/pdk4/stat5a/pik3r1/ghra/irs2b/socs7/lpin1a/grb10a/tsc2/tns2a/gsk3ba/si:ch73-335l21.1/rps6kb1b/pid1,19
BP,GO:0016055,Wnt signaling pathway,56/2545,291/18773,0.192439863,1.41951809,2.856204974,0.003954034,0.062733672,0.055448775,fzd8a/bcl9l/id4/tet2/wnt11/adgra2/znf703/nlk1/tcf7/dmxl2/bcl9/zranb1b/fzd7a/invs/ndp/amotl2a/trabd2a/draxina/fzd5/nipblb/bambia/znrf3/kremen1/adnpb/ndrg2/frzb/chd8/sulf2b/cdk5rap3/rnf25/axin1/stk3/lgr4/nlk2/dub/kctd15a/rhoab/grb10a/pygo2/prdm5/atp6ap2/ubr5/dixdc1a/ctnnb1/tsc2/strn/cdkn2aip/fam53b/tnksa/ppp2r3a/rab8b/gsk3ba/csnk1g2a/gid8b/wnt5b/vangl2,56
BP,GO:0050000,chromosome localization,11/2545,34/18773,0.323529412,2.386490235,3.20442222,0.003968907,0.062733672,0.055448775,ccnb1/aurkb/ndel1b/knl1/ndc80/nuf2/si:dkey-25o16.4/ska3/knstrn/ska1/si:ch211-161h7.4,11
BP,GO:1902532,negative regulation of intracellular signal transduction,39/2545,188/18773,0.207446809,1.530215692,2.893456018,0.004061526,0.063863264,0.056447194,deptor/sesn1/bcl2l1/il17rd/dusp5/si:dkey-175m17.7/sh3bp4a/uacab/gpatch3/bcl6aa/nlrx1/bco2l/dusp2/nck2a/tnfaip1/si:dkey-237i9.1/cd74b/nfkbiaa/dusp13a/adgrl2a/arhgap29a/cd74a/nf1a/pik3ip1/spred2b/vhl/strn3/tp53bp2b/tsc2/stambpa/rnf2/si:ch211-247j9.1/arnt/gsk3ba/castor2/aida/grk5l/dusp10/bcor,39
CC,GO:0000785,chromatin,76/2610,419/19331,0.181384248,1.343424867,2.807857591,0.004128843,0.078347964,0.071509066,h1-0/klf6a/smc2/kansl1l/esr2b/zgc:110425/brd3b/esco2/si:dkey-108k21.10/smad2/kat6a/cfdp1/kansl1a/ep300b/mms22l/kdm1a/nsd1a/zmiz2/setd5/gatad2b/nr6a1a/cbx1a/tcf7/hells/kansl3/chd1/rnf20/bicra/hmgn3/gatad2ab/taf5l/sirt1/smarcb1a/chd8/jmjd1cb/smarcd1/glyr1/mgaa/jade3/h2ax1/kdm5ba/kdm5c/pias4a/si:ch1073-153i20.5/bicral/smarcc1b/skic8/bptf/dpf3/tbx2b/histh1l2/crebbpa/tada2a/rb1/zgc:113984/si:ch211-168d23.3/tasorb/hmgn1a/si:dkey-261m9.12/jarid2a/tada3l/tonsl/phf20b/cecr2/phf10/pias2/hpf1/tp53/msl2b/h2az2a/epc1a/ino80c/brd2a/ino80/cbx8b/ino80b,76
BP,GO:0090504,epiboly,20/2545,80/18773,0.25,1.84410609,2.996188901,0.004276827,0.066900208,0.059131475,epcam/cldne/gdf3/megf8/rhov/ezrb/fzd7a/sdc3/pou5f3/cdk5rap3/rhoab/cyth1a/map9/cdh1/apoa2/rnf111/si:ch211-247j9.1/g6pd/sdc2/npc1,20
CC,GO:0000314,organellar small ribosomal subunit,8/2610,21/19331,0.380952381,2.821528918,3.299587412,0.004325961,0.078347964,0.071509066,mrps24/mrps35/mrps7/mrps22/mrps11/mrps6/mrps18c/mrps31,8
CC,GO:0005763,mitochondrial small ribosomal subunit,8/2610,21/19331,0.380952381,2.821528918,3.299587412,0.004325961,0.078347964,0.071509066,mrps24/mrps35/mrps7/mrps22/mrps11/mrps6/mrps18c/mrps31,8
BP,GO:0055113,epiboly involved in gastrulation with mouth forming second,15/2545,54/18773,0.277777778,2.049006767,3.057035726,0.004409063,0.068000888,0.06010434,epcam/cldne/gdf3/megf8/rhov/sdc3/pou5f3/cdk5rap3/cyth1a/map9/cdh1/apoa2/rnf111/sdc2/npc1,15
BP,GO:0072522,purine-containing compound biosynthetic process,37/2545,177/18773,0.209039548,1.541964415,2.868892682,0.004414945,0.068000888,0.06010434,ampd2b/aclya/kmo/ido1/aprt/gart/elovl6/pdk2a/impdh1a/pdk4/adka/atp5pf/pank1b/adcy6a/atp5pd/ak4/npr1a/kynu/ak2/atp5mea/papss2b/atp5meb/nampt1/prpsap2/acacb/mlycd/atpsckmt/pdk1/aspdh/nme2b.1/gucy1a2/pdhb/mtap/nadkb/atp5pb/atp5mc1/hprt1,37
BP,GO:0031099,regeneration,45/2545,225/18773,0.2,1.475284872,2.840294505,0.00442862,0.068000888,0.06010434,gck/col1a1a/igf2b/top2a/hmmr/foxm1/junbb/cebpd/esco2/anxa1a/plcg1/m17/ttk/notch1b/jag1b/cldn3d/cdh2/dspb/mustn1a/dusp2/mvp/igfbp1a/fitm2/tnfrsf1a/atp6v1e1b/sirt1/mycb/cntf/pou5f3/axin1/ccn1/smn1/tubb5/six3b/il4r.1/large1/hbegfa/hspa8/fam53b/adamts9/larp7/srebf1/mycbp2/alms1/wnt5b,45
BP,GO:0045839,negative regulation of mitotic nuclear division,8/2545,21/18773,0.380952381,2.810066423,3.286601349,0.004437289,0.068000888,0.06010434,mad2l1/ttk/bub1bb/ndc80/kntc1/zw10/anapc15/zwilch,8
BP,GO:0072529,pyrimidine-containing compound catabolic process,6/2545,13/18773,0.461538462,3.404503551,3.43437211,0.004506754,0.068029445,0.060129581,aldh6a1/zgc:103586/cdab/dctd/dpys/cdadc1,6
BP,GO:1902253,regulation of intrinsic apoptotic signaling pathway by p53 class mediator,6/2545,13/18773,0.461538462,3.404503551,3.43437211,0.004506754,0.068029445,0.060129581,bcl6aa/cd74b/cd74a/rnf2/tp53/bcor,6
BP,GO:1902969,mitotic DNA replication,6/2545,13/18773,0.461538462,3.404503551,3.43437211,0.004506754,0.068029445,0.060129581,mcm2/gins1/mcm6/cdc45/rad51/mcm3,6
BP,GO:0048562,embryonic organ morphogenesis,85/2545,477/18773,0.178197065,1.314457171,2.754921851,0.004629884,0.069540395,0.061465073,hspg2/epcam/fzd8a/fabp3/mapre2/bmper/gdf3/ttll11/cacna1c/wnt11/cldn3c/rerea/plxna3/caspa/hs6st2/msx1a/mical2b/kat6a/ep300b/pacsin1b/znf703/pkp2/jag1b/msx3/lum/mfap5/ttc36/pard3ab/cdh2/crispld2/bcl9/sparc/llgl1/atp6v1f/snx10a/hdac4/invs/tln1/gfpt1/ttc4/bicra/nipblb/pbx4/plcb3/tp73/adap2/atp2a2a/mgaa/znf503/axin1/fn1a/apex1/furina/bmp4/dub/ccdc57/clrn2/pygo2/odad4/cnbpa/six3b/tbx2b/prdm5/pmm2/cxcr4a/smo/disc1/slc12a2/med12/dhfr/dhrs9/sox3/ppp2r3a/rnf2/gon4lb/sox4b/egr1/gsk3ba/itga5/npc2.1/npc1/grk5l/slc44a4/wnt5b/vangl2,85
BP,GO:0010648,negative regulation of cell communication,86/2545,484/18773,0.17768595,1.310686973,2.742315458,0.004776302,0.071032787,0.062784162,tcima/bcl9l/si:ch211-284o19.8/deptor/cblc/socs2/sesn1/rerea/fbxw7/bcl2l1/scube2/il17rd/tegt/dusp5/socs3b/si:dkey-175m17.7/sh3bp4a/uacab/gpatch3/bcl6aa/nlrx1/gatad2b/bco2l/nlk1/dusp2/nck2a/tnfaip1/si:dkey-237i9.1/mrap2a/ldb2a/trabd2a/draxina/fzd5/cd74b/rgs6/bambia/znrf3/nfkbiaa/kremen1/chd8/sulf2b/dusp13a/sufu/adgrl2a/arhgap29a/socs7/cdk5rap3/rargb/zfyve28/cd74a/axin1/stk3/lgr4/nf1a/pias4a/pik3ip1/spred2b/si:ch211-194k22.8/grb10a/vhl/smurf2/strn3/skila/tp53bp2b/tsc2/socs1b/tns2a/usp4/slc25a5/parp14rs1/stambpa/rnf2/si:ch211-247j9.1/gpr155b/sox4b/arnt/gsk3ba/castor2/nomo/aida/ptbp1a/grk5l/dusp10/pid1/bcor/vangl2,86
BP,GO:0023057,negative regulation of signaling,86/2545,484/18773,0.17768595,1.310686973,2.742315458,0.004776302,0.071032787,0.062784162,tcima/bcl9l/si:ch211-284o19.8/deptor/cblc/socs2/sesn1/rerea/fbxw7/bcl2l1/scube2/il17rd/tegt/dusp5/socs3b/si:dkey-175m17.7/sh3bp4a/uacab/gpatch3/bcl6aa/nlrx1/gatad2b/bco2l/nlk1/dusp2/nck2a/tnfaip1/si:dkey-237i9.1/mrap2a/ldb2a/trabd2a/draxina/fzd5/cd74b/rgs6/bambia/znrf3/nfkbiaa/kremen1/chd8/sulf2b/dusp13a/sufu/adgrl2a/arhgap29a/socs7/cdk5rap3/rargb/zfyve28/cd74a/axin1/stk3/lgr4/nf1a/pias4a/pik3ip1/spred2b/si:ch211-194k22.8/grb10a/vhl/smurf2/strn3/skila/tp53bp2b/tsc2/socs1b/tns2a/usp4/slc25a5/parp14rs1/stambpa/rnf2/si:ch211-247j9.1/gpr155b/sox4b/arnt/gsk3ba/castor2/nomo/aida/ptbp1a/grk5l/dusp10/pid1/bcor/vangl2,86
BP,GO:0005975,carbohydrate metabolic process,65/2545,350/18773,0.185714286,1.369907381,2.766390665,0.004806326,0.071128917,0.062869129,si/gck/nr4a1/dcxr/ppp1r3cb/gyg2/prkag2b/dgat2/gyg1b/gpd1b/chst7/g6pc1a.2/pck1/pdk2a/hkdc1/man1a2/gapdh/pdk4/st8sia6/slc38a9/treh/lancl2/pfkfb3/st8sia2/pfkfb1/ppp1r3b/cyp2r1/hexa/slc3a2a/cs/si:ch73-62b13.1/akr1a1b/aldob/gaa2/neu1/edem2/st6galnac5a/idh1/hk2/si:dkey-199f5.8/glb1l/khk/man1a1/eno1a/pdk1/enosf1/pdhb/slc3a1/ppp1cc/pmm2/si:ch211-152c8.5/fbp2/ugp2b/tpi1b/atg2a/rgn/pgls/edem3/g6pd/gbgt1l1/pklr/pgm3/tkfc/zgc:172295/man1b1b,65
BP,GO:0048878,chemical homeostasis,76/2545,420/18773,0.180952381,1.334781551,2.747889703,0.004847617,0.071390021,0.063099912,hamp/zgc:162608/enpp1/cnnm2b/gck/atp13a2/angptl4/dgat2/tmem175/lipg/atp1b1b/akr1a1a/anxa6/tm6sf2b/cahz/slc4a2b/ormdl3/ldlra/pck1/plce1/foxo4/zgc:153039/hkdc1/apoeb/tfr1a/slc12a7b/aqp1a.1/slc40a1/cln8/plcg1/arl15b/tjp3/selenon/bdh2/cln3/apoba/smdt1b/dmxl2/atp1b3b/mtch2/fthl27/atp6ap1a/atp6v1ba/ccdc115/akr1a1b/hpxa/surf4/adck1/fitm2/cyp7a1/atp2a2b/plcb3/zgc:110843/glrx3/hk2/atp2a2a/plch1/itpr1b/ryr1a/slc39a9/tlcd3ba/ormdl2/aspscr1/slc35g1/rgn/slc12a2/wnk2/slc9a7/pnpla3/tlcd3bb/atp1b1a/atp13a1/apobb.1/npc1/wnt5b/trpm7,76
CC,GO:0000307,cyclin-dependent protein kinase holoenzyme complex,11/2610,35/19331,0.314285714,2.327761357,3.106171704,0.004934226,0.083201262,0.075938726,ccnb1/ccni2/cks1b/cdkn1a/ccnb2/ccnb3/ccna2/cks2/ccnt2a/cdk12/ccng2,11
CC,GO:0090533,cation-transporting ATPase complex,11/2610,35/19331,0.314285714,2.327761357,3.106171704,0.004934226,0.083201262,0.075938726,atp1b1b/atp6v0cb/atp6v0b/atp1b3b/atp6v1f/atp6ap1a/atp6v1ba/ccdc115/atp6v1ab/atp6v1c1a/atp1b1a,11
BP,GO:0022613,ribonucleoprotein complex biogenesis,60/2545,319/18773,0.188087774,1.38741524,2.763716245,0.004948373,0.072287229,0.063892933,rps27.1/mphosph10/sart1/prmt7/rrp36/bud23/rrp7a/rsrp1/utp3/c1d/znf593/nsa2/las1l/ddx49/srpk1a/isy1/rpf2/sbds/gnl3l/nop10/mrto4/rpl5a/rpl7l1/khdc4/mrps7/tma16/noc4l/mrpl44/rpl14/rcl1/sf3b1/nmd3/rpf1/nop14/esf1/prpf18/smn1/srfbp1/npm1a/mak16/snrpd3l/scaf11/nopchap1/prpf31/znf622/ddx27/mettl5/rsl24d1/tfb1m/bop1/ddx54/znhit6/si:dkey-251i10.3/pin4/luc7l3/riok1/pop5/rpl35/pno1/rbm34,60
BP,GO:0009205,purine ribonucleoside triphosphate metabolic process,24/2545,103/18773,0.233009709,1.718778492,2.896731174,0.004956428,0.072287229,0.063892933,enpp1/gck/prkag2b/impdh1a/hkdc1/gapdh/slc38a9/atp5pf/atp5pd/ak4/atp6v1ba/ak2/atp6v1ab/atp5mea/aldob/atp5meb/hk2/atpsckmt/eno1a/nme2b.1/tpi1b/atp5pb/atp5mc1/pklr,24
MF,GO:0031490,chromatin DNA binding,16/2489,60/18430,0.266666667,1.974554707,2.987671354,0.004974489,0.128870947,0.117098707,h1-0/si:ch211-103n10.5/zgc:110425/si:dkey-108k21.10/ep300b/tox3/nipblb/hmgn3/jmjd1cb/sbno1/histh1l2/crebbpa/hmgn1a/si:dkey-261m9.12/med12/sbno2a,16
BP,GO:0031399,regulation of protein modification process,22/2545,92/18773,0.239130435,1.763927565,2.908792227,0.005022689,0.072901436,0.064435816,cdc20/n4bp1/fktn/birc5a/il34/ppp1r15b/ubxn1/dcun1d4/prkar2aa/zfyve28/axin1/klhl31/camk2n1a/tpx2/hdac10/smo/bag5/prkar1ab/prrc1/mrnip/yes1/aida,22
BP,GO:0009165,nucleotide biosynthetic process,33/2545,155/18773,0.212903226,1.570464541,2.824194856,0.005167933,0.07465067,0.065981921,ampd2b/kmo/ido1/aprt/gart/umps/impdh1a/adka/atp5pf/rrm1/tyms/kars1/adcy6a/atp5pd/ak4/npr1a/kynu/ak2/atp5mea/papss2b/atp5meb/nampt1/prpsap2/atpsckmt/aspdh/nme2b.1/gucy1a2/nadkb/cmpk2/atp5pb/atp5mc1/hprt1/dhodh,33
MF,GO:0016538,cyclin-dependent protein serine/threonine kinase regulator activity,13/2489,45/18430,0.288888889,2.139100933,3.023028209,0.005249737,0.128870947,0.117098707,ccnb1/ccni2/cks1b/ccnl1a/hexim1/cdkn1a/ccnb2/ccnb3/ccna2/cks2/cdkn1d/ccnt2a/ccng2,13
MF,GO:0140993,histone modifying activity,31/2489,144/18430,0.215277778,1.594041561,2.827771227,0.005252247,0.128870947,0.117098707,kdm6ba/prmt7/kat6a/ep300b/kdm1a/nsd1a/kdm5a/kmt5aa/sirt5/sirt3/hdac4/smyd1b/mindy2/sirt1/jmjd1cb/kmt2cb/kdm5ba/hdac3/kdm5c/kmt2ca/crebbpa/ash1l/kmt2bb/kdm7ab/si:dkey-103i16.6/padi2/smyd3/rnf2/setbp1/setd7/setd1a,31
BP,GO:0006790,sulfur compound metabolic process,44/2545,221/18773,0.199095023,1.468609375,2.775098538,0.00527918,0.075894501,0.067081313,gstt1a/gstk1/sult1st3/csad/gstr/tstd1/gstt2/aclya/chst7/elovl6/pdk2a/acsl3b/hs6st2/pdk4/suox/pank1b/gstz1/mmut/si:ch73-62b13.1/gstm.1/hmgcra/acot7/fitm2/sult3st1/acot20/papss2b/sult1st2/xylt2/bhmt/acacb/mlycd/acot11a/pdk1/sult1st6/cbsb/pdhb/ahcyl2b/tpk1/mtap/gstt1b/ggt1a/ext1b/ahcy/ethe1,44
BP,GO:0046434,organophosphate catabolic process,29/2545,132/18773,0.21969697,1.620578079,2.833449391,0.005320459,0.076039813,0.067209751,enpp1/gck/prkag2b/gpd1b/dnph1/abhd12/pde4ca/hkdc1/gapdh/slc38a9/pde4bb/plcg1/itpa/entpd1/nudt17/plpp6/pld1a/aldob/fitm2/hk2/mlycd/hint1/eno1a/gdpd1/nudt4a/tpi1b/smpd1/pklr/pla2g4f.1,29
MF,GO:0042393,histone binding,32/2489,150/18430,0.213333333,1.579643766,2.816594038,0.005332591,0.128870947,0.117098707,cks1b/nasp/brd3b/anp32b/setd5/cbx1a/ncapd3/phf6/chd1/ptmaa/cks2/phc1/chd8/glyr1/sbno1/mllt3/tp53bp1/smarcc1b/bptf/dpf3/npm1a/spty2d1/ncapd2/npm3/tonsl/hpf1/sbno2a/samd7/rnf168/brd2a/ino80/cbx8b,32
BP,GO:0060249,anatomical structure homeostasis,23/2545,98/18773,0.234693878,1.731201636,2.873998609,0.005344981,0.076039813,0.067209751,abcc6a/syne2a/dram2b/acp5b/hsf4/bcl2l1/ttk/tjp3/ift74/tjp1b/usp45/ift172/pgrmc1/chd8/sulf2b/tert/mipa/nrf1/cdc42/prrc1/tp53/ift57/ptbp1a,23
BP,GO:0006270,DNA replication initiation,9/2545,26/18773,0.346153846,2.553377664,3.138806237,0.005415224,0.076039813,0.067209751,mcm5/mcm2/prim2/orc3/mcm6/cdt1/cdc45/mcm7/mcm3,9
BP,GO:0007091,metaphase/anaphase transition of mitotic cell cycle,9/2545,26/18773,0.346153846,2.553377664,3.138806237,0.005415224,0.076039813,0.067209751,mad2l1/ttk/bub1bb/ndc80/kntc1/zw10/anapc15/zwilch/anapc5,9
BP,GO:0022600,digestive system process,9/2545,26/18773,0.346153846,2.553377664,3.138806237,0.005415224,0.076039813,0.067209751,flna/chd8/f11r.1/cel.1/tert/tp53/myo5b/npc1/ptbp1a,9
BP,GO:1902652,secondary alcohol metabolic process,20/2545,82/18773,0.243902439,1.799127893,2.871928436,0.005754964,0.080074919,0.070776284,zgc:162608/cyp46a1.5/scap/cyp27b1/soat2/ldlra/lbr/apoeb/cyp2r1/cyp46a1.1/cyp7a1/idh1/cyp27a3/tm7sf2/srebf2/sc5d/hsd17b7/dhcr7/fgf1a/npc2.1,20
BP,GO:0071824,protein-DNA complex organization,22/2545,93/18773,0.23655914,1.744960602,2.852022911,0.005755633,0.080074919,0.070776284,h1-0/nasp/zgc:110425/si:dkey-108k21.10/kat6a/dlgap5/cenpi/cdt1/cenph/polr1e/chd1/kntc1/cenpx/cdc45/pou5f3/rad51/spty2d1/histh1l2/si:dkey-261m9.12/itgb3bp/cenpk/si:ch211-161h7.4,22
BP,GO:0015980,energy derivation by oxidation of organic compounds,38/2545,186/18773,0.204301075,1.507011429,2.751922748,0.00588095,0.08144307,0.071985559,cox4i2/ppp1r3cb/slc25a55a/gyg2/gyg1b/etfdh/cox6a2/si:ch73-141c7.1/ogdha/ppargc1a/ppp1r3b/cox5b2/cs/mrap2a/sdhc/aco1/aco2/cox5aa/idh1/khk/atpsckmt/mdh1aa/smn1/uqcrq/prkn/ppp1cc/si:ch211-152c8.5/cox7a1/ndufs6/ugp2b/atg2a/smpd1/ndufb8/ogdhb/uqcrb/ndufv2/ndufa7/uqcrh,38
MF,GO:0030291,protein serine/threonine kinase inhibitor activity,8/2489,22/18430,0.363636364,2.692574601,3.138783851,0.00601247,0.132918793,0.120776786,hexim1/cdkn1a/cdkn1d/prkar2aa/camk2n1a/inka1b/prkar1ab/si:dkey-112a7.4,8
BP,GO:0007586,digestion,10/2545,31/18773,0.322580645,2.37949173,3.044098127,0.00606623,0.083335322,0.073658075,flna/chd8/f11r.1/cel.1/tert/vps51/tp53/myo5b/npc1/ptbp1a,10
MF,GO:0016298,lipase activity,24/2489,105/18430,0.228571429,1.692475463,2.811788173,0.006088735,0.132918793,0.120776786,prdx6/abhd3/lipg/abhd12/plce1/jmjd7/plcg1/pld1a/pitpnm3/abhd15a/plcb1/plcb3/abhd6a/dagla/cel.1/plch1/pla2g12a/gdpd1/abhd2a/smpd1/pnpla3/plb1/pla1a/pla2g4f.1,24
BP,GO:0006914,autophagy,46/2545,235/18773,0.195744681,1.443895832,2.711753607,0.006115167,0.083335322,0.073658075,ulk2/atp13a2/plekhm1/asah1b/nipsnap3a/dram2b/sesn1/si:ch211-260e23.9/atg16l1/stx12/sh3bp4a/tgfbrap1/rubcn/nipsnap1/sqstm1/tbc1d25/wdr81/epg5/atp2a2b/zgc:110843/atg4c/atp2a2a/smcr8a/atg9a/fundc1/clec16a/vcp/ilrun/keap1b/si:ch211-153b23.5/prkn/hdac10/sting1/dnajc16l/nsfl1c/tex264a/dap1b/atg2a/emc6/hspa8/dram1/spata18/tp53/gsk3ba/si:ch211-63o20.7/wdfy3,46
BP,GO:0061919,process utilizing autophagic mechanism,46/2545,235/18773,0.195744681,1.443895832,2.711753607,0.006115167,0.083335322,0.073658075,ulk2/atp13a2/plekhm1/asah1b/nipsnap3a/dram2b/sesn1/si:ch211-260e23.9/atg16l1/stx12/sh3bp4a/tgfbrap1/rubcn/nipsnap1/sqstm1/tbc1d25/wdr81/epg5/atp2a2b/zgc:110843/atg4c/atp2a2a/smcr8a/atg9a/fundc1/clec16a/vcp/ilrun/keap1b/si:ch211-153b23.5/prkn/hdac10/sting1/dnajc16l/nsfl1c/tex264a/dap1b/atg2a/emc6/hspa8/dram1/spata18/tp53/gsk3ba/si:ch211-63o20.7/wdfy3,46
BP,GO:0007099,centriole replication,8/2545,22/18773,0.363636364,2.682336131,3.126644916,0.006155607,0.083335322,0.073658075,cp110/c2cd3/cetn2/wdr62/cenpj/si:dkey-243i1.1/cep63/alms1,8
BP,GO:0031400,negative regulation of protein modification process,8/2545,22/18773,0.363636364,2.682336131,3.126644916,0.006155607,0.083335322,0.073658075,n4bp1/ubxn1/zfyve28/klhl31/camk2n1a/smo/bag5/aida,8
CC,GO:0019773,"proteasome core complex, alpha-subunit complex",5/2610,10/19331,0.5,3.703256705,3.378139236,0.00623975,0.101707928,0.092829967,psma6l/psma2a/psma6b/psma4/psma8,5
MF,GO:0042578,phosphoric ester hydrolase activity,74/2489,413/18430,0.179176755,1.326728647,2.65354559,0.006252726,0.132918793,0.120776786,enpp1/plcxd1/minpp1b/psph/ssh1a/pptc7b/g6pc1a.2/pde4ca/plce1/plcxd3/acp5b/si:ch211-15p9.2/bpnt1/ptprb/pde4bb/ptprk/plcg1/pfkfb3/pfkfb1/dusp5/si:dkey-175m17.7/pptc7a/acp6/nt5c2b/ppap2d/ptprt/si:dkey-51e6.1/cdkn3/synj1/plpp6/pld1a/dusp2/ctdspl3/phlpp1/dusp22a/ppm1la/tns3.2/ptprz1b/pdp2/plcb1/inpp5l/nt5c2l1/tns1b/si:ch1073-184j22.2/enpp6/mtmr1b/plcb3/dusp13a/minpp1a/pde5ab/lpin1a/plch1/cdc25b/acp2/ctdspl2a/apex1/nt5dc2/acp1/gdpd1/ppp1cc/inpp5e/inpp5b/mtmr7b/mtmr6/fbp2/smpd1/inpp5f/tns2a/ptpn23a/inpp4ab/ctdsp2/pip4p1b/ptprdb/dusp10,74
MF,GO:0016791,phosphatase activity,58/2489,311/18430,0.186495177,1.380918485,2.677014249,0.006253946,0.132918793,0.120776786,minpp1b/psph/ssh1a/pptc7b/g6pc1a.2/acp5b/si:ch211-15p9.2/bpnt1/ptprb/ptprk/pfkfb3/pfkfb1/dusp5/si:dkey-175m17.7/pptc7a/acp6/nt5c2b/ppap2d/ptprt/si:dkey-51e6.1/cdkn3/synj1/plpp6/dusp2/ctdspl3/phlpp1/dusp22a/ppm1la/tns3.2/ptprz1b/pdp2/inpp5l/nt5c2l1/tns1b/si:ch1073-184j22.2/mtmr1b/dusp13a/minpp1a/lpin1a/cdc25b/acp2/ctdspl2a/nt5dc2/acp1/ppp1cc/inpp5e/inpp5b/mtmr7b/mtmr6/fbp2/inpp5f/tns2a/ptpn23a/inpp4ab/ctdsp2/pip4p1b/ptprdb/dusp10,58
MF,GO:1901618,organic hydroxy compound transmembrane transporter activity,11/2489,36/18430,0.305555556,2.262510602,2.996082346,0.006263989,0.132918793,0.120776786,aqp7/slc10a4/slc16a1a/slc16a1b/aqp1a.1/rbp4/slc6a4a/slc10a3/slco1e1/slco1d1/slc6a2,11
BP,GO:0009141,nucleoside triphosphate metabolic process,27/2545,122/18773,0.221311475,1.632487359,2.775539234,0.00631326,0.083655212,0.073940818,enpp1/gck/prkag2b/impdh1a/hkdc1/gapdh/slc38a9/atp5pf/itpa/tyms/atp5pd/ak4/atp6v1ba/ak2/atp6v1ab/atp5mea/aldob/atp5meb/hk2/atpsckmt/eno1a/nme2b.1/tpi1b/cmpk2/atp5pb/atp5mc1/pklr,27
BP,GO:0006558,L-phenylalanine metabolic process,5/2545,10/18773,0.5,3.688212181,3.367278768,0.006351542,0.083655212,0.073940818,qdpra/fah/hgd/gstz1/pah,5
BP,GO:0006559,L-phenylalanine catabolic process,5/2545,10/18773,0.5,3.688212181,3.367278768,0.006351542,0.083655212,0.073940818,qdpra/fah/hgd/gstz1/pah,5
BP,GO:0019400,alditol metabolic process,5/2545,10/18773,0.5,3.688212181,3.367278768,0.006351542,0.083655212,0.073940818,dgat2/pck1/tpi1b/tkfc/zgc:172295,5
BP,GO:1900076,regulation of cellular response to insulin stimulus,5/2545,10/18773,0.5,3.688212181,3.367278768,0.006351542,0.083655212,0.073940818,igf2b/grb10a/tsc2/tns2a/pid1,5
BP,GO:0048545,response to steroid hormone,15/2545,56/18773,0.267857143,1.975827954,2.896115079,0.006371772,0.083655212,0.073940818,hamp/slc37a4a/pck1/junbb/esr2b/anxa1a/bcl3/pgrmc1/junba/cnn2/vhl/abhd2a/strn3/spata18/arnt,15
BP,GO:0019693,ribose phosphate metabolic process,41/2545,205/18773,0.2,1.475284872,2.709661401,0.006373203,0.083655212,0.073940818,enpp1/ampd2b/gck/prkag2b/aprt/pde4ca/gart/umps/impdh1a/hkdc1/gapdh/slc38a9/adka/atp5pf/pde4bb/nt5c2b/adcy6a/atp5pd/ak4/npr1a/atp6v1ba/ak2/atp6v1ab/atp5mea/aldob/papss2b/atp5meb/hk2/prpsap2/hint1/atpsckmt/eno1a/nme2b.1/gucy1a2/nudt4a/tpi1b/atp5pb/atp5mc1/pklr/hprt1/dhodh,41
BP,GO:0048821,erythrocyte development,14/2545,51/18773,0.274509804,2.024900805,2.902401357,0.006547746,0.084839673,0.074987734,sfxn1/klf6a/adnp2b/slc40a1/bdh2/stat5a/melk/adnpb/slc25a37/alas1/tert/klf9/clpxa/tp53,14
BP,GO:0170034,L-amino acid biosynthetic process,14/2545,51/18773,0.274509804,2.024900805,2.902401357,0.006547746,0.084839673,0.074987734,agxtb/psph/tha1/agxta/aldh18a1/pah/sephs3/got1/glulb/gls2a/bhmt/psat1/cbsb/mtap,14
BP,GO:0170038,proteinogenic amino acid biosynthetic process,14/2545,51/18773,0.274509804,2.024900805,2.902401357,0.006547746,0.084839673,0.074987734,agxtb/psph/tha1/agxta/aldh18a1/pah/sephs3/got1/glulb/gls2a/bhmt/psat1/cbsb/mtap,14
MF,GO:0001671,ATPase activator activity,7/2489,18/18430,0.388888889,2.879558948,3.152443218,0.006621596,0.137161632,0.124632046,atp1b1b/atp1b3b/atp6ap1a/ahsa1b/hscb/atp1b1a/dnajc24,7
BP,GO:0019220,regulation of phosphate metabolic process,20/2545,83/18773,0.240963855,1.777451653,2.81108808,0.006637741,0.084975098,0.075107433,prkag2b/pdk2a/pdk4/slc38a9/il34/ppp1r15b/prkar2aa/zfyve28/axin1/klhl31/atpsckmt/camk2n1a/pdk1/tpx2/smo/prkar1ab/prrc1/mrnip/yes1/aida,20
BP,GO:0051174,regulation of phosphorus metabolic process,20/2545,83/18773,0.240963855,1.777451653,2.81108808,0.006637741,0.084975098,0.075107433,prkag2b/pdk2a/pdk4/slc38a9/il34/ppp1r15b/prkar2aa/zfyve28/axin1/klhl31/atpsckmt/camk2n1a/pdk1/tpx2/smo/prkar1ab/prrc1/mrnip/yes1/aida,20
BP,GO:0006081,cellular aldehyde metabolic process,13/2545,46/18773,0.282608696,2.084641667,2.916740294,0.006642638,0.084975098,0.075107433,agxtb/akr1a1a/adh8a/hoga1/esd/bco2l/akr1a1b/idh1/rpe65a/aldh9a1a.1/tpi1b/dhrs9/bco1l,13
BP,GO:0002042,cell migration involved in sprouting angiogenesis,7/2545,18/18773,0.388888889,2.868609474,3.140963801,0.00676412,0.08616404,0.07615831,arfgef2/sirt1/fn1a/cxcr4a/cdc42/itga5/zap70,7
BP,GO:0009259,ribonucleotide metabolic process,40/2545,200/18773,0.2,1.475284872,2.676052483,0.006983245,0.088305568,0.078051155,enpp1/ampd2b/gck/prkag2b/aprt/pde4ca/gart/umps/impdh1a/hkdc1/gapdh/slc38a9/adka/atp5pf/pde4bb/nt5c2b/adcy6a/atp5pd/ak4/npr1a/atp6v1ba/ak2/atp6v1ab/atp5mea/aldob/papss2b/atp5meb/hk2/hint1/atpsckmt/eno1a/nme2b.1/gucy1a2/nudt4a/tpi1b/atp5pb/atp5mc1/pklr/hprt1/dhodh,40
BP,GO:0046164,alcohol catabolic process,6/2545,14/18773,0.428571429,3.161324726,3.203655913,0.006990736,0.088305568,0.078051155,cyp46a1.5/cyp46a1.1/cyp7a1/tpi1b/tkfc/zgc:172295,6
BP,GO:0044770,cell cycle phase transition,37/2545,182/18773,0.203296703,1.499602755,2.682105209,0.007055664,0.088754375,0.078447845,cdk1/ccnb1/ccni2/aurkb/e2f7/cdkn1a/mad2l1/foxm1/ccnb2/ttk/ccnb3/lats1/bub1bb/ndc80/cdt1/ccna2/kntc1/mos/timeless/dbf4/zw10/cdc25b/tp53bp1/tpd52l1/anapc15/fbxl15/id2a/zwilch/rb1/cxcr4a/chek2/ccng2/anapc5/cep63/mrnip/tp53/swap70b,37
BP,GO:0048732,gland development,51/2545,268/18773,0.190298507,1.403722546,2.636164594,0.007179467,0.08951377,0.079119056,epcam/lnx2a/klf6a/samm50/smc2/e2f7/pck1/cdca7a/mcm2/man1a2/bcl2l1/rbp4/selenoh/jag1b/enc3/nos1/rbm15/mtch2/sbds/abcd1/fzd5/kremen1/a2ml/mgaa/rargb/rcl1/hdac3/cebpa/srebf2/fn1a/bmp4/leg1.1/tbx2b/srp54/atp6ap2/id2a/ppdpfa/smo/hey1/ctnnb1/raraa/fads2/med12/dhrs9/pnpla3/srebf1/pklr/grna/onecut1/itga5/trpm7,51
BP,GO:0009060,aerobic respiration,24/2545,106/18773,0.226415094,1.670133818,2.739957776,0.007219781,0.08951377,0.079119056,cox4i2/cox6a2/ogdha/ppargc1a/cox5b2/cs/sdhc/aco1/aco2/cox5aa/idh1/atpsckmt/mdh1aa/smn1/uqcrq/prkn/cox7a1/ndufs6/ndufb8/ogdhb/uqcrb/ndufv2/ndufa7/uqcrh,24
BP,GO:0016236,macroautophagy,28/2545,129/18773,0.217054264,1.601084358,2.712860116,0.007234634,0.08951377,0.079119056,ulk2/atp13a2/nipsnap3a/sesn1/si:ch211-260e23.9/atg16l1/stx12/rubcn/nipsnap1/sqstm1/tbc1d25/wdr81/epg5/atp2a2b/atg4c/atp2a2a/atg9a/clec16a/vcp/ilrun/prkn/hdac10/sting1/nsfl1c/tex264a/atg2a/emc6/wdfy3,28
BP,GO:0045333,cellular respiration,28/2545,129/18773,0.217054264,1.601084358,2.712860116,0.007234634,0.08951377,0.079119056,cox4i2/slc25a55a/etfdh/cox6a2/si:ch73-141c7.1/ogdha/ppargc1a/cox5b2/cs/sdhc/aco1/aco2/cox5aa/idh1/atpsckmt/mdh1aa/smn1/uqcrq/prkn/cox7a1/ndufs6/smpd1/ndufb8/ogdhb/uqcrb/ndufv2/ndufa7/uqcrh,28
BP,GO:0001894,tissue homeostasis,22/2545,95/18773,0.231578947,1.708224589,2.740528259,0.007486476,0.092251718,0.081539061,abcc6a/syne2a/dram2b/acp5b/hsf4/bcl2l1/tjp3/ift74/tjp1b/usp45/ift172/pgrmc1/chd8/sulf2b/tert/mipa/nrf1/cdc42/prrc1/tp53/ift57/ptbp1a,22
MF,GO:0016628,"oxidoreductase activity, acting on the CH-CH group of donors, NAD or NADP as acceptor",10/2489,32/18430,0.3125,2.313931298,2.939462282,0.007564801,0.149599361,0.1359336,dus1l/lbr/ptgr2/bdh2/blvra/decr2/tm7sf2/fasn/decr1/dhcr7,10
MF,GO:0016706,2-oxoglutarate-dependent dioxygenase activity,17/2489,68/18430,0.25,1.851145038,2.778456418,0.007760778,0.149599361,0.1359336,kdm6ba/tet2/tmlhe/jmjd7/phyh/p4ha2/phyhd1/kdm5a/bbox1/plod1a/p4ha1b/jmjd1cb/kdm5ba/kdm5c/kdm7ab/tyw5/plod3,17
MF,GO:0048029,monosaccharide binding,13/2489,47/18430,0.276595745,2.048075361,2.842750858,0.007813912,0.149599361,0.1359336,gck/igf2r/hkdc1/asgr1a/p4ha2/si:ch73-343l4.8/plod1a/p4ha1b/m6pr/hk2/ogfod3/lman2/plod3,13
BP,GO:0006839,mitochondrial transport,23/2545,101/18773,0.227722772,1.679779805,2.712690163,0.007836462,0.096171861,0.085003981,slc25a55a/sfxn1/slc25a29/samm50/ppifb/slc25a33/zgc:73226/ucp1/slc25a51a/mpc2b/slc25a20/smdt1b/tomm7/slc25a40/slc25a38a/slc25a37/mpc1/tomm70a/slc25a24/ucp2/slc25a5/grpel1/letm2,23
MF,GO:0003755,peptidyl-prolyl cis-trans isomerase activity,12/2489,42/18430,0.285714286,2.115594329,2.860021172,0.007909851,0.149599361,0.1359336,ppifb/ppil4/ppiab/ppie/fkbp1b/cwc27/aipl1/fkbp11/ppig/pin4/fkbp4/pin1,12
BP,GO:0060828,regulation of canonical Wnt signaling pathway,28/2545,130/18773,0.215384615,1.588768324,2.66762562,0.008057445,0.097906887,0.086537529,adgra2/znf703/dmxl2/bcl9/draxina/fzd5/nipblb/bambia/znrf3/kremen1/adnpb/chd8/rnf25/axin1/stk3/lgr4/pygo2/prdm5/ubr5/cdkn2aip/fam53b/tnksa/ppp2r3a/rab8b/gsk3ba/csnk1g2a/gid8b/vangl2,28
BP,GO:1901657,glycosyl compound metabolic process,13/2545,47/18773,0.276595745,2.040287589,2.827785762,0.008066962,0.097906887,0.086537529,dnph1/aprt/pnp5a/adka/zgc:103586/cdab/dctd/macrod1/oard1/cdadc1/mtap/tyw5/hprt1,13
BP,GO:0007088,regulation of mitotic nuclear division,11/2545,37/18773,0.297297297,2.192991026,2.876512507,0.008075129,0.097906887,0.086537529,mki67/mad2l1/ttk/bub1bb/ndc80/pdcd2/kntc1/zw10/anapc15/zwilch/anapc5,11
BP,GO:0009144,purine nucleoside triphosphate metabolic process,24/2545,107/18773,0.224299065,1.65452509,2.688804486,0.008140361,0.098059529,0.086672445,enpp1/gck/prkag2b/impdh1a/hkdc1/gapdh/slc38a9/atp5pf/atp5pd/ak4/atp6v1ba/ak2/atp6v1ab/atp5mea/aldob/atp5meb/hk2/atpsckmt/eno1a/nme2b.1/tpi1b/atp5pb/atp5mc1/pklr,24
BP,GO:0015804,neutral amino acid transport,12/2545,42/18773,0.285714286,2.107549818,2.845601622,0.00815268,0.098059529,0.086672445,slc38a5b/sfxn1/slc38a7/slc38a9/slc6a7/mfsd12a/slc3a2a/slc38a3b/slc25a38a/slc6a15/slc6a9/slc38a3a,12
BP,GO:0000075,cell cycle checkpoint signaling,19/2545,79/18773,0.240506329,1.774076745,2.730317254,0.008192682,0.098149628,0.086752081,cdk1/aurkb/e2f7/mad2l1/ttk/bub1bb/ndc80/cdt1/kntc1/timeless/zw10/tp53bp1/anapc15/id2a/zwilch/chek2/cep63/mrnip/tp53,19
BP,GO:0002244,hematopoietic progenitor cell differentiation,30/2545,142/18773,0.211267606,1.558399513,2.645073757,0.008290009,0.098923075,0.087435712,csf3a/tet2/mbd3b/f2r/cdca7a/csf3b/fgfr4/tgfb3/fgfr3/plcg1/notch1b/nos1/pdcd2/cxcl8a/ak2/mycb/nfkbiaa/f11r.1/smarcd1/sf3a3/sf3b1/nudt21/nop14/vhl/prdm12b/crebbpa/ikzf1/gpr182/cecr2/cbx8b,30
BP,GO:0098534,centriole assembly,8/2545,23/18773,0.347826087,2.565712821,2.975377377,0.008334825,0.099066283,0.087562291,cp110/c2cd3/cetn2/wdr62/cenpj/si:dkey-243i1.1/cep63/alms1,8
BP,GO:0140053,mitochondrial gene expression,16/2545,63/18773,0.253968254,1.873377616,2.749806312,0.008531417,0.101005288,0.08927613,wars2/kansl3/mrps24/mrps35/mrps7/mrpl58/ptcd3/mrpl44/gfm2/fastk/mrps18b/mrpl43/trnt1/gfm1/tfb1m/mtres1,16
MF,GO:0016836,hydro-lyase activity,15/2489,58/18430,0.25862069,1.914977626,2.75773039,0.008675368,0.160586596,0.145917161,cfh/cahz/ca4c/hadhab/pcbd1/aco1/aco2/eno1a/cbsb/enosf1/fasn/echs1/dglucy/ca8/ca6,15
BP,GO:0006364,rRNA processing,33/2545,161/18773,0.204968944,1.511937913,2.583451876,0.009290857,0.10956678,0.096843426,mphosph10/sart1/rrp36/bud23/rrp7a/utp3/c1d/nsa2/las1l/ddx49/rpf2/gnl3l/nop10/mrto4/rpl7l1/mrpl44/rcl1/rpf1/esf1/srfbp1/mak16/ddx27/mettl5/tfb1m/bop1/ddx54/znhit6/si:dkey-251i10.3/pin4/riok1/pop5/rpl35/rbm34,33
BP,GO:1902600,proton transmembrane transport,19/2545,80/18773,0.2375,1.751900786,2.668902422,0.009412374,0.110445543,0.097620143,tmem175/atp5pf/aqp1a.1/hvcn1/atp6v0cb/atp5pd/dmxl2/atp6v0b/atp6v1f/nnt/atp6v1ba/atp6v1ab/atp5mea/atp6v1e1b/atp5meb/atp6v1c1a/slc9a7/atp5pb/atp5mc1,19
BP,GO:0020027,hemoglobin metabolic process,7/2545,19/18773,0.368421053,2.717630028,2.966375566,0.009475123,0.110445543,0.097620143,sfxn1/tfr1a/slc40a1/bdh2/slc25a38a/glrx3/alas1,7
BP,GO:2001243,negative regulation of intrinsic apoptotic signaling pathway,7/2545,19/18773,0.368421053,2.717630028,2.966375566,0.009475123,0.110445543,0.097620143,bcl2l1/bcl6aa/bco2l/cd74b/cd74a/rnf2/bcor,7
MF,GO:0050660,flavin adenine dinucleotide binding,20/2489,86/18430,0.23255814,1.721995384,2.651808622,0.009567391,0.167252311,0.151973969,zgc:92040/acadvl/kmo/acadl/mical3a/prodha/mical2b/kdm1a/acad11/nos1/si:dkey-239i20.2/chdh/ero1b/cry2/cry3a/acads/d2hgdh/acad8/ddo/si:dkey-239i20.4,20
MF,GO:0008514,organic anion transmembrane transporter activity,47/2489,248/18430,0.189516129,1.403287368,2.52653422,0.00961161,0.167252311,0.151973969,slc16a12a/slc6a22.1/slc25a55a/slc10a4/slc6a6a/slc38a5b/slc27a2a/slc16a1a/slc25a29/slc37a4a/slc1a6/slc16a1b/slc4a2b/slc38a7/mfsd2ab/slc38a9/slc25a42/mpc2b/slc13a5a/slco3a1a/mfsd12a/slc1a5/slc26a10/slc26a6l2/slc3a2a/gria1b/slc38a3b/slc25a25a/abcd1/slc10a3/slc25a40/slc25a38a/slc52a2/slco1e1/slco1d1/mpc1/slc35d1a/slc6a15/slc7a3a/slc35b2/slc6a9/slc25a24/slc35d2/slc25a5/rtbdn/slc44a4/slc38a3a,47
CC,GO:0098533,ATPase dependent transmembrane transport complex,11/2610,38/19331,0.289473684,2.143990724,2.788813528,0.009709928,0.148570104,0.135601602,atp1b1b/atp6v0cb/atp6v0b/atp1b3b/atp6v1f/atp6ap1a/atp6v1ba/ccdc115/atp6v1ab/atp6v1c1a/atp1b1a,11
BP,GO:0001932,regulation of protein phosphorylation,13/2545,48/18773,0.270833333,1.997781598,2.741017839,0.009721008,0.112754235,0.09966074,il34/prkar2aa/zfyve28/axin1/klhl31/camk2n1a/tpx2/smo/prkar1ab/prrc1/mrnip/yes1/aida,13
CC,GO:1905369,endopeptidase complex,18/2610,75/19331,0.24,1.777563218,2.665559364,0.009722379,0.148570104,0.135601602,psmb12/psma6l/psmb10/psmb7/psmb5/psmb8a/psmd13/psmb13a/psmb9a/psmb6/psma2a/psmb4/psma6b/psma4/psmc5/psmd2/psmc1a/psma8,18
MF,GO:0019843,rRNA binding,11/2489,38/18430,0.289473684,2.143431097,2.78800065,0.009725209,0.167252311,0.151973969,mrpl20/rpf2/rpl5a/mrps7/ptcd3/nol12/rpf1/mrps6/rpl23a/mrps18c/rps13,11
BP,GO:0033365,protein localization to organelle,62/2545,342/18773,0.18128655,1.337246522,2.49260091,0.009767402,0.112754235,0.09966074,arl5c/zfand2a/mapre2/samm50/aurkb/c2cd3/ezrb/dclk1b/nup35/ank2b/pex14/ttk/sh3bp4a/knl1/stam/tctn1/mapre3b/snx10a/nol8/pex1/invs/get4/fam149b1/tomm7/oxa1l/kntc1/nipblb/lmna/uspl1/tnpo3/bbip1/scg3/m6pr/arl8/vps13c/vcp/myo7aa/emc10/ipo9/srp54/tomm70a/odf2a/zwilch/zgc:113278/tasorb/emc6/scrib/tor1/glmp/hspa8/si:dkey-243i1.1/fam53b/srp9/tnksa/larp7/ptpn23a/mrnip/grpel1/emc7b/nutf2/camlg/ipo7,62
BP,GO:0009112,nucleobase metabolic process,10/2545,33/18773,0.303030303,2.23528011,2.812576163,0.009822578,0.112754235,0.09966074,urahb/aldh6a1/aprt/gart/umps/adka/urad/dpys/hprt1/dhodh,10
BP,GO:0046890,regulation of lipid biosynthetic process,10/2545,33/18773,0.303030303,2.23528011,2.812576163,0.009822578,0.112754235,0.09966074,thrsp/scap/ormdl3/fgfr4/kdm1a/dcaf5/srebf2/ormdl2/mid1ip1b/fgf1a,10
BP,GO:0055013,cardiac muscle cell development,12/2545,43/18773,0.279069767,2.058537031,2.7519343,0.00994409,0.113674225,0.100473897,neb/tpm4a/nr2f2/smyd1b/icam3/tln1/pbx4/vcp/fhod3a/tomm70a/ilk/rnf2,12
BP,GO:0019751,polyol metabolic process,16/2545,64/18773,0.25,1.84410609,2.678726659,0.009978029,0.113674225,0.100473897,itpkcb/sprb/cyp27b1/dgat2/qdpra/pck1/itpkb/pcbd1/gch2/sptlc2b/cyp27a3/ip6k2a/nudt4a/tpi1b/tkfc/zgc:172295,16
MF,GO:0000295,adenine nucleotide transmembrane transporter activity,6/2489,15/18430,0.4,2.961832061,3.003496623,0.010141766,0.167252311,0.151973969,slc25a51a/slc25a42/slc25a25a/slc35b2/slc25a24/slc25a5,6
MF,GO:0015216,purine nucleotide transmembrane transporter activity,6/2489,15/18430,0.4,2.961832061,3.003496623,0.010141766,0.167252311,0.151973969,slc25a51a/slc25a42/slc25a25a/slc35b2/slc25a24/slc25a5,6
BP,GO:0006457,protein folding,32/2545,156/18773,0.205128205,1.51311269,2.548513107,0.010186785,0.114522705,0.101223848,ppifb/dnaja1/hsp90aa1.1/hspb1/hspa13/ppiab/ppie/ero1b/cwc27/pfdn1/dnaja3a/ttc4/dnajb12a/p4hb/tbcc/fkbp11/hspa4a/cct6a/zgc:136472/erp44/ahsa1b/nudc/clpxa/ppig/calr/tor1/hspa8/dnajb2/grpel1/nudcd3/fkbp4/dnajb6b,32
BP,GO:0042246,tissue regeneration,32/2545,156/18773,0.205128205,1.51311269,2.548513107,0.010186785,0.114522705,0.101223848,col1a1a/igf2b/hmmr/foxm1/junbb/cebpd/esco2/anxa1a/plcg1/ttk/notch1b/jag1b/cldn3d/cdh2/dspb/mustn1a/tnfrsf1a/atp6v1e1b/sirt1/mycb/pou5f3/axin1/ccn1/smn1/tubb5/six3b/large1/hbegfa/hspa8/fam53b/larp7/wnt5b,32
MF,GO:0050291,sphingosine N-acyltransferase activity,5/2489,11/18430,0.454545455,3.365718251,3.101215111,0.010188934,0.167252311,0.151973969,cers1/tlcd3ba/cers6/cers2b/tlcd3bb,5
BP,GO:0009110,vitamin biosynthetic process,6/2545,15/18773,0.4,2.950569745,2.992819424,0.010331725,0.114522705,0.101223848,cyp27b1/rdh5/ubiad1/cyp27a3/tpk1/rgn,6
BP,GO:0046653,tetrahydrofolate metabolic process,6/2545,15/18773,0.4,2.950569745,2.992819424,0.010331725,0.114522705,0.101223848,mthfd1b/mthfd1l/gch2/mthfd1a/aldh1l2/dhfr,6
BP,GO:0060896,neural plate pattern specification,6/2545,15/18773,0.4,2.950569745,2.992819424,0.010331725,0.114522705,0.101223848,fzd8a/smad2/sbno1/axin1/bptf/smo,6
BP,GO:0015721,bile acid and bile salt transport,5/2545,11/18773,0.454545455,3.352920164,3.091225127,0.010355978,0.114522705,0.101223848,slc10a4/slc51a/slc10a3/slco1e1/slco1d1,5
BP,GO:1902222,erythrose 4-phosphate/phosphoenolpyruvate family amino acid catabolic process,5/2545,11/18773,0.454545455,3.352920164,3.091225127,0.010355978,0.114522705,0.101223848,qdpra/fah/hgd/gstz1/pah,5
BP,GO:2001252,positive regulation of chromosome organization,5/2545,11/18773,0.454545455,3.352920164,3.091225127,0.010355978,0.114522705,0.101223848,aurkb/tasorb/tnksa/si:ch211-13c6.2/atf7ip,5
BP,GO:0031101,fin regeneration,21/2545,92/18773,0.22826087,1.683749039,2.603498004,0.010447464,0.115112751,0.101745375,col1a1a/igf2b/junbb/esco2/anxa1a/plcg1/ttk/notch1b/jag1b/cldn3d/dspb/tnfrsf1a/atp6v1e1b/sirt1/pou5f3/axin1/ccn1/tubb5/hspa8/fam53b/wnt5b,21
BP,GO:0048565,digestive tract development,25/2545,115/18773,0.217391304,1.603570513,2.571053165,0.010516326,0.115450137,0.102043583,klf6a/flna/selenoh/ap1m2/myod1/mtch2/invs/nipblb/epg5/mapk7/chd8/mgaa/rargb/mpc1/furina/bmp4/rbm19/smo/tsc2/dhrs9/myh11a/rps6ka3a/sdc2/myo5b/vangl2,25
BP,GO:0019646,aerobic electron transport chain,15/2545,59/18773,0.254237288,1.875362126,2.66684093,0.010569201,0.115610209,0.102185066,cox4i2/cox6a2/ppargc1a/cox5b2/sdhc/cox5aa/uqcrq/prkn/cox7a1/ndufs6/ndufb8/uqcrb/ndufv2/ndufa7/uqcrh,15
BP,GO:0051640,organelle localization,52/2545,280/18773,0.185714286,1.369907381,2.469647645,0.010749978,0.116997139,0.10341094,ccnb1/syne2a/aurkb/trak1a/sar1ab/ndel1b/cep83/aspm/spire1a/spout1/nusap1/stx12/knl1/cadpsa/clasp1a/ndc80/nuf2/pard3ab/synj1/stx4/llgl1/kif23/borcs6/zgc:154077/si:dkey-25o16.4/lmna/ska3/rab3ip/bbip1/nmd3/stxbp3/rhoab/si:ch211-166a6.5/dnm1b/npm1a/stx8/f8a/inpp5e/inpp5b/syn2a/si:ch211-200p22.4/cdc42/scrib/knstrn/arcn1a/ska1/kif13ba/stard3/myo5b/si:ch211-161h7.4/vangl2/tmem106bb,52
BP,GO:1990542,mitochondrial transmembrane transport,19/2545,81/18773,0.234567901,1.730272381,2.608351797,0.010773503,0.116997139,0.10341094,slc25a55a/sfxn1/slc25a29/slc25a33/ucp1/slc25a51a/mpc2b/smdt1b/tomm7/slc25a40/slc25a38a/slc25a37/mpc1/tomm70a/slc25a24/ucp2/slc25a5/grpel1/letm2,19
MF,GO:0016799,"hydrolase activity, hydrolyzing N-glycosyl compounds",8/2489,24/18430,0.333333333,2.468193384,2.843902659,0.010797363,0.173957516,0.15806666,dnph1/qng1/adprh/macrod1/oard1/adprs/neil1/si:dkey-4e7.3,8
BP,GO:0006164,purine nucleotide biosynthetic process,27/2545,127/18773,0.212598425,1.568216203,2.54442293,0.010877045,0.117698202,0.104030593,ampd2b/kmo/ido1/aprt/gart/impdh1a/adka/atp5pf/adcy6a/atp5pd/ak4/npr1a/kynu/ak2/atp5mea/papss2b/atp5meb/nampt1/prpsap2/atpsckmt/aspdh/nme2b.1/gucy1a2/nadkb/atp5pb/atp5mc1/hprt1,27
BP,GO:0045944,positive regulation of transcription by RNA polymerase II,62/2545,344/18773,0.180232558,1.329471833,2.442380334,0.011037662,0.117811253,0.104130516,bcl9l/igf2b/tet2/ncoa2/top2a/thrap3a/e2f7/mrtfbb/junbb/zgc:110158/mical2b/smad2/ppargc1a/ep300b/asxl1/nr1d2b/stat5a/rxraa/maml3/bcl9/myod1/hells/kansl3/ldb2a/ptmaa/med1/med19a/si:ch73-61d6.3/mycb/pbx4/ccnt2a/nr1d4a/junba/kmt2cb/med13a/rargb/lpin1a/znf451/abhd14b/tp53bp1/srebf2/ell2/kmt2ca/cnbpa/npm1a/nfatc2ip/crebbpa/ctnnb1/raraa/nr1h5/pprc1/cdk12/med12/sox3/larp7/tp53/si:ch211-214e3.5/sox4b/egr1/nr1d4b/fgf1a/nr1i2,62
BP,GO:0009065,glutamine family amino acid catabolic process,8/2545,24/18773,0.333333333,2.45880812,2.831922768,0.011043585,0.117811253,0.104130516,glud1b/zgc:92040/asrgl1/aldh4a1/prodha/nos1/gls2a/arg1,8
BP,GO:0010906,regulation of glucose metabolic process,8/2545,24/18773,0.333333333,2.45880812,2.831922768,0.011043585,0.117811253,0.104130516,nr4a1/prkag2b/pdk2a/pdk4/slc38a9/cyp2r1/akr1a1b/pdk1,8
BP,GO:0032465,regulation of cytokinesis,8/2545,24/18773,0.333333333,2.45880812,2.831922768,0.011043585,0.117811253,0.104130516,cp110/aurkb/e2f7/rab25b/birc6/klhl13/map9/zfyve26,8
BP,GO:0006260,DNA replication,29/2545,139/18773,0.208633094,1.538966234,2.525704736,0.011086208,0.11784951,0.10416433,pold1/mcm5/e2f7/mcm2/wdhd1/gins1/esco2/prim2/orc3/mms22l/mcm6/cdt1/slx4/polb/cenpx/cdc45/timeless/dbf4/sulf2b/mcm7/gins4/rpa3/rad51/rfc3/igfbp2b/mcm3/tonsl/twnk/mgme1,29
BP,GO:0065004,protein-DNA complex assembly,20/2545,87/18773,0.229885057,1.695729738,2.575779532,0.011335965,0.119915568,0.105990469,h1-0/nasp/zgc:110425/si:dkey-108k21.10/kat6a/dlgap5/cenpi/cdt1/cenph/polr1e/kntc1/cenpx/cdc45/rad51/spty2d1/histh1l2/si:dkey-261m9.12/itgb3bp/cenpk/si:ch211-161h7.4,20
BP,GO:0051246,regulation of protein metabolic process,78/2545,448/18773,0.174107143,1.28428817,2.411806548,0.011360004,0.119915568,0.105990469,diabloa/necab3/cdc20/serpinf1/pycard/serpina7/c3b.1/itih2/n4bp1/asb5b/eif5a/si:dkey-105h12.2/mknk1/caspa/oaz1b/eif4e3/bcl2l1/esco2/c3b.2/fktn/ssb/si:ch211-186e20.7/eif4ebp1/igf2bp3/adam8a/birc5a/cnot11/il34/cenph/secisbp2/nck2a/bzw2/impact/ppp1r15b/ubxn1/dcun1d4/serpini1/ybx1/itih3a.1/ptcd3/zar1l/trim2a/a2ml/serpina1/prkar2aa/zfyve28/aurkaip1/igf2bp2a/vcp/axin1/klhl31/camk2n1a/ccdc22/tpx2/timp2a/cnbpa/hdac10/larp4aa/rb1/smo/dap1b/bag5/prkar1ab/mettl5/psmd2/srp9/prrc1/cpeb4b/rnf121/mrnip/tp53/yes1/gsk3ba/zgc:103482/si:ch211-63o20.7/eif2ak2/traf7/aida,78
MF,GO:0019213,deacetylase activity,9/2489,29/18430,0.310344828,2.297973151,2.764073248,0.011620896,0.183463481,0.166704264,kdm1a/sirt5/sirt3/hdac4/sirt1/hdac3/adprs/hdac10/si:dkey-103i16.6,9
BP,GO:0006576,biogenic amine metabolic process,13/2545,49/18773,0.265306122,1.957010545,2.656330528,0.011628189,0.122117234,0.107936469,sult1st3/th2/kmo/ido1/smox/oaz1b/agmat/kynu/dbh/sult1st2/gdpd1/hdac10/hnmt,13
BP,GO:1904888,cranial skeletal system development,48/2545,256/18773,0.1875,1.383079568,2.443938791,0.011649474,0.122117234,0.107936469,hspg2/mapre2/usp18/cacna1c/wnt11/caspa/kat6a/cfdp1/nr2f5/ep300b/jag1b/gpatch3/pard3ab/crispld2/bcl9/nr2f2/mvp/hdac4/tln1/gfpt1/bicra/nipblb/pbx4/plcb3/tp73/pheta1/itpr1b/cyld2/fn1a/furina/pygo2/bptf/cnbpa/prdm5/pmm2/cxcr4a/smo/mosmoa/disc1/med12/dhrs9/si:dkey-243i1.1/rnf2/taok2b/usp21/egr1/itga5/wnt5b,48
CC,GO:0005815,microtubule organizing center,59/2610,327/19331,0.180428135,1.336343398,2.423479388,0.011677075,0.173033019,0.157929179,mapre2/ccnb1/ttll11/plk1/cp110/aurkb/c2cd3/ndel1b/cep83/espl1/cep350/ccnb2/unc119a2/dlgap5/spout1/ccnb3/ckap2l/cep43/wdr90/bbof1a/clasp1a/ckap5/mapre3b/snx10a/smtnl/aldob/ccna2/ift172/mzt2b/cetn2/tubd1/pde4dip/kif2c/cyld2/tubgcp5/ccdc22/haus5/sclt1/tent5c/npm1a/cenpj/odf2a/nsfl1c/map9/nin/disc1/si:ch73-95l15.5/ttll5/ftcd/knstrn/si:dkey-243i1.1/ubr4/cep63/cibar1/yes1/zfyve26/cep85/ift57/alms1,59
MF,GO:0018455,alcohol dehydrogenase [NAD(P)+] activity,11/2489,39/18430,0.282051282,2.088471325,2.688760851,0.011930152,0.183463481,0.166704264,akr1b1.1/dcxr/akr1a1a/adh8a/rdh5/zgc:56622/adhfe1/akr1a1b/akr7a3/dhrs4/dhrs9,11
MF,GO:0015078,proton transmembrane transporter activity,23/2489,105/18430,0.219047619,1.621955652,2.525443341,0.012020021,0.183463481,0.166704264,slc16a1a/tmem175/zgc:77158/slc16a1b/atp5pf/hvcn1/atp6v0cb/atp5pd/atp6v0b/atp6v1f/nnt/atp6v1ba/ndufs3/atp6v1ab/atp5mea/cox5aa/atp6v1e1b/atp5meb/atp6v1c1a/sting1/slc9a7/atp5pb/atp5mc1,23
CC,GO:0005840,ribosome,35/2610,177/19331,0.197740113,1.464564799,2.453060435,0.012382917,0.173360969,0.158228502,rps27.1/mrpl1/mrpl40/mrpl20/rpl36/mrps24/mrpl30/mrpl39/mrps35/rpl5a/mrpl49/rpl7l1/mrps7/mrpl58/mrps22/ptcd3/mrpl44/rpl14/rpl19/rpl18a/mrpl10/mrpl33/mrps27/mrps11/mrps18b/mrpl43/mrps6/rpl23a/mrpl27/mrps18c/rps2/mrps31/rpl35/rplp2/rps13,35
BP,GO:0006633,fatty acid biosynthetic process,17/2545,71/18773,0.23943662,1.766186115,2.561451233,0.012519884,0.130787295,0.115599726,prkag2b/abhd3/fasn2/lipg/aclya/elovl6/elovl8b/olah/dcaf5/acacb/mlycd/fasn/ccdc57/ptges/abhd2a/fads2/thnsl2,17
MF,GO:0004407,histone deacetylase activity,7/2489,20/18430,0.35,2.591603053,2.814028034,0.012641505,0.186408633,0.169380379,kdm1a/sirt5/sirt3/hdac4/sirt1/hdac3/si:dkey-103i16.6,7
MF,GO:0015215,nucleotide transmembrane transporter activity,7/2489,20/18430,0.35,2.591603053,2.814028034,0.012641505,0.186408633,0.169380379,slc25a33/slc25a51a/slc25a42/slc25a25a/slc35b2/slc25a24/slc25a5,7
BP,GO:0060070,canonical Wnt signaling pathway,38/2545,195/18773,0.194871795,1.437457055,2.431755563,0.012714154,0.132358724,0.116988674,fzd8a/bcl9l/wnt11/adgra2/znf703/tcf7/dmxl2/bcl9/fzd7a/draxina/fzd5/nipblb/bambia/znrf3/kremen1/adnpb/frzb/chd8/rnf25/axin1/stk3/lgr4/kctd15a/pygo2/prdm5/ubr5/dixdc1a/ctnnb1/cdkn2aip/fam53b/tnksa/ppp2r3a/rab8b/gsk3ba/csnk1g2a/gid8b/wnt5b/vangl2,38
CC,GO:0000151,ubiquitin ligase complex,47/2610,252/19331,0.186507937,1.381373533,2.40756529,0.012758719,0.173360969,0.158228502,rnf144aa/cdc20/cks1b/si:ch1073-228j22.2/ivns1abpa/fbxw7/ubr3/spsb1/spsb3a/fbxw5/fbxl2/fem1c/tnfaip1/klhl13/cks2/rnf20/dcun1d4/wdr26b/fbxl18/cul2/phc1/bard1/dcaf5/zswim5/ube4b/keap1b/kctd5a/vhl/ddb2/prkn/anapc15/fbxl15/dcun1d2a/ubr2/cul1a/klhl11/anapc5/si:ch211-256e16.3/rnf2/kbtbd2/fem1b/dmac2/rnf168/zer1/rnf7/traf7/cbx8b,47
CC,GO:1905368,peptidase complex,21/2610,94/19331,0.223404255,1.654646613,2.513664066,0.012762771,0.173360969,0.158228502,psmb12/psma6l/psmb10/psmb7/psmb5/psmb8a/psmd13/psmb13a/psmb9a/psmb6/psma2a/taf5l/psmb4/psma6b/afg3l2/psma4/psmc5/tada3l/psmd2/psmc1a/psma8,21
BP,GO:0048884,neuromast development,20/2545,88/18773,0.227272727,1.676460082,2.518857656,0.012850294,0.13293022,0.117493805,abhd12/cldnb/wnt11/cldn3c/ap1b1/ngfrb/llgl1/fzd7a/cd74b/kremen1/anos1a/cd74a/anos1b/rtn4rl2a/scrib/grna/pcsk5a/slc44a4/wnt5b/vangl2,20
BP,GO:0001738,morphogenesis of a polarized epithelium,7/2545,20/18773,0.35,2.581748527,2.802745902,0.012901144,0.13293022,0.117493805,cldn3c/cdh2/invs/fn1a/scrib/myh11a/vangl2,7
BP,GO:0008345,larval locomotory behavior,7/2545,20/18773,0.35,2.581748527,2.802745902,0.012901144,0.13293022,0.117493805,sncb/pogza/setd5/psd2/ugp2b/col6a1/thnsl2,7
BP,GO:0009308,amine metabolic process,14/2545,55/18773,0.254545455,1.877635292,2.58126367,0.013113322,0.134656864,0.119019944,sult1st3/th2/kmo/ido1/smox/oaz1b/agmat/kynu/dbh/sult1st2/cbsb/gdpd1/hdac10/hnmt,14
BP,GO:0006310,DNA recombination,34/2545,171/18773,0.198830409,1.466657475,2.427633539,0.013229498,0.13538934,0.119667362,h1-0/si:ch211-103n10.5/mcm5/top2a/mcm2/zgc:110425/si:dkey-108k21.10/mms22l/rad50/palb2/mcm6/slx4/nipblb/nucks1a/cenpx/cdc45/mcm7/gins4/rpa3/rad51/nsmce4a/pias4a/hdac10/histh1l2/rad51ap1/pgbd5/si:dkey-261m9.12/cdc7/mcm3/smc5/tonsl/mrnip/zfyve26/rnf168,34
BP,GO:1901988,negative regulation of cell cycle phase transition,21/2545,94/18773,0.223404255,1.647924591,2.493895467,0.013323723,0.135892972,0.12011251,cdk1/aurkb/e2f7/mad2l1/ttk/bub1bb/ndc80/cdt1/kntc1/mos/timeless/zw10/tp53bp1/anapc15/id2a/zwilch/rb1/chek2/cep63/mrnip/tp53,21
BP,GO:0051302,regulation of cell division,13/2545,50/18773,0.26,1.917870334,2.573625101,0.013812368,0.140402486,0.12409836,gdf3/kdf1b/cp110/aurkb/e2f7/tgfb3/rab25b/birc6/klhl13/map9/tp53/zfyve26/fgf1a,13
MF,GO:0031492,nucleosomal DNA binding,8/2489,25/18430,0.32,2.369465649,2.707439676,0.014037121,0.196054268,0.178144895,h1-0/si:ch211-103n10.5/zgc:110425/si:dkey-108k21.10/hmgn3/histh1l2/hmgn1a/si:dkey-261m9.12,8
BP,GO:0009199,ribonucleoside triphosphate metabolic process,24/2545,112/18773,0.214285714,1.580662363,2.440798337,0.014285343,0.14421145,0.127465011,enpp1/gck/prkag2b/impdh1a/hkdc1/gapdh/slc38a9/atp5pf/atp5pd/ak4/atp6v1ba/ak2/atp6v1ab/atp5mea/aldob/atp5meb/hk2/atpsckmt/eno1a/nme2b.1/tpi1b/atp5pb/atp5mc1/pklr,24
BP,GO:0006695,cholesterol biosynthetic process,8/2545,25/18773,0.32,2.360455796,2.695526673,0.01435026,0.14421145,0.127465011,scap/lbr/tm7sf2/srebf2/sc5d/hsd17b7/dhcr7/fgf1a,8
BP,GO:1902653,secondary alcohol biosynthetic process,8/2545,25/18773,0.32,2.360455796,2.695526673,0.01435026,0.14421145,0.127465011,scap/lbr/tm7sf2/srebf2/sc5d/hsd17b7/dhcr7/fgf1a,8
MF,GO:0004806,triacylglycerol lipase activity,6/2489,16/18430,0.375,2.776717557,2.809376002,0.014402045,0.196054268,0.178144895,lipg/dagla/cel.1/abhd2a/pnpla3/plb1,6
BP,GO:0006109,regulation of carbohydrate metabolic process,12/2545,45/18773,0.266666667,1.967046496,2.572021407,0.014425922,0.14421145,0.127465011,nr4a1/ppp1r3cb/prkag2b/pdk2a/pdk4/slc38a9/ppp1r3b/cyp2r1/akr1a1b/khk/pdk1/si:ch211-152c8.5,12
BP,GO:0009636,response to toxic substance,12/2545,45/18773,0.266666667,1.967046496,2.572021407,0.014425922,0.14421145,0.127465011,prdx6/akr1a1a/adh8a/slc47a1/esd/akr1a1b/slc22a18/slc47a2.1/arnt/sod3b/abcb4/nr1i2,12
MF,GO:0016831,carboxy-lyase activity,9/2489,30/18430,0.3,2.221374046,2.645488971,0.014656247,0.196054268,0.178144895,csad/acod1/pck1/umps/urad/acmsd/mlycd/fahd1/ddt,9
BP,GO:0048668,collateral sprouting,6/2545,16/18773,0.375,2.766159136,2.798818918,0.014664877,0.146116386,0.129148738,ulk2/asah1b/plxna3/nos1/pik3ca/pard3ab,6
MF,GO:1901682,sulfur compound transmembrane transporter activity,10/2489,35/18430,0.285714286,2.115594329,2.610333377,0.014749926,0.196054268,0.178144895,abcc6a/slc6a6a/abcc3/slc25a42/mfsd12a/slc26a10/slc26a6l2/slc25a40/slc35b2/slc44a4,10
BP,GO:0030301,cholesterol transport,11/2545,40/18773,0.275,2.028516699,2.578720918,0.014893992,0.147795234,0.130632631,zgc:162608/soat2/ldlra/apoeb/apoba/abcd1/nus1/stard3/apobb.1/npc2.1/npc1,11
BP,GO:1901292,nucleoside phosphate catabolic process,21/2545,95/18773,0.221052632,1.630578017,2.440069014,0.014980239,0.147795234,0.130632631,enpp1/gck/prkag2b/dnph1/pde4ca/hkdc1/gapdh/slc38a9/pde4bb/itpa/entpd1/nudt17/aldob/fitm2/hk2/mlycd/hint1/eno1a/nudt4a/tpi1b/pklr,21
BP,GO:1903825,organic acid transmembrane transport,21/2545,95/18773,0.221052632,1.630578017,2.440069014,0.014980239,0.147795234,0.130632631,slc16a12a/slc25a55a/slc6a6a/slc38a5b/slc16a1a/sfxn1/slc25a29/slc1a6/slc16a1b/lrrc8db/slc38a9/mpc2b/slc6a7/mfsd12a/slc1a5/slc3a2a/abcd1/slc25a38a/mpc1/slc7a3a/slc6a9,21
MF,GO:0003712,transcription coregulator activity,54/2489,299/18430,0.180602007,1.337282034,2.323397278,0.01505235,0.196054268,0.178144895,nr0b2a/bcl9l/id4/ncoa2/thrap3a/rerea/mrtfbb/kat6a/ppargc1a/ep300b/zmiz2/cdca4/maml3/parp14rs2.1/med6/bcl9/fhl3a/bcl10/nab1b/med1/hcfc1a/med19a/taf5l/sirt1/smarcb1a/jmjd1cb/smarcd1/kmt2cb/med13a/lpin1a/hdac3/pias4a/kctd15a/si:ch211-194k22.8/kmt2ca/irf2bp2b/crebbpa/cbfa2t2/kdm7ab/tada2a/pbxip1b/id2a/ctnnb1/pprc1/dyrk1b/med12/tada3l/parp14rs1/si:ch211-13c6.2/pias2/gon4lb/atf7ip/si:dkey-19b23.10/bcor,54
BP,GO:0022904,respiratory electron transport chain,18/2545,78/18773,0.230769231,1.702251776,2.461183978,0.015159751,0.149079112,0.13176742,cox4i2/slc25a55a/etfdh/cox6a2/ppargc1a/cox5b2/sdhc/cox5aa/uqcrq/prkn/cox7a1/ndufs6/smpd1/ndufb8/uqcrb/ndufv2/ndufa7/uqcrh,18
MF,GO:0031406,carboxylic acid binding,19/2489,84/18430,0.226190476,1.674845511,2.449508011,0.015228804,0.196054268,0.178144895,fabp3/cyp27c1/tmem175/fabp4a/fabp1b.1/sesn1/slc38a9/p4ha2/ftcdnl1/nr2f2/glra1/plod1a/rbp2b/p4ha1b/rbp5/ogfod3/si:dkey-238d18.5/ftcd/plod3,19
BP,GO:1901607,alpha-amino acid biosynthetic process,14/2545,56/18773,0.25,1.84410609,2.505183795,0.015360505,0.150562869,0.133078877,agxtb/psph/tha1/agxta/aldh18a1/pah/sephs3/got1/glulb/gls2a/bhmt/psat1/cbsb/mtap,14
MF,GO:0019207,kinase regulator activity,28/2489,137/18430,0.204379562,1.513344849,2.383046832,0.015463762,0.196054268,0.178144895,pik3r3b/prkag2b/igf2b/ccnb1/ccni2/cks1b/kidins220a/ccnl1a/hexim1/cdkn1a/ccnb2/ccnb3/sh3bp5a/cdkn3/pik3r1/bcl10/ccna2/wdr81/cks2/cdkn1d/dbf4/ccnt2a/prkar2aa/camk2n1a/inka1b/prkar1ab/si:dkey-112a7.4/ccng2,28
CC,GO:0045240,alpha-ketoacid dehydrogenase complex,5/2610,12/19331,0.416666667,3.086047254,2.855798105,0.015533854,0.197060468,0.179859301,ogdha/bckdhb/bckdha/pdhb/ogdhb,5
MF,GO:0003995,acyl-CoA dehydrogenase activity,5/2489,12/18430,0.416666667,3.08524173,2.855165904,0.015549132,0.196054268,0.178144895,acadvl/acadl/acad11/acads/acad8,5
MF,GO:0015174,basic amino acid transmembrane transporter activity,5/2489,12/18430,0.416666667,3.08524173,2.855165904,0.015549132,0.196054268,0.178144895,slc25a29/slc38a9/slc38a3b/slc7a3a/slc38a3a,5
MF,GO:0052890,"oxidoreductase activity, acting on the CH-CH group of donors, with a flavin as acceptor",5/2489,12/18430,0.416666667,3.08524173,2.855165904,0.015549132,0.196054268,0.178144895,acadvl/acadl/acad11/acads/acad8,5
CC,GO:0061695,"transferase complex, transferring phosphorus-containing groups",40/2610,211/19331,0.18957346,1.404078372,2.331674624,0.015782443,0.197060468,0.179859301,pold1/prkacab/pik3r3b/prkag2b/ccnb1/ccni2/polr2d/cks1b/cdkn1a/prkacbb/polr3glb/ccnb2/prim2/pfkfb1/ccnb3/polr2a/rtf1/si:dkey-219c3.2/las1l/polr1e/polr2f/pik3r1/ccna2/cks2/taf5l/dbf4/ccnt2a/zgc:171971/prkar2aa/polr1h/tert/polr3e/polr3f/taf4a/skic8/prkar1ab/cdk12/ccng2/znfx1/gtf2e2,40
BP,GO:0001933,negative regulation of protein phosphorylation,5/2545,12/18773,0.416666667,3.073510151,2.84534848,0.01579676,0.152068126,0.134409337,zfyve28/klhl31/camk2n1a/smo/aida,5
BP,GO:0042326,negative regulation of phosphorylation,5/2545,12/18773,0.416666667,3.073510151,2.84534848,0.01579676,0.152068126,0.134409337,zfyve28/klhl31/camk2n1a/smo/aida,5
BP,GO:0042537,benzene-containing compound metabolic process,5/2545,12/18773,0.416666667,3.073510151,2.84534848,0.01579676,0.152068126,0.134409337,kmo/ido1/fah/acaa1/kynu,5
BP,GO:0045639,positive regulation of myeloid cell differentiation,5/2545,12/18773,0.416666667,3.073510151,2.84534848,0.01579676,0.152068126,0.134409337,csf3a/mturn/csf3b/stat5a/il34,5
BP,GO:0050994,regulation of lipid catabolic process,5/2545,12/18773,0.416666667,3.073510151,2.84534848,0.01579676,0.152068126,0.134409337,cpt1ab/acaa2/zgc:195173/si:ch1073-406l10.2/pnpla3,5
BP,GO:0022900,electron transport chain,19/2545,84/18773,0.226190476,1.668476939,2.431642398,0.015816294,0.152068126,0.134409337,cox4i2/slc25a55a/etfdh/cox6a2/ndufs4/ppargc1a/cox5b2/sdhc/cox5aa/uqcrq/prkn/cox7a1/ndufs6/smpd1/ndufb8/uqcrb/ndufv2/ndufa7/uqcrh,19
CC,GO:0000313,organellar ribosome,15/2610,62/19331,0.241935484,1.791898406,2.467406942,0.016119466,0.197060468,0.179859301,mrpl40/mrpl20/mrps24/mrps35/mrps7/mrpl58/mrps22/mrpl44/mrpl10/mrps11/mrpl43/mrps6/mrpl27/mrps18c/mrps31,15
CC,GO:0005761,mitochondrial ribosome,15/2610,62/19331,0.241935484,1.791898406,2.467406942,0.016119466,0.197060468,0.179859301,mrpl40/mrpl20/mrps24/mrps35/mrps7/mrpl58/mrps22/mrpl44/mrpl10/mrps11/mrpl43/mrps6/mrpl27/mrps18c/mrps31,15
MF,GO:0043177,organic acid binding,21/2489,96/18430,0.21875,1.619751908,2.405638847,0.016137357,0.200564293,0.182242933,fabp3/cyp27c1/tmem175/fabp4a/fabp1b.1/sesn1/si:ch211-5k11.8/slc38a9/p4ha2/ftcdnl1/nr2f2/glra1/plod1a/rbp2b/p4ha1b/rbp5/hbbe2/ogfod3/si:dkey-238d18.5/ftcd/plod3,21
MF,GO:0033558,protein lysine deacetylase activity,7/2489,21/18430,0.333333333,2.468193384,2.660010578,0.016796275,0.20581351,0.187012638,kdm1a/sirt5/sirt3/hdac4/sirt1/hdac3/si:dkey-103i16.6,7
BP,GO:0000413,protein peptidyl-prolyl isomerization,7/2545,21/18773,0.333333333,2.45880812,2.648809278,0.017133072,0.164067013,0.145014863,ppifb/ppil4/ppiab/ppie/cwc27/fkbp11/ppig,7
BP,GO:0072527,pyrimidine-containing compound metabolic process,12/2545,46/18773,0.260869565,1.924284616,2.485519655,0.017172963,0.164067013,0.145014863,aldh6a1/umps/tyms/zgc:103586/cdab/dctd/dpys/cdadc1/nme2b.1/tpk1/cmpk2/dhodh,12
CC,GO:0070603,SWI/SNF superfamily-type complex,16/2610,68/19331,0.235294118,1.742709038,2.423908714,0.017176336,0.199014549,0.181642813,cfdp1/gatad2b/bicra/gatad2ab/smarcb1a/smarcd1/bicral/smarcc1b/bptf/dpf3/si:ch211-168d23.3/cecr2/phf10/ino80c/ino80/ino80b,16
BP,GO:0002011,morphogenesis of an epithelial sheet,23/2545,108/18773,0.212962963,1.570905188,2.356288897,0.017404056,0.165750298,0.146502678,epcam/cldne/gdf3/megf8/rhov/rerea/ezrb/fzd7a/tln1/sdc3/pou5f3/cdk5rap3/rhoab/cyth1a/map9/cdh1/apoa2/rnf111/si:ch211-247j9.1/g6pd/sox4b/sdc2/npc1,23
CC,GO:0005777,peroxisome,20/2610,91/19331,0.21978022,1.627805145,2.371636306,0.01764417,0.199014549,0.181642813,gstk1/agxtb/agxta/hacl1/scp2a/crot/urad/pex14/zgc:154046/acaa1/pex11a/nudt17/pex1/abcd1/hmgcra/idh1/decr2/mlycd/pxmp2/ddo,20
CC,GO:0042579,microbody,20/2610,91/19331,0.21978022,1.627805145,2.371636306,0.01764417,0.199014549,0.181642813,gstk1/agxtb/agxta/hacl1/scp2a/crot/urad/pex14/zgc:154046/acaa1/pex11a/nudt17/pex1/abcd1/hmgcra/idh1/decr2/mlycd/pxmp2/ddo,20
BP,GO:0050790,regulation of catalytic activity,41/2545,218/18773,0.188073394,1.387309169,2.277834741,0.017705811,0.167862743,0.148369817,diabloa/cdc20/rap1gds1/serpinf1/pycard/serpina7/c3b.1/itih2/mcm2/si:dkey-105h12.2/ect2/hsf4/bcl2l1/esco2/c3b.2/tegt/tiam2a/sh3bp4a/si:ch211-186e20.7/cenph/serpini1/itih3a.1/a2ml/serpina1/adap2/zfyve28/axin1/camk2n1a/tpx2/timp2a/rb1/tsc2/asap1b/scrib/prrc1/vps51/mrnip/tp53/yes1/aida/wnt5b,41
BP,GO:0044772,mitotic cell cycle phase transition,28/2545,138/18773,0.202898551,1.496665812,2.319026856,0.017790202,0.167862743,0.148369817,cdk1/ccnb1/ccni2/aurkb/e2f7/cdkn1a/mad2l1/foxm1/ccnb2/ttk/ccnb3/lats1/bub1bb/ndc80/ccna2/kntc1/zw10/cdc25b/tpd52l1/anapc15/fbxl15/zwilch/rb1/cxcr4a/ccng2/anapc5/mrnip/swap70b,28
BP,GO:0030218,erythrocyte differentiation,26/2545,126/18773,0.206349206,1.522119313,2.328719669,0.017792672,0.167862743,0.148369817,sfxn1/klf6a/rps27.1/tet2/tfr1a/adnp2b/slc40a1/bdh2/stat5a/pdcd2/sparc/melk/slc25a38a/prdm15/adnpb/slc25a37/alas1/tert/vhl/prdm12b/klf9/lpar2a/clpxa/arhgef12a/tp53/rpl35,26
CC,GO:0070069,cytochrome complex,8/2610,26/19331,0.307692308,2.278927203,2.578117182,0.01790724,0.199014549,0.181642813,cox6b1/cox4i2/cox6b2/cox6a2/cox5aa/uqcrq/uqcrb/uqcrh,8
BP,GO:0006730,one-carbon metabolic process,11/2545,41/18773,0.268292683,1.979040682,2.485233842,0.017926439,0.168074286,0.148556795,mthfd1b/cahz/mthfd1l/ca4c/mthfd1a/aldh1l2/ahcyl2b/ahcy/fpgs/ca8/ca6,11
BP,GO:0032543,mitochondrial translation,11/2545,41/18773,0.268292683,1.979040682,2.485233842,0.017926439,0.168074286,0.148556795,wars2/mrps24/mrps35/mrps7/mrpl58/ptcd3/mrpl44/gfm2/mrps18b/mrpl43/gfm1,11
MF,GO:0004860,protein kinase inhibitor activity,10/2489,36/18430,0.277777778,2.05682782,2.507973533,0.018013748,0.214684394,0.195073176,hexim1/cdkn1a/sh3bp5a/cdkn3/cdkn1d/prkar2aa/camk2n1a/inka1b/prkar1ab/si:dkey-112a7.4,10
MF,GO:0019210,kinase inhibitor activity,10/2489,36/18430,0.277777778,2.05682782,2.507973533,0.018013748,0.214684394,0.195073176,hexim1/cdkn1a/sh3bp5a/cdkn3/cdkn1d/prkar2aa/camk2n1a/inka1b/prkar1ab/si:dkey-112a7.4,10
BP,GO:0051784,negative regulation of nuclear division,8/2545,26/18773,0.307692308,2.269669034,2.565535206,0.018321387,0.171178055,0.151300141,mad2l1/ttk/bub1bb/ndc80/kntc1/zw10/anapc15/zwilch,8
BP,GO:0009410,response to xenobiotic stimulus,20/2545,91/18773,0.21978022,1.621192167,2.35234843,0.018370881,0.171178055,0.151300141,sult1st3/sort1b/adh8a/cyp2ad2/nfe2l2a/hmox1a/cyp3a65/acaa1/cyb5a/cyp2r1/zgc:153372/cyp2x9/nt5c2l1/sult1st2/cyp2p10/keap1b/tiparp/ahr1b/arnt/apobb.1,20
BP,GO:0071391,cellular response to estrogen stimulus,9/2545,31/18773,0.290322581,2.141542557,2.519020219,0.01866698,0.173401883,0.153265729,agxtb/ucp1/esr2b/pah/vtg2/vtg7/hpxa/fkbp11/ssr4,9
BP,GO:0061371,determination of heart left/right asymmetry,41/2545,219/18773,0.187214612,1.380974424,2.245772548,0.019013142,0.175875753,0.155452323,fabp3/gdf3/mbd3b/cacna1c/wnt11/man1a2/flna/mical2b/dnah5l/mbd3a/ep300b/pkp2/enc3/ttc36/llgl1/atp6v1f/snx10a/invs/ttc4/nipblb/atp2a2b/adap2/atp2a2a/mgaa/rargb/itpr1b/fn1a/apex1/furina/bmp4/dub/odad4/tbx2b/nudc/smo/dhfr/dhrs9/ttc17/ppp2r3a/gsk3ba/grk5l,41
BP,GO:0001525,angiogenesis,63/2545,360/18773,0.175,1.290874263,2.206789641,0.019093669,0.175875753,0.155452323,lgals2a/hspg2/slc2a1b/bmper/akr1a1a/serpinf1/igf2b/kif11/e2f7/adgra2/rnasel2/fbxw7/arhgef9b/per2/hs6st2/scube2/ptprb/itgb8/plcg1/notch1b/iqsec1b/tgfbr3/wars2/birc5a/arfgef2/cxcl8a/pld1a/jcada/f3a/ldb2a/amotl2a/sirt1/mtbl/kremen1/shc1/nus1/arhgap18/lgals2b/hdac3/fn1a/git1/gdf2/vhl/gng2/nme2b.1/ppp1cc/lpar2a/cxcr4a/hpse/igfbp2b/dcbld2/cdc42/itgb1a/rnasel3/uqcrb/tp53/gsk3ba/rin2a/fgf1a/sdc2/itga5/zap70/wnt5b,63
BP,GO:0009123,nucleoside monophosphate metabolic process,13/2545,52/18773,0.25,1.84410609,2.413797597,0.019108065,0.175875753,0.155452323,ampd2b/dnph1/aprt/gart/umps/impdh1a/adka/nt5c2b/tyms/ak4/ak2/hprt1/dhodh,13
BP,GO:0001817,regulation of cytokine production,18/2545,80/18773,0.225,1.659695481,2.341615943,0.019481062,0.177683763,0.157050378,n4bp1/zbtb1/gapdh/gpatch3/zbtb16a/cd74b/sulf2b/cd74a/lgr4/pias4a/sting1/zbtb16b/zbtb34/zbtb20/lurap1/cd226/patz1/ticam1,18
BP,GO:0035051,cardiocyte differentiation,18/2545,80/18773,0.225,1.659695481,2.341615943,0.019481062,0.177683763,0.157050378,neb/nr2f1a/tpm4a/cdh2/nr2f2/smyd1b/icam3/tln1/pbx4/metrn/vcp/fn1a/fhod3a/tomm70a/ilk/smo/rnf2/itga5,18
BP,GO:0071466,cellular response to xenobiotic stimulus,18/2545,80/18773,0.225,1.659695481,2.341615943,0.019481062,0.177683763,0.157050378,sult1st3/sort1b/adh8a/cyp2ad2/nfe2l2a/hmox1a/acaa1/cyb5a/cyp2r1/zgc:153372/cyp2x9/nt5c2l1/sult1st2/cyp2p10/keap1b/tiparp/ahr1b/apobb.1,18
CC,GO:0030687,"preribosome, large subunit precursor",6/2610,17/19331,0.352941176,2.614063556,2.630353002,0.019741855,0.214528154,0.195802255,nsa2/mrto4/rpf1/mak16/znf622/bop1,6
MF,GO:0097602,cullin family protein binding,6/2489,17/18430,0.352941176,2.61338123,2.629691101,0.019763224,0.230698022,0.209623974,klhl13/dcun1d4/ccdc22/kctd5a/dcun1d2a/rnf7,6
BP,GO:0000463,"maturation of LSU-rRNA from tricistronic rRNA transcript (SSU-rRNA, 5.8S rRNA, LSU-rRNA)",6/2545,17/18773,0.352941176,2.603443892,2.619236915,0.020114484,0.181270529,0.160220635,rpf2/rpl7l1/bop1/znhit6/rpl35/rbm34,6
BP,GO:0002455,humoral immune response mediated by circulating immunoglobulin,6/2545,17/18773,0.352941176,2.603443892,2.619236915,0.020114484,0.181270529,0.160220635,c7a/c8a/c8b/si:ch1073-280e3.1/c6.2/ighd,6
BP,GO:0006958,"complement activation, classical pathway",6/2545,17/18773,0.352941176,2.603443892,2.619236915,0.020114484,0.181270529,0.160220635,c7a/c8a/c8b/si:ch1073-280e3.1/c6.2/ighd,6
BP,GO:0051347,positive regulation of transferase activity,6/2545,17/18773,0.352941176,2.603443892,2.619236915,0.020114484,0.181270529,0.160220635,cdc20/axin1/tpx2/prrc1/mrnip/wnt5b,6
BP,GO:0055006,cardiac cell development,12/2545,47/18773,0.255319149,1.88334239,2.40116585,0.020295021,0.181812072,0.160699291,neb/tpm4a/nr2f2/smyd1b/icam3/tln1/pbx4/vcp/fhod3a/tomm70a/ilk/rnf2,12
BP,GO:0090263,positive regulation of canonical Wnt signaling pathway,12/2545,47/18773,0.255319149,1.88334239,2.40116585,0.020295021,0.181812072,0.160699291,adgra2/dmxl2/bambia/adnpb/rnf25/lgr4/ubr5/cdkn2aip/fam53b/tnksa/csnk1g2a/gid8b,12
MF,GO:0003713,transcription coactivator activity,25/2489,122/18430,0.204918033,1.517331998,2.265345028,0.020608527,0.230698022,0.209623974,bcl9l/ncoa2/mrtfbb/ppargc1a/ep300b/zmiz2/cdca4/maml3/med6/bcl9/bcl10/hcfc1a/taf5l/smarcb1a/kmt2cb/med13a/lpin1a/kmt2ca/crebbpa/tada2a/ctnnb1/pprc1/dyrk1b/med12/tada3l,25
BP,GO:0019725,cellular homeostasis,56/2545,316/18773,0.17721519,1.307214444,2.181078427,0.020644555,0.184396186,0.162983327,hamp/gck/atp13a2/prdx6/tmem175/atp1b1b/anxa6/asah1b/slc4a2b/ormdl3/pck1/plce1/foxo4/zgc:153039/hkdc1/tfr1a/slc12a7b/txn2/slc40a1/prdx4/plcg1/selenoh/selenon/bdh2/cln3/smdt1b/dmxl2/atp1b3b/fthl27/atp6ap1a/atp6v1ba/ccdc115/hpxa/nipblb/cyp7a1/prdx3/atp2a2b/plcb3/zgc:110843/glrx3/hk2/atp2a2a/plch1/itpr1b/ryr1a/slc39a9/smn1/ormdl2/slc35g1/rgn/slc12a2/slc9a7/atp1b1a/atp13a1/npc1/wnt5b,56
BP,GO:0007093,mitotic cell cycle checkpoint signaling,14/2545,58/18773,0.24137931,1.780516225,2.357586756,0.020726522,0.184582209,0.163147748,cdk1/aurkb/e2f7/mad2l1/ttk/bub1bb/ndc80/kntc1/zw10/anapc15/id2a/zwilch/chek2/mrnip,14
BP,GO:0003333,amino acid transmembrane transport,17/2545,75/18773,0.226666667,1.671989522,2.309203579,0.021243016,0.187522416,0.165746526,slc25a55a/slc38a5b/sfxn1/slc25a29/slc1a6/slc38a7/lrrc8db/slc38a9/slc6a7/mfsd12a/slc1a5/slc3a2a/slc38a3b/slc25a38a/slc7a3a/slc6a9/slc38a3a,17
BP,GO:0008203,cholesterol metabolic process,17/2545,75/18773,0.226666667,1.671989522,2.309203579,0.021243016,0.187522416,0.165746526,zgc:162608/cyp46a1.5/scap/soat2/ldlra/lbr/apoeb/cyp46a1.1/cyp7a1/cyp27a3/tm7sf2/srebf2/sc5d/hsd17b7/dhcr7/fgf1a/npc2.1,17
BP,GO:1903046,meiotic cell cycle process,17/2545,75/18773,0.226666667,1.671989522,2.309203579,0.021243016,0.187522416,0.165746526,top2a/espl1/aspm/spire1a/ttk/rad50/nuf2/ncapd3/pttg1/slx4/pgrmc1/cenpx/mos/rad51/cdc25b/ncapd2/si:ch211-161h7.4,17
BP,GO:0051056,regulation of small GTPase mediated signal transduction,25/2545,122/18773,0.204918033,1.511562369,2.244885066,0.021514368,0.189364069,0.167374319,arhgef28a/git2b/iqsec1b/stard13b/arfgef2/tnfaip1/arhgef3l/git2a/dock10/f2rl1.2/arhgap19/arhgap29a/shoc2/git1/rhoab/psd2/cyth1a/arhgef18b/tsc2/mmd/dock7/stard13a/stambpa/si:ch211-247j9.1/dock6,25
MF,GO:0016830,carbon-carbon lyase activity,13/2489,53/18430,0.245283019,1.816217773,2.351322648,0.021633982,0.230698022,0.209623974,csad/tha1/acod1/hacl1/hoga1/pck1/umps/urad/acmsd/aldob/mlycd/fahd1/ddt,13
MF,GO:0003950,NAD+-protein poly-ADP-ribosyltransferase activity,10/2489,37/18430,0.27027027,2.001237879,2.408892396,0.021779014,0.230698022,0.209623974,parp142.2/parp14rs2.1/parp2/huwe1/tiparp/art4/parp12a/parp14rs1/tnksa/parp3,10
MF,GO:0050840,extracellular matrix binding,7/2489,22/18430,0.318181818,2.356002776,2.514630441,0.021828717,0.230698022,0.209623974,lgals2a/bmper/sparc/cd248b/lgals2b/itgb1a/vtna,7
BP,GO:0001816,cytokine production,18/2545,81/18773,0.222222222,1.639205414,2.283083179,0.021968936,0.192802956,0.170413868,n4bp1/zbtb1/gapdh/gpatch3/zbtb16a/cd74b/sulf2b/cd74a/lgr4/pias4a/sting1/zbtb16b/zbtb34/zbtb20/lurap1/cd226/patz1/ticam1,18
BP,GO:0001702,gastrulation with mouth forming second,15/2545,64/18773,0.234375,1.72884946,2.312965752,0.022061561,0.193054649,0.170636333,epcam/cldne/gdf3/megf8/rhov/sdc3/pou5f3/cdk5rap3/cyth1a/map9/cdh1/apoa2/rnf111/sdc2/npc1,15
BP,GO:0018208,peptidyl-proline modification,7/2545,22/18773,0.318181818,2.347044115,2.503500076,0.022255889,0.19373353,0.171236379,ppifb/ppil4/ppiab/ppie/cwc27/fkbp11/ppig,7
BP,GO:0051225,spindle assembly,13/2545,53/18773,0.245283019,1.809311636,2.336509029,0.022267484,0.19373353,0.171236379,mapre2/kif11/aurkb/prc1b/clasp1a/mapre3b/kif23/tubgcp5/haus5/racgap1/map9/cep63/haus1,13
MF,GO:0016814,"hydrolase activity, acting on carbon-nitrogen (but not peptide) bonds, in cyclic amidines",9/2489,32/18430,0.28125,2.082538168,2.421800987,0.022413748,0.230698022,0.209623974,mthfd1b/ampd2b/zgc:103586/gch2/mthfd1a/cdab/dctd/cdadc1/adat1,9
CC,GO:0045263,"proton-transporting ATP synthase complex, coupling factor F(o)",5/2610,13/19331,0.384615385,2.848659004,2.634222548,0.022483458,0.23900893,0.218146133,atp5pd/atp5mea/atp5meb/atp5pb/atp5mc1,5
MF,GO:0000774,adenyl-nucleotide exchange factor activity,5/2489,13/18430,0.384615385,2.847915443,2.6336004,0.022505049,0.230698022,0.209623974,hspbp1/hspa4a/bag5/grpel1/bag2,5
MF,GO:0047372,monoacylglycerol lipase activity,5/2489,13/18430,0.384615385,2.847915443,2.6336004,0.022505049,0.230698022,0.209623974,abhd3/abhd12/abhd15a/abhd6a/abhd2a,5
MF,GO:0140597,protein carrier chaperone,5/2489,13/18430,0.384615385,2.847915443,2.6336004,0.022505049,0.230698022,0.209623974,oxa1l/emc10/spty2d1/emc6/emc7b,5
BP,GO:0060218,hematopoietic stem cell differentiation,19/2545,87/18773,0.218390805,1.610943251,2.261877042,0.022538162,0.194128141,0.171585167,csf3a/f2r/cdca7a/csf3b/fgfr4/tgfb3/fgfr3/plcg1/notch1b/nos1/pdcd2/cxcl8a/ak2/f11r.1/sf3a3/sf3b1/nop14/vhl/gpr182,19
MF,GO:0004364,glutathione transferase activity,8/2489,27/18430,0.296296296,2.193949675,2.453178462,0.022539462,0.230698022,0.209623974,gstt1a/gstk1/gstr/gstt2/gstz1/gstm.1/ptges/gstt1b,8
MF,GO:0016620,"oxidoreductase activity, acting on the aldehyde or oxo group of donors, NAD or NADP as acceptor",8/2489,27/18430,0.296296296,2.193949675,2.453178462,0.022539462,0.230698022,0.209623974,aldh6a1/aldh4a1/gapdh/aldh18a1/aldh7a1/aldh16a1/aldh1l2/aldh9a1a.1,8
MF,GO:0034593,phosphatidylinositol bisphosphate phosphatase activity,8/2489,27/18430,0.296296296,2.193949675,2.453178462,0.022539462,0.230698022,0.209623974,synj1/mtmr1b/inpp5e/inpp5b/mtmr7b/mtmr6/inpp4ab/pip4p1b,8
BP,GO:0010876,lipid localization,50/2545,279/18773,0.17921147,1.32193985,2.145497825,0.022784548,0.194128141,0.171585167,zgc:162608/scap/fabp3/slc10a4/slc27a2a/soat2/prelid3b/cpt1b/fabp4a/fabp1b.1/ldlra/mfsd2ab/apoeb/apol/rbp4/scp2a/cert1a/slco3a1a/osbpl3b/stard13b/abca4b/apoba/vtg2/slc51a/vtg7/pitpnm3/abcd1/slc10a3/surf4/osbpl11/fitm2/abca3b/slco1e1/nus1/rbp2b/vps13c/rbp5/slco1d1/atg9a/acot11a/srebf2/pla2g12a/plin2/stard13a/vps51/pitpnab/stard3/apobb.1/npc2.1/npc1,50
BP,GO:0034248,regulation of amide metabolic process,5/2545,13/18773,0.384615385,2.837086293,2.623925393,0.022853014,0.194128141,0.171585167,ormdl3/pdk2a/pdk4/pdk1/ormdl2,5
BP,GO:0043174,nucleoside salvage,5/2545,13/18773,0.384615385,2.837086293,2.623925393,0.022853014,0.194128141,0.171585167,dnph1/aprt/adka/mtap/hprt1,5
BP,GO:0046185,aldehyde catabolic process,5/2545,13/18773,0.384615385,2.837086293,2.623925393,0.022853014,0.194128141,0.171585167,akr1a1a/adh8a/hoga1/esd/akr1a1b,5
BP,GO:1901797,negative regulation of signal transduction by p53 class mediator,5/2545,13/18773,0.384615385,2.837086293,2.623925393,0.022853014,0.194128141,0.171585167,bcl6aa/cd74b/cd74a/rnf2/bcor,5
BP,GO:0006879,intracellular iron ion homeostasis,9/2545,32/18773,0.28125,2.074619352,2.409350217,0.022930526,0.194128141,0.171585167,hamp/tfr1a/slc40a1/bdh2/fthl27/ccdc115/hpxa/zgc:110843/glrx3,9
BP,GO:0019674,NAD metabolic process,9/2545,32/18773,0.28125,2.074619352,2.409350217,0.022930526,0.194128141,0.171585167,gpd1b/kmo/ido1/nudt17/kynu/nampt1/aspdh/mdh1aa/nadkb,9
BP,GO:0000724,double-strand break repair via homologous recombination,20/2545,93/18773,0.215053763,1.58632782,2.244709816,0.022970711,0.194128141,0.171585167,mcm5/mcm2/mms22l/palb2/mcm6/nipblb/nucks1a/cdc45/mcm7/gins4/rpa3/rad51/pias4a/rad51ap1/cdc7/mcm3/smc5/tonsl/mrnip/zfyve26,20
BP,GO:1905039,carboxylic acid transmembrane transport,20/2545,93/18773,0.215053763,1.58632782,2.244709816,0.022970711,0.194128141,0.171585167,slc16a12a/slc25a55a/slc38a5b/slc16a1a/sfxn1/slc25a29/slc1a6/slc16a1b/lrrc8db/slc38a9/mpc2b/slc6a7/mfsd12a/slc1a5/slc3a2a/abcd1/slc25a38a/mpc1/slc7a3a/slc6a9,20
BP,GO:0006099,tricarboxylic acid cycle,8/2545,27/18773,0.296296296,2.185607218,2.441378283,0.023020164,0.194128141,0.171585167,ogdha/cs/sdhc/aco1/aco2/idh1/mdh1aa/ogdhb,8
BP,GO:0034101,erythrocyte homeostasis,26/2545,129/18773,0.201550388,1.486721189,2.196707476,0.02355067,0.198048672,0.175050429,sfxn1/klf6a/rps27.1/tet2/tfr1a/adnp2b/slc40a1/bdh2/stat5a/pdcd2/sparc/melk/slc25a38a/prdm15/adnpb/slc25a37/alas1/tert/vhl/prdm12b/klf9/lpar2a/clpxa/arhgef12a/tp53/rpl35,26
BP,GO:0048511,rhythmic process,25/2545,123/18773,0.203252033,1.499273244,2.199976781,0.023633341,0.198191824,0.175176958,nr0b2a/ncoa2/top2a/egfra/bhlhe40/per2/nr1d2a/ppargc1a/ep300b/noctb/ciarta/nfil3/timeless/nampt1/cry2/hdac3/cry3a/lgr4/nfil3-6/crebbpa/si:ch211-132b12.7/ahr1b/gna11b/egr1/mycbp2,25
BP,GO:0048048,embryonic eye morphogenesis,14/2545,59/18773,0.237288136,1.750337984,2.28594771,0.023886577,0.199760598,0.176563559,fzd8a/rerea/hs6st2/znf703/lum/mfap5/pard3ab/cdh2/tln1/znf503/axin1/six3b/sox4b/vangl2,14
BP,GO:0010564,regulation of cell cycle process,42/2545,229/18773,0.183406114,1.352881324,2.127704796,0.024462789,0.204014253,0.180323262,cdk1/mki67/cp110/aurkb/e2f7/cdkn1a/mad2l1/ect2/rab25b/ttk/bub1bb/birc6/ndc80/cdt1/fbxw5/pdcd2/klhl13/kntc1/si:dkey-25o16.4/pgrmc1/mos/timeless/dbf4/zw10/cdc25b/tp53bp1/tpx2/anapc15/npm1a/id2a/zwilch/rb1/map9/chek2/anapc5/knstrn/cep63/mrnip/tp53/zfyve26/swap70b/alms1,42
BP,GO:0016125,sterol metabolic process,18/2545,82/18773,0.219512195,1.619215104,2.225352762,0.024691972,0.205358299,0.181511231,zgc:162608/cyp46a1.5/scap/soat2/ldlra/lbr/apoeb/cyp46a1.1/hmgcra/cyp7a1/cyp27a3/tm7sf2/srebf2/sc5d/hsd17b7/dhcr7/fgf1a/npc2.1,18
BP,GO:0016072,rRNA metabolic process,34/2545,179/18773,0.189944134,1.401108538,2.135348062,0.02513233,0.208373864,0.184176617,mphosph10/sart1/rrp36/bud23/rrp7a/utp3/c1d/nsa2/las1l/ddx49/polr1e/rpf2/gnl3l/nop10/mrto4/rpl7l1/mrpl44/rcl1/rpf1/esf1/srfbp1/mak16/ddx27/mettl5/tfb1m/bop1/ddx54/znhit6/si:dkey-251i10.3/pin4/riok1/pop5/rpl35/rbm34,34
BP,GO:0043085,positive regulation of catalytic activity,19/2545,88/18773,0.215909091,1.592637078,2.206735446,0.025205836,0.208373864,0.184176617,diabloa/cdc20/rap1gds1/pycard/ect2/hsf4/esco2/tiam2a/adap2/axin1/tpx2/rb1/tsc2/asap1b/scrib/prrc1/mrnip/tp53/wnt5b,19
BP,GO:0042440,pigment metabolic process,11/2545,43/18773,0.255813953,1.886992279,2.3059604,0.025330642,0.208373864,0.184176617,qdpra/tmem14a/hmox1a/bdh2/blvra/mfsd12a/ppox/alas1/rpe65a/ddt/trpm7,11
BP,GO:0051783,regulation of nuclear division,11/2545,43/18773,0.255813953,1.886992279,2.3059604,0.025330642,0.208373864,0.184176617,mki67/mad2l1/ttk/bub1bb/ndc80/pdcd2/kntc1/zw10/anapc15/zwilch/anapc5,11
BP,GO:0000725,recombinational repair,20/2545,94/18773,0.212765957,1.569451992,2.191850348,0.025578005,0.209836952,0.185469805,mcm5/mcm2/mms22l/palb2/mcm6/nipblb/nucks1a/cdc45/mcm7/gins4/rpa3/rad51/pias4a/rad51ap1/cdc7/mcm3/smc5/tonsl/mrnip/zfyve26,20
MF,GO:0016853,isomerase activity,30/2489,155/18430,0.193548387,1.433144546,2.139811704,0.025606674,0.2575762,0.234046856,eci1/top2a/ppifb/ppil4/ppiab/amacr/ppie/pbld/gstz1/fkbp1b/mmut/cwc27/aipl1/p4hb/fkbp11/pdia6/erp44/ech1/ptges/rpe65a/pmm2/echs1/ppig/tpi1b/pus7l/pin4/fkbp4/ddt/pgm3/pin1,30
MF,GO:0050839,cell adhesion molecule binding,34/2489,180/18430,0.188888889,1.398642918,2.123706144,0.02575762,0.2575762,0.234046856,itga3b/pkp3a/itga6b/vcam1b/cdh30/itga6a/ezrb/myot/ptprb/itgb8/tjp3/pkp2/adam8a/cdh2/icam3/tln1/tjp1b/itgb3b/cdh17/fn1a/cntn4/ccn1/cdh13/si:ch211-106h11.3/pkp4/si:ch211-66e2.5/cdh1/ctnnb1/itgb1a/cd226/vtna/fgf1a/itga5/ccn4a,34
BP,GO:0042325,regulation of phosphorylation,13/2545,54/18773,0.240740741,1.775805865,2.260868395,0.025799207,0.211078069,0.186566798,il34/prkar2aa/zfyve28/axin1/klhl31/camk2n1a/tpx2/smo/prkar1ab/prrc1/mrnip/yes1/aida,13
MF,GO:0008106,alcohol dehydrogenase (NADP+) activity,6/2489,18/18430,0.333333333,2.468193384,2.462490619,0.026334038,0.260347873,0.236565339,akr1b1.1/dcxr/akr1a1a/zgc:56622/akr1a1b/dhrs4,6
CC,GO:0005814,centriole,14/2610,60/19331,0.233333333,1.728186462,2.231881629,0.026552152,0.267400844,0.244059753,cp110/c2cd3/cep83/wdr90/cetn2/tubd1/sclt1/cenpj/odf2a/nin/ftcd/cep63/cibar1/alms1,14
BP,GO:0006085,acetyl-CoA biosynthetic process,6/2545,18/18773,0.333333333,2.45880812,2.452124729,0.026789666,0.21510107,0.190122631,aclya/pdk2a/pdk4/mlycd/pdk1/pdhb,6
BP,GO:0006739,NADP metabolic process,6/2545,18/18773,0.333333333,2.45880812,2.452124729,0.026789666,0.21510107,0.190122631,nudt17/nnt/idh1/nadkb/pgls/g6pd,6
BP,GO:0010669,epithelial structure maintenance,6/2545,18/18773,0.333333333,2.45880812,2.452124729,0.026789666,0.21510107,0.190122631,chd8/sulf2b/tert/prrc1/tp53/ptbp1a,6
BP,GO:0042541,hemoglobin biosynthetic process,6/2545,18/18773,0.333333333,2.45880812,2.452124729,0.026789666,0.21510107,0.190122631,sfxn1/tfr1a/slc40a1/bdh2/slc25a38a/alas1,6
BP,GO:0046461,neutral lipid catabolic process,6/2545,18/18773,0.333333333,2.45880812,2.452124729,0.026789666,0.21510107,0.190122631,lipg/abhd12/abhd6a/dagla/abhd2a/pnpla3,6
BP,GO:0046464,acylglycerol catabolic process,6/2545,18/18773,0.333333333,2.45880812,2.452124729,0.026789666,0.21510107,0.190122631,lipg/abhd12/abhd6a/dagla/abhd2a/pnpla3,6
BP,GO:0072698,protein localization to microtubule cytoskeleton,6/2545,18/18773,0.333333333,2.45880812,2.452124729,0.026789666,0.21510107,0.190122631,mapre2/c2cd3/mapre3b/snx10a/odf2a/si:dkey-243i1.1,6
BP,GO:0006672,ceramide metabolic process,17/2545,77/18773,0.220779221,1.628561223,2.188695094,0.027049602,0.216612061,0.19145816,sgms2a/asah1b/ormdl3/cers1/hexa/sgms1b/sptlc2b/neu1/acer2/st6galnac5a/cel.1/tlcd3ba/ormdl2/cers6/smpd1/cers2b/tlcd3bb,17
CC,GO:0090734,site of DNA damage,9/2610,33/19331,0.272727273,2.019958203,2.316798435,0.02719548,0.267400844,0.244059753,mms22l/rpa3/vcp/adprs/ddb2/tonsl/hpf1/rnf168/parp3,9
BP,GO:0042775,mitochondrial ATP synthesis coupled electron transport,14/2545,60/18773,0.233333333,1.721165684,2.215672851,0.027391523,0.218769859,0.193365385,cox4i2/cox6a2/cox5b2/sdhc/cox5aa/uqcrq/prkn/cox7a1/ndufs6/ndufb8/uqcrb/ndufv2/ndufa7/uqcrh,14
CC,GO:0098798,mitochondrial protein-containing complex,23/2610,113/19331,0.203539823,1.507520429,2.137685013,0.027458227,0.267400844,0.244059753,hadhab/mrpl40/smdt1b/chchd3a/tomm7/mrps24/mrps35/mrps7/mrpl58/mrps22/chchd6a/mrpl44/afg3l2/mrpl10/mrps11/tomm6/mrpl43/mrps6/mrpl27/mrps18c/grpel1/timm10b/mrps31,23
CC,GO:0043596,nuclear replication fork,7/2610,23/19331,0.304347826,2.254156255,2.377672193,0.027783298,0.267400844,0.244059753,pold1/wdhd1/prim2/mms22l/timeless/rpa3/tonsl,7
BP,GO:0043627,response to estrogen,9/2545,33/18773,0.272727273,2.011752099,2.303631228,0.027846006,0.221812909,0.196055064,agxtb/ucp1/esr2b/pah/vtg2/vtg7/hpxa/fkbp11/ssr4,9
CC,GO:0033176,proton-transporting V-type ATPase complex,8/2610,28/19331,0.285714286,2.116146689,2.33503257,0.027888432,0.267400844,0.244059753,atp6v0cb/atp6v0b/atp6v1f/atp6ap1a/atp6v1ba/ccdc115/atp6v1ab/atp6v1c1a,8
BP,GO:0032011,ARF protein signal transduction,7/2545,23/18773,0.304347826,2.244998719,2.365913449,0.028346355,0.223440326,0.197493498,git2b/iqsec1b/arfgef2/git2a/git1/psd2/cyth1a,7
BP,GO:0032012,regulation of ARF protein signal transduction,7/2545,23/18773,0.304347826,2.244998719,2.365913449,0.028346355,0.223440326,0.197493498,git2b/iqsec1b/arfgef2/git2a/git1/psd2/cyth1a,7
BP,GO:0072525,pyridine-containing compound biosynthetic process,7/2545,23/18773,0.304347826,2.244998719,2.365913449,0.028346355,0.223440326,0.197493498,kmo/ido1/acmsd/kynu/nampt1/aspdh/nadkb,7
BP,GO:1901796,regulation of signal transduction by p53 class mediator,7/2545,23/18773,0.304347826,2.244998719,2.365913449,0.028346355,0.223440326,0.197493498,bcl6aa/kmt5aa/cd74b/cd74a/rnf2/tp53/bcor,7
BP,GO:0009119,ribonucleoside metabolic process,8/2545,28/18773,0.285714286,2.107549818,2.32255619,0.028505032,0.224105965,0.19808184,aprt/adka/zgc:103586/cdab/dctd/cdadc1/mtap/hprt1,8
CC,GO:0030684,preribosome,16/2610,72/19331,0.222222222,1.645891869,2.169273226,0.028655119,0.26946833,0.245946769,mphosph10/rrp36/rrp7a/utp3/nsa2/mrto4/noc4l/rpf1/nop14/srfbp1/mak16/znf622/bop1/si:dkey-251i10.3/riok1/pno1,16
BP,GO:0048589,developmental growth,65/2545,381/18773,0.170603675,1.258445101,2.018287264,0.028753685,0.225473701,0.199290748,ulk2/col1a1a/klf6a/igf2b/itga3b/asah1b/cacna1c/plxna3/hmmr/foxm1/dclk1b/junbb/cebpd/esco2/anxa1a/smad2/plcg1/ttk/notch1b/jag1b/nos1/lats1/stat5a/pik3ca/pard3ab/npr1a/cldn3d/cdh2/dspb/mustn1a/tsku/impact/mrap2a/nipblb/tnfrsf1a/atp6v1e1b/sirt1/mycb/pou5f3/axin1/doc2a/fn1a/cbsb/ccn1/smn1/tubb5/tlcd3ba/six3b/large1/hbegfa/igfbp2b/cdkn2aip/hspa8/fam53b/ppp2r3a/larp7/grna/mycbp2/fgf1a/zfyve27/swap70b/itga5/myo5b/wnt5b/vangl2,65
BP,GO:0015918,sterol transport,11/2545,44/18773,0.25,1.84410609,2.219896589,0.029765606,0.231753748,0.20484153,zgc:162608/soat2/ldlra/apoeb/apoba/abcd1/nus1/stard3/apobb.1/npc2.1/npc1,11
BP,GO:0046173,polyol biosynthetic process,11/2545,44/18773,0.25,1.84410609,2.219896589,0.029765606,0.231753748,0.20484153,itpkcb/sprb/cyp27b1/qdpra/pck1/itpkb/pcbd1/gch2/sptlc2b/cyp27a3/ip6k2a,11
BP,GO:0008283,cell population proliferation,75/2545,448/18773,0.167410714,1.234892471,1.992749822,0.029784847,0.231753748,0.20484153,csf3a/hspg2/mcm5/cyp27b1/klf6a/fgf19/igf2b/itga3b/tet2/egfra/csf3b/tgfb3/foxm1/junbb/ankle2/si:ch211-241b2.5/fgfr3/itgb8/ncanb/asxl1/sh3bp4a/stat5a/zgc:163143/stat4/tpd52/cyp2r1/pard3ab/npr1a/nr2f1a/il34/cdh2/mustn1a/jcada/melk/nupr1a/atp6v1f/fzd7a/amotl2a/cd276/si:ch1073-443f11.2/igfbp1a/f2rl1.2/ccl25b/uspl1/zgc:153911/znrf3/mycb/ghra/frzb/chd8/junba/rad51/nf1a/slc39a9/bmp4/si:dkey-22i16.9/klf9/id2a/stat1b/btg1/ppdpfa/hbegfa/cxcr4a/igldcp/igfbp2b/lifra/scrib/larp7/tp53/il11b/fgf1a/alms1/pid1/trpm7/prlra,75
BP,GO:0048863,stem cell differentiation,48/2545,271/18773,0.177121771,1.306525348,2.012835893,0.030457537,0.236378675,0.208929391,csf3a/hspg2/f2r/cdca7a/csf3b/fgfr4/si:dkey-49n23.1/tgfb3/fgfr3/kat6a/plcg1/nusap1/notch1b/nos1/sema3aa/rtf1/pard3ab/pdcd2/cdh2/dmxl2/cxcl8a/hdac4/ak2/radil2a/tln1/pum2/pbx4/chd8/f11r.1/sf3a3/sf3b1/nudt21/nop14/fn1a/esf1/kctd15a/vhl/cnbpa/cxcr4a/smo/disc1/gpr182/med12/mettl5/dhrs9/sema6d/rnf2/plod3,48
MF,GO:1990404,NAD+-protein ADP-ribosyltransferase activity,10/2489,39/18430,0.256410256,1.898610296,2.219762825,0.030964562,0.29501826,0.268068619,parp142.2/parp14rs2.1/parp2/huwe1/tiparp/art4/parp12a/parp14rs1/tnksa/parp3,10
BP,GO:0016567,protein ubiquitination,72/2545,429/18773,0.167832168,1.238001291,1.974820403,0.031105236,0.240786432,0.212825301,si:ch73-335l21.4/rnf144aa/cdc20/cand2/cblc/socs2/si:ch211-59o9.10/n4bp1/dtx3lb.2/znrf2b/asb5b/herc3/fbxw7/ubr3/spsb1/spsb3a/rnf19a/marchf2/socs3b/ubr1/tmem129/ube2e2/zbtb16a/birc5a/fbxw5/parp2/fem1c/tnfaip1/mylipa/klhl13/ubxn1/rnf20/zgc:101783/znrf3/rnf6/hecw2a/cul2/trim2a/ubox5/bard1/socs7/rnf25/vcp/ube4b/keap1b/asb15b/vhl/ddb2/prkn/anapc15/smurf2/fbxl15/cnot4a/huwe1/tiparp/ubr5/ubr2/cul1a/bag5/socs1b/anapc5/rnf2/rnf41/msl2b/rnf5/rnf168/dtx3lb.3/mycbp2/rnf7/ube3c/traf7/rbbp6,72
CC,GO:0034362,low-density lipoprotein particle,5/2610,14/19331,0.357142857,2.645183361,2.432839977,0.031168123,0.287570043,0.262468406,zgc:162608/ldlra/apoeb/apoba/apobb.1,5
MF,GO:0005346,purine ribonucleotide transmembrane transporter activity,5/2489,14/18430,0.357142857,2.644492912,2.432225979,0.031197333,0.29501826,0.268068619,slc25a42/slc25a25a/slc35b2/slc25a24/slc25a5,5
MF,GO:0016408,C-acyltransferase activity,5/2489,14/18430,0.357142857,2.644492912,2.432225979,0.031197333,0.29501826,0.268068619,scp2a/acaa1/gcat/sptlc2b/acaa2,5
MF,GO:0017116,single-stranded DNA helicase activity,5/2489,14/18430,0.357142857,2.644492912,2.432225979,0.031197333,0.29501826,0.268068619,mcm5/mcm2/mcm6/mcm7/mcm3,5
BP,GO:0001678,intracellular glucose homeostasis,5/2545,14/18773,0.357142857,2.634437272,2.4226691,0.031665391,0.241678163,0.213613481,gck/pck1/hkdc1/cyp7a1/hk2,5
BP,GO:0009409,response to cold,5/2545,14/18773,0.357142857,2.634437272,2.4226691,0.031665391,0.241678163,0.213613481,ucp1/per2/nrf1/cirbpb/ucp2,5
BP,GO:0021511,spinal cord patterning,5/2545,14/18773,0.357142857,2.634437272,2.4226691,0.031665391,0.241678163,0.213613481,boc/sspo/tcf7/cdh2/prdm12b,5
BP,GO:0055117,regulation of cardiac muscle contraction,5/2545,14/18773,0.357142857,2.634437272,2.4226691,0.031665391,0.241678163,0.213613481,ank2b/atp2a2b/strip2/atp2a2a/erp44,5
BP,GO:0060897,neural plate regionalization,5/2545,14/18773,0.357142857,2.634437272,2.4226691,0.031665391,0.241678163,0.213613481,fzd8a/smad2/sbno1/axin1/bptf,5
BP,GO:0001819,positive regulation of cytokine production,10/2545,39/18773,0.256410256,1.891390862,2.206743671,0.031700746,0.241678163,0.213613481,gapdh/zbtb16a/cd74b/sulf2b/cd74a/sting1/zbtb16b/lurap1/cd226/ticam1,10
MF,GO:0035091,phosphatidylinositol binding,31/2489,164/18430,0.18902439,1.399646248,2.031334713,0.031772557,0.297227144,0.270075723,si:ch211-195b13.1/phlda2/pik3c2g/arhgap32a/si:rp71-46j2.7/stam/snx18a/pard3ab/rubcn/pld1a/snx10a/snx29/plekhf1/dennd1a/sh3yl1/adap2/ttpa/zfyve28/scinla/plekha5/atg2a/snx25/si:ch211-200p22.4/pcf11/tom1/plekhn1/pitpnab/zfyve26/zcchc14/capgb/aida,31
BP,GO:0120032,regulation of plasma membrane bounded cell projection assembly,15/2545,67/18773,0.223880597,1.65143829,2.115372648,0.032443679,0.246719062,0.218069009,cdc42ep5/mcm2/ezrb/man1a2/pld1a/atp6v1f/ift74/sh3yl1/mcm7/inpp5e/odf2a/cdc42/usp8/si:ch211-247j9.1/grk5l,15
MF,GO:0005178,integrin binding,17/2489,79/18430,0.215189873,1.593390666,2.088478174,0.032891235,0.30441888,0.276610501,itga3b/itga6b/vcam1b/itga6a/itgb8/icam3/tln1/itgb3b/fn1a/ccn1/si:ch211-106h11.3/si:ch211-66e2.5/itgb1a/vtna/fgf1a/itga5/ccn4a,17
BP,GO:0002262,myeloid cell homeostasis,27/2545,139/18773,0.194244604,1.432830631,2.028331846,0.032914947,0.247590423,0.218839184,nr4a3/sfxn1/klf6a/rps27.1/tet2/tfr1a/adnp2b/slc40a1/bdh2/stat5a/pdcd2/sparc/melk/slc25a38a/prdm15/adnpb/slc25a37/alas1/tert/vhl/prdm12b/klf9/lpar2a/clpxa/arhgef12a/tp53/rpl35,27
BP,GO:0009126,purine nucleoside monophosphate metabolic process,9/2545,34/18773,0.264705882,1.952582919,2.201586277,0.03345639,0.247590423,0.218839184,ampd2b/aprt/gart/impdh1a/adka/nt5c2b/ak4/ak2/hprt1,9
BP,GO:0009167,purine ribonucleoside monophosphate metabolic process,9/2545,34/18773,0.264705882,1.952582919,2.201586277,0.03345639,0.247590423,0.218839184,ampd2b/aprt/gart/impdh1a/adka/nt5c2b/ak4/ak2/hprt1,9
BP,GO:0043409,negative regulation of MAPK cascade,9/2545,34/18773,0.264705882,1.952582919,2.201586277,0.03345639,0.247590423,0.218839184,il17rd/dusp5/si:dkey-175m17.7/dusp2/dusp13a/nf1a/spred2b/aida/dusp10,9
BP,GO:0051293,establishment of spindle localization,9/2545,34/18773,0.264705882,1.952582919,2.201586277,0.03345639,0.247590423,0.218839184,ndel1b/aspm/spire1a/nusap1/clasp1a/llgl1/rhoab/scrib/vangl2,9
BP,GO:0051653,spindle localization,9/2545,34/18773,0.264705882,1.952582919,2.201586277,0.03345639,0.247590423,0.218839184,ndel1b/aspm/spire1a/nusap1/clasp1a/llgl1/rhoab/scrib/vangl2,9
MF,GO:0015175,neutral L-amino acid transmembrane transporter activity,11/2489,45/18430,0.244444444,1.810008482,2.149658928,0.033882739,0.305145565,0.277270803,slc38a5b/slc1a6/slc38a7/slc38a9/mfsd12a/slc1a5/slc3a2a/slc38a3b/slc25a38a/slc6a9/slc38a3a,11
BP,GO:0006119,oxidative phosphorylation,17/2545,79/18773,0.215189873,1.587331825,2.071632076,0.033968143,0.247590423,0.218839184,cox4i2/cox6a2/ppargc1a/cox5b2/sdhc/cox5aa/atpsckmt/smn1/uqcrq/prkn/cox7a1/ndufs6/ndufb8/uqcrb/ndufv2/ndufa7/uqcrh,17
BP,GO:0048469,cell maturation,17/2545,79/18773,0.215189873,1.587331825,2.071632076,0.033968143,0.247590423,0.218839184,lyz/sfxn1/klf6a/ccnb1/adnp2b/slc40a1/bdh2/pgrmc1/ybx1/adnpb/slc25a37/tert/sclt1/abhd2a/klf9/rb1/tp53,17
MF,GO:0016289,acyl-CoA hydrolase activity,6/2489,19/18430,0.315789474,2.338288469,2.306181054,0.034205146,0.305145565,0.277270803,desi2/acot13/abcd1/acot7/acot20/acot11a,6
MF,GO:0047617,fatty acyl-CoA hydrolase activity,6/2489,19/18430,0.315789474,2.338288469,2.306181054,0.034205146,0.305145565,0.277270803,desi2/acot13/abcd1/acot7/acot20/acot11a,6
BP,GO:0048701,embryonic cranial skeleton morphogenesis,33/2545,177/18773,0.186440678,1.375265559,1.986471043,0.034351059,0.247590423,0.218839184,hspg2/mapre2/cacna1c/wnt11/caspa/kat6a/ep300b/pard3ab/crispld2/bcl9/hdac4/tln1/gfpt1/bicra/nipblb/pbx4/plcb3/tp73/fn1a/furina/pygo2/cnbpa/prdm5/pmm2/cxcr4a/smo/disc1/med12/dhrs9/rnf2/egr1/itga5/wnt5b,33
BP,GO:0045216,cell-cell junction organization,23/2545,115/18773,0.2,1.475284872,2.02458975,0.034394209,0.247590423,0.218839184,cldn7a/cldne/cldnb/cldn3c/cdh30/tjp3/znf703/pkp2/cldn3d/cdh2/dspb/tjp1b/cldn29/si:ch73-61d6.3/mapk7/cdh17/si:ch73-74h11.1/cldn19/slc39a9/cdh13/csk/cdh1/yes1,23
BP,GO:0072523,purine-containing compound catabolic process,18/2545,85/18773,0.211764706,1.562066335,2.056753718,0.034396523,0.247590423,0.218839184,gck/prkag2b/pde4ca/hkdc1/gapdh/slc38a9/pde4bb/urad/nudt17/aldob/fitm2/hk2/mlycd/hint1/eno1a/nudt4a/tpi1b/pklr,18
MF,GO:0008028,monocarboxylic acid transmembrane transporter activity,14/2489,62/18430,0.225806452,1.67200197,2.094310201,0.034515191,0.305145565,0.277270803,slc16a12a/slc6a22.1/slc10a4/slc6a6a/slc27a2a/slc16a1a/slc16a1b/mfsd2ab/mpc2b/abcd1/slc10a3/slco1e1/slco1d1/mpc1,14
BP,GO:0021700,developmental maturation,22/2545,109/18773,0.201834862,1.488819596,2.02687124,0.034607447,0.247590423,0.218839184,lyz/col1a1a/sfxn1/klf6a/ccnb1/adnp2b/slc40a1/bdh2/dmxl2/pgrmc1/ybx1/adnpb/slc25a37/tert/sclt1/zdhhc15b/abhd2a/klf9/rb1/slc12a2/zdhhc20a/tp53,22
BP,GO:0007266,Rho protein signal transduction,19/2545,91/18773,0.208791209,1.540132559,2.045389565,0.034648843,0.247590423,0.218839184,arhgef28a/cdc42ep5/arhgap35b/rhov/stard13b/ngfrb/tnfaip1/arhgef3l/arhgap35a/dock10/f2rl1.2/rhoab/racgap1/arhgef18b/cdc42/dock7/rhobtb2b/stard13a/dock6,19
BP,GO:1902475,L-alpha-amino acid transmembrane transport,11/2545,45/18773,0.244444444,1.803125955,2.136047395,0.034728444,0.247590423,0.218839184,slc25a55a/slc38a5b/slc25a29/slc1a6/slc38a9/slc6a7/slc1a5/slc3a2a/slc25a38a/slc7a3a/slc6a9,11
BP,GO:0019359,nicotinamide nucleotide biosynthetic process,6/2545,19/18773,0.315789474,2.329397167,2.295890971,0.034780994,0.247590423,0.218839184,kmo/ido1/kynu/nampt1/aspdh/nadkb,6
BP,GO:0019363,pyridine nucleotide biosynthetic process,6/2545,19/18773,0.315789474,2.329397167,2.295890971,0.034780994,0.247590423,0.218839184,kmo/ido1/kynu/nampt1/aspdh/nadkb,6
BP,GO:0019432,triglyceride biosynthetic process,6/2545,19/18773,0.315789474,2.329397167,2.295890971,0.034780994,0.247590423,0.218839184,dgat2/mogat2/pck1/lpin1a/gpat3/dgat1b,6
BP,GO:0046460,neutral lipid biosynthetic process,6/2545,19/18773,0.315789474,2.329397167,2.295890971,0.034780994,0.247590423,0.218839184,dgat2/mogat2/pck1/lpin1a/gpat3/dgat1b,6
BP,GO:0046463,acylglycerol biosynthetic process,6/2545,19/18773,0.315789474,2.329397167,2.295890971,0.034780994,0.247590423,0.218839184,dgat2/mogat2/pck1/lpin1a/gpat3/dgat1b,6
MF,GO:0004033,aldo-keto reductase (NADPH) activity,7/2489,24/18430,0.291666667,2.159669211,2.246288798,0.034822736,0.305145565,0.277270803,akr1b1.1/dcxr/akr1a1a/zgc:56622/akr1a1b/akr7a3/dhrs4,7
BP,GO:0046364,monosaccharide biosynthetic process,8/2545,29/18773,0.275862069,2.034875686,2.208628699,0.034828406,0.247590423,0.218839184,prkag2b/g6pc1a.2/pck1/slc38a9/akr1a1b/fbp2/tpi1b/rgn,8
BP,GO:0046503,glycerolipid catabolic process,8/2545,29/18773,0.275862069,2.034875686,2.208628699,0.034828406,0.247590423,0.218839184,lipg/abhd12/abhd6a/dagla/gdpd1/abhd2a/pnpla3/pla2g4f.1,8
BP,GO:0002040,sprouting angiogenesis,28/2545,146/18773,0.191780822,1.414656727,1.991867073,0.035117361,0.247590423,0.218839184,lgals2a/slc2a1b/akr1a1a/igf2b/e2f7/adgra2/arhgef9b/scube2/tgfbr3/wars2/arfgef2/jcada/f3a/ldb2a/sirt1/nus1/arhgap18/lgals2b/fn1a/gng2/cxcr4a/igfbp2b/cdc42/itgb1a/rin2a/sdc2/itga5/zap70,28
BP,GO:0032446,protein modification by small protein conjugation,78/2545,472/18773,0.165254237,1.218985382,1.908162603,0.035426215,0.247590423,0.218839184,si:ch73-335l21.4/rnf144aa/cdc20/cand2/cblc/socs2/si:ch211-59o9.10/n4bp1/dtx3lb.2/znrf2b/asb5b/herc3/fbxw7/ubr3/spsb1/spsb3a/rnf19a/marchf2/socs3b/ubr1/tmem129/zmiz2/ube2e2/zbtb16a/birc5a/fbxw5/parp2/fem1c/tnfaip1/mylipa/klhl13/ubxn1/rnf20/dcun1d4/zgc:101783/znrf3/rnf6/hecw2a/cul2/trim2a/ubox5/bard1/socs7/rnf25/vcp/ube4b/keap1b/sae1/pias4a/asb15b/vhl/ddb2/prkn/anapc15/smurf2/fbxl15/cnot4a/huwe1/dcun1d2a/tiparp/ubr5/ubr2/cul1a/bag5/socs1b/anapc5/rnf2/pias2/rnf41/msl2b/rnf5/rnf168/dtx3lb.3/mycbp2/rnf7/ube3c/traf7/rbbp6,78
CC,GO:0031462,Cul2-RING ubiquitin ligase complex,4/2610,10/19331,0.4,2.962605364,2.452580317,0.035443208,0.30148618,0.275169821,fem1c/cul2/zswim5/zer1,4
CC,GO:0033180,"proton-transporting V-type ATPase, V1 domain",4/2610,10/19331,0.4,2.962605364,2.452580317,0.035443208,0.30148618,0.275169821,atp6v1f/atp6v1ba/atp6v1ab/atp6v1c1a,4
CC,GO:0044545,NSL complex,4/2610,10/19331,0.4,2.962605364,2.452580317,0.035443208,0.30148618,0.275169821,kansl1l/kansl1a/kansl3/phf20b,4
BP,GO:0042181,ketone biosynthetic process,7/2545,24/18773,0.291666667,2.151457105,2.235275186,0.035471024,0.247590423,0.218839184,pptc7b/ubiad1/pptc7a/sirt5/coq8aa/ndufa9a/tpi1b,7
BP,GO:0050821,protein stabilization,7/2545,24/18773,0.291666667,2.151457105,2.235275186,0.035471024,0.247590423,0.218839184,hsp90aa1.1/gapdh/si:dkey-183c6.9/bag5/glmp/atf7ip/bag2,7
MF,GO:0016018,cyclosporin A binding,4/2489,10/18430,0.4,2.961832061,2.452011864,0.035471772,0.305145565,0.277270803,ppifb/ppiab/ppie/ppig,4
BP,GO:0006213,pyrimidine nucleoside metabolic process,4/2545,10/18773,0.4,2.950569745,2.443301215,0.035920704,0.247590423,0.218839184,zgc:103586/cdab/dctd/cdadc1,4
BP,GO:0006544,glycine metabolic process,4/2545,10/18773,0.4,2.950569745,2.443301215,0.035920704,0.247590423,0.218839184,agxtb/tha1/agxta/gcshb,4
BP,GO:0006582,melanin metabolic process,4/2545,10/18773,0.4,2.950569745,2.443301215,0.035920704,0.247590423,0.218839184,qdpra/mfsd12a/ddt/trpm7,4
BP,GO:0006729,tetrahydrobiopterin biosynthetic process,4/2545,10/18773,0.4,2.950569745,2.443301215,0.035920704,0.247590423,0.218839184,sprb/qdpra/pcbd1/gch2,4
BP,GO:0007164,establishment of tissue polarity,4/2545,10/18773,0.4,2.950569745,2.443301215,0.035920704,0.247590423,0.218839184,invs/ccdc57/scrib/vangl2,4
BP,GO:0021999,neural plate anterior/posterior regionalization,4/2545,10/18773,0.4,2.950569745,2.443301215,0.035920704,0.247590423,0.218839184,smad2/sbno1/axin1/bptf,4
BP,GO:0030859,polarized epithelial cell differentiation,4/2545,10/18773,0.4,2.950569745,2.443301215,0.035920704,0.247590423,0.218839184,cldn3c/cdh2/fn1a/myh11a,4
BP,GO:0042359,vitamin D metabolic process,4/2545,10/18773,0.4,2.950569745,2.443301215,0.035920704,0.247590423,0.218839184,cyp27b1/cyp2r1/cyp24a1/cyp27a3,4
BP,GO:0042574,retinal metabolic process,4/2545,10/18773,0.4,2.950569745,2.443301215,0.035920704,0.247590423,0.218839184,bco2l/rpe65a/dhrs9/bco1l,4
BP,GO:0044550,secondary metabolite biosynthetic process,4/2545,10/18773,0.4,2.950569745,2.443301215,0.035920704,0.247590423,0.218839184,qdpra/bdh2/mfsd12a/ddt,4
BP,GO:0046146,tetrahydrobiopterin metabolic process,4/2545,10/18773,0.4,2.950569745,2.443301215,0.035920704,0.247590423,0.218839184,sprb/qdpra/pcbd1/gch2,4
BP,GO:0060729,intestinal epithelial structure maintenance,4/2545,10/18773,0.4,2.950569745,2.443301215,0.035920704,0.247590423,0.218839184,chd8/tert/tp53/ptbp1a,4
BP,GO:0070365,hepatocyte differentiation,4/2545,10/18773,0.4,2.950569745,2.443301215,0.035920704,0.247590423,0.218839184,e2f7/pck1/tbx2b/id2a,4
BP,GO:0071539,protein localization to centrosome,4/2545,10/18773,0.4,2.950569745,2.443301215,0.035920704,0.247590423,0.218839184,c2cd3/snx10a/odf2a/si:dkey-243i1.1,4
BP,GO:0090329,regulation of DNA-templated DNA replication,4/2545,10/18773,0.4,2.950569745,2.443301215,0.035920704,0.247590423,0.218839184,e2f7/cdt1/timeless/dbf4,4
BP,GO:1905508,protein localization to microtubule organizing center,4/2545,10/18773,0.4,2.950569745,2.443301215,0.035920704,0.247590423,0.218839184,c2cd3/snx10a/odf2a/si:dkey-243i1.1,4
MF,GO:0005200,structural constituent of cytoskeleton,12/2489,51/18430,0.235294118,1.742254154,2.097405189,0.036126429,0.305145565,0.277270803,actb2/tuba8l3/tubb2b/tln1/sptbn2/tuba1c/lmna/tubd1/tuba5/tubb5/plecb/synm,12
MF,GO:0030170,pyridoxal phosphate binding,12/2489,51/18430,0.235294118,1.742254154,2.097405189,0.036126429,0.305145565,0.277270803,csad/gcat/got1/kynu/sptlc2b/aadat/got2a/marc1/alas1/psat1/kyat1/thnsl2,12
MF,GO:0070279,vitamin B6 binding,12/2489,51/18430,0.235294118,1.742254154,2.097405189,0.036126429,0.305145565,0.277270803,csad/gcat/got1/kynu/sptlc2b/aadat/got2a/marc1/alas1/psat1/kyat1/thnsl2,12
BP,GO:0006869,lipid transport,46/2545,261/18773,0.176245211,1.300059466,1.933159026,0.036129071,0.248459375,0.219607229,zgc:162608/fabp3/slc10a4/slc27a2a/soat2/prelid3b/cpt1b/fabp4a/fabp1b.1/ldlra/mfsd2ab/apoeb/apol/rbp4/scp2a/cert1a/slco3a1a/osbpl3b/stard13b/abca4b/apoba/vtg2/slc51a/vtg7/pitpnm3/abcd1/slc10a3/surf4/osbpl11/abca3b/slco1e1/nus1/rbp2b/vps13c/rbp5/slco1d1/atg9a/acot11a/pla2g12a/stard13a/vps51/pitpnab/stard3/apobb.1/npc2.1/npc1,46
CC,GO:0030964,NADH dehydrogenase complex,10/2610,40/19331,0.25,1.851628352,2.130138265,0.036404486,0.30148618,0.275169821,ndufs4/ndufb4/ndufb10/ndufs3/ndufb11/ndufs5/ndufs6/ndufb8/ndufv2/ndufa7,10
CC,GO:0045271,respiratory chain complex I,10/2610,40/19331,0.25,1.851628352,2.130138265,0.036404486,0.30148618,0.275169821,ndufs4/ndufb4/ndufb10/ndufs3/ndufb11/ndufs5/ndufs6/ndufb8/ndufv2/ndufa7,10
BP,GO:0033334,fin morphogenesis,15/2545,68/18773,0.220588235,1.627152433,2.051707178,0.036589213,0.250455374,0.221371445,col1a1a/fibinb/sp8b/itga3b/sall1a/cdh2/nipblb/plod1a/furina/bmp4/fbln1/smo/med12/dhrs9/kcnk5b,15
BP,GO:0060491,regulation of cell projection assembly,15/2545,68/18773,0.220588235,1.627152433,2.051707178,0.036589213,0.250455374,0.221371445,cdc42ep5/mcm2/ezrb/man1a2/pld1a/atp6v1f/ift74/sh3yl1/mcm7/inpp5e/odf2a/cdc42/usp8/si:ch211-247j9.1/grk5l,15
BP,GO:0040007,growth,68/2545,406/18773,0.167487685,1.235460238,1.899451237,0.036668193,0.250455374,0.221371445,ulk2/col1a1a/klf6a/igf2b/itga3b/dnph1/asah1b/cacna1c/plxna3/hmmr/foxm1/dclk1b/junbb/cebpd/esco2/anxa1a/smad2/plcg1/ttk/notch1b/jag1b/sh3bp4a/nos1/lats1/stat5a/pik3ca/pard3ab/npr1a/cldn3d/cdh2/dspb/mustn1a/tsku/impact/mrap2a/nipblb/tnfrsf1a/atp6v1e1b/sirt1/mycb/pou5f3/axin1/doc2a/fn1a/cbsb/ccn1/smn1/tubb5/tlcd3ba/six3b/large1/hbegfa/igfbp2b/cdkn2aip/hspa8/fam53b/ppp2r3a/larp7/grna/mycbp2/fgf1a/zfyve27/swap70b/itga5/myo5b/slc44a4/wnt5b/vangl2,68
CC,GO:0000228,nuclear chromosome,19/2610,92/19331,0.206521739,1.52960603,2.011688092,0.036970539,0.30148618,0.275169821,pold1/wdhd1/gins1/prim2/orc3/cfdp1/mms22l/rad50/setd5/slx4/smarcb1a/timeless/gins4/rpa3/rad51/tonsl/ino80c/ino80/ino80b,19
CC,GO:0044391,ribosomal subunit,27/2610,141/19331,0.191489362,1.418268525,1.969392644,0.036992169,0.30148618,0.275169821,rps27.1/mrpl40/rpl36/mrps24/mrpl30/mrps35/rpl5a/rpl7l1/mrps7/mrpl58/mrps22/mrpl44/rpl14/rpl19/rpl18a/mrpl10/mrps11/mrpl43/mrps6/rpl23a/mrpl27/mrps18c/rps2/mrps31/rpl35/rplp2/rps13,27
BP,GO:0015807,L-amino acid transport,12/2545,51/18773,0.235294118,1.735629262,2.083217572,0.037070193,0.252629602,0.223293193,slc25a55a/slc38a5b/slc25a29/slc1a6/slc38a9/slc6a7/slc1a5/slc3a2a/slc25a38a/slc6a15/slc7a3a/slc6a9,12
BP,GO:0031329,regulation of cellular catabolic process,22/2545,110/18773,0.2,1.475284872,1.979822578,0.037914358,0.257800553,0.227863671,ulk2/asah1b/cpt1ab/dram2b/sesn1/sh3bp4a/adam8a/rubcn/sqstm1/tbc1d25/acaa2/zgc:110843/clec16a/vcp/keap1b/timp2a/sting1/dap1b/dram1/pnpla3/gsk3ba/si:ch211-63o20.7,22
BP,GO:0055007,cardiac muscle cell differentiation,13/2545,57/18773,0.228070175,1.682342398,2.043148503,0.038848489,0.263558624,0.23295309,neb/nr2f1a/tpm4a/nr2f2/smyd1b/icam3/tln1/pbx4/vcp/fhod3a/tomm70a/ilk/rnf2,13
MF,GO:0016790,thiolester hydrolase activity,11/2489,46/18430,0.239130435,1.770660471,2.067890539,0.039284641,0.328631128,0.298610983,abhd17b/esd/desi2/acot13/abcd1/acot7/olah/acot20/acot11a/fasn/lyplal1,11
BP,GO:0006862,nucleotide transport,9/2545,35/18773,0.257142857,1.896794836,2.102965608,0.039800155,0.268810433,0.237595038,slc25a33/slc25a51a/slc25a42/slc17a9b/slc25a25a/shoc2/slc35b2/slc25a24/slc25a5,9
BP,GO:0048514,blood vessel morphogenesis,74/2545,448/18773,0.165178571,1.218427238,1.853064246,0.039917814,0.268810433,0.237595038,lgals2a/hspg2/slc2a1b/angptl4/bmper/akr1a1a/serpinf1/igf2b/kif11/egfra/e2f7/adgra2/rnasel2/fbxw7/arhgef9b/per2/hs6st2/scube2/fktn/ptprb/itgb8/plcg1/notch1b/iqsec1b/stat4/sema3aa/tgfbr3/wars2/map3k7/pard3ab/birc5a/arfgef2/cxcl8a/pld1a/jcada/f3a/ldb2a/amotl2a/sirt1/mtbl/kremen1/shc1/nus1/arhgap18/adrb1/lgals2b/ntn4/hdac3/fn1a/git1/cdh13/gdf2/vhl/gng2/nme2b.1/ppp1cc/lpar2a/cxcr4a/smo/hpse/igfbp2b/dcbld2/cdc42/itgb1a/rnasel3/uqcrb/tp53/gsk3ba/rin2a/fgf1a/sdc2/itga5/zap70/wnt5b,74
BP,GO:0006414,translational elongation,14/2545,63/18773,0.222222222,1.639205414,2.01252133,0.040165152,0.268810433,0.237595038,eef1a1l1/eif5a/mtrfr/secisbp2/gtpbp1l/mrpl44/rnf25/ell2/tcea3/skic8/gfm1/eef2k/srp9/rplp2,14
BP,GO:0008652,amino acid biosynthetic process,14/2545,63/18773,0.222222222,1.639205414,2.01252133,0.040165152,0.268810433,0.237595038,agxtb/psph/tha1/agxta/aldh18a1/pah/sephs3/got1/glulb/gls2a/bhmt/psat1/cbsb/mtap,14
BP,GO:0042773,ATP synthesis coupled electron transport,14/2545,63/18773,0.222222222,1.639205414,2.01252133,0.040165152,0.268810433,0.237595038,cox4i2/cox6a2/cox5b2/sdhc/cox5aa/uqcrq/prkn/cox7a1/ndufs6/ndufb8/uqcrb/ndufv2/ndufa7/uqcrh,14
BP,GO:0006302,double-strand break repair,29/2545,154/18773,0.188311688,1.389066925,1.91987593,0.04016808,0.268810433,0.237595038,mcm5/mcm2/spire1a/mms22l/rad50/palb2/mcm6/parp2/polb/nipblb/nucks1a/cdc45/mcm7/gins4/rpa3/rad51/vcp/pias4a/rad51ap1/cdc7/mcm3/smc5/tonsl/mrnip/hpf1/tp53/zfyve26/rnf168/parp3,29
BP,GO:0035023,regulation of Rho protein signal transduction,11/2545,46/18773,0.239130435,1.763927565,2.054299016,0.040245881,0.268810433,0.237595038,arhgef28a/stard13b/tnfaip1/arhgef3l/dock10/f2rl1.2/rhoab/arhgef18b/dock7/stard13a/dock6,11
MF,GO:0005096,GTPase activator activity,40/2489,225/18430,0.177777778,1.316369805,1.886672401,0.040533915,0.335120638,0.304507682,arhgap32a/arhgap35b/git2b/ect2/arhgap11a/stard13b/smap2/sgsm2/rabgap1l/rgs12b/arhgap23a/llgl1/git2a/arhgap35a/tbc1d25/arhgap12b/rgs6/myo9b/arhgap19/adap2/smcr8a/arhgap23b/arhgap29a/zgc:162872/nf1a/git1/racgap1/arhgap27l/tsc2/asap1b/tbc1d15/stard13a/rangap1a/si:ch211-247j9.1/tbc1d5/iqgap1/rin2a/arhgap42a/tbc1d8b/arhgap46a,40
MF,GO:0004620,phospholipase activity,18/2489,87/18430,0.206896552,1.531982101,1.96529168,0.040921606,0.335120638,0.304507682,prdx6/abhd3/lipg/abhd12/plce1/jmjd7/plcg1/pld1a/pitpnm3/plcb1/plcb3/plch1/pla2g12a/gdpd1/smpd1/plb1/pla1a/pla2g4f.1,18
BP,GO:0006865,amino acid transport,23/2545,117/18773,0.196581197,1.450066327,1.933868113,0.040996345,0.273218467,0.241491192,slc6a22.1/slc25a55a/slc6a6a/slc38a5b/sfxn1/slc25a29/slc1a6/slc38a7/lrrc8db/slc38a9/slc6a7/mfsd12a/slc1a5/slc3a2a/slc38a3b/slc6a4a/slc25a38a/slc6a15/slc7a3a/slc3a1/slc6a9/slc38a3a/slc6a2,23
MF,GO:0170055,lipid transmembrane transporter activity,8/2489,30/18430,0.266666667,1.974554707,2.110879741,0.041215987,0.335120638,0.304507682,slc10a4/slc27a2a/mfsd2ab/rbp4/abcd1/slc10a3/slco1e1/slco1d1,8
BP,GO:0048703,embryonic viscerocranium morphogenesis,22/2545,111/18773,0.198198198,1.461994018,1.93323841,0.041449014,0.275626813,0.243619871,hspg2/wnt11/caspa/kat6a/crispld2/bcl9/tln1/gfpt1/nipblb/plcb3/fn1a/furina/pygo2/cnbpa/prdm5/cxcr4a/smo/med12/dhrs9/egr1/itga5/wnt5b,22
MF,GO:0004559,alpha-mannosidase activity,5/2489,15/18430,0.333333333,2.468193384,2.247752985,0.041725117,0.336118997,0.305414842,man1a2/edem2/man1a1/edem3/man1b1b,5
BP,GO:0031507,heterochromatin formation,16/2545,75/18773,0.213333333,1.573637197,1.971228755,0.041731025,0.276853594,0.244704193,mbd3b/prdm14/mbd3a/nsd1a/cbx1a/hells/lmna/sirt1/h2ax1/si:ch1073-153i20.5/spty2d1/tasorb/si:ch211-13c6.2/znfx1/h2az2a/atf7ip,16
BP,GO:0015865,purine nucleotide transport,8/2545,30/18773,0.266666667,1.967046496,2.099206185,0.042035573,0.276853594,0.244704193,slc25a51a/slc25a42/slc17a9b/slc25a25a/shoc2/slc35b2/slc25a24/slc25a5,8
BP,GO:0051503,adenine nucleotide transport,8/2545,30/18773,0.266666667,1.967046496,2.099206185,0.042035573,0.276853594,0.244704193,slc25a51a/slc25a42/slc17a9b/slc25a25a/shoc2/slc35b2/slc25a24/slc25a5,8
BP,GO:0016052,carbohydrate catabolic process,18/2545,87/18773,0.206896552,1.526156764,1.947974551,0.042264379,0.276853594,0.244704193,gck/prkag2b/hkdc1/gapdh/slc38a9/treh/ppp1r3b/aldob/neu1/hk2/glb1l/eno1a/enosf1/tpi1b/atg2a/pklr/tkfc/zgc:172295,18
BP,GO:0051336,regulation of hydrolase activity,30/2545,161/18773,0.186335404,1.374489011,1.889827487,0.042308863,0.276853594,0.244704193,diabloa/rap1gds1/serpinf1/pycard/serpina7/c3b.1/itih2/si:dkey-105h12.2/ect2/hsf4/bcl2l1/esco2/c3b.2/tegt/tiam2a/sh3bp4a/si:ch211-186e20.7/cenph/serpini1/itih3a.1/a2ml/serpina1/adap2/timp2a/rb1/tsc2/asap1b/scrib/vps51/tp53,30
BP,GO:0046112,nucleobase biosynthetic process,5/2545,15/18773,0.333333333,2.45880812,2.238294371,0.042332224,0.276853594,0.244704193,aprt/gart/umps/hprt1/dhodh,5
BP,GO:0072530,purine-containing compound transmembrane transport,5/2545,15/18773,0.333333333,2.45880812,2.238294371,0.042332224,0.276853594,0.244704193,slc25a51a/slc25a42/shoc2/slc25a24/slc25a5,5
BP,GO:0046031,ADP metabolic process,12/2545,52/18773,0.230769231,1.702251776,2.008152373,0.042458832,0.276853594,0.244704193,gck/prkag2b/hkdc1/gapdh/slc38a9/ak4/ak2/aldob/hk2/eno1a/tpi1b/pklr,12
BP,GO:0046513,ceramide biosynthetic process,12/2545,52/18773,0.230769231,1.702251776,2.008152373,0.042458832,0.276853594,0.244704193,sgms2a/ormdl3/cers1/sgms1b/sptlc2b/st6galnac5a/tlcd3ba/ormdl2/cers6/smpd1/cers2b/tlcd3bb,12
MF,GO:0045296,cadherin binding,10/2489,41/18430,0.243902439,1.805995159,2.041506927,0.042582588,0.336789556,0.306024146,pkp3a/cdh30/ptprb/pkp2/cdh2/cdh17/cdh13/pkp4/cdh1/ctnnb1,10
MF,GO:0071949,FAD binding,10/2489,41/18430,0.243902439,1.805995159,2.041506927,0.042582588,0.336789556,0.306024146,zgc:92040/kmo/mical3a/prodha/mical2b/ero1b/cry2/cry3a/d2hgdh/ddo,10
BP,GO:0007369,gastrulation,48/2545,277/18773,0.173285199,1.27822516,1.847413206,0.042633301,0.277392105,0.24518017,epcam/cldne/gdf3/megf8/rhov/wnt11/ezrb/lbr/dusp5/lats1/desi2/cdh2/snrkb/dusp2/ift74/git2a/fzd7a/invs/mylipa/sdc3/pou5f3/cdk5rap3/fn1a/bmp4/rhoab/porcn/ptges/tbx2b/cyth1a/map9/cxcr4a/csk/cdh1/disc1/dyrk1b/iqgap3/cdc42/scrib/apoa2/rnf111/lurap1/yes1/sdc2/swap70b/itga5/npc1/wnt5b/vangl2,48
CC,GO:0016514,SWI/SNF complex,6/2610,20/19331,0.3,2.221954023,2.160093443,0.04340267,0.34793288,0.317562246,bicra/smarcd1/bicral/smarcc1b/dpf3/si:ch211-168d23.3,6
MF,GO:0015252,proton channel activity,6/2489,20/18430,0.3,2.221374046,2.159445973,0.043446706,0.337800222,0.306942488,tmem175/hvcn1/atp5pd/atp6v1ab/sting1/atp5pb,6
MF,GO:0016887,ATP hydrolysis activity,54/2489,318/18430,0.169811321,1.257381535,1.829419462,0.043486925,0.337800222,0.306942488,abcc6a/wu:fb13g09/atp13a2/smc2/abcc12/hsp90aa1.1/abcc3/hspa13/afg1lb/dnah5l/kif20a/abca4b/rad50/chd1/atp6v1ab/pex1/abcd1/kif23/kif22/tap2a/abca3b/kif19/myo9b/atp2a2b/chd8/mcm7/atp2a2a/cct6a/helz2a/yme1l1a/rad51/kif2c/vcp/rfc3/afg3l2/kif18a/psmc5/srp54/afg2a/clpxa/ercc6l/smc4/mcm3/tor1/smc5/hspa8/mov10b.2/mov10b.1/atp13a1/znfx1/psmc1a/abcb4/kif13ba/ino80,54
BP,GO:1901991,negative regulation of mitotic cell cycle phase transition,13/2545,58/18773,0.224137931,1.653336495,1.97343427,0.044083724,0.284249937,0.251241642,cdk1/aurkb/e2f7/mad2l1/ttk/bub1bb/ndc80/kntc1/zw10/anapc15/zwilch/rb1/mrnip,13
BP,GO:0019217,regulation of fatty acid metabolic process,6/2545,20/18773,0.3,2.212927308,2.149220932,0.044158072,0.284249937,0.251241642,cpt1ab/pdk2a/pdk4/acaa2/dcaf5/pdk1,6
BP,GO:0051156,glucose 6-phosphate metabolic process,6/2545,20/18773,0.3,2.212927308,2.149220932,0.044158072,0.284249937,0.251241642,gck/g6pc1a.2/hkdc1/hk2/pgls/g6pd,6
BP,GO:0070050,neuron cellular homeostasis,6/2545,20/18773,0.3,2.212927308,2.149220932,0.044158072,0.284249937,0.251241642,atp13a2/tmem175/asah1b/dmxl2/nipblb/smn1,6
BP,GO:1901654,response to ketone,6/2545,20/18773,0.3,2.212927308,2.149220932,0.044158072,0.284249937,0.251241642,hamp/pck1/ptger4b/pgrmc1/slc39a9/abhd2a,6
BP,GO:0048872,homeostasis of number of cells,31/2545,168/18773,0.18452381,1.361125924,1.86193766,0.04438371,0.285094511,0.25198814,nr4a3/sfxn1/klf6a/rps27.1/tet2/tfr1a/adnp2b/slc40a1/bdh2/stat5a/pdcd2/sparc/melk/epg5/slc25a38a/prdm15/adnpb/slc25a37/alas1/kif2c/tert/sae1/vhl/prdm12b/klf9/lpar2a/clpxa/arhgef12a/ftcd/tp53/rpl35,31
MF,GO:0051082,unfolded protein binding,16/2489,76/18430,0.210526316,1.55885898,1.929075469,0.045096948,0.34720659,0.315489593,dnaja1/hsp90aa1.1/hspb1/ccdc115/pfdn1/dnaja3a/cct6a/uggt1/naca/nudc/clpxa/calr/dnajb2/grpel1/nudcd3/dnajb6b,16
BP,GO:0044093,positive regulation of molecular function,22/2545,112/18773,0.196428571,1.4489405,1.887109092,0.045219055,0.289843583,0.25618573,diabloa/cdc20/rap1gds1/pycard/ect2/hsf4/esco2/tiam2a/bcl10/adap2/axin1/tpx2/rb1/tsc2/asap1b/rgn/scrib/sox3/prrc1/mrnip/tp53/wnt5b,22
BP,GO:0010948,negative regulation of cell cycle process,21/2545,106/18773,0.198113208,1.46136709,1.88637898,0.045736902,0.292541753,0.258570577,cdk1/aurkb/e2f7/mad2l1/ttk/bub1bb/ndc80/cdt1/kntc1/mos/timeless/zw10/tp53bp1/anapc15/id2a/zwilch/rb1/chek2/cep63/mrnip/tp53,21
BP,GO:0043542,endothelial cell migration,11/2545,47/18773,0.234042553,1.726397191,1.974545938,0.046341978,0.295785265,0.261437439,hspg2/klf6a/arfgef2/abl1/sirt1/fn1a/cnn2/cxcr4a/cdc42/itga5/zap70,11
BP,GO:0006749,glutathione metabolic process,9/2545,36/18773,0.25,1.84410609,2.007543305,0.046910601,0.296903781,0.262426068,gstt1a/gstk1/gstr/gstt2/gstz1/gstm.1/gstt1b/ggt1a/ethe1,9
BP,GO:0016126,sterol biosynthetic process,9/2545,36/18773,0.25,1.84410609,2.007543305,0.046910601,0.296903781,0.262426068,scap/lbr/hmgcra/tm7sf2/srebf2/sc5d/hsd17b7/dhcr7/fgf1a,9
BP,GO:0043534,blood vessel endothelial cell migration,9/2545,36/18773,0.25,1.84410609,2.007543305,0.046910601,0.296903781,0.262426068,hspg2/arfgef2/sirt1/fn1a/cnn2/cxcr4a/cdc42/itga5/zap70,9
BP,GO:0140115,export across plasma membrane,9/2545,36/18773,0.25,1.84410609,2.007543305,0.046910601,0.296903781,0.262426068,atp1b1b/slc47a1/aqp1a.1/atp1b3b/mlnl/slc22a18/slc35g1/slc47a2.1/atp1b1a,9
MF,GO:0022804,active transmembrane transporter activity,66/2489,400/18430,0.165,1.221755725,1.771791141,0.047566803,0.363009812,0.329849206,slc6a13/abcc6a/wu:fb13g09/atp13a2/slc6a22.1/slc10a4/slc6a6a/slc16a1a/slc37a4a/slc1a6/zgc:77158/slc47a1/slc16a1b/slc4a2b/slc38a7/abcc12/mfsd2ab/zgc:153039/abcc3/slc12a7b/slc6a7/slc13a5a/slco3a1a/atp6v0cb/abca4b/mfsd12a/slc1a5/slc26a6l2/slc17a9b/ankhb/atp6v0b/atp6v1f/nnt/atp6v1ba/ndufs3/atp6v1ab/abcd1/slc12a9/slc6a4a/slc10a3/cox5aa/atp6v1e1b/tap2a/abca3b/atp2a2b/slco1e1/atp2a2a/slco1d1/slc35d1a/slc8b1/xpr1a/atp6v1c1a/slc6a15/slc6a9/slc25a24/slc12a2/slc47a2.1/slc9a7/slc35d2/slc25a5/atp13a1/abcb4/slc5a9/slc44a4/slc6a2/slc35a5,66
BP,GO:0045786,negative regulation of cell cycle,24/2545,125/18773,0.192,1.416273477,1.849201699,0.047686122,0.301180756,0.266206383,cdk1/aurkb/e2f7/mad2l1/ttk/bub1bb/ndc80/cdt1/nupr1a/kntc1/mos/timeless/zw10/ppp1r13bb/tp53bp1/anapc15/id2a/zwilch/rb1/chek2/scrib/cep63/mrnip/tp53,24
BP,GO:0055082,intracellular chemical homeostasis,44/2545,253/18773,0.173913043,1.282856411,1.793793567,0.047918406,0.302016006,0.26694464,hamp/gck/atp13a2/tmem175/atp1b1b/anxa6/slc4a2b/ormdl3/pck1/plce1/foxo4/hkdc1/tfr1a/slc40a1/plcg1/selenon/bdh2/cln3/smdt1b/dmxl2/atp1b3b/fthl27/atp6ap1a/atp6v1ba/ccdc115/hpxa/cyp7a1/atp2a2b/plcb3/zgc:110843/glrx3/hk2/atp2a2a/plch1/itpr1b/ryr1a/slc39a9/ormdl2/slc35g1/rgn/slc9a7/atp1b1a/atp13a1/wnt5b,44
BP,GO:0000122,negative regulation of transcription by RNA polymerase II,40/2545,227/18773,0.176211454,1.29981046,1.79970469,0.048021505,0.302035257,0.266961656,nr0b2a/id4/mbd3b/aurkb/e2f7/hexim1/nr2f6a/zbtb1/per2/smad2/mbd3a/nr1d2b/zbtb16a/gatad2b/nr2f1a/nr2f2/hdac4/impact/ldb2a/gatad2ab/mycb/nr1d4a/rargb/hdac3/prdm12b/skila/id2a/raraa/nr1h5/zbtb34/nr2f6b/sox3/zbtb20/rnf2/sox4b/nr1d4b/patz1/nr1i2/bcor/cbx8b,40
BP,GO:0009135,purine nucleoside diphosphate metabolic process,12/2545,53/18773,0.226415094,1.670133818,1.934698139,0.048368495,0.302328128,0.267220517,gck/prkag2b/hkdc1/gapdh/slc38a9/ak4/ak2/aldob/hk2/eno1a/tpi1b/pklr,12
BP,GO:0009179,purine ribonucleoside diphosphate metabolic process,12/2545,53/18773,0.226415094,1.670133818,1.934698139,0.048368495,0.302328128,0.267220517,gck/prkag2b/hkdc1/gapdh/slc38a9/ak4/ak2/aldob/hk2/eno1a/tpi1b/pklr,12
BP,GO:0009266,response to temperature stimulus,12/2545,53/18773,0.226415094,1.670133818,1.934698139,0.048368495,0.302328128,0.267220517,dnaja1/ucp1/hsp90aa1.1/hspb1/per2/dnaja3a/cry2/cry3a/prkn/nrf1/cirbpb/ucp2,12
BP,GO:0043604,amide biosynthetic process,22/2545,113/18773,0.194690265,1.436118017,1.841425265,0.049231763,0.305094818,0.269665927,aclya/sgms2a/ormdl3/elovl6/pdk2a/cers1/pdk4/pank1b/sgms1b/sptlc2b/st6galnac5a/acacb/mlycd/pdk1/tlcd3ba/ormdl2/pdhb/cers6/smpd1/cers2b/arg1/tlcd3bb,22
CC,GO:0019005,SCF ubiquitin ligase complex,14/2610,65/19331,0.215384615,1.595249042,1.899173592,0.049304277,0.375251657,0.3424964,cks1b/si:ch1073-228j22.2/fbxw7/spsb1/spsb3a/fbxw5/fbxl2/cks2/fbxl18/cul2/fbxl15/cul1a/dmac2/traf7,14
CC,GO:0010494,cytoplasmic stress granule,10/2610,42/19331,0.238095238,1.763455574,1.956854864,0.04931093,0.375251657,0.3424964,mcrip2/ssb/igf2bp3/atxn2l/pabpc4/larp4aa/mcrip1/stau1/g3bp2a/zgc:103482,10
MF,GO:1901505,carbohydrate derivative transmembrane transporter activity,10/2489,42/18430,0.238095238,1.762995274,1.956071828,0.04937615,0.36495482,0.33161654,slc37a4a/mfsd2ab/slc25a42/slc25a25a/slc35d1a/slc35b2/slc25a24/slc35d2/slc25a5/slc35a5,10
CC,GO:0005579,membrane attack complex,4/2610,11/19331,0.363636364,2.693277604,2.21935105,0.049880077,0.375251657,0.3424964,c7a/c8a/c8b/c6.2,4
CC,GO:0005952,cAMP-dependent protein kinase complex,4/2610,11/19331,0.363636364,2.693277604,2.21935105,0.049880077,0.375251657,0.3424964,prkacab/prkacbb/prkar2aa/prkar1ab,4
MF,GO:0002039,p53 binding,4/2489,11/18430,0.363636364,2.692574601,2.218792507,0.049919108,0.36495482,0.33161654,sirt1/chd8/ppp1r13bb/tp53bp2b,4
MF,GO:0008330,protein tyrosine/threonine phosphatase activity,4/2489,11/18430,0.363636364,2.692574601,2.218792507,0.049919108,0.36495482,0.33161654,dusp5/si:dkey-175m17.7/dusp2/dusp10,4
MF,GO:0033550,MAP kinase tyrosine phosphatase activity,4/2489,11/18430,0.363636364,2.692574601,2.218792507,0.049919108,0.36495482,0.33161654,dusp5/si:dkey-175m17.7/dusp2/dusp10,4
MF,GO:0106019,"phosphatidylinositol-4,5-bisphosphate phosphatase activity",4/2489,11/18430,0.363636364,2.692574601,2.218792507,0.049919108,0.36495482,0.33161654,synj1/inpp5e/inpp5b/pip4p1b,4
