ONTOLOGY,ID,Description,pvalue_ASG_brain_AF,pvalue_ASG_brain_AR,pvalue_ASG_brain_FR,pvalue_DEG_brain_AF,pvalue_DEG_brain_AR,pvalue_DEG_brain_FR
MF,GO:0005096,GTPase activator activity,8.7e-12,6.86e-9,0.00482717,NA,NA,NA
MF,GO:0008047,enzyme activator activity,4.16e-9,2.73e-8,0.006880528,NA,NA,NA
CC,GO:0099572,postsynaptic specialization,4.66e-8,2.94e-6,0.001834373,NA,NA,NA
BP,GO:0007411,axon guidance,1.05e-7,3.12946e-4,5.77e-8,NA,NA,NA
BP,GO:0097485,neuron projection guidance,1.05e-7,3.12946e-4,5.77e-8,NA,NA,NA
BP,GO:0051656,establishment of organelle localization,1.48e-7,2.98e-5,9.90681e-4,NA,NA,NA
MF,GO:0005085,guanyl-nucleotide exchange factor activity,3.42e-7,1.75e-5,1.34e-7,NA,NA,NA
BP,GO:0050808,synapse organization,4.74e-7,6.22754e-4,0.010344352,NA,NA,NA
CC,GO:0014069,postsynaptic density,8.23e-7,2.69e-6,0.004718635,NA,NA,NA
BP,GO:0051640,organelle localization,9.2e-7,3.71e-5,0.003035598,NA,NA,NA
BP,GO:0010975,regulation of neuron projection development,9.26e-7,0.016128758,1.92576e-4,NA,NA,NA
CC,GO:0032279,asymmetric synapse,1.09e-6,3.45e-6,0.005228149,NA,NA,NA
CC,GO:0098984,neuron to neuron synapse,1.09e-6,3.45e-6,0.005228149,NA,NA,NA
BP,GO:0016358,dendrite development,1.31e-6,2.16329e-4,8.2103e-4,NA,NA,NA
BP,GO:0048813,dendrite morphogenesis,1.61e-6,6.35e-5,0.003110564,0.011775145,NA,NA
CC,GO:0098794,postsynapse,1.77e-6,7.19e-7,0.002364543,NA,NA,NA
BP,GO:0048675,axon extension,2.98e-6,0.018838625,1.37e-5,NA,NA,NA
MF,GO:0015631,tubulin binding,3.98e-6,8.61324e-4,3.73e-5,NA,NA,NA
BP,GO:0099003,vesicle-mediated transport in synapse,8.27e-6,0.019106825,2.13822e-4,NA,NA,NA
BP,GO:0099504,synaptic vesicle cycle,8.27e-6,0.019106825,2.13822e-4,NA,NA,NA
BP,GO:1990138,neuron projection extension,9.16e-6,0.047692651,1.44e-5,NA,NA,NA
MF,GO:0005543,phospholipid binding,1.03e-5,7.36e-5,0.042228554,NA,NA,NA
BP,GO:0060560,developmental growth involved in morphogenesis,1.06e-5,0.011404262,4.4e-5,NA,NA,NA
BP,GO:0048588,developmental cell growth,1.19e-5,0.033909776,7.41e-5,NA,NA,NA
BP,GO:0016049,cell growth,1.23e-5,0.029472616,8.11e-5,NA,NA,NA
BP,GO:1902414,protein localization to cell junction,1.72e-5,4.83287e-4,NA,NA,NA,NA
BP,GO:0120035,regulation of plasma membrane bounded cell projection organization,1.92e-5,NA,0.009491766,NA,NA,NA
MF,GO:0035091,phosphatidylinositol binding,2.07e-5,1.698e-4,0.027216197,NA,NA,NA
CC,GO:0005938,cell cortex,2.12e-5,0.002339151,NA,NA,NA,NA
BP,GO:0006897,endocytosis,2.2e-5,4.61405e-4,NA,NA,NA,NA
BP,GO:0050773,regulation of dendrite development,2.23e-5,0.032885707,NA,0.015809755,NA,NA
BP,GO:0050770,regulation of axonogenesis,2.37e-5,0.03466946,0.001633852,NA,NA,NA
BP,GO:0031344,regulation of cell projection organization,2.54e-5,NA,0.010590804,NA,NA,NA
CC,GO:0097060,synaptic membrane,3.03e-5,5.65e-7,3.80471e-4,NA,NA,NA
BP,GO:0060997,dendritic spine morphogenesis,3.18e-5,1.06052e-4,NA,NA,NA,NA
MF,GO:0042578,phosphoric ester hydrolase activity,3.24e-5,7.36099e-4,0.01333115,NA,NA,NA
MF,GO:1901981,phosphatidylinositol phosphate binding,3.9e-5,9.09e-6,0.015392434,NA,NA,NA
BP,GO:0050772,positive regulation of axonogenesis,3.94e-5,NA,0.013289235,NA,NA,NA
BP,GO:0006836,neurotransmitter transport,4.41e-5,NA,1.97e-5,NA,NA,NA
CC,GO:0005874,microtubule,4.65e-5,8.9474e-4,3.023e-4,NA,NA,NA
BP,GO:0061387,regulation of extent of cell growth,4.85e-5,NA,0.005311383,NA,NA,NA
BP,GO:0097061,dendritic spine organization,5.11e-5,1.58113e-4,NA,NA,NA,NA
BP,GO:0106027,neuron projection organization,5.15e-5,1.20464e-4,NA,NA,NA,NA
MF,GO:0008017,microtubule binding,5.56e-5,0.001146114,3.95e-5,NA,NA,NA
BP,GO:0008361,regulation of cell size,6.87e-5,NA,0.028491647,NA,NA,NA
BP,GO:0045921,positive regulation of exocytosis,6.93e-5,0.002402937,7.62e-6,NA,NA,NA
MF,GO:0004169,dolichyl-phosphate-mannose-protein mannosyltransferase activity,8.05e-5,1.5e-6,2.13e-5,NA,NA,NA
BP,GO:0051650,establishment of vesicle localization,8.42e-5,4.42741e-4,0.01105976,NA,NA,NA
BP,GO:0035418,protein localization to synapse,8.74e-5,0.00403083,NA,NA,NA,NA
BP,GO:0009743,response to carbohydrate,1.06424e-4,2.26523e-4,0.001999073,NA,NA,NA
BP,GO:0009746,response to hexose,1.06424e-4,2.26523e-4,0.001999073,NA,NA,NA
BP,GO:0009749,response to glucose,1.06424e-4,2.26523e-4,0.001999073,NA,NA,NA
BP,GO:0034284,response to monosaccharide,1.06424e-4,2.26523e-4,0.001999073,NA,NA,NA
CC,GO:0099738,cell cortex region,1.0681e-4,0.001910424,0.035651601,NA,NA,NA
MF,GO:0000030,mannosyltransferase activity,1.09772e-4,3.31e-6,2.43069e-4,NA,NA,NA
BP,GO:0007264,small GTPase-mediated signal transduction,1.13927e-4,4.66e-5,NA,NA,NA,NA
BP,GO:1904375,regulation of protein localization to cell periphery,1.14732e-4,4.25329e-4,NA,NA,NA,NA
BP,GO:0035268,protein mannosylation,1.19262e-4,3.23578e-4,6.88e-5,NA,NA,NA
BP,GO:0035269,protein O-linked mannosylation,1.19262e-4,3.23578e-4,6.88e-5,NA,NA,NA
BP,GO:0097502,mannosylation,1.19262e-4,3.23578e-4,6.88e-5,NA,NA,NA
MF,GO:0004970,glutamate-gated receptor activity,1.22397e-4,1.41329e-4,0.010501773,NA,NA,NA
BP,GO:0051648,vesicle localization,1.29486e-4,5.46576e-4,0.019479371,NA,NA,NA
BP,GO:0045017,glycerolipid biosynthetic process,1.34894e-4,0.016869596,NA,NA,NA,NA
BP,GO:0034330,cell junction organization,1.37417e-4,0.00220233,0.03201587,NA,NA,NA
BP,GO:0031503,protein-containing complex localization,1.44874e-4,0.006553097,NA,NA,NA,NA
BP,GO:0043087,regulation of GTPase activity,1.52543e-4,6.0987e-4,NA,NA,NA,NA
BP,GO:0043484,regulation of RNA splicing,1.61386e-4,0.005857016,0.039638371,NA,NA,NA
MF,GO:0015171,amino acid transmembrane transporter activity,1.71943e-4,0.00294105,0.020482744,NA,NA,NA
BP,GO:0048915,posterior lateral line system development,1.87862e-4,0.025179425,NA,NA,NA,NA
BP,GO:0006650,glycerophospholipid metabolic process,2.28289e-4,0.011416862,NA,NA,NA,NA
CC,GO:0030425,dendrite,2.30611e-4,2.93858e-4,NA,NA,NA,NA
CC,GO:0097447,dendritic tree,2.30611e-4,2.93858e-4,NA,NA,NA,NA
BP,GO:0001558,regulation of cell growth,2.37292e-4,NA,0.005119088,NA,NA,NA
BP,GO:0097120,receptor localization to synapse,2.48747e-4,0.005596309,NA,NA,NA,NA
BP,GO:0060996,dendritic spine development,2.49074e-4,6.05165e-4,NA,NA,NA,NA
BP,GO:0090407,organophosphate biosynthetic process,2.55913e-4,NA,NA,5e-6,NA,NA
MF,GO:0070739,protein-glutamic acid ligase activity,2.6014e-4,NA,NA,NA,NA,NA
MF,GO:0070740,tubulin-glutamic acid ligase activity,2.6014e-4,NA,NA,NA,NA,NA
BP,GO:0046474,glycerophospholipid biosynthetic process,2.67528e-4,0.041361364,NA,NA,NA,NA
BP,GO:0043547,positive regulation of GTPase activity,2.71529e-4,0.00121033,NA,NA,NA,NA
BP,GO:0048814,regulation of dendrite morphogenesis,2.77183e-4,0.029926406,NA,0.002435713,NA,NA
BP,GO:0051130,positive regulation of cellular component organization,2.77463e-4,NA,NA,NA,NA,NA
BP,GO:0050769,positive regulation of neurogenesis,3.04982e-4,NA,0.031902038,NA,NA,NA
BP,GO:0048881,mechanosensory lateral line system development,3.15988e-4,0.032968252,NA,NA,NA,NA
BP,GO:0046486,glycerolipid metabolic process,3.29956e-4,0.00797141,NA,0.04297355,0.031316987,NA
BP,GO:0000226,microtubule cytoskeleton organization,3.39933e-4,NA,9.41e-5,NA,NA,NA
MF,GO:0016879,"ligase activity, forming carbon-nitrogen bonds",3.41856e-4,0.02314537,0.02383362,NA,NA,NA
BP,GO:0048639,positive regulation of developmental growth,3.47872e-4,NA,NA,NA,NA,NA
CC,GO:0036477,somatodendritic compartment,3.51276e-4,6.42e-5,NA,NA,NA,NA
BP,GO:0048570,notochord morphogenesis,3.65008e-4,0.049169997,NA,NA,NA,NA
MF,GO:0015103,inorganic anion transmembrane transporter activity,3.7872e-4,6.878e-4,0.006921039,NA,NA,NA
BP,GO:0048488,synaptic vesicle endocytosis,3.91099e-4,4.83287e-4,0.003971736,NA,NA,NA
BP,GO:0140238,presynaptic endocytosis,3.91099e-4,4.83287e-4,0.003971736,NA,NA,NA
BP,GO:0099536,synaptic signaling,3.95582e-4,2.51377e-4,NA,NA,NA,NA
BP,GO:0099173,postsynapse organization,4.08266e-4,0.001680335,NA,NA,NA,NA
BP,GO:0045773,positive regulation of axon extension,4.09052e-4,0.035929333,NA,NA,NA,NA
BP,GO:0030277,maintenance of gastrointestinal epithelium,4.15558e-4,0.001695944,NA,NA,NA,NA
BP,GO:0032252,secretory granule localization,4.15558e-4,0.0121481,0.001202421,NA,NA,NA
BP,GO:0032253,dense core granule localization,4.15558e-4,0.0121481,0.001202421,NA,NA,NA
CC,GO:0030133,transport vesicle,4.19942e-4,NA,0.008877209,NA,NA,NA
BP,GO:0060627,regulation of vesicle-mediated transport,4.22524e-4,0.020128453,0.027989293,NA,NA,NA
MF,GO:0080025,"phosphatidylinositol-3,5-bisphosphate binding",4.24725e-4,1.63434e-4,NA,NA,NA,NA
CC,GO:0031252,cell leading edge,4.3327e-4,0.03467488,0.005250318,NA,NA,NA
BP,GO:0099072,regulation of postsynaptic membrane neurotransmitter receptor levels,4.43412e-4,0.01107556,NA,NA,NA,NA
BP,GO:1905475,regulation of protein localization to membrane,4.78565e-4,2.36e-5,NA,NA,NA,NA
MF,GO:0004721,phosphoprotein phosphatase activity,4.79583e-4,0.028471402,NA,NA,NA,NA
MF,GO:0008509,monoatomic anion transmembrane transporter activity,4.87452e-4,0.001100265,0.003320984,NA,NA,NA
BP,GO:0006900,vesicle budding from membrane,4.95968e-4,0.006745021,0.009237059,NA,NA,NA
BP,GO:0070593,dendrite self-avoidance,5.503e-4,2.68447e-4,2.8272e-4,0.015648378,NA,NA
BP,GO:0006325,chromatin organization,5.51667e-4,NA,NA,0.011047622,NA,NA
MF,GO:0015276,ligand-gated monoatomic ion channel activity,5.62046e-4,1.48e-7,0.003244333,NA,NA,NA
MF,GO:0022834,ligand-gated channel activity,5.62046e-4,1.48e-7,0.003244333,NA,NA,NA
CC,GO:0030658,transport vesicle membrane,5.68828e-4,NA,0.010357185,NA,NA,NA
CC,GO:0030135,coated vesicle,5.71479e-4,0.003747737,0.006379154,NA,NA,NA
MF,GO:0016791,phosphatase activity,5.74093e-4,0.015868558,NA,NA,NA,NA
CC,GO:0000407,phagophore assembly site,5.77131e-4,0.00609959,NA,0.036249747,NA,NA
MF,GO:0030276,clathrin binding,5.77587e-4,1.41329e-4,3.2945e-4,NA,NA,NA
BP,GO:0022603,regulation of anatomical structure morphogenesis,6.26029e-4,0.024341619,6.80424e-4,NA,NA,NA
BP,GO:1903076,regulation of protein localization to plasma membrane,6.46423e-4,2.81958e-4,NA,NA,NA,NA
BP,GO:0030705,cytoskeleton-dependent intracellular transport,6.92327e-4,0.041361364,0.013285487,NA,NA,NA
CC,GO:0099513,polymeric cytoskeletal fiber,7.28243e-4,0.037878903,0.004064207,NA,NA,NA
CC,GO:0070971,endoplasmic reticulum exit site,7.46814e-4,NA,0.035651601,NA,NA,0.025792767
CC,GO:0005925,focal adhesion,8.79399e-4,0.026300627,0.031254063,NA,NA,NA
CC,GO:0034045,phagophore assembly site membrane,8.88619e-4,0.018348898,NA,NA,NA,NA
MF,GO:0008066,glutamate receptor activity,8.90191e-4,1.82982e-4,0.041854032,NA,NA,NA
CC,GO:0098793,presynapse,8.9384e-4,NA,0.025183328,NA,NA,NA
BP,GO:0035249,"synaptic transmission, glutamatergic",9.02959e-4,0.003882214,0.048232161,NA,NA,NA
MF,GO:0003727,single-stranded RNA binding,9.13645e-4,8.03e-6,NA,NA,NA,NA
BP,GO:0007164,establishment of tissue polarity,9.43309e-4,NA,NA,NA,NA,NA
BP,GO:0016185,synaptic vesicle budding from presynaptic endocytic zone membrane,9.43309e-4,3.3e-5,4.31767e-4,NA,NA,NA
BP,GO:0030242,autophagy of peroxisome,9.43309e-4,4.64679e-4,NA,NA,NA,NA
BP,GO:0045956,positive regulation of calcium ion-dependent exocytosis,9.43309e-4,0.034000135,2.19e-5,NA,0.031620913,NA
BP,GO:1903307,positive regulation of regulated secretory pathway,9.43309e-4,0.034000135,2.19e-5,NA,0.031620913,NA
BP,GO:0048670,regulation of collateral sprouting,9.65437e-4,NA,0.017836199,NA,NA,NA
BP,GO:0006887,exocytosis,9.71734e-4,0.014156674,4.89083e-4,NA,NA,NA
MF,GO:1902936,phosphatidylinositol bisphosphate binding,9.87326e-4,1.86184e-4,0.006176043,NA,NA,NA
MF,GO:0140993,histone modifying activity,9.98321e-4,0.00493983,NA,NA,0.017941898,0.024260936
CC,GO:0045211,postsynaptic membrane,9.99686e-4,6.14e-5,0.01145056,NA,NA,NA
MF,GO:0003729,mRNA binding,0.00106319,0.002903635,NA,0.023554429,NA,NA
MF,GO:0003712,transcription coregulator activity,0.001071682,NA,NA,0.007062483,NA,0.042757677
BP,GO:0051047,positive regulation of secretion,0.001105878,0.009937451,4.13e-6,NA,0.037457463,NA
BP,GO:1903532,positive regulation of secretion by cell,0.001105878,0.009937451,4.13e-6,NA,0.037457463,NA
BP,GO:0002098,tRNA wobble uridine modification,0.001121651,NA,NA,NA,NA,NA
MF,GO:0032266,phosphatidylinositol-3-phosphate binding,0.00114861,4.0318e-4,NA,NA,NA,NA
BP,GO:0048925,lateral line system development,0.001221553,NA,0.047488931,NA,NA,NA
BP,GO:0022600,digestive system process,0.00125722,0.001977608,NA,NA,NA,NA
MF,GO:0004725,protein tyrosine phosphatase activity,0.001312941,0.030630302,NA,NA,NA,NA
CC,GO:0099634,postsynaptic specialization membrane,0.001321413,8.12955e-4,0.023439943,NA,NA,NA
BP,GO:0031346,positive regulation of cell projection organization,0.001329352,NA,NA,NA,NA,NA
BP,GO:0048916,posterior lateral line development,0.001339029,NA,NA,NA,NA,NA
BP,GO:0017157,regulation of exocytosis,0.001344116,NA,0.004011358,NA,NA,NA
BP,GO:0032940,secretion by cell,0.001366947,NA,0.002538671,NA,NA,NA
BP,GO:0051962,positive regulation of nervous system development,0.001402177,NA,NA,NA,NA,NA
BP,GO:0048489,synaptic vesicle transport,0.001422548,5.18576e-4,0.003304805,NA,NA,NA
BP,GO:0007268,chemical synaptic transmission,0.001475324,6.69605e-4,NA,NA,NA,NA
BP,GO:0098916,anterograde trans-synaptic signaling,0.001475324,6.69605e-4,NA,NA,NA,NA
CC,GO:0005815,microtubule organizing center,0.001486758,NA,0.009767453,NA,NA,NA
BP,GO:0044804,nucleophagy,0.001503404,0.017133763,NA,NA,NA,0.03913638
BP,GO:0035459,vesicle cargo loading,0.001512219,0.043100864,NA,NA,NA,0.009344358
BP,GO:0010976,positive regulation of neuron projection development,0.0015603,NA,NA,NA,NA,NA
BP,GO:0016050,vesicle organization,0.001584936,NA,0.013887629,NA,NA,NA
BP,GO:0099537,trans-synaptic signaling,0.001624141,7.36726e-4,NA,NA,NA,NA
CC,GO:0030055,cell-substrate junction,0.001640838,0.037834859,0.040647202,NA,NA,NA
BP,GO:1990778,protein localization to cell periphery,0.00175344,0.001460335,0.012837292,NA,NA,NA
BP,GO:0045927,positive regulation of growth,0.001807108,NA,NA,0.035966842,NA,NA
BP,GO:0008654,phospholipid biosynthetic process,0.001919626,NA,NA,NA,NA,NA
BP,GO:0007269,neurotransmitter secretion,0.00192592,NA,0.005119088,NA,NA,NA
BP,GO:0099643,signal release from synapse,0.00192592,NA,0.005119088,NA,NA,NA
BP,GO:0048638,regulation of developmental growth,0.001945374,NA,0.015056579,NA,NA,NA
BP,GO:0062237,protein localization to postsynapse,0.001950757,NA,NA,NA,NA,NA
BP,GO:0098877,neurotransmitter receptor transport to plasma membrane,0.001950757,NA,NA,NA,NA,NA
BP,GO:0098969,neurotransmitter receptor transport to postsynaptic membrane,0.001950757,NA,NA,NA,NA,NA
BP,GO:1903539,protein localization to postsynaptic membrane,0.001950757,NA,NA,NA,NA,NA
BP,GO:1903540,establishment of protein localization to postsynaptic membrane,0.001950757,NA,NA,NA,NA,NA
MF,GO:0003725,double-stranded RNA binding,0.001959558,0.025238456,NA,NA,NA,NA
BP,GO:0002097,tRNA wobble base modification,0.001979211,NA,NA,NA,NA,NA
CC,GO:0035097,histone methyltransferase complex,0.001980218,NA,NA,NA,NA,NA
BP,GO:0051345,positive regulation of hydrolase activity,0.002019616,4.5698e-4,NA,NA,NA,NA
MF,GO:0005315,phosphate transmembrane transporter activity,0.002025633,0.019152264,NA,NA,NA,NA
BP,GO:0051046,regulation of secretion,0.002067637,NA,0.014734764,NA,NA,NA
BP,GO:0098876,vesicle-mediated transport to the plasma membrane,0.00216181,0.006725113,NA,NA,NA,NA
CC,GO:0030027,lamellipodium,0.00217804,NA,0.009855638,NA,NA,NA
MF,GO:0005516,calmodulin binding,0.002197589,6.25117e-4,NA,NA,NA,NA
BP,GO:0050804,modulation of chemical synaptic transmission,0.002274143,0.005274572,NA,NA,NA,NA
BP,GO:0099177,regulation of trans-synaptic signaling,0.002274143,0.005274572,NA,NA,NA,NA
BP,GO:0051056,regulation of small GTPase mediated signal transduction,0.002297619,4.55e-6,NA,0.01657915,NA,NA
BP,GO:0048532,anatomical structure arrangement,0.002298323,NA,NA,NA,NA,NA
BP,GO:0060729,intestinal epithelial structure maintenance,0.002298323,0.00916177,NA,NA,NA,NA
BP,GO:0061001,regulation of dendritic spine morphogenesis,0.002298323,0.00916177,NA,NA,NA,NA
BP,GO:0070142,synaptic vesicle budding,0.002298323,1.08784e-4,8.83657e-4,NA,NA,NA
BP,GO:0008610,lipid biosynthetic process,0.00229871,0.005111636,NA,NA,NA,3.25493e-4
CC,GO:0030136,clathrin-coated vesicle,0.002320067,0.003490074,0.00168014,NA,NA,NA
MF,GO:0035255,ionotropic glutamate receptor binding,0.00233981,0.00863483,NA,NA,NA,NA
BP,GO:0008038,neuron recognition,0.002341277,0.012802044,5.68e-6,0.005221371,NA,NA
CC,GO:0032588,trans-Golgi network membrane,0.002344317,NA,NA,NA,NA,NA
BP,GO:0017156,calcium-ion regulated exocytosis,0.002498295,NA,9.58e-5,NA,NA,NA
BP,GO:0036465,synaptic vesicle recycling,0.002498295,0.002652024,0.00262515,NA,NA,NA
BP,GO:0016236,macroautophagy,0.002508161,0.038938839,NA,NA,NA,NA
MF,GO:0022824,transmitter-gated monoatomic ion channel activity,0.002525425,0.001199794,NA,NA,NA,NA
MF,GO:0022835,transmitter-gated channel activity,0.002525425,0.001199794,NA,NA,NA,NA
BP,GO:0010669,epithelial structure maintenance,0.002563649,0.00555785,0.011139607,NA,NA,NA
BP,GO:0030307,positive regulation of cell growth,0.002563649,NA,NA,NA,NA,NA
BP,GO:0140352,export from cell,0.002609297,NA,0.005416736,NA,NA,NA
BP,GO:0048668,collateral sprouting,0.002662313,NA,0.028524223,NA,NA,NA
BP,GO:0048193,Golgi vesicle transport,0.002713104,0.008740416,0.002611357,NA,NA,NA
MF,GO:0030374,nuclear receptor coactivator activity,0.002717233,NA,0.028114957,NA,NA,NA
BP,GO:0006644,phospholipid metabolic process,0.002790036,NA,NA,NA,NA,NA
BP,GO:0010970,transport along microtubule,0.002846152,NA,0.011280916,NA,NA,NA
CC,GO:0030662,coated vesicle membrane,0.002891676,0.024591533,NA,0.012235008,NA,NA
CC,GO:1990752,microtubule end,0.002995386,0.025940281,2.29475e-4,NA,NA,NA
CC,GO:0098839,postsynaptic density membrane,0.00299703,7.0396e-4,0.038061158,NA,NA,NA
MF,GO:0008514,organic anion transmembrane transporter activity,0.00315969,0.006438066,0.022541244,NA,NA,NA
CC,GO:0045178,basal part of cell,0.003169353,0.005259193,0.040202508,NA,NA,NA
BP,GO:0030516,regulation of axon extension,0.003196575,NA,0.025311965,NA,NA,NA
BP,GO:0010720,positive regulation of cell development,0.003240187,NA,0.048972377,NA,NA,NA
BP,GO:0071248,cellular response to metal ion,0.003272069,0.006818004,0.012801523,NA,NA,NA
BP,GO:0071322,cellular response to carbohydrate stimulus,0.003344303,NA,NA,NA,NA,NA
BP,GO:0071326,cellular response to monosaccharide stimulus,0.003344303,NA,NA,NA,NA,NA
BP,GO:0071331,cellular response to hexose stimulus,0.003344303,NA,NA,NA,NA,NA
BP,GO:0071333,cellular response to glucose stimulus,0.003344303,NA,NA,NA,NA,NA
MF,GO:0016866,intramolecular transferase activity,0.003346931,0.001229375,0.01256078,NA,NA,NA
MF,GO:0046943,carboxylic acid transmembrane transporter activity,0.003360182,0.013406505,0.039732179,NA,NA,NA
MF,GO:0003713,transcription coactivator activity,0.003435094,NA,NA,0.002911466,0.001375575,NA
BP,GO:0061024,membrane organization,0.003449392,NA,NA,0.024090258,NA,NA
BP,GO:0008045,motor neuron axon guidance,0.003457778,0.009426002,0.024417663,NA,NA,NA
BP,GO:0097479,synaptic vesicle localization,0.003467504,0.001316433,0.005875535,NA,NA,NA
BP,GO:0045055,regulated exocytosis,0.003496674,NA,3.60584e-4,NA,NA,NA
BP,GO:0010638,positive regulation of organelle organization,0.003520604,NA,0.042435194,NA,NA,NA
CC,GO:0019898,extrinsic component of membrane,0.003529356,0.013733282,0.0015902,NA,NA,NA
MF,GO:0005342,organic acid transmembrane transporter activity,0.003584509,0.014084922,0.040937809,NA,NA,NA
BP,GO:1902903,regulation of supramolecular fiber organization,0.003716424,NA,NA,NA,NA,NA
MF,GO:0015297,antiporter activity,0.003724024,NA,0.049750283,NA,NA,NA
MF,GO:0015108,chloride transmembrane transporter activity,0.003742054,0.012736695,0.01175715,NA,NA,NA
BP,GO:0018193,peptidyl-amino acid modification,0.003799941,NA,NA,0.012384268,NA,NA
BP,GO:0023061,signal release,0.00388827,NA,0.012837292,NA,NA,NA
MF,GO:0004843,cysteine-type deubiquitinase activity,0.00390102,NA,NA,NA,NA,NA
CC,GO:0099503,secretory vesicle,0.003933033,NA,0.015978205,NA,NA,NA
MF,GO:0035591,signaling adaptor activity,0.004024083,0.007836227,0.013683492,NA,NA,NA
MF,GO:0099529,neurotransmitter receptor activity involved in regulation of postsynaptic membrane potential,0.004024083,0.002707389,NA,NA,NA,NA
MF,GO:1904315,transmitter-gated monoatomic ion channel activity involved in regulation of postsynaptic membrane potential,0.004024083,0.002707389,NA,NA,NA,NA
BP,GO:0007586,digestion,0.004061668,0.005596309,NA,NA,NA,NA
MF,GO:0098632,cell-cell adhesion mediator activity,0.004330497,0.001454022,1.58812e-4,NA,NA,NA
BP,GO:0006470,protein dephosphorylation,0.004366966,NA,NA,NA,NA,NA
BP,GO:1902905,positive regulation of supramolecular fiber organization,0.004510716,NA,NA,NA,NA,NA
BP,GO:0046903,secretion,0.004562482,NA,0.005547673,NA,NA,NA
BP,GO:0040008,regulation of growth,0.004589623,NA,0.014137477,NA,0.038145764,NA
BP,GO:0090114,COPII-coated vesicle budding,0.004644553,NA,NA,NA,NA,0.026357605
BP,GO:0035330,regulation of hippo signaling,0.004693243,0.015691795,NA,NA,NA,NA
BP,GO:0072329,monocarboxylic acid catabolic process,0.004724701,0.003356986,NA,0.00342394,0.010954476,NA
MF,GO:0008139,nuclear localization sequence binding,0.004775371,0.002229712,NA,NA,NA,NA
MF,GO:0022836,gated channel activity,0.004946256,7.12e-7,0.003537122,NA,NA,NA
CC,GO:0005813,centrosome,0.004958794,0.047516977,0.002658019,NA,NA,NA
BP,GO:0061951,establishment of protein localization to plasma membrane,0.005105222,0.008137753,NA,NA,NA,NA
BP,GO:1903305,regulation of regulated secretory pathway,0.005110579,NA,0.001864855,NA,NA,NA
MF,GO:0016881,acid-amino acid ligase activity,0.005239664,NA,NA,NA,NA,NA
MF,GO:0052742,phosphatidylinositol kinase activity,0.005239664,NA,NA,NA,NA,NA
CC,GO:0034708,methyltransferase complex,0.005491582,NA,NA,NA,NA,NA
BP,GO:0001736,establishment of planar polarity,0.005533951,NA,0.047190813,NA,NA,NA
BP,GO:0019321,pentose metabolic process,0.005533951,NA,NA,NA,NA,NA
BP,GO:0061550,cranial ganglion development,0.005533951,0.026013561,NA,NA,NA,NA
BP,GO:0090110,COPII-coated vesicle cargo loading,0.005533951,NA,0.047190813,NA,NA,NA
BP,GO:0006661,phosphatidylinositol biosynthetic process,0.005573464,NA,NA,NA,NA,NA
BP,GO:0016079,synaptic vesicle exocytosis,0.005573464,NA,0.0173236,NA,NA,NA
MF,GO:0005078,MAP-kinase scaffold activity,0.005614803,2.47878e-4,0.004410631,NA,NA,NA
MF,GO:0005545,1-phosphatidylinositol binding,0.005614803,0.002979457,0.004410631,NA,NA,NA
MF,GO:0032050,clathrin heavy chain binding,0.005614803,2.47878e-4,0.004410631,NA,NA,NA
BP,GO:0072384,organelle transport along microtubule,0.005670051,NA,0.017824741,NA,NA,NA
MF,GO:0050839,cell adhesion molecule binding,0.00571008,4.4757e-4,7.46e-5,NA,NA,NA
CC,GO:0043197,dendritic spine,0.005842909,1.3327e-4,0.005705429,NA,NA,NA
CC,GO:0044309,neuron spine,0.005842909,1.3327e-4,0.005705429,NA,NA,NA
MF,GO:0005452,solute:inorganic anion antiporter activity,0.006083671,NA,NA,NA,NA,NA
MF,GO:0106310,protein serine kinase activity,0.006116649,NA,NA,NA,NA,NA
BP,GO:0048920,posterior lateral line neuromast primordium migration,0.006118056,0.032467447,NA,NA,NA,NA
CC,GO:0016328,lateral plasma membrane,0.00611997,NA,NA,NA,NA,NA
CC,GO:0031965,nuclear membrane,0.006148045,0.030256271,0.005491622,NA,NA,NA
MF,GO:0004683,calcium/calmodulin-dependent protein kinase activity,0.00626629,4.60141e-4,NA,NA,NA,NA
BP,GO:0051452,intracellular pH reduction,0.006387701,NA,NA,NA,NA,NA
BP,GO:0061548,ganglion development,0.006387701,0.00330185,NA,NA,NA,NA
MF,GO:0005332,gamma-aminobutyric acid:sodium:chloride symporter activity,0.006497732,NA,0.017572579,NA,NA,NA
MF,GO:0015185,gamma-aminobutyric acid transmembrane transporter activity,0.006497732,NA,0.017572579,NA,NA,NA
MF,GO:0035254,glutamate receptor binding,0.006497732,0.018732846,NA,NA,NA,NA
BP,GO:0051293,establishment of spindle localization,0.006639018,0.027375925,0.019537782,NA,NA,NA
BP,GO:0051653,spindle localization,0.006639018,0.027375925,0.019537782,NA,NA,NA
MF,GO:0140938,histone H3 methyltransferase activity,0.007009348,NA,NA,NA,NA,NA
BP,GO:0099111,microtubule-based transport,0.007020048,NA,0.028367629,NA,NA,NA
MF,GO:0101005,deubiquitinase activity,0.007064743,NA,NA,NA,NA,NA
BP,GO:0050684,regulation of mRNA processing,0.007267189,NA,NA,NA,NA,NA
BP,GO:0048883,neuromast primordium migration,0.007276334,0.036607813,NA,NA,NA,NA
CC,GO:0030120,vesicle coat,0.007344838,NA,NA,0.038870304,NA,NA
BP,GO:0040007,growth,0.007505454,NA,7.29734e-4,0.019896862,0.003376081,NA
MF,GO:0016853,isomerase activity,0.007638354,0.041676434,0.04994335,2.15e-5,0.01852601,NA
BP,GO:0032869,cellular response to insulin stimulus,0.00767715,0.021053242,0.021167494,0.00771061,NA,NA
CC,GO:0030688,"preribosome, small subunit precursor",0.007716772,0.032025774,NA,0.015745134,0.032578727,NA
BP,GO:0007030,Golgi organization,0.008047872,0.032817088,0.00379628,NA,NA,NA
BP,GO:0042551,neuron maturation,0.008157174,NA,NA,NA,NA,NA
BP,GO:0048669,collateral sprouting in absence of injury,0.008157174,NA,NA,NA,NA,NA
BP,GO:0048696,regulation of collateral sprouting in absence of injury,0.008157174,NA,NA,NA,NA,NA
BP,GO:1990504,dense core granule exocytosis,0.008157174,NA,0.005999191,NA,NA,NA
BP,GO:0048589,developmental growth,0.008163846,NA,0.00107303,0.016142906,0.008174479,NA
BP,GO:0007416,synapse assembly,0.008183967,NA,NA,NA,NA,NA
BP,GO:0032868,response to insulin,0.0082814,0.019124983,0.012168737,0.006757621,0.045148722,NA
BP,GO:0048892,lateral line nerve development,0.008468868,0.024560976,NA,NA,NA,NA
BP,GO:0061709,reticulophagy,0.008468868,NA,NA,NA,NA,NA
BP,GO:0071277,cellular response to calcium ion,0.008468868,0.024560976,0.0026256,NA,NA,NA
MF,GO:0005253,monoatomic anion channel activity,0.0084898,0.022285422,0.033039169,NA,NA,NA
CC,GO:0012507,ER to Golgi transport vesicle membrane,0.008511439,NA,NA,NA,NA,NA
BP,GO:0031122,cytoplasmic microtubule organization,0.008592349,0.041071394,3.40893e-4,NA,NA,NA
BP,GO:0072583,clathrin-dependent endocytosis,0.008592349,0.003429703,0.002090146,NA,NA,NA
MF,GO:0140994,RNA polymerase II CTD heptapeptide repeat modifying activity,0.008612443,NA,NA,NA,NA,NA
BP,GO:0001764,neuron migration,0.008683521,NA,0.022753591,NA,NA,NA
CC,GO:0031253,cell projection membrane,0.008746796,NA,NA,NA,NA,NA
BP,GO:0021675,nerve development,0.008976441,NA,NA,NA,NA,NA
MF,GO:0001727,lipid kinase activity,0.009181142,0.031445351,NA,NA,NA,NA
MF,GO:0004693,cyclin-dependent protein serine/threonine kinase activity,0.009574973,NA,NA,NA,NA,NA
MF,GO:0097472,cyclin-dependent protein kinase activity,0.009574973,NA,NA,NA,NA,NA
CC,GO:0030424,axon,0.009595878,7.20148e-4,1.45196e-4,NA,NA,NA
BP,GO:0050767,regulation of neurogenesis,0.010094408,NA,NA,0.048442513,NA,NA
BP,GO:0051668,localization within membrane,0.010252381,0.003358165,NA,NA,NA,NA
CC,GO:0030127,COPII vesicle coat,0.010289822,NA,NA,NA,NA,0.017769125
MF,GO:0015296,monoatomic anion:monoatomic cation symporter activity,0.01031401,0.013499757,0.011703462,NA,NA,NA
BP,GO:0050803,regulation of synapse structure or activity,0.010343981,NA,0.043108436,NA,NA,NA
BP,GO:0048882,lateral line development,0.010564426,NA,NA,NA,0.041410539,NA
MF,GO:0005230,extracellular ligand-gated monoatomic ion channel activity,0.010585986,0.001741682,NA,NA,NA,NA
CC,GO:0099568,cytoplasmic region,0.010634349,0.025813512,NA,NA,NA,NA
BP,GO:0007033,vacuole organization,0.01065049,0.010594988,NA,NA,NA,NA
BP,GO:0010256,endomembrane system organization,0.010781008,NA,0.001596506,NA,NA,NA
CC,GO:0071565,nBAF complex,0.010870728,NA,NA,NA,NA,NA
BP,GO:0042407,cristae formation,0.010975834,NA,NA,0.012834028,NA,NA
BP,GO:0048898,anterior lateral line system development,0.010975834,NA,NA,0.012834028,0.011869666,NA
BP,GO:0021537,telencephalon development,0.011047772,NA,NA,NA,NA,NA
MF,GO:0005254,chloride channel activity,0.011155529,0.016145185,0.0405518,NA,NA,NA
MF,GO:0004971,AMPA glutamate receptor activity,0.01115894,8.01617e-4,0.024301087,NA,NA,NA
MF,GO:0008308,voltage-gated monoatomic anion channel activity,0.01115894,NA,NA,NA,NA,NA
MF,GO:0022839,monoatomic ion-gated channel activity,0.01115894,0.005380672,0.024301087,NA,NA,NA
BP,GO:0006913,nucleocytoplasmic transport,0.011477216,NA,NA,0.003733974,NA,NA
BP,GO:0051169,nuclear transport,0.011477216,NA,NA,0.003733974,NA,NA
BP,GO:0043124,negative regulation of canonical NF-kappaB signal transduction,0.011479652,0.043100864,NA,NA,NA,0.013436649
BP,GO:0051865,protein autoubiquitination,0.011479652,NA,NA,NA,NA,NA
BP,GO:0097475,motor neuron migration,0.011479652,NA,NA,NA,NA,NA
BP,GO:0007265,Ras protein signal transduction,0.011513823,NA,NA,NA,NA,NA
BP,GO:0006817,phosphate ion transport,0.011551384,NA,NA,NA,NA,NA
BP,GO:0030308,negative regulation of cell growth,0.011551384,NA,0.011139607,NA,NA,NA
MF,GO:0004972,NMDA glutamate receptor activity,0.011641329,0.006306895,NA,NA,NA,NA
BP,GO:0006893,Golgi to plasma membrane transport,0.011746958,0.001184018,NA,NA,NA,NA
BP,GO:0009126,purine nucleoside monophosphate metabolic process,0.011746958,NA,NA,NA,NA,NA
BP,GO:0009167,purine ribonucleoside monophosphate metabolic process,0.011746958,NA,NA,NA,NA,NA
BP,GO:0046854,phosphatidylinositol phosphate biosynthetic process,0.011746958,NA,NA,NA,NA,NA
BP,GO:0072657,protein localization to membrane,0.011766281,0.010750777,NA,NA,NA,NA
BP,GO:0015698,inorganic anion transport,0.011845845,0.005011584,NA,NA,NA,NA
MF,GO:0098631,cell adhesion mediator activity,0.012018184,0.004317608,4.57711e-4,NA,NA,NA
BP,GO:1903530,regulation of secretion by cell,0.012285354,NA,0.010130893,NA,NA,NA
CC,GO:0099023,vesicle tethering complex,0.01234438,4.58e-6,0.008197985,NA,NA,NA
BP,GO:0046488,phosphatidylinositol metabolic process,0.012354164,0.024721378,NA,NA,NA,NA
MF,GO:0003779,actin binding,0.012847232,NA,0.001903538,NA,NA,NA
BP,GO:0022604,regulation of cell morphogenesis,0.012859906,NA,NA,NA,NA,NA
MF,GO:0051015,actin filament binding,0.012945353,NA,0.015232281,NA,NA,NA
BP,GO:0009127,purine nucleoside monophosphate biosynthetic process,0.013088614,NA,NA,NA,NA,NA
BP,GO:0009168,purine ribonucleoside monophosphate biosynthetic process,0.013088614,NA,NA,NA,NA,NA
CC,GO:0008021,synaptic vesicle,0.013362819,NA,0.006997107,NA,NA,NA
BP,GO:0031110,regulation of microtubule polymerization or depolymerization,0.013502334,0.045930143,3.09291e-4,NA,NA,NA
CC,GO:0034702,monoatomic ion channel complex,0.01357607,5.58e-5,6.81157e-4,NA,NA,NA
BP,GO:0009247,glycolipid biosynthetic process,0.013760473,0.012964006,NA,NA,NA,NA
MF,GO:0019783,ubiquitin-like protein peptidase activity,0.013784444,NA,NA,NA,NA,NA
MF,GO:0045296,cadherin binding,0.013835624,0.001258004,0.001601319,NA,NA,NA
MF,GO:0042393,histone binding,0.013902126,NA,NA,NA,NA,NA
BP,GO:0000272,polysaccharide catabolic process,0.013944949,0.035929333,NA,NA,NA,NA
BP,GO:0005980,glycogen catabolic process,0.013944949,0.035929333,NA,NA,NA,NA
BP,GO:0009251,glucan catabolic process,0.013944949,0.035929333,NA,NA,NA,NA
CC,GO:0042734,presynaptic membrane,0.013961869,NA,0.005072873,NA,NA,NA
BP,GO:0030032,lamellipodium assembly,0.014035179,NA,0.012801523,NA,NA,NA
BP,GO:0021545,cranial nerve development,0.014156002,NA,NA,NA,NA,NA
MF,GO:0015378,sodium:chloride symporter activity,0.014297337,NA,0.01256078,NA,NA,NA
MF,GO:0042800,histone H3K4 methyltransferase activity,0.014297337,NA,NA,NA,NA,NA
CC,GO:1902562,H4 histone acetyltransferase complex,0.014371073,0.001455377,NA,0.006945246,NA,NA
CC,GO:0070161,anchoring junction,0.014406864,NA,NA,NA,NA,NA
MF,GO:0032182,ubiquitin-like protein binding,0.014732843,NA,NA,NA,NA,NA
CC,GO:0098831,presynaptic active zone cytoplasmic component,0.014749498,NA,NA,NA,NA,NA
BP,GO:0007018,microtubule-based movement,0.01480748,NA,0.033163338,NA,0.04704751,NA
BP,GO:0072659,protein localization to plasma membrane,0.014895604,5.22099e-4,NA,NA,NA,NA
BP,GO:0070646,protein modification by small protein removal,0.015237545,NA,NA,NA,NA,NA
BP,GO:0051495,positive regulation of cytoskeleton organization,0.015323049,NA,NA,NA,NA,NA
BP,GO:0007528,neuromuscular junction development,0.015344427,NA,0.032077627,NA,NA,NA
BP,GO:0045926,negative regulation of growth,0.015386412,NA,0.031788099,NA,NA,NA
BP,GO:0050771,negative regulation of axonogenesis,0.015560243,NA,0.009860744,NA,NA,NA
BP,GO:0098887,"neurotransmitter receptor transport, endosome to postsynaptic membrane",0.015560243,NA,NA,NA,NA,NA
BP,GO:0099638,endosome to plasma membrane protein transport,0.015560243,NA,NA,NA,NA,NA
BP,GO:0099639,"neurotransmitter receptor transport, endosome to plasma membrane",0.015560243,NA,NA,NA,NA,NA
BP,GO:0043094,cellular metabolic compound salvage,0.015679733,NA,NA,NA,NA,NA
BP,GO:0007272,ensheathment of neurons,0.015685709,NA,NA,NA,NA,NA
BP,GO:0008366,axon ensheathment,0.015685709,NA,NA,NA,NA,NA
MF,GO:0051117,ATPase binding,0.015775338,0.00863483,NA,NA,NA,NA
BP,GO:0048701,embryonic cranial skeleton morphogenesis,0.015862999,NA,0.003783771,0.039240523,0.005039563,0.017731561
BP,GO:0051960,regulation of nervous system development,0.015959531,NA,NA,NA,NA,NA
BP,GO:0043434,response to peptide hormone,0.016056644,0.020585537,0.007137453,0.030545948,NA,NA
MF,GO:0015291,secondary active transmembrane transporter activity,0.016792305,NA,0.006135538,NA,NA,NA
BP,GO:0006688,glycosphingolipid biosynthetic process,0.016867954,0.032885707,NA,NA,NA,NA
BP,GO:0043113,receptor clustering,0.016867954,0.00827275,NA,NA,NA,NA
CC,GO:0005635,nuclear envelope,0.017013498,NA,0.042481126,NA,NA,NA
MF,GO:0015373,monoatomic anion:sodium symporter activity,0.017178416,0.03086206,0.002324723,NA,NA,NA
BP,GO:0016579,protein deubiquitination,0.017184898,NA,NA,NA,NA,NA
CC,GO:0009925,basal plasma membrane,0.017334504,0.03080904,NA,NA,NA,NA
CC,GO:0048471,perinuclear region of cytoplasm,0.017336965,NA,0.008870516,NA,NA,NA
BP,GO:0048015,phosphatidylinositol-mediated signaling,0.017409297,NA,NA,NA,NA,NA
BP,GO:0006886,intracellular protein transport,0.017461846,NA,NA,0.009137911,NA,NA
MF,GO:0098960,postsynaptic neurotransmitter receptor activity,0.017479367,0.010234052,NA,NA,NA,NA
CC,GO:0005871,kinesin complex,0.017847225,0.020231055,0.035007441,NA,NA,NA
MF,GO:0004712,protein serine/threonine/tyrosine kinase activity,0.018322033,0.026628121,NA,NA,NA,NA
CC,GO:0070382,exocytic vesicle,0.018407182,NA,0.009281316,NA,NA,NA
BP,GO:0071375,cellular response to peptide hormone stimulus,0.018433821,0.028747201,0.007245293,0.017033941,NA,NA
BP,GO:0016197,endosomal transport,0.018467154,0.009741783,NA,NA,NA,NA
CC,GO:0034707,chloride channel complex,0.018538992,0.018402681,NA,NA,NA,NA
CC,GO:0031594,neuromuscular junction,0.019400381,NA,NA,NA,NA,NA
BP,GO:0006888,endoplasmic reticulum to Golgi vesicle-mediated transport,0.019422193,NA,NA,NA,NA,NA
BP,GO:0048705,skeletal system morphogenesis,0.019542993,NA,0.005111148,NA,0.008029648,0.027198206
BP,GO:0051049,regulation of transport,0.019575513,NA,NA,NA,NA,NA
BP,GO:0006914,autophagy,0.019975954,NA,NA,0.007883185,NA,NA
BP,GO:0061919,process utilizing autophagic mechanism,0.019975954,NA,NA,0.007883185,NA,NA
CC,GO:0005905,clathrin-coated pit,0.020059947,0.022489282,0.037581942,NA,NA,NA
CC,GO:0048786,presynaptic active zone,0.020059947,NA,0.037581942,NA,NA,NA
BP,GO:0047496,vesicle transport along microtubule,0.020070488,NA,NA,NA,NA,NA
BP,GO:0016311,dephosphorylation,0.020162675,NA,NA,NA,NA,NA
BP,GO:0006338,chromatin remodeling,0.020228095,NA,NA,NA,0.043218466,NA
MF,GO:0017124,SH3 domain binding,0.02043444,0.035576233,NA,NA,NA,NA
BP,GO:0034612,response to tumor necrosis factor,0.020446619,NA,NA,NA,NA,NA
BP,GO:0071356,cellular response to tumor necrosis factor,0.020446619,NA,NA,NA,NA,NA
BP,GO:0035384,thioester biosynthetic process,0.020485136,0.027375925,NA,NA,NA,NA
BP,GO:0071616,acyl-CoA biosynthetic process,0.020485136,0.027375925,NA,NA,NA,NA
MF,GO:0061665,SUMO ligase activity,0.020723974,NA,NA,NA,NA,NA
BP,GO:0031109,microtubule polymerization or depolymerization,0.020792881,NA,2.2e-5,NA,NA,NA
BP,GO:0017158,regulation of calcium ion-dependent exocytosis,0.020814315,NA,0.001566306,NA,NA,NA
BP,GO:0040001,establishment of mitotic spindle localization,0.020814315,0.032467447,NA,NA,NA,NA
BP,GO:0048640,negative regulation of developmental growth,0.02139828,NA,0.037157052,NA,NA,NA
BP,GO:0051592,response to calcium ion,0.02139828,0.049865518,0.005897222,NA,NA,NA
BP,GO:1901379,regulation of potassium ion transmembrane transport,0.02139828,0.049865518,0.005897222,NA,NA,0.023486235
MF,GO:0000149,SNARE binding,0.021930959,NA,NA,NA,NA,NA
CC,GO:1904949,ATPase complex,0.022047568,0.005278837,NA,0.007147776,NA,NA
MF,GO:0042802,identical protein binding,0.022205973,NA,NA,NA,NA,NA
BP,GO:1904888,cranial skeletal system development,0.022644796,NA,0.031331889,NA,0.012329342,NA
BP,GO:0048919,posterior lateral line neuromast development,0.023242993,NA,NA,NA,NA,NA
BP,GO:0051054,positive regulation of DNA metabolic process,0.023242993,NA,NA,NA,NA,NA
BP,GO:0001894,tissue homeostasis,0.023356509,NA,NA,NA,NA,NA
MF,GO:0008081,phosphoric diester hydrolase activity,0.023395302,0.027409872,1.15975e-4,NA,NA,NA
BP,GO:0043266,regulation of potassium ion transport,0.023661879,0.043300999,0.01870373,NA,NA,0.042631995
BP,GO:0046928,regulation of neurotransmitter secretion,0.023661879,NA,NA,NA,NA,NA
BP,GO:0006486,protein glycosylation,0.023854147,8.64993e-4,7.6e-5,NA,NA,NA
BP,GO:0043413,macromolecule glycosylation,0.023854147,8.64993e-4,7.6e-5,NA,NA,NA
BP,GO:0008286,insulin receptor signaling pathway,0.023973178,NA,0.009604288,0.041945422,NA,NA
BP,GO:0019674,NAD metabolic process,0.023973178,NA,NA,0.011775145,NA,NA
BP,GO:0035329,hippo signaling,0.023973178,0.002875615,0.009604288,NA,NA,NA
CC,GO:0035371,microtubule plus-end,0.024415046,NA,8.36593e-4,NA,NA,NA
MF,GO:0015377,chloride:monoatomic cation symporter activity,0.024447722,NA,0.04095876,NA,NA,NA
BP,GO:0030318,melanocyte differentiation,0.024582521,NA,NA,NA,NA,NA
CC,GO:0008328,ionotropic glutamate receptor complex,0.02506709,0.002980333,0.043070549,NA,NA,NA
CC,GO:0098878,neurotransmitter receptor complex,0.02506709,0.002980333,0.043070549,NA,NA,NA
BP,GO:0032535,regulation of cellular component size,0.025543441,NA,NA,NA,NA,NA
BP,GO:0001678,intracellular glucose homeostasis,0.025937291,NA,NA,NA,NA,NA
BP,GO:0034315,regulation of Arp2/3 complex-mediated actin nucleation,0.025937291,NA,NA,NA,NA,NA
BP,GO:0043101,purine-containing compound salvage,0.025937291,NA,NA,NA,NA,NA
BP,GO:0046040,IMP metabolic process,0.025937291,NA,NA,NA,NA,NA
BP,GO:0006086,acetyl-CoA biosynthetic process from pyruvate,0.026175119,NA,NA,NA,NA,NA
BP,GO:0007035,vacuolar acidification,0.026175119,NA,NA,NA,NA,NA
BP,GO:0032261,purine nucleotide salvage,0.026175119,NA,NA,NA,NA,NA
BP,GO:0048918,posterior lateral line nerve development,0.026175119,NA,NA,NA,NA,NA
BP,GO:0048704,embryonic skeletal system morphogenesis,0.026322678,NA,0.003921929,NA,0.00994457,0.03033885
MF,GO:0008200,ion channel inhibitor activity,0.026523467,NA,NA,NA,NA,NA
MF,GO:0016248,channel inhibitor activity,0.026523467,NA,NA,NA,NA,NA
MF,GO:0019894,kinesin binding,0.026523467,2.57048e-4,NA,NA,NA,NA
MF,GO:0051010,microtubule plus-end binding,0.026523467,NA,0.001561032,NA,NA,NA
MF,GO:0051864,histone H3K36 demethylase activity,0.026523467,NA,NA,NA,NA,NA
MF,GO:0141110,transporter inhibitor activity,0.026523467,NA,NA,NA,NA,NA
BP,GO:0006814,sodium ion transport,0.026772602,0.018540234,1.57e-5,NA,NA,NA
BP,GO:0006821,chloride transport,0.026889275,0.015720958,NA,NA,NA,NA
BP,GO:0009062,fatty acid catabolic process,0.027625163,0.003497874,NA,0.00913672,0.012341121,NA
BP,GO:0051090,regulation of DNA-binding transcription factor activity,0.027659362,NA,NA,NA,NA,NA
BP,GO:0030100,regulation of endocytosis,0.027778606,NA,NA,NA,NA,NA
MF,GO:0016706,2-oxoglutarate-dependent dioxygenase activity,0.027859497,0.007932175,NA,NA,NA,NA
MF,GO:0005272,sodium channel activity,0.027982068,7.06261e-4,3.2945e-4,NA,NA,NA
MF,GO:0015355,secondary active monocarboxylate transmembrane transporter activity,0.028146013,NA,NA,NA,NA,NA
MF,GO:0030159,signaling receptor complex adaptor activity,0.028146013,NA,NA,NA,NA,NA
MF,GO:0141052,histone H3 demethylase activity,0.028146013,0.012912675,NA,NA,NA,NA
BP,GO:0043491,phosphatidylinositol 3-kinase/protein kinase B signal transduction,0.028553311,NA,NA,NA,NA,NA
CC,GO:0016323,basolateral plasma membrane,0.029087636,0.030183587,NA,NA,NA,NA
BP,GO:0046467,membrane lipid biosynthetic process,0.029120283,0.007374887,NA,NA,NA,NA
BP,GO:0042552,myelination,0.029498288,NA,NA,NA,NA,NA
BP,GO:0070085,glycosylation,0.029676347,0.001150288,1.85843e-4,NA,NA,NA
CC,GO:0030117,membrane coat,0.029887463,NA,NA,NA,NA,NA
CC,GO:0048475,coated membrane,0.029887463,NA,NA,NA,NA,NA
BP,GO:0060271,cilium assembly,0.030295176,NA,NA,NA,NA,NA
BP,GO:0031290,retinal ganglion cell axon guidance,0.030441884,0.012419296,0.014352476,NA,NA,NA
CC,GO:0030665,clathrin-coated vesicle membrane,0.030491308,NA,NA,NA,NA,NA
CC,GO:0034704,calcium channel complex,0.030491308,5.08e-5,2.39228e-4,NA,NA,NA
CC,GO:0005819,spindle,0.030513593,NA,NA,NA,NA,NA
BP,GO:0060249,anatomical structure homeostasis,0.030805716,NA,NA,NA,NA,NA
CC,GO:0030134,COPII-coated ER to Golgi transport vesicle,0.030901086,NA,NA,NA,NA,NA
CC,GO:0030427,site of polarized growth,0.030901086,0.012073428,NA,NA,NA,NA
MF,GO:0016278,lysine N-methyltransferase activity,0.030996337,NA,NA,NA,NA,NA
MF,GO:0016279,protein-lysine N-methyltransferase activity,0.030996337,NA,NA,NA,NA,NA
BP,GO:0006760,folic acid-containing compound metabolic process,0.031047498,NA,NA,NA,NA,NA
BP,GO:0099175,regulation of postsynapse organization,0.031047498,NA,NA,NA,NA,NA
BP,GO:0006820,monoatomic anion transport,0.031060231,0.007172896,0.045733227,NA,NA,NA
BP,GO:0099518,vesicle cytoskeletal trafficking,0.031245478,NA,NA,NA,NA,NA
BP,GO:1901293,nucleoside phosphate biosynthetic process,0.031682342,NA,NA,1.1e-6,NA,NA
BP,GO:0005975,carbohydrate metabolic process,0.032433618,NA,NA,0.04417657,NA,NA
MF,GO:0004697,diacylglycerol-dependent serine/threonine kinase activity,0.032633969,NA,NA,NA,NA,NA
MF,GO:0031624,ubiquitin conjugating enzyme binding,0.032633969,NA,NA,NA,NA,NA
MF,GO:0032452,histone demethylase activity,0.032633969,0.015131101,NA,NA,NA,NA
MF,GO:0070063,RNA polymerase binding,0.032633969,NA,NA,NA,NA,NA
MF,GO:0140457,protein demethylase activity,0.032633969,0.015131101,NA,NA,NA,NA
BP,GO:0006734,NADH metabolic process,0.032770925,NA,NA,0.008034806,NA,NA
BP,GO:0031632,positive regulation of synaptic vesicle fusion to presynaptic active zone membrane,0.032770925,NA,NA,NA,NA,NA
BP,GO:0034248,regulation of amide metabolic process,0.032770925,NA,NA,NA,NA,NA
BP,GO:0045685,regulation of glial cell differentiation,0.032770925,NA,NA,NA,NA,NA
BP,GO:0099502,calcium-dependent activation of synaptic vesicle fusion,0.032770925,NA,NA,NA,NA,NA
BP,GO:0120316,sperm flagellum assembly,0.032770925,NA,0.002065526,NA,NA,NA
BP,GO:1901634,positive regulation of synaptic vesicle membrane organization,0.032770925,NA,NA,NA,NA,NA
BP,GO:0048024,"regulation of mRNA splicing, via spliceosome",0.032977118,NA,NA,NA,NA,NA
MF,GO:0005227,calcium-activated cation channel activity,0.033198712,0.018732846,NA,NA,NA,NA
MF,GO:0019789,SUMO transferase activity,0.033198712,NA,NA,NA,NA,NA
BP,GO:0006892,post-Golgi vesicle-mediated transport,0.033594115,0.004550517,NA,NA,NA,NA
BP,GO:0006397,mRNA processing,0.033599777,0.008257086,NA,1.63e-5,2.0284e-4,NA
BP,GO:0007254,JNK cascade,0.033708734,NA,0.015572249,NA,NA,NA
BP,GO:0051094,positive regulation of developmental process,0.034034547,NA,NA,NA,NA,NA
BP,GO:0006403,RNA localization,0.034248841,NA,NA,4.6897e-4,NA,NA
BP,GO:0043085,positive regulation of catalytic activity,0.034248841,0.001671709,NA,NA,NA,NA
BP,GO:0051050,positive regulation of transport,0.034248841,0.048849097,0.001200771,NA,NA,NA
BP,GO:0001667,ameboidal-type cell migration,0.034601616,0.027991153,0.005320206,NA,NA,NA
CC,GO:0016514,SWI/SNF complex,0.03465811,NA,NA,NA,NA,NA
BP,GO:0006493,protein O-linked glycosylation,0.034720585,0.028228059,8.71825e-4,NA,NA,NA
BP,GO:0070507,regulation of microtubule cytoskeleton organization,0.034720585,NA,8.71825e-4,NA,NA,NA
CC,GO:0036064,ciliary basal body,0.034751802,NA,NA,NA,NA,NA
BP,GO:0008088,axo-dendritic transport,0.035381527,NA,NA,NA,NA,NA
MF,GO:0051020,GTPase binding,0.035811876,NA,NA,NA,NA,NA
MF,GO:0008170,N-methyltransferase activity,0.035888211,NA,NA,NA,NA,NA
CC,GO:0000123,histone acetyltransferase complex,0.036649934,0.004652523,NA,5.66e-5,0.026988721,NA
BP,GO:0006085,acetyl-CoA biosynthetic process,0.0367457,NA,NA,NA,NA,NA
BP,GO:0031345,negative regulation of cell projection organization,0.0367457,NA,NA,NA,NA,NA
BP,GO:0046777,protein autophosphorylation,0.0367457,0.02046458,NA,NA,NA,NA
BP,GO:0098930,axonal transport,0.036931313,NA,0.026052421,NA,NA,NA
BP,GO:0099637,neurotransmitter receptor transport,0.036931313,NA,NA,NA,NA,NA
BP,GO:0031017,exocrine pancreas development,0.037209498,0.040942573,0.016861923,NA,NA,NA
BP,GO:0035272,exocrine system development,0.037209498,0.040942573,0.016861923,NA,NA,NA
CC,GO:0017146,NMDA selective glutamate receptor complex,0.037243837,0.024474716,0.045811902,NA,NA,NA
BP,GO:0043604,amide biosynthetic process,0.037262555,0.004312776,NA,NA,NA,NA
MF,GO:0140161,monocarboxylate:sodium symporter activity,0.037300304,NA,NA,NA,NA,NA
MF,GO:0004112,cyclic-nucleotide phosphodiesterase activity,0.037561403,NA,0.025586199,NA,NA,NA
MF,GO:0044390,ubiquitin-like protein conjugating enzyme binding,0.037561403,NA,NA,NA,NA,NA
BP,GO:0050657,nucleic acid transport,0.03868964,NA,NA,7.95551e-4,NA,NA
BP,GO:0050658,RNA transport,0.03868964,NA,NA,7.95551e-4,NA,NA
BP,GO:0051236,establishment of RNA localization,0.03868964,NA,NA,7.95551e-4,NA,NA
BP,GO:0006047,UDP-N-acetylglucosamine metabolic process,0.038778329,NA,NA,NA,NA,NA
BP,GO:0006167,AMP biosynthetic process,0.038778329,NA,NA,NA,NA,NA
BP,GO:0015886,heme transport,0.038778329,NA,NA,NA,NA,NA
BP,GO:0018022,peptidyl-lysine methylation,0.038778329,NA,NA,NA,NA,NA
BP,GO:0042762,regulation of sulfur metabolic process,0.038778329,NA,NA,NA,NA,NA
BP,GO:0046471,phosphatidylglycerol metabolic process,0.038778329,NA,NA,NA,NA,NA
BP,GO:0048026,"positive regulation of mRNA splicing, via spliceosome",0.038778329,NA,0.047190813,NA,NA,NA
BP,GO:0050685,positive regulation of mRNA processing,0.038778329,NA,0.047190813,NA,NA,NA
BP,GO:0071108,protein K48-linked deubiquitination,0.038778329,NA,0.047190813,NA,NA,NA
BP,GO:0098700,neurotransmitter loading into synaptic vesicle,0.038778329,NA,0.047190813,NA,NA,NA
BP,GO:0150105,protein localization to cell-cell junction,0.038778329,0.026013561,0.047190813,NA,NA,NA
BP,GO:1905477,positive regulation of protein localization to membrane,0.038778329,0.026013561,NA,NA,NA,NA
BP,GO:0010038,response to metal ion,0.039023975,0.005453119,0.019761732,NA,NA,NA
MF,GO:0004176,ATP-dependent peptidase activity,0.039182348,NA,0.046714814,NA,NA,NA
MF,GO:0016308,1-phosphatidylinositol-4-phosphate 5-kinase activity,0.039182348,NA,NA,NA,NA,NA
BP,GO:0036269,swimming behavior,0.039395843,0.012264825,0.01344898,NA,NA,NA
MF,GO:0016747,"acyltransferase activity, transferring groups other than amino-acyl groups",0.039402002,NA,NA,6.8181e-4,NA,NA
BP,GO:0001755,neural crest cell migration,0.039766925,0.042476174,0.009476944,0.034809251,NA,NA
BP,GO:0046328,regulation of JNK cascade,0.039863888,0.019131069,0.01470294,NA,NA,NA
MF,GO:0042054,histone methyltransferase activity,0.039998087,NA,NA,NA,NA,NA
BP,GO:0001941,postsynaptic membrane organization,0.04024848,NA,NA,NA,NA,NA
BP,GO:0006611,protein export from nucleus,0.04024848,NA,NA,NA,NA,NA
BP,GO:0022010,central nervous system myelination,0.04024848,NA,NA,NA,NA,NA
BP,GO:0032291,axon ensheathment in central nervous system,0.04024848,NA,NA,NA,NA,NA
BP,GO:0043271,negative regulation of monoatomic ion transport,0.04024848,0.024560976,NA,NA,NA,0.015723701
BP,GO:0045597,positive regulation of cell differentiation,0.040292388,NA,NA,NA,0.04592826,NA
BP,GO:1905037,autophagosome organization,0.040568075,NA,NA,NA,NA,NA
BP,GO:0044782,cilium organization,0.040658812,NA,NA,NA,NA,NA
BP,GO:0009161,ribonucleoside monophosphate metabolic process,0.040950379,NA,NA,0.026500534,NA,NA
MF,GO:0008276,protein methyltransferase activity,0.040963343,NA,NA,NA,NA,NA
BP,GO:0030641,regulation of cellular pH,0.04097548,NA,NA,NA,NA,NA
BP,GO:0033365,protein localization to organelle,0.041228752,NA,NA,1.21107e-4,0.027099312,NA
CC,GO:0005643,nuclear pore,0.041974689,NA,NA,NA,NA,NA
BP,GO:0001885,endothelial cell development,0.042229691,NA,0.005875535,NA,NA,NA
BP,GO:0044458,motile cilium assembly,0.042229691,NA,0.005875535,NA,NA,NA
BP,GO:0051588,regulation of neurotransmitter transport,0.042229691,NA,NA,NA,NA,NA
BP,GO:0097581,lamellipodium organization,0.042229691,NA,0.005875535,NA,NA,NA
BP,GO:0110020,regulation of actomyosin structure organization,0.042229691,NA,NA,NA,NA,NA
MF,GO:0004402,histone acetyltransferase activity,0.042939013,NA,NA,NA,NA,NA
BP,GO:0001738,morphogenesis of a polarized epithelium,0.043044279,NA,0.001662825,NA,NA,NA
BP,GO:0001964,startle response,0.043044279,NA,0.011139607,NA,NA,NA
BP,GO:0019432,triglyceride biosynthetic process,0.043044279,NA,NA,NA,NA,NA
BP,GO:0032482,Rab protein signal transduction,0.043044279,NA,NA,NA,NA,0.032497454
BP,GO:0043173,nucleotide salvage,0.043044279,NA,NA,NA,NA,NA
BP,GO:0046460,neutral lipid biosynthetic process,0.043044279,NA,NA,NA,NA,NA
BP,GO:0046463,acylglycerol biosynthetic process,0.043044279,NA,NA,NA,NA,NA
BP,GO:0051125,regulation of actin nucleation,0.043044279,NA,NA,NA,NA,NA
BP,GO:0051646,mitochondrion localization,0.043044279,NA,NA,NA,NA,NA
CC,GO:0031248,protein acetyltransferase complex,0.043072647,0.005601522,NA,2.63e-5,0.025502666,NA
CC,GO:1902493,acetyltransferase complex,0.043072647,0.005601522,NA,2.63e-5,0.025502666,NA
BP,GO:0120031,plasma membrane bounded cell projection assembly,0.04354825,NA,NA,NA,NA,NA
BP,GO:0008380,RNA splicing,0.044279927,0.001514672,NA,3.05e-5,3.11995e-4,NA
BP,GO:0022411,cellular component disassembly,0.044410471,NA,NA,0.009137308,0.025921817,NA
BP,GO:0090497,mesenchymal cell migration,0.044728615,0.047291488,0.010511218,0.025316561,NA,NA
CC,GO:0032589,neuron projection membrane,0.045002041,NA,NA,NA,NA,NA
BP,GO:0032886,regulation of microtubule-based process,0.045065194,NA,0.016298788,NA,NA,NA
BP,GO:0032880,regulation of protein localization,0.045070674,0.006176119,NA,NA,NA,NA
CC,GO:0031209,SCAR complex,0.046303356,NA,NA,NA,NA,NA
MF,GO:0051213,dioxygenase activity,0.046446653,NA,NA,NA,NA,NA
BP,GO:0030010,establishment of cell polarity,0.047071003,NA,3.17949e-4,NA,NA,NA
CC,GO:0033116,endoplasmic reticulum-Golgi intermediate compartment membrane,0.047206157,NA,NA,NA,NA,NA
CC,GO:0098791,Golgi apparatus subcompartment,0.047290842,0.045358106,0.028689961,NA,NA,NA
MF,GO:0031267,small GTPase binding,0.047567239,NA,NA,NA,NA,NA
BP,GO:0051493,regulation of cytoskeleton organization,0.047651047,NA,NA,NA,NA,NA
CC,GO:0090576,RNA polymerase III transcription regulator complex,0.048316487,NA,NA,NA,NA,NA
BP,GO:0003157,endocardium development,0.048612094,0.029926406,0.024658421,NA,NA,NA
BP,GO:0006488,dolichol-linked oligosaccharide biosynthetic process,0.048612094,0.029926406,NA,NA,NA,NA
BP,GO:0016237,microautophagy,0.048612094,NA,NA,NA,NA,0.023486235
BP,GO:0031641,regulation of myelination,0.048612094,NA,NA,NA,NA,NA
BP,GO:0034727,piecemeal microautophagy of the nucleus,0.048612094,NA,NA,NA,NA,0.023486235
BP,GO:0036010,protein localization to endosome,0.048612094,0.029926406,NA,NA,NA,NA
BP,GO:0048268,clathrin coat assembly,0.048612094,0.00578197,0.003281569,NA,NA,NA
BP,GO:0060384,innervation,0.048612094,NA,0.024658421,NA,NA,NA
BP,GO:0001822,kidney development,0.048672129,NA,NA,NA,NA,NA
BP,GO:0016042,lipid catabolic process,0.048912385,NA,NA,NA,0.005181942,NA
CC,GO:0030496,midbody,0.049452902,NA,NA,NA,NA,NA
BP,GO:0051028,mRNA transport,0.049474398,NA,NA,9.26109e-4,NA,NA
BP,GO:0030317,flagellated sperm motility,0.049898814,NA,NA,NA,NA,NA
BP,GO:0006497,protein lipidation,0.049951208,NA,NA,NA,NA,NA
BP,GO:0019226,transmission of nerve impulse,NA,5.78e-5,0.006690492,NA,NA,NA
BP,GO:0019228,neuronal action potential,NA,6.19781e-4,0.0026256,NA,NA,NA
BP,GO:0070588,calcium ion transmembrane transport,NA,7.86145e-4,0.004557117,NA,NA,NA
CC,GO:0044545,NSL complex,NA,0.00103953,NA,NA,NA,NA
BP,GO:0086010,membrane depolarization during action potential,NA,0.001208275,0.004040812,NA,NA,NA
MF,GO:0005248,voltage-gated sodium channel activity,NA,0.001491586,4.91e-5,NA,NA,NA
BP,GO:0070509,calcium ion import,NA,0.001708638,NA,NA,NA,NA
BP,GO:0006816,calcium ion transport,NA,0.002164784,0.013112962,NA,NA,NA
MF,GO:0005261,monoatomic cation channel activity,NA,0.002494285,0.049177338,NA,NA,NA
BP,GO:0045197,establishment or maintenance of epithelial cell apical/basal polarity,NA,0.002875615,0.04167349,NA,NA,NA
CC,GO:0005891,voltage-gated calcium channel complex,NA,0.00297475,0.010057056,NA,NA,NA
MF,GO:0099095,ligand-gated monoatomic anion channel activity,NA,0.003011218,NA,NA,NA,NA
BP,GO:0035088,establishment or maintenance of apical/basal cell polarity,NA,0.003429703,0.045312395,NA,NA,NA
BP,GO:0061245,establishment or maintenance of bipolar cell polarity,NA,0.003429703,0.045312395,NA,NA,NA
BP,GO:0097553,calcium ion transmembrane import into cytosol,NA,0.004388977,NA,NA,NA,NA
MF,GO:0008187,poly-pyrimidine tract binding,NA,0.004436576,NA,NA,NA,NA
MF,GO:0050291,sphingosine N-acyltransferase activity,NA,0.004436576,NA,NA,NA,NA
BP,GO:0016203,muscle attachment,NA,0.004716031,NA,NA,NA,NA
CC,GO:0098533,ATPase dependent transmembrane transport complex,NA,0.005082628,NA,NA,NA,NA
BP,GO:0009101,glycoprotein biosynthetic process,NA,0.00516771,4.96125e-4,NA,NA,NA
MF,GO:0050660,flavin adenine dinucleotide binding,NA,0.005391645,NA,NA,NA,NA
BP,GO:0045022,early endosome to late endosome transport,NA,0.00555785,NA,NA,NA,NA
BP,GO:0098927,vesicle-mediated transport between endosomal compartments,NA,0.00555785,NA,NA,NA,NA
BP,GO:0050801,monoatomic ion homeostasis,NA,0.005582111,0.002722283,NA,NA,NA
MF,GO:0005262,calcium channel activity,NA,0.005801037,0.006566199,NA,NA,NA
BP,GO:0006873,intracellular monoatomic ion homeostasis,NA,0.006203459,0.004378459,NA,NA,NA
BP,GO:0030003,intracellular monoatomic cation homeostasis,NA,0.006203459,0.004378459,NA,NA,NA
MF,GO:0008143,poly(A) binding,NA,0.006907352,NA,NA,NA,NA
BP,GO:0006874,intracellular calcium ion homeostasis,NA,0.007172896,0.020349838,NA,NA,NA
MF,GO:0071949,FAD binding,NA,0.007862337,NA,NA,NA,NA
CC,GO:0016010,dystrophin-associated glycoprotein complex,NA,0.00844962,NA,NA,NA,NA
CC,GO:0090665,glycoprotein complex,NA,0.00844962,NA,NA,NA,NA
CC,GO:0034703,cation channel complex,NA,0.008557997,0.00323874,NA,NA,NA
CC,GO:0090533,cation-transporting ATPase complex,NA,0.008702495,NA,NA,NA,NA
MF,GO:0008331,high voltage-gated calcium channel activity,NA,0.008712607,NA,NA,NA,NA
MF,GO:0015085,calcium ion transmembrane transporter activity,NA,0.009038745,0.010681917,NA,NA,NA
BP,GO:0044093,positive regulation of molecular function,NA,0.009194605,NA,NA,NA,NA
BP,GO:0031399,regulation of protein modification process,NA,0.009324075,NA,NA,NA,NA
BP,GO:0072114,pronephros morphogenesis,NA,0.009524219,NA,NA,NA,NA
CC,GO:0033176,proton-transporting V-type ATPase complex,NA,0.009821019,NA,NA,NA,NA
BP,GO:0001508,action potential,NA,0.009836898,0.048232161,NA,NA,NA
MF,GO:0032934,sterol binding,NA,0.009972391,NA,NA,NA,NA
BP,GO:1902532,negative regulation of intracellular signal transduction,NA,0.010276353,NA,0.00681063,NA,0.007670611
BP,GO:0055082,intracellular chemical homeostasis,NA,0.010280274,0.003460674,NA,NA,NA
BP,GO:0009100,glycoprotein metabolic process,NA,0.010329703,6.04e-5,NA,NA,NA
BP,GO:0055080,monoatomic cation homeostasis,NA,0.010777808,0.005547673,NA,NA,NA
MF,GO:0070717,poly-purine tract binding,NA,0.010819175,NA,NA,NA,NA
BP,GO:0042391,regulation of membrane potential,NA,0.011129417,NA,NA,NA,NA
BP,GO:0019725,cellular homeostasis,NA,0.011503928,0.019100526,NA,NA,NA
BP,GO:0007214,gamma-aminobutyric acid signaling pathway,NA,0.011593009,0.005897222,NA,NA,NA
BP,GO:0006487,protein N-linked glycosylation,NA,0.012419296,NA,0.011643715,NA,NA
BP,GO:0046513,ceramide biosynthetic process,NA,0.012964006,NA,NA,NA,NA
MF,GO:0035250,UDP-galactosyltransferase activity,NA,0.013248421,0.041333924,NA,NA,NA
BP,GO:0001932,regulation of protein phosphorylation,NA,0.013886342,NA,NA,NA,NA
BP,GO:0019395,fatty acid oxidation,NA,0.013886342,NA,0.047682466,NA,NA
BP,GO:0060341,regulation of cellular localization,NA,0.013900072,NA,NA,NA,NA
BP,GO:0007040,lysosome organization,NA,0.014713701,NA,NA,NA,NA
BP,GO:0080171,lytic vacuole organization,NA,0.014713701,NA,NA,NA,NA
MF,GO:0005225,volume-sensitive anion channel activity,NA,0.014816331,NA,NA,NA,NA
BP,GO:0019220,regulation of phosphate metabolic process,NA,0.014934674,NA,0.008072487,NA,NA
BP,GO:0051174,regulation of phosphorus metabolic process,NA,0.014934674,NA,0.008072487,NA,NA
CC,GO:0032281,AMPA glutamate receptor complex,NA,0.014974037,NA,NA,NA,NA
CC,GO:0032580,Golgi cisterna membrane,NA,0.01503853,0.010384632,NA,NA,NA
MF,GO:0022832,voltage-gated channel activity,NA,0.015441946,NA,NA,NA,NA
CC,GO:0001518,voltage-gated sodium channel complex,NA,0.015630741,0.007793734,NA,NA,NA
BP,GO:0000245,spliceosomal complex assembly,NA,0.016820256,0.013289235,NA,NA,NA
CC,GO:0005795,Golgi stack,NA,0.017110835,0.026930829,NA,NA,NA
MF,GO:0032451,demethylase activity,NA,0.017586687,NA,NA,NA,0.019122009
CC,GO:0097038,perinuclear endoplasmic reticulum,NA,0.018348898,NA,NA,NA,NA
BP,GO:0006635,fatty acid beta-oxidation,NA,0.018385174,NA,0.038297445,0.030995469,NA
BP,GO:0051338,regulation of transferase activity,NA,0.018385174,0.032077627,NA,NA,NA
BP,GO:0051899,membrane depolarization,NA,0.018385174,NA,NA,NA,NA
BP,GO:0055074,calcium ion homeostasis,NA,0.018465103,0.016659221,NA,NA,NA
MF,GO:0015278,intracellularly gated calcium channel activity,NA,0.018732846,NA,NA,NA,NA
MF,GO:0005245,voltage-gated calcium channel activity,NA,0.018755294,0.033854865,NA,NA,NA
MF,GO:0030594,neurotransmitter receptor activity,NA,0.019061741,NA,NA,NA,NA
MF,GO:0008373,sialyltransferase activity,NA,0.020332378,0.028323739,NA,NA,NA
BP,GO:0031400,negative regulation of protein modification process,NA,0.02046458,NA,NA,NA,NA
BP,GO:0035725,sodium ion transmembrane transport,NA,0.020547123,0.001085883,NA,NA,NA
BP,GO:0030148,sphingolipid biosynthetic process,NA,0.021334042,NA,NA,NA,NA
BP,GO:0060973,cell migration involved in heart development,NA,0.021912545,NA,NA,NA,NA
BP,GO:0007034,vacuolar transport,NA,0.022050936,NA,NA,NA,NA
BP,GO:0016482,cytosolic transport,NA,0.022236066,NA,NA,NA,NA
CC,GO:0044295,axonal growth cone,NA,0.022763705,0.020207251,NA,NA,NA
MF,GO:0099094,ligand-gated monoatomic cation channel activity,NA,0.022860615,NA,NA,NA,NA
MF,GO:0070679,"inositol 1,4,5 trisphosphate binding",NA,0.023232579,NA,NA,NA,NA
MF,GO:0099604,ligand-gated calcium channel activity,NA,0.023232579,NA,NA,NA,NA
MF,GO:0016757,glycosyltransferase activity,NA,0.023319361,0.019848137,NA,NA,NA
BP,GO:0008333,endosome to lysosome transport,NA,0.024400716,NA,NA,NA,NA
BP,GO:0098609,cell-cell adhesion,NA,0.025735239,0.001120399,NA,NA,NA
BP,GO:0001839,neural plate morphogenesis,NA,0.026013561,NA,NA,NA,NA
BP,GO:0003197,endocardial cushion development,NA,0.026013561,NA,NA,NA,NA
BP,GO:0006388,"tRNA splicing, via endonucleolytic cleavage and ligation",NA,0.026013561,NA,NA,NA,NA
BP,GO:0038179,neurotrophin signaling pathway,NA,0.026013561,NA,NA,NA,NA
BP,GO:0045299,otolith mineralization,NA,0.026013561,NA,NA,NA,NA
MF,GO:0019887,protein kinase regulator activity,NA,0.027292062,NA,NA,NA,NA
BP,GO:0051209,release of sequestered calcium ion into cytosol,NA,0.027375925,NA,NA,NA,NA
BP,GO:0042325,regulation of phosphorylation,NA,0.027943702,NA,NA,NA,NA
MF,GO:0061608,nuclear import signal receptor activity,NA,0.028333124,NA,NA,NA,NA
BP,GO:0006479,protein methylation,NA,0.028643576,NA,NA,NA,NA
BP,GO:0008213,protein alkylation,NA,0.028643576,NA,NA,NA,NA
MF,GO:0019207,kinase regulator activity,NA,0.029476537,NA,NA,NA,NA
BP,GO:1904951,positive regulation of establishment of protein localization,NA,0.029926406,NA,NA,NA,NA
CC,GO:0005777,peroxisome,NA,0.029962058,NA,NA,NA,NA
CC,GO:0042579,microbody,NA,0.029962058,NA,NA,NA,NA
BP,GO:0065009,regulation of molecular function,NA,0.03054171,NA,NA,NA,0.029938535
BP,GO:0034440,lipid oxidation,NA,0.030556027,NA,NA,NA,NA
BP,GO:0051208,sequestering of calcium ion,NA,0.030588041,NA,NA,NA,NA
BP,GO:0051282,regulation of sequestering of calcium ion,NA,0.030588041,NA,NA,NA,NA
BP,GO:0051283,negative regulation of sequestering of calcium ion,NA,0.030588041,NA,NA,NA,NA
BP,GO:0007163,establishment or maintenance of cell polarity,NA,0.031237958,0.001722495,NA,NA,NA
BP,GO:0006631,fatty acid metabolic process,NA,0.031917421,NA,0.010807654,0.002558517,NA
BP,GO:0050790,regulation of catalytic activity,NA,0.031917421,NA,NA,NA,0.046957568
BP,GO:0070201,regulation of establishment of protein localization,NA,0.032467447,NA,NA,NA,NA
MF,GO:0016868,intramolecular phosphotransferase activity,NA,0.03254445,NA,NA,NA,NA
BP,GO:0018279,protein N-linked glycosylation via asparagine,NA,0.032885707,NA,NA,NA,NA
CC,GO:0016471,vacuolar proton-transporting V-type ATPase complex,NA,0.033380754,NA,NA,NA,NA
BP,GO:0007274,neuromuscular synaptic transmission,NA,0.034000135,NA,NA,NA,NA
BP,GO:0008090,retrograde axonal transport,NA,0.034000135,NA,NA,NA,NA
BP,GO:0098900,regulation of action potential,NA,0.034000135,NA,NA,NA,NA
MF,GO:0005244,voltage-gated monoatomic ion channel activity,NA,0.03426392,NA,NA,NA,NA
CC,GO:0034706,sodium channel complex,NA,0.034768445,0.015701988,NA,NA,NA
CC,GO:0035267,NuA4 histone acetyltransferase complex,NA,0.034768445,NA,0.006299139,NA,NA
CC,GO:0043189,H4/H2A histone acetyltransferase complex,NA,0.034768445,NA,0.006299139,NA,NA
MF,GO:0046332,SMAD binding,NA,0.034900897,NA,NA,NA,NA
MF,GO:0140142,nucleocytoplasmic carrier activity,NA,0.035576233,NA,NA,NA,NA
BP,GO:0032787,monocarboxylic acid metabolic process,NA,0.035916368,NA,6.53425e-4,0.017083505,NA
BP,GO:0009067,aspartate family amino acid biosynthetic process,NA,0.035929333,NA,NA,NA,NA
BP,GO:0010458,exit from mitosis,NA,0.035929333,NA,NA,NA,NA
BP,GO:0032786,"positive regulation of DNA-templated transcription, elongation",NA,0.035929333,NA,NA,NA,NA
BP,GO:0043001,Golgi to plasma membrane protein transport,NA,0.035929333,NA,NA,NA,NA
BP,GO:0043114,regulation of vascular permeability,NA,0.035929333,NA,NA,NA,NA
BP,GO:0060974,cell migration involved in heart formation,NA,0.035929333,NA,NA,NA,NA
MF,GO:0043178,alcohol binding,NA,0.035947772,NA,NA,NA,NA
MF,GO:0015081,sodium ion transmembrane transporter activity,NA,0.036544816,2.85e-5,NA,NA,NA
BP,GO:0007169,cell surface receptor protein tyrosine kinase signaling pathway,NA,0.036595479,0.014189519,NA,NA,NA
BP,GO:0035023,regulation of Rho protein signal transduction,NA,0.037430169,NA,NA,0.005403159,NA
BP,GO:0051651,maintenance of location in cell,NA,0.037449113,NA,NA,NA,NA
MF,GO:0030295,protein kinase activator activity,NA,0.037617864,NA,NA,NA,NA
BP,GO:0008589,regulation of smoothened signaling pathway,NA,0.03774925,NA,NA,0.034772966,NA
MF,GO:0003777,microtubule motor activity,NA,0.038993838,NA,NA,NA,NA
CC,GO:0032590,dendrite membrane,NA,0.039798847,NA,NA,NA,NA
CC,GO:0034451,centriolar satellite,NA,0.039798847,NA,NA,NA,NA
MF,GO:0004435,phosphatidylinositol phospholipase C activity,NA,0.040380177,0.004813533,NA,NA,NA
MF,GO:0004629,phospholipase C activity,NA,0.040380177,0.004813533,NA,NA,NA
BP,GO:0098661,inorganic anion transmembrane transport,NA,0.040430037,NA,NA,NA,NA
MF,GO:0016917,GABA receptor activity,NA,0.040710369,NA,NA,NA,NA
BP,GO:0048484,enteric nervous system development,NA,0.040942573,NA,NA,NA,NA
CC,GO:0031985,Golgi cisterna,NA,0.040970355,0.023439943,NA,NA,NA
BP,GO:0043549,regulation of kinase activity,NA,0.041071394,0.045312395,NA,NA,NA
BP,GO:0045859,regulation of protein kinase activity,NA,0.041071394,0.045312395,NA,NA,NA
BP,GO:0051262,protein tetramerization,NA,0.041071394,NA,NA,NA,NA
MF,GO:0019209,kinase activator activity,NA,0.041078824,NA,NA,NA,NA
MF,GO:0015280,ligand-gated sodium channel activity,NA,0.041290301,NA,NA,NA,NA
BP,GO:0006898,receptor-mediated endocytosis,NA,0.042356525,NA,NA,NA,NA
MF,GO:0016758,hexosyltransferase activity,NA,0.042490877,0.017953008,NA,NA,NA
BP,GO:0008625,extrinsic apoptotic signaling pathway via death domain receptors,NA,0.042575517,NA,NA,NA,NA
BP,GO:0010594,regulation of endothelial cell migration,NA,0.042575517,NA,NA,NA,NA
BP,GO:0000394,"RNA splicing, via endonucleolytic cleavage and ligation",NA,0.043100864,NA,NA,NA,NA
BP,GO:0006000,fructose metabolic process,NA,0.043100864,NA,NA,0.041167992,NA
BP,GO:0035999,tetrahydrofolate interconversion,NA,0.043100864,NA,NA,NA,NA
BP,GO:0038203,TORC2 signaling,NA,0.043100864,NA,NA,NA,NA
BP,GO:0002027,regulation of heart rate,NA,0.043300999,NA,NA,NA,NA
BP,GO:0006541,glutamine metabolic process,NA,0.043300999,NA,NA,NA,NA
BP,GO:0007215,glutamate receptor signaling pathway,NA,0.043300999,NA,NA,NA,NA
BP,GO:0019933,cAMP-mediated signaling,NA,0.043300999,0.01870373,NA,NA,NA
MF,GO:0052745,inositol phosphate phosphatase activity,NA,0.046269907,NA,NA,NA,NA
BP,GO:0060485,mesenchyme development,NA,0.047473077,NA,NA,NA,NA
BP,GO:0098703,calcium ion import across plasma membrane,NA,0.049169997,NA,NA,NA,NA
BP,GO:1902656,calcium ion import into cytosol,NA,0.049169997,NA,NA,NA,NA
BP,GO:0043280,positive regulation of cysteine-type endopeptidase activity involved in apoptotic process,NA,0.049865518,NA,NA,NA,0.032497454
BP,GO:0048168,regulation of neuronal synaptic plasticity,NA,0.049865518,NA,NA,NA,NA
BP,GO:0050921,positive regulation of chemotaxis,NA,0.049865518,NA,NA,NA,NA
BP,GO:2001056,positive regulation of cysteine-type endopeptidase activity,NA,0.049865518,NA,NA,NA,0.032497454
BP,GO:0090162,establishment of epithelial cell polarity,NA,NA,4.3441e-4,0.012834028,NA,NA
BP,GO:0060122,inner ear receptor cell stereocilium organization,NA,NA,5.62333e-4,NA,NA,NA
BP,GO:0008037,cell recognition,NA,NA,0.002137432,NA,NA,NA
MF,GO:0015370,solute:sodium symporter activity,NA,NA,0.00332713,NA,NA,NA
MF,GO:0051139,metal cation:proton antiporter activity,NA,NA,0.003960443,NA,NA,NA
BP,GO:0030855,epithelial cell differentiation,NA,NA,0.004163511,NA,NA,NA
BP,GO:0050885,neuromuscular process controlling balance,NA,NA,0.004480803,NA,NA,NA
BP,GO:0050954,sensory perception of mechanical stimulus,NA,NA,0.004748146,NA,NA,NA
BP,GO:0002064,epithelial cell development,NA,NA,0.004813877,NA,NA,NA
BP,GO:0009612,response to mechanical stimulus,NA,NA,0.004836926,NA,NA,NA
BP,GO:0098742,cell-cell adhesion via plasma-membrane adhesion molecules,NA,NA,0.00500226,NA,NA,NA
BP,GO:0048706,embryonic skeletal system development,NA,NA,0.005320206,NA,0.016632681,0.046957568
BP,GO:0046330,positive regulation of JNK cascade,NA,NA,0.005897222,NA,NA,NA
BP,GO:0031112,positive regulation of microtubule polymerization or depolymerization,NA,NA,0.005999191,NA,NA,NA
BP,GO:0060088,auditory receptor cell stereocilium organization,NA,NA,0.005999191,NA,NA,NA
MF,GO:0022853,active monoatomic ion transmembrane transporter activity,NA,NA,0.006586718,NA,NA,NA
MF,GO:0004115,"3',5'-cyclic-AMP phosphodiesterase activity",NA,NA,0.006871534,NA,NA,NA
MF,GO:0022821,solute:potassium antiporter activity,NA,NA,0.006871534,NA,NA,NA
BP,GO:0033619,membrane protein proteolysis,NA,NA,0.007007638,NA,NA,NA
BP,GO:0046785,microtubule polymerization,NA,NA,0.007581368,NA,NA,NA
MF,GO:0015294,solute:monoatomic cation symporter activity,NA,NA,0.007756514,NA,NA,NA
BP,GO:0003382,epithelial cell morphogenesis,NA,NA,0.007789108,NA,NA,NA
BP,GO:0045198,establishment of epithelial cell apical/basal polarity,NA,NA,0.007789108,NA,NA,NA
BP,GO:0048703,embryonic viscerocranium morphogenesis,NA,NA,0.008074749,NA,0.014990185,0.02610851
BP,GO:0001503,ossification,NA,NA,0.008522943,0.007862136,NA,NA
BP,GO:0042491,inner ear auditory receptor cell differentiation,NA,NA,0.008551539,NA,NA,NA
BP,GO:0001578,microtubule bundle formation,NA,NA,0.009415091,NA,0.032880509,NA
BP,GO:0007286,spermatid development,NA,NA,0.009604288,NA,NA,NA
BP,GO:0048515,spermatid differentiation,NA,NA,0.009604288,NA,NA,NA
BP,GO:0090307,mitotic spindle assembly,NA,NA,0.009604288,NA,NA,NA
BP,GO:0006376,mRNA splice site recognition,NA,NA,0.009623322,NA,NA,NA
MF,GO:0015386,potassium:proton antiporter activity,NA,NA,0.009710687,NA,NA,NA
BP,GO:0007288,sperm axoneme assembly,NA,NA,0.009860744,NA,NA,NA
BP,GO:0035089,establishment of apical/basal cell polarity,NA,NA,0.009860744,NA,NA,NA
BP,GO:0061162,establishment of monopolar cell polarity,NA,NA,0.009860744,NA,NA,NA
BP,GO:0061339,establishment or maintenance of monopolar cell polarity,NA,NA,0.009860744,NA,NA,NA
MF,GO:0047555,"3',5'-cyclic-GMP phosphodiesterase activity",NA,NA,0.01092841,NA,NA,NA
BP,GO:0007020,microtubule nucleation,NA,NA,0.011139607,NA,NA,NA
CC,GO:0048787,presynaptic active zone membrane,NA,NA,0.011692595,NA,NA,NA
MF,GO:0140828,metal cation:monoatomic cation antiporter activity,NA,NA,0.011703462,NA,NA,NA
BP,GO:0030859,polarized epithelial cell differentiation,NA,NA,0.012222105,NA,NA,NA
MF,GO:0016922,nuclear receptor binding,NA,NA,0.01256078,NA,NA,NA
BP,GO:0043534,blood vessel endothelial cell migration,NA,NA,0.013289235,0.028982836,NA,NA
BP,GO:0007156,homophilic cell adhesion via plasma membrane adhesion molecules,NA,NA,0.01338123,NA,NA,NA
BP,GO:0060117,auditory receptor cell development,NA,NA,0.016579741,NA,NA,NA
BP,GO:0098771,inorganic ion homeostasis,NA,NA,0.017004809,NA,NA,NA
CC,GO:0071782,endoplasmic reticulum tubular network,NA,NA,0.017077912,NA,NA,NA
BP,GO:0031114,regulation of microtubule depolymerization,NA,NA,0.017836199,NA,NA,NA
CC,GO:0030175,filopodium,NA,NA,0.018296285,NA,NA,NA
CC,GO:0005942,phosphatidylinositol 3-kinase complex,NA,NA,0.020207251,NA,NA,NA
MF,GO:0004114,"3',5'-cyclic-nucleotide phosphodiesterase activity",NA,NA,0.020606791,NA,NA,NA
BP,GO:0007019,microtubule depolymerization,NA,NA,0.020988722,NA,NA,NA
BP,GO:0002093,auditory receptor cell morphogenesis,NA,NA,0.021095612,NA,NA,NA
BP,GO:0006509,membrane protein ectodomain proteolysis,NA,NA,0.021095612,NA,NA,NA
BP,GO:0030534,adult behavior,NA,NA,0.021095612,NA,NA,NA
BP,GO:0035476,angioblast cell migration,NA,NA,0.021095612,NA,NA,NA
BP,GO:0050853,B cell receptor signaling pathway,NA,NA,0.021095612,NA,NA,NA
BP,GO:0002768,immune response-regulating cell surface receptor signaling pathway,NA,NA,0.021167494,NA,NA,NA
BP,GO:0060113,inner ear receptor cell differentiation,NA,NA,0.022753591,NA,NA,NA
BP,GO:0048762,mesenchymal cell differentiation,NA,NA,0.023142955,NA,NA,0.026909827
BP,GO:0050851,antigen receptor-mediated signaling pathway,NA,NA,0.023437498,NA,NA,NA
CC,GO:0002102,podosome,NA,NA,0.023629918,NA,NA,NA
CC,GO:0015030,Cajal body,NA,NA,0.023629918,0.038512725,NA,NA
MF,GO:0015293,symporter activity,NA,NA,0.024049243,NA,NA,NA
CC,GO:0030672,synaptic vesicle membrane,NA,NA,0.024881669,NA,NA,NA
CC,GO:0099501,exocytic vesicle membrane,NA,NA,0.024881669,NA,NA,NA
BP,GO:0030282,bone mineralization,NA,NA,0.026161113,0.008864937,NA,NA
BP,GO:0021915,neural tube development,NA,NA,0.026512226,NA,NA,NA
CC,GO:0019897,extrinsic component of plasma membrane,NA,NA,0.026930829,NA,NA,NA
CC,GO:0005801,cis-Golgi network,NA,NA,0.027345876,NA,NA,NA
BP,GO:0007605,sensory perception of sound,NA,NA,0.027985265,NA,NA,NA
BP,GO:0050905,neuromuscular process,NA,NA,0.028491647,NA,NA,NA
BP,GO:0007413,axonal fasciculation,NA,NA,0.028524223,NA,NA,NA
BP,GO:0106030,neuron projection fasciculation,NA,NA,0.028524223,NA,NA,NA
BP,GO:0048863,stem cell differentiation,NA,NA,0.028791437,0.003320047,0.008680144,NA
BP,GO:0048871,multicellular organismal-level homeostasis,NA,NA,0.028791437,0.003547722,0.011108907,0.011797989
BP,GO:0021955,central nervous system neuron axonogenesis,NA,NA,0.028835439,NA,NA,NA
BP,GO:0001525,angiogenesis,NA,NA,0.028843012,0.003833048,0.022267732,NA
MF,GO:0022804,active transmembrane transporter activity,NA,NA,0.029223611,NA,NA,NA
BP,GO:0014033,neural crest cell differentiation,NA,NA,0.031400928,NA,NA,0.013271368
BP,GO:0140029,exocytic process,NA,NA,0.031880589,NA,NA,NA
MF,GO:0045504,dynein heavy chain binding,NA,NA,0.032226973,NA,NA,NA
CC,GO:0005881,cytoplasmic microtubule,NA,NA,0.03254503,NA,NA,NA
BP,GO:0051225,spindle assembly,NA,NA,0.033954011,NA,NA,0.045320034
BP,GO:0014032,neural crest cell development,NA,NA,0.034774136,NA,NA,0.025199891
BP,GO:0048864,stem cell development,NA,NA,0.034774136,NA,NA,0.025199891
BP,GO:0001841,neural tube formation,NA,NA,0.034911548,NA,NA,NA
CC,GO:0016342,catenin complex,NA,NA,0.03631046,NA,NA,NA
BP,GO:0010977,negative regulation of neuron projection development,NA,NA,0.037157052,NA,NA,NA
BP,GO:0042490,mechanoreceptor differentiation,NA,NA,0.03751243,NA,NA,NA
BP,GO:0048872,homeostasis of number of cells,NA,NA,0.038572585,0.02872269,NA,0.003950173
MF,GO:0005343,organic acid:sodium symporter activity,NA,NA,0.039072009,NA,NA,NA
BP,GO:0043542,endothelial cell migration,NA,NA,0.039873731,0.018540531,NA,NA
BP,GO:0060119,inner ear receptor cell development,NA,NA,0.039873731,NA,NA,NA
BP,GO:0007626,locomotory behavior,NA,NA,0.039901171,NA,NA,NA
BP,GO:0042476,odontogenesis,NA,NA,0.04167349,NA,NA,NA
BP,GO:0048854,brain morphogenesis,NA,NA,0.04167349,NA,NA,NA
MF,GO:0003774,cytoskeletal motor activity,NA,NA,0.041805776,NA,NA,NA
BP,GO:0050974,detection of mechanical stimulus involved in sensory perception,NA,NA,0.041917486,NA,NA,NA
BP,GO:1901342,regulation of vasculature development,NA,NA,0.044884237,0.024687006,NA,NA
BP,GO:0001838,embryonic epithelial tube formation,NA,NA,0.045312395,NA,NA,NA
CC,GO:0005640,nuclear outer membrane,NA,NA,0.045811902,NA,NA,NA
CC,GO:0005943,"phosphatidylinositol 3-kinase complex, class IA",NA,NA,0.045811902,NA,NA,NA
BP,GO:0035107,appendage morphogenesis,NA,NA,0.045948365,NA,NA,NA
BP,GO:0006813,potassium ion transport,NA,NA,0.046208349,NA,NA,NA
BP,GO:0051216,cartilage development,NA,NA,0.046468174,1.82252e-4,0.00318858,NA
MF,GO:0004656,procollagen-proline 4-dioxygenase activity,NA,NA,0.046714814,NA,NA,NA
MF,GO:0015269,calcium-activated potassium channel activity,NA,NA,0.046714814,NA,NA,NA
BP,GO:0040037,negative regulation of fibroblast growth factor receptor signaling pathway,NA,NA,0.046967944,0.004172276,0.015672577,NA
BP,GO:0048264,determination of ventral identity,NA,NA,0.046967944,NA,NA,NA
BP,GO:0003348,cardiac endothelial cell differentiation,NA,NA,0.047190813,NA,NA,NA
BP,GO:0014808,release of sequestered calcium ion into cytosol by sarcoplasmic reticulum,NA,NA,0.047190813,NA,NA,NA
BP,GO:0031116,positive regulation of microtubule polymerization,NA,NA,0.047190813,NA,NA,NA
BP,GO:0032878,regulation of establishment or maintenance of cell polarity,NA,NA,0.047190813,NA,NA,NA
BP,GO:0050910,detection of mechanical stimulus involved in sensory perception of sound,NA,NA,0.047190813,NA,NA,NA
BP,GO:0060956,endocardial cell differentiation,NA,NA,0.047190813,NA,NA,NA
BP,GO:0070296,sarcoplasmic reticulum calcium ion transport,NA,NA,0.047190813,NA,NA,NA
BP,GO:1903514,release of sequestered calcium ion into cytosol by endoplasmic reticulum,NA,NA,0.047190813,NA,NA,NA
BP,GO:1904396,regulation of neuromuscular junction development,NA,NA,0.047190813,NA,NA,NA
CC,GO:0001726,ruffle,NA,NA,0.047696906,NA,NA,NA
BP,GO:0035082,axoneme assembly,NA,NA,0.048212781,NA,0.038528935,NA
BP,GO:0040013,negative regulation of locomotion,NA,NA,0.048725809,NA,NA,NA
BP,GO:0060070,canonical Wnt signaling pathway,NA,NA,0.049202065,0.031368291,NA,NA
CC,GO:0098798,mitochondrial protein-containing complex,NA,NA,NA,9.12e-19,8.93e-9,NA
CC,GO:0000313,organellar ribosome,NA,NA,NA,4.62e-16,3.11e-7,NA
CC,GO:0005761,mitochondrial ribosome,NA,NA,NA,4.62e-16,3.11e-7,NA
CC,GO:0005740,mitochondrial envelope,NA,NA,NA,1.24e-15,2.36e-6,NA
CC,GO:0031966,mitochondrial membrane,NA,NA,NA,1.74e-13,2.13e-6,NA
CC,GO:0005759,mitochondrial matrix,NA,NA,NA,2.95e-13,2.83979e-4,NA
BP,GO:0006412,translation,NA,NA,NA,6.27e-12,2.47e-8,NA
BP,GO:0022613,ribonucleoprotein complex biogenesis,NA,NA,NA,2.78e-11,1.39e-8,NA
CC,GO:0005743,mitochondrial inner membrane,NA,NA,NA,1.11e-10,6.8e-5,NA
CC,GO:0005840,ribosome,NA,NA,NA,3.28e-10,6.31e-9,NA
BP,GO:0042254,ribosome biogenesis,NA,NA,NA,3.63e-10,1.47e-7,NA
CC,GO:0000502,proteasome complex,NA,NA,NA,1.59e-9,0.00529745,NA
CC,GO:0019866,organelle inner membrane,NA,NA,NA,3.54e-9,2.50224e-4,NA
CC,GO:0000315,organellar large ribosomal subunit,NA,NA,NA,5.55e-9,2.57581e-4,NA
CC,GO:0005762,mitochondrial large ribosomal subunit,NA,NA,NA,5.55e-9,2.57581e-4,NA
CC,GO:0098803,respiratory chain complex,NA,NA,NA,6.65e-9,0.00171104,NA
BP,GO:0009117,nucleotide metabolic process,NA,NA,NA,1.23e-8,0.011700101,NA
CC,GO:1905368,peptidase complex,NA,NA,NA,4.19e-8,0.001362579,NA
CC,GO:0000314,organellar small ribosomal subunit,NA,NA,NA,4.35e-8,5.46406e-4,NA
CC,GO:0005763,mitochondrial small ribosomal subunit,NA,NA,NA,4.35e-8,5.46406e-4,NA
BP,GO:0006091,generation of precursor metabolites and energy,NA,NA,NA,6.4e-8,0.005289322,NA
BP,GO:0009141,nucleoside triphosphate metabolic process,NA,NA,NA,6.41e-8,NA,NA
MF,GO:0003735,structural constituent of ribosome,NA,NA,NA,8.07e-8,2.07e-7,NA
CC,GO:1905369,endopeptidase complex,NA,NA,NA,1.08e-7,0.00856645,NA
BP,GO:0006753,nucleoside phosphate metabolic process,NA,NA,NA,1.77e-7,NA,NA
BP,GO:0042775,mitochondrial ATP synthesis coupled electron transport,NA,NA,NA,2.77e-7,0.011018649,NA
BP,GO:0032543,mitochondrial translation,NA,NA,NA,3.97e-7,8.59e-8,NA
BP,GO:0045333,cellular respiration,NA,NA,NA,4.16e-7,0.0127384,NA
BP,GO:0006119,oxidative phosphorylation,NA,NA,NA,4.39e-7,0.01177679,NA
BP,GO:0016072,rRNA metabolic process,NA,NA,NA,4.45e-7,5.71e-6,NA
BP,GO:0006163,purine nucleotide metabolic process,NA,NA,NA,4.46e-7,NA,NA
BP,GO:0009060,aerobic respiration,NA,NA,NA,5.1e-7,0.010025658,NA
BP,GO:0009205,purine ribonucleoside triphosphate metabolic process,NA,NA,NA,6.56e-7,NA,NA
BP,GO:0009144,purine nucleoside triphosphate metabolic process,NA,NA,NA,6.74e-7,NA,NA
BP,GO:0019646,aerobic electron transport chain,NA,NA,NA,7.56e-7,0.026463081,NA
BP,GO:0006364,rRNA processing,NA,NA,NA,8.62e-7,5.13e-6,NA
BP,GO:0009199,ribonucleoside triphosphate metabolic process,NA,NA,NA,8.97e-7,NA,NA
BP,GO:0042773,ATP synthesis coupled electron transport,NA,NA,NA,9.16e-7,0.015340046,NA
BP,GO:0009259,ribonucleotide metabolic process,NA,NA,NA,9.37e-7,NA,NA
CC,GO:0044391,ribosomal subunit,NA,NA,NA,1.09e-6,4.05e-6,NA
BP,GO:0055086,nucleobase-containing small molecule metabolic process,NA,NA,NA,1.23e-6,NA,NA
BP,GO:0009260,ribonucleotide biosynthetic process,NA,NA,NA,1.89e-6,0.034493371,NA
BP,GO:0046034,ATP metabolic process,NA,NA,NA,2.3e-6,NA,NA
BP,GO:0019693,ribose phosphate metabolic process,NA,NA,NA,2.32e-6,NA,NA
BP,GO:0016071,mRNA metabolic process,NA,NA,NA,2.89e-6,0.001282429,NA
BP,GO:0140053,mitochondrial gene expression,NA,NA,NA,3.42e-6,3.59e-5,NA
BP,GO:0009165,nucleotide biosynthetic process,NA,NA,NA,3.5e-6,0.033991511,NA
BP,GO:0007005,mitochondrion organization,NA,NA,NA,3.65e-6,0.019403584,NA
BP,GO:0046390,ribose phosphate biosynthetic process,NA,NA,NA,3.83e-6,0.041410539,NA
MF,GO:0140098,"catalytic activity, acting on RNA",NA,NA,NA,3.98e-6,0.023443393,NA
MF,GO:0016874,ligase activity,NA,NA,NA,4.54e-6,NA,NA
BP,GO:0009142,nucleoside triphosphate biosynthetic process,NA,NA,NA,5.32e-6,0.021559919,NA
CC,GO:1990204,oxidoreductase complex,NA,NA,NA,5.68e-6,0.013891339,NA
BP,GO:0006399,tRNA metabolic process,NA,NA,NA,6.77e-6,0.01027449,NA
CC,GO:0005681,spliceosomal complex,NA,NA,NA,7.9e-6,2.33e-5,NA
BP,GO:0015980,energy derivation by oxidation of organic compounds,NA,NA,NA,8.76e-6,0.004631452,NA
BP,GO:0022904,respiratory electron transport chain,NA,NA,NA,1.12e-5,0.025801178,NA
BP,GO:0009150,purine ribonucleotide metabolic process,NA,NA,NA,1.44e-5,NA,NA
BP,GO:0007006,mitochondrial membrane organization,NA,NA,NA,1.47e-5,0.024489047,NA
CC,GO:0005839,proteasome core complex,NA,NA,NA,1.71e-5,0.023989013,NA
BP,GO:0022900,electron transport chain,NA,NA,NA,2e-5,0.041587486,NA
BP,GO:0009145,purine nucleoside triphosphate biosynthetic process,NA,NA,NA,2.2e-5,NA,NA
BP,GO:0009206,purine ribonucleoside triphosphate biosynthetic process,NA,NA,NA,2.2e-5,NA,NA
BP,GO:0009152,purine ribonucleotide biosynthetic process,NA,NA,NA,2.38e-5,NA,NA
MF,GO:0004879,nuclear receptor activity,NA,NA,NA,2.82e-5,4.04405e-4,NA
MF,GO:0098531,ligand-activated transcription factor activity,NA,NA,NA,2.82e-5,4.04405e-4,NA
BP,GO:0006164,purine nucleotide biosynthetic process,NA,NA,NA,2.92e-5,NA,NA
BP,GO:0009201,ribonucleoside triphosphate biosynthetic process,NA,NA,NA,3.06e-5,NA,NA
CC,GO:0071013,catalytic step 2 spliceosome,NA,NA,NA,3.92e-5,6.08324e-4,NA
CC,GO:0005758,mitochondrial intermembrane space,NA,NA,NA,4.1e-5,NA,NA
CC,GO:0031970,organelle envelope lumen,NA,NA,NA,4.1e-5,NA,NA
BP,GO:0006754,ATP biosynthetic process,NA,NA,NA,4.39e-5,NA,NA
BP,GO:0000375,"RNA splicing, via transesterification reactions",NA,NA,NA,4.74e-5,1.28578e-4,NA
BP,GO:0000377,"RNA splicing, via transesterification reactions with bulged adenosine as nucleophile",NA,NA,NA,4.74e-5,1.28578e-4,NA
BP,GO:0000398,"mRNA splicing, via spliceosome",NA,NA,NA,4.74e-5,1.28578e-4,NA
BP,GO:0006457,protein folding,NA,NA,NA,4.95e-5,0.009840328,1.27376e-4
BP,GO:0072521,purine-containing compound metabolic process,NA,NA,NA,5.05e-5,NA,NA
BP,GO:0061448,connective tissue development,NA,NA,NA,5.68e-5,0.008212583,NA
BP,GO:0006974,DNA damage response,NA,NA,NA,5.89e-5,NA,NA
CC,GO:0019774,"proteasome core complex, beta-subunit complex",NA,NA,NA,6.26e-5,0.042388292,NA
MF,GO:0003755,peptidyl-prolyl cis-trans isomerase activity,NA,NA,NA,6.38e-5,0.010172292,NA
BP,GO:0006520,amino acid metabolic process,NA,NA,NA,6.55e-5,NA,NA
MF,GO:0016859,cis-trans isomerase activity,NA,NA,NA,7.41e-5,0.017379611,NA
CC,GO:0098800,inner mitochondrial membrane protein complex,NA,NA,NA,9.12e-5,0.004072294,NA
BP,GO:0019362,pyridine nucleotide metabolic process,NA,NA,NA,1.14928e-4,NA,NA
BP,GO:0046496,nicotinamide nucleotide metabolic process,NA,NA,NA,1.14928e-4,NA,NA
BP,GO:0015986,proton motive force-driven ATP synthesis,NA,NA,NA,1.51577e-4,0.043302483,NA
CC,GO:0015934,large ribosomal subunit,NA,NA,NA,1.53652e-4,1.17088e-4,NA
CC,GO:0120114,Sm-like protein family complex,NA,NA,NA,1.64845e-4,1.9453e-4,NA
MF,GO:0004812,aminoacyl-tRNA ligase activity,NA,NA,NA,1.66021e-4,NA,NA
MF,GO:0016875,"ligase activity, forming carbon-oxygen bonds",NA,NA,NA,1.66021e-4,NA,NA
BP,GO:0070972,protein localization to endoplasmic reticulum,NA,NA,NA,1.94855e-4,NA,NA
BP,GO:0072527,pyrimidine-containing compound metabolic process,NA,NA,NA,2.40975e-4,0.017167495,NA
MF,GO:0016776,"phosphotransferase activity, phosphate group as acceptor",NA,NA,NA,2.57979e-4,0.003194307,NA
BP,GO:0140694,non-membrane-bounded organelle assembly,NA,NA,NA,2.5935e-4,0.04249234,0.044056862
MF,GO:0016410,N-acyltransferase activity,NA,NA,NA,2.76706e-4,0.010855258,NA
BP,GO:0071826,protein-RNA complex organization,NA,NA,NA,2.82474e-4,0.001971311,NA
CC,GO:0097526,spliceosomal tri-snRNP complex,NA,NA,NA,2.86731e-4,0.008405382,NA
BP,GO:0072522,purine-containing compound biosynthetic process,NA,NA,NA,3.19457e-4,NA,NA
BP,GO:0018208,peptidyl-proline modification,NA,NA,NA,3.24536e-4,0.019075192,0.042631995
CC,GO:0045259,proton-transporting ATP synthase complex,NA,NA,NA,3.28922e-4,NA,NA
BP,GO:0072524,pyridine-containing compound metabolic process,NA,NA,NA,3.40654e-4,NA,NA
BP,GO:0033108,mitochondrial respiratory chain complex assembly,NA,NA,NA,3.5469e-4,NA,NA
BP,GO:0006839,mitochondrial transport,NA,NA,NA,3.66485e-4,NA,NA
MF,GO:0005501,retinoid binding,NA,NA,NA,3.8889e-4,NA,NA
MF,GO:0019840,isoprenoid binding,NA,NA,NA,3.8889e-4,NA,NA
CC,GO:0030964,NADH dehydrogenase complex,NA,NA,NA,4.00967e-4,NA,NA
CC,GO:0045271,respiratory chain complex I,NA,NA,NA,4.00967e-4,NA,NA
BP,GO:0043039,tRNA aminoacylation,NA,NA,NA,4.25083e-4,NA,NA
BP,GO:0007007,inner mitochondrial membrane organization,NA,NA,NA,4.42424e-4,0.030288132,NA
CC,GO:0097525,spliceosomal snRNP complex,NA,NA,NA,4.67792e-4,0.001238738,NA
BP,GO:0006418,tRNA aminoacylation for protein translation,NA,NA,NA,5.46836e-4,NA,NA
MF,GO:0140101,"catalytic activity, acting on a tRNA",NA,NA,NA,5.58812e-4,NA,NA
BP,GO:0043038,amino acid activation,NA,NA,NA,5.77771e-4,NA,NA
CC,GO:0030532,small nuclear ribonucleoprotein complex,NA,NA,NA,6.15977e-4,0.001460526,NA
MF,GO:0051287,NAD binding,NA,NA,NA,6.36353e-4,NA,NA
BP,GO:0002063,chondrocyte development,NA,NA,NA,6.39539e-4,NA,NA
BP,GO:0022618,protein-RNA complex assembly,NA,NA,NA,6.53536e-4,0.003254135,NA
BP,GO:0090151,establishment of protein localization to mitochondrial membrane,NA,NA,NA,6.9915e-4,0.015672577,NA
MF,GO:0016407,acetyltransferase activity,NA,NA,NA,7.32378e-4,NA,NA
BP,GO:0045892,negative regulation of DNA-templated transcription,NA,NA,NA,7.78552e-4,8.15235e-4,NA
BP,GO:1902679,negative regulation of RNA biosynthetic process,NA,NA,NA,7.78552e-4,8.15235e-4,NA
BP,GO:0006281,DNA repair,NA,NA,NA,7.81838e-4,NA,NA
BP,GO:0032870,cellular response to hormone stimulus,NA,NA,NA,7.99537e-4,0.032760192,NA
BP,GO:0016054,organic acid catabolic process,NA,NA,NA,8.11257e-4,NA,NA
BP,GO:0046395,carboxylic acid catabolic process,NA,NA,NA,8.11257e-4,NA,NA
BP,GO:0072594,establishment of protein localization to organelle,NA,NA,NA,8.42661e-4,0.035764047,NA
BP,GO:0044282,small molecule catabolic process,NA,NA,NA,8.54525e-4,NA,NA
BP,GO:0009968,negative regulation of signal transduction,NA,NA,NA,8.58798e-4,NA,NA
BP,GO:1901605,alpha-amino acid metabolic process,NA,NA,NA,8.92635e-4,NA,NA
BP,GO:0097250,mitochondrial respirasome assembly,NA,NA,NA,9.26109e-4,NA,NA
BP,GO:0000413,protein peptidyl-prolyl isomerization,NA,NA,NA,9.90911e-4,0.015659523,NA
BP,GO:0042273,ribosomal large subunit biogenesis,NA,NA,NA,0.001029496,9.50995e-4,NA
BP,GO:0051604,protein maturation,NA,NA,NA,0.001104467,NA,3.28469e-4
CC,GO:0030684,preribosome,NA,NA,NA,0.001120548,0.006172416,NA
BP,GO:0010648,negative regulation of cell communication,NA,NA,NA,0.001126879,NA,NA
BP,GO:0023057,negative regulation of signaling,NA,NA,NA,0.001126879,NA,NA
BP,GO:0006220,pyrimidine nucleotide metabolic process,NA,NA,NA,0.001150386,0.026357177,NA
BP,GO:0072528,pyrimidine-containing compound biosynthetic process,NA,NA,NA,0.001150386,0.026357177,NA
CC,GO:0097346,INO80-type complex,NA,NA,NA,0.001164227,NA,NA
BP,GO:0032259,methylation,NA,NA,NA,0.001167522,0.006090248,NA
CC,GO:0005730,nucleolus,NA,NA,NA,0.001206047,1.36014e-4,NA
BP,GO:0051253,negative regulation of RNA metabolic process,NA,NA,NA,0.001251569,0.001795918,0.030166583
BP,GO:0000154,rRNA modification,NA,NA,NA,0.001258127,0.032122979,NA
CC,GO:0022624,proteasome accessory complex,NA,NA,NA,0.001274121,NA,NA
CC,GO:0015935,small ribosomal subunit,NA,NA,NA,0.001325776,0.007327663,NA
MF,GO:0044183,protein folding chaperone,NA,NA,NA,0.001417005,NA,0.008367807
CC,GO:0000785,chromatin,NA,NA,NA,0.001423273,NA,0.023226218
MF,GO:0019205,nucleobase-containing compound kinase activity,NA,NA,NA,0.00142922,NA,NA
BP,GO:0006120,"mitochondrial electron transport, NADH to ubiquinone",NA,NA,NA,0.001546223,NA,NA
BP,GO:0006123,"mitochondrial electron transport, cytochrome c to oxygen",NA,NA,NA,0.001546223,NA,NA
BP,GO:0045944,positive regulation of transcription by RNA polymerase II,NA,NA,NA,0.001596976,0.011631939,0.002203112
BP,GO:0002062,chondrocyte differentiation,NA,NA,NA,0.001703053,0.049741302,NA
BP,GO:0009725,response to hormone,NA,NA,NA,0.001708977,0.032657985,NA
BP,GO:0051246,regulation of protein metabolic process,NA,NA,NA,0.00170977,NA,NA
MF,GO:0051087,protein-folding chaperone binding,NA,NA,NA,0.001759103,1.91523e-4,NA
BP,GO:0170039,proteinogenic amino acid metabolic process,NA,NA,NA,0.001819934,NA,NA
BP,GO:0045047,protein targeting to ER,NA,NA,NA,0.001854131,NA,NA
BP,GO:0034655,nucleobase-containing compound catabolic process,NA,NA,NA,0.001866591,NA,NA
CC,GO:0070069,cytochrome complex,NA,NA,NA,0.001877213,0.002230653,NA
MF,GO:0017069,snRNA binding,NA,NA,NA,0.001937719,3.82253e-4,NA
MF,GO:0004550,nucleoside diphosphate kinase activity,NA,NA,NA,0.001938081,0.010197881,NA
BP,GO:0006221,pyrimidine nucleotide biosynthetic process,NA,NA,NA,0.002073243,0.019543888,NA
BP,GO:0042255,ribosome assembly,NA,NA,NA,0.002073243,0.005001502,NA
BP,GO:0031167,rRNA methylation,NA,NA,NA,0.002184803,NA,NA
CC,GO:0005741,mitochondrial outer membrane,NA,NA,NA,0.002246721,0.023739902,NA
MF,GO:0140102,"catalytic activity, acting on a rRNA",NA,NA,NA,0.002262685,NA,NA
BP,GO:0043414,macromolecule methylation,NA,NA,NA,0.002265705,0.030478304,NA
BP,GO:0062197,cellular response to chemical stress,NA,NA,NA,0.002286803,NA,NA
BP,GO:0070585,protein localization to mitochondrion,NA,NA,NA,0.002287882,0.005403159,NA
BP,GO:0072655,establishment of protein localization to mitochondrion,NA,NA,NA,0.002287882,0.005403159,NA
BP,GO:0043401,steroid hormone receptor signaling pathway,NA,NA,NA,0.002329164,NA,NA
MF,GO:0019843,rRNA binding,NA,NA,NA,0.002406794,0.005460802,NA
BP,GO:0052548,regulation of endopeptidase activity,NA,NA,NA,0.002449108,NA,0.014845294
BP,GO:0045934,negative regulation of nucleobase-containing compound metabolic process,NA,NA,NA,0.002478137,0.003183377,NA
MF,GO:0016018,cyclosporin A binding,NA,NA,NA,0.002544179,0.031807215,NA
MF,GO:0016863,"intramolecular oxidoreductase activity, transposing C=C bonds",NA,NA,NA,0.002544179,NA,NA
BP,GO:0072599,establishment of protein localization to endoplasmic reticulum,NA,NA,NA,0.00266104,NA,NA
MF,GO:0016810,"hydrolase activity, acting on carbon-nitrogen (but not peptide) bonds",NA,NA,NA,0.002771553,0.007096644,NA
MF,GO:0019842,vitamin binding,NA,NA,NA,0.002863095,NA,0.006554927
CC,GO:0070603,SWI/SNF superfamily-type complex,NA,NA,NA,0.002870637,NA,NA
BP,GO:0030518,nuclear receptor-mediated steroid hormone signaling pathway,NA,NA,NA,0.002892,NA,NA
CC,GO:0046540,U4/U6 x U5 tri-snRNP complex,NA,NA,NA,0.002922463,NA,NA
CC,GO:0016592,mediator complex,NA,NA,NA,0.003029417,NA,0.014929142
BP,GO:0008033,tRNA processing,NA,NA,NA,0.003070332,NA,NA
BP,GO:0170033,L-amino acid metabolic process,NA,NA,NA,0.003106682,NA,NA
MF,GO:0016741,"transferase activity, transferring one-carbon groups",NA,NA,NA,0.003150388,0.01258931,NA
BP,GO:0006605,protein targeting,NA,NA,NA,0.003321337,0.033150609,NA
BP,GO:0044283,small molecule biosynthetic process,NA,NA,NA,0.003418519,0.026725813,0.002447084
BP,GO:0034109,homotypic cell-cell adhesion,NA,NA,NA,0.003526285,0.006074665,NA
BP,GO:0046031,ADP metabolic process,NA,NA,NA,0.003574554,NA,NA
CC,GO:0016469,proton-transporting two-sector ATPase complex,NA,NA,NA,0.003631747,NA,NA
BP,GO:0021953,central nervous system neuron differentiation,NA,NA,NA,0.003665268,0.049262846,NA
MF,GO:0008168,methyltransferase activity,NA,NA,NA,0.003817869,0.008126,NA
MF,GO:1901618,organic hydroxy compound transmembrane transporter activity,NA,NA,NA,0.00416371,5.4e-6,NA
BP,GO:0001666,response to hypoxia,NA,NA,NA,0.004199931,NA,0.031142772
BP,GO:0009185,ribonucleoside diphosphate metabolic process,NA,NA,NA,0.004200813,NA,NA
BP,GO:0141193,nuclear receptor-mediated signaling pathway,NA,NA,NA,0.004200813,0.021559919,NA
CC,GO:0030137,COPI-coated vesicle,NA,NA,NA,0.004208186,NA,NA
MF,GO:0046933,"proton-transporting ATP synthase activity, rotational mechanism",NA,NA,NA,0.004302681,NA,NA
MF,GO:0070403,NAD+ binding,NA,NA,NA,0.004302681,NA,NA
BP,GO:0034198,cellular response to amino acid starvation,NA,NA,NA,0.004317817,NA,NA
MF,GO:0003724,RNA helicase activity,NA,NA,NA,0.00440547,NA,NA
MF,GO:0008186,"ATP-dependent activity, acting on RNA",NA,NA,NA,0.00440547,NA,NA
BP,GO:0009135,purine nucleoside diphosphate metabolic process,NA,NA,NA,0.004457085,NA,NA
BP,GO:0009179,purine ribonucleoside diphosphate metabolic process,NA,NA,NA,0.004457085,NA,NA
BP,GO:0042060,wound healing,NA,NA,NA,0.004531038,0.00188337,NA
BP,GO:0006002,fructose 6-phosphate metabolic process,NA,NA,NA,0.004674025,NA,NA
BP,GO:0031033,myosin filament organization,NA,NA,NA,0.004674025,NA,NA
BP,GO:0051131,chaperone-mediated protein complex assembly,NA,NA,NA,0.004674025,6.56067e-4,NA
CC,GO:0019867,outer membrane,NA,NA,NA,0.004729394,0.023309425,NA
CC,GO:0031968,organelle outer membrane,NA,NA,NA,0.004729394,0.023309425,NA
MF,GO:0002161,aminoacyl-tRNA editing activity,NA,NA,NA,0.004803685,NA,NA
BP,GO:0021514,ventral spinal cord interneuron differentiation,NA,NA,NA,0.004829203,0.001627449,NA
BP,GO:0036293,response to decreased oxygen levels,NA,NA,NA,0.004980408,NA,0.032408245
MF,GO:0001786,phosphatidylserine binding,NA,NA,NA,0.005021378,NA,NA
MF,GO:0003707,nuclear steroid receptor activity,NA,NA,NA,0.005021378,NA,NA
BP,GO:0006626,protein targeting to mitochondrion,NA,NA,NA,0.005090557,0.027503314,NA
BP,GO:0010257,NADH dehydrogenase complex assembly,NA,NA,NA,0.005112495,NA,NA
BP,GO:0032981,mitochondrial respiratory chain complex I assembly,NA,NA,NA,0.005112495,NA,NA
BP,GO:0048514,blood vessel morphogenesis,NA,NA,NA,0.005122487,0.01843748,NA
MF,GO:0016796,"exonuclease activity, active with either ribo- or deoxyribonucleic acids and producing 5'-phosphomonoesters",NA,NA,NA,0.00517174,NA,NA
BP,GO:0006641,triglyceride metabolic process,NA,NA,NA,0.005201819,0.016207488,NA
BP,GO:0019318,hexose metabolic process,NA,NA,NA,0.00520679,NA,NA
BP,GO:0042274,ribosomal small subunit biogenesis,NA,NA,NA,0.005383136,9.82222e-4,NA
BP,GO:0006739,NADP metabolic process,NA,NA,NA,0.00542611,0.037974915,NA
BP,GO:0010563,negative regulation of phosphorus metabolic process,NA,NA,NA,0.00542611,NA,NA
BP,GO:0045936,negative regulation of phosphate metabolic process,NA,NA,NA,0.00542611,NA,NA
BP,GO:0046033,AMP metabolic process,NA,NA,NA,0.00542611,0.037974915,NA
MF,GO:0050145,nucleoside monophosphate kinase activity,NA,NA,NA,0.005609708,0.038246688,NA
BP,GO:0051168,nuclear export,NA,NA,NA,0.005926733,NA,NA
BP,GO:1901292,nucleoside phosphate catabolic process,NA,NA,NA,0.006052556,NA,NA
BP,GO:1990928,response to amino acid starvation,NA,NA,NA,0.006236613,NA,NA
CC,GO:0005838,proteasome regulatory particle,NA,NA,NA,0.006299139,NA,NA
BP,GO:0009132,nucleoside diphosphate metabolic process,NA,NA,NA,0.006451948,NA,NA
MF,GO:0008173,RNA methyltransferase activity,NA,NA,NA,0.006644104,NA,NA
BP,GO:0000387,spliceosomal snRNP assembly,NA,NA,NA,0.006688622,0.00208832,NA
BP,GO:0009220,pyrimidine ribonucleotide biosynthetic process,NA,NA,NA,0.006688622,NA,NA
BP,GO:1903829,positive regulation of protein localization,NA,NA,NA,0.006717627,0.005388108,NA
BP,GO:0006638,neutral lipid metabolic process,NA,NA,NA,0.006757621,5.06586e-4,NA
BP,GO:0043409,negative regulation of MAPK cascade,NA,NA,NA,0.006862263,NA,0.001620957
BP,GO:0042168,heme metabolic process,NA,NA,NA,0.006872062,NA,NA
MF,GO:0008649,rRNA methyltransferase activity,NA,NA,NA,0.006907463,NA,NA
MF,GO:0019200,carbohydrate kinase activity,NA,NA,NA,0.006948665,NA,NA
BP,GO:0021515,cell differentiation in spinal cord,NA,NA,NA,0.007011371,6.23699e-4,NA
BP,GO:0006090,pyruvate metabolic process,NA,NA,NA,0.007036953,NA,NA
BP,GO:0061061,muscle structure development,NA,NA,NA,0.007037555,NA,NA
BP,GO:0019364,pyridine nucleotide catabolic process,NA,NA,NA,0.007237126,NA,NA
BP,GO:0072526,pyridine-containing compound catabolic process,NA,NA,NA,0.007237126,NA,NA
CC,GO:0005684,U2-type spliceosomal complex,NA,NA,NA,0.007342254,0.00104539,NA
BP,GO:0016055,Wnt signaling pathway,NA,NA,NA,0.007537286,NA,NA
CC,GO:0016604,nuclear body,NA,NA,NA,0.00796721,NA,NA
BP,GO:0020027,hemoglobin metabolic process,NA,NA,NA,0.008015924,NA,0.032497454
BP,GO:0061041,regulation of wound healing,NA,NA,NA,0.008015924,0.010103913,NA
BP,GO:2001243,negative regulation of intrinsic apoptotic signaling pathway,NA,NA,NA,0.008015924,NA,NA
BP,GO:0001933,negative regulation of protein phosphorylation,NA,NA,NA,0.008034806,NA,NA
BP,GO:0006206,pyrimidine nucleobase metabolic process,NA,NA,NA,0.008034806,0.008714435,NA
BP,GO:0006570,tyrosine metabolic process,NA,NA,NA,0.008034806,NA,NA
BP,GO:0042326,negative regulation of phosphorylation,NA,NA,NA,0.008034806,NA,NA
BP,GO:1901207,regulation of heart looping,NA,NA,NA,0.008034806,NA,NA
BP,GO:1902807,negative regulation of cell cycle G1/S phase transition,NA,NA,NA,0.008034806,0.008714435,NA
BP,GO:1903053,regulation of extracellular matrix organization,NA,NA,NA,0.008034806,NA,NA
BP,GO:2000134,negative regulation of G1/S transition of mitotic cell cycle,NA,NA,NA,0.008034806,0.008714435,NA
BP,GO:0070482,response to oxygen levels,NA,NA,NA,0.008072487,NA,0.036383402
CC,GO:1905354,exoribonuclease complex,NA,NA,NA,0.008088655,0.047053195,NA
CC,GO:0005682,U5 snRNP,NA,NA,NA,0.008094208,0.009072838,NA
BP,GO:0042440,pigment metabolic process,NA,NA,NA,0.008160898,NA,NA
BP,GO:0072331,signal transduction by p53 class mediator,NA,NA,NA,0.008160898,NA,NA
MF,GO:0003995,acyl-CoA dehydrogenase activity,NA,NA,NA,0.008250721,NA,NA
MF,GO:0034056,estrogen response element binding,NA,NA,NA,0.008250721,NA,NA
MF,GO:0052890,"oxidoreductase activity, acting on the CH-CH group of donors, with a flavin as acceptor",NA,NA,NA,0.008250721,NA,NA
BP,GO:0005996,monosaccharide metabolic process,NA,NA,NA,0.008408939,NA,NA
BP,GO:0006575,cellular modified amino acid metabolic process,NA,NA,NA,0.008408939,NA,NA
MF,GO:0140297,DNA-binding transcription factor binding,NA,NA,NA,0.008667049,NA,NA
BP,GO:0009147,pyrimidine nucleoside triphosphate metabolic process,NA,NA,NA,0.008748544,NA,NA
MF,GO:0045182,translation regulator activity,NA,NA,NA,0.008798216,0.026021286,NA
BP,GO:0009123,nucleoside monophosphate metabolic process,NA,NA,NA,0.008864937,0.033754567,NA
BP,GO:0021510,spinal cord development,NA,NA,NA,0.008930763,0.002923346,NA
BP,GO:0009218,pyrimidine ribonucleotide metabolic process,NA,NA,NA,0.009057788,NA,NA
BP,GO:0016525,negative regulation of angiogenesis,NA,NA,NA,0.009057788,NA,NA
BP,GO:0043281,regulation of cysteine-type endopeptidase activity involved in apoptotic process,NA,NA,NA,0.009057788,NA,NA
BP,GO:0072332,intrinsic apoptotic signaling pathway by p53 class mediator,NA,NA,NA,0.009057788,NA,NA
BP,GO:2000181,negative regulation of blood vessel morphogenesis,NA,NA,NA,0.009057788,NA,NA
BP,GO:0006458,'de novo' protein folding,NA,NA,NA,0.009070934,0.006060583,0.011049214
BP,GO:0006778,porphyrin-containing compound metabolic process,NA,NA,NA,0.009070934,NA,NA
BP,GO:0016180,snRNA processing,NA,NA,NA,0.009070934,0.006060583,NA
BP,GO:0071383,cellular response to steroid hormone stimulus,NA,NA,NA,0.009070934,NA,NA
BP,GO:0031123,RNA 3'-end processing,NA,NA,NA,0.00913672,NA,NA
MF,GO:0016887,ATP hydrolysis activity,NA,NA,NA,0.009177188,NA,0.010648746
BP,GO:0051241,negative regulation of multicellular organismal process,NA,NA,NA,0.009188892,NA,NA
MF,GO:0042887,amide transmembrane transporter activity,NA,NA,NA,0.009437757,NA,NA
BP,GO:0006096,glycolytic process,NA,NA,NA,0.00951791,NA,NA
BP,GO:0046032,ADP catabolic process,NA,NA,NA,0.00951791,NA,NA
BP,GO:0046434,organophosphate catabolic process,NA,NA,NA,0.009694768,NA,NA
MF,GO:0005319,lipid transporter activity,NA,NA,NA,0.010100431,0.0076042770000000004,NA
BP,GO:0022616,DNA strand elongation,NA,NA,NA,0.010218705,0.025360374,NA
BP,GO:0030522,intracellular receptor signaling pathway,NA,NA,NA,0.010360247,NA,0.032408245
BP,GO:1902600,proton transmembrane transport,NA,NA,NA,0.010360247,NA,NA
MF,GO:0004386,helicase activity,NA,NA,NA,0.01061389,NA,NA
BP,GO:0001510,RNA methylation,NA,NA,NA,0.010771035,NA,NA
BP,GO:0006826,iron ion transport,NA,NA,NA,0.010784619,0.024288085,NA
BP,GO:1901137,carbohydrate derivative biosynthetic process,NA,NA,NA,0.011040669,NA,NA
BP,GO:0030162,regulation of proteolysis,NA,NA,NA,0.011185609,NA,0.00557679
BP,GO:0006402,mRNA catabolic process,NA,NA,NA,0.011217595,NA,NA
BP,GO:0046394,carboxylic acid biosynthetic process,NA,NA,NA,0.011230921,NA,NA
MF,GO:0008080,N-acetyltransferase activity,NA,NA,NA,0.011316717,NA,NA
BP,GO:0009755,hormone-mediated signaling pathway,NA,NA,NA,0.011369069,NA,NA
MF,GO:0008135,"translation factor activity, RNA binding",NA,NA,NA,0.011383055,NA,NA
BP,GO:0009148,pyrimidine nucleoside triphosphate biosynthetic process,NA,NA,NA,0.011431874,NA,NA
BP,GO:0034472,snRNA 3'-end processing,NA,NA,NA,0.011431874,NA,NA
BP,GO:0036302,atrioventricular canal development,NA,NA,NA,0.011431874,NA,NA
BP,GO:0051156,glucose 6-phosphate metabolic process,NA,NA,NA,0.011431874,NA,NA
BP,GO:0009137,purine nucleoside diphosphate catabolic process,NA,NA,NA,0.011643715,NA,NA
BP,GO:0009181,purine ribonucleoside diphosphate catabolic process,NA,NA,NA,0.011643715,NA,NA
BP,GO:0030239,myofibril assembly,NA,NA,NA,0.011722061,0.026628187,NA
BP,GO:0031214,biomineral tissue development,NA,NA,NA,0.011791208,NA,NA
MF,GO:0015252,proton channel activity,NA,NA,NA,0.011798324,NA,NA
BP,GO:0021517,ventral spinal cord development,NA,NA,NA,0.011912771,8.40426e-4,NA
BP,GO:0006284,base-excision repair,NA,NA,NA,0.011957207,NA,NA
BP,GO:0006783,heme biosynthetic process,NA,NA,NA,0.011957207,NA,0.049954427
BP,GO:1901343,negative regulation of vasculature development,NA,NA,NA,0.012018361,NA,NA
BP,GO:0010927,cellular component assembly involved in morphogenesis,NA,NA,NA,0.01204966,0.049262846,NA
BP,GO:0032989,cellular anatomical entity morphogenesis,NA,NA,NA,0.01204966,0.049262846,NA
MF,GO:0016769,"transferase activity, transferring nitrogenous groups",NA,NA,NA,0.012240604,NA,NA
BP,GO:0002262,myeloid cell homeostasis,NA,NA,NA,0.012264686,NA,0.005081657
MF,GO:0016799,"hydrolase activity, hydrolyzing N-glycosyl compounds",NA,NA,NA,0.012370649,NA,NA
BP,GO:0000956,nuclear-transcribed mRNA catabolic process,NA,NA,NA,0.012575478,NA,NA
BP,GO:0050878,regulation of body fluid levels,NA,NA,NA,0.012575478,0.009332984,NA
CC,GO:0072686,mitotic spindle,NA,NA,NA,0.01269561,0.045524316,NA
BP,GO:0006415,translational termination,NA,NA,NA,0.012834028,NA,NA
BP,GO:0043248,proteasome assembly,NA,NA,NA,0.012834028,0.011869666,NA
BP,GO:1900107,regulation of nodal signaling pathway,NA,NA,NA,0.012834028,NA,NA
BP,GO:1901797,negative regulation of signal transduction by p53 class mediator,NA,NA,NA,0.012834028,NA,NA
BP,GO:1902253,regulation of intrinsic apoptotic signaling pathway by p53 class mediator,NA,NA,NA,0.012834028,NA,NA
CC,GO:0005736,RNA polymerase I complex,NA,NA,NA,0.012925859,0.012349372,NA
CC,GO:0030663,COPI-coated vesicle membrane,NA,NA,NA,0.012925859,NA,NA
BP,GO:0006639,acylglycerol metabolic process,NA,NA,NA,0.01298603,0.001562747,NA
BP,GO:0048565,digestive tract development,NA,NA,NA,0.012994323,0.020179663,NA
MF,GO:0000774,adenyl-nucleotide exchange factor activity,NA,NA,NA,0.013167894,NA,NA
MF,GO:0015250,water channel activity,NA,NA,NA,0.013167894,0.011962323,NA
BP,GO:0009451,RNA modification,NA,NA,NA,0.013192453,NA,NA
MF,GO:0015078,proton transmembrane transporter activity,NA,NA,NA,0.013339621,NA,NA
BP,GO:0061008,hepaticobiliary system development,NA,NA,NA,0.013658344,0.003039952,NA
BP,GO:0016053,organic acid biosynthetic process,NA,NA,NA,0.013703524,NA,NA
BP,GO:0009953,dorsal/ventral pattern formation,NA,NA,NA,0.01374557,0.018144283,NA
MF,GO:0005548,phospholipid transporter activity,NA,NA,NA,0.014012125,0.027800692,NA
BP,GO:0009191,ribonucleoside diphosphate catabolic process,NA,NA,NA,0.014123289,NA,NA
BP,GO:0016052,carbohydrate catabolic process,NA,NA,NA,0.014458636,NA,NA
MF,GO:0033293,monocarboxylic acid binding,NA,NA,NA,0.014870561,0.004600487,NA
BP,GO:0009226,nucleotide-sugar biosynthetic process,NA,NA,NA,0.014903398,NA,NA
BP,GO:0032925,regulation of activin receptor signaling pathway,NA,NA,NA,0.014903398,NA,NA
CC,GO:0005685,U1 snRNP,NA,NA,NA,0.015020782,0.00637769,NA
BP,GO:0006289,nucleotide-excision repair,NA,NA,NA,0.015052032,NA,NA
BP,GO:0034599,cellular response to oxidative stress,NA,NA,NA,0.015052032,NA,NA
BP,GO:0001889,liver development,NA,NA,NA,0.015096579,0.002233522,NA
CC,GO:0000228,nuclear chromosome,NA,NA,NA,0.015193662,NA,NA
BP,GO:0002040,sprouting angiogenesis,NA,NA,NA,0.015210919,NA,NA
BP,GO:0006544,glycine metabolic process,NA,NA,NA,0.015648378,NA,NA
BP,GO:0006620,post-translational protein targeting to endoplasmic reticulum membrane,NA,NA,NA,0.015648378,NA,NA
BP,GO:0019755,one-carbon compound transport,NA,NA,NA,0.015648378,NA,NA
BP,GO:0042776,proton motive force-driven mitochondrial ATP synthesis,NA,NA,NA,0.015648378,NA,NA
BP,GO:0043144,sno(s)RNA processing,NA,NA,NA,0.015648378,NA,NA
BP,GO:0050819,negative regulation of coagulation,NA,NA,NA,0.015648378,NA,NA
BP,GO:0060971,embryonic heart tube left/right pattern formation,NA,NA,NA,0.015648378,NA,NA
BP,GO:0072178,nephric duct morphogenesis,NA,NA,NA,0.015648378,NA,NA
BP,GO:0051084,'de novo' post-translational protein folding,NA,NA,NA,0.015653027,0.004087739,0.009181571
BP,GO:2000116,regulation of cysteine-type endopeptidase activity,NA,NA,NA,0.015653027,NA,NA
CC,GO:0005667,transcription regulator complex,NA,NA,NA,0.015670649,NA,0.007134369
BP,GO:1902221,erythrose 4-phosphate/phosphoenolpyruvate family amino acid metabolic process,NA,NA,NA,0.015809755,NA,NA
CC,GO:0030686,90S preribosome,NA,NA,NA,0.015945451,0.003319927,NA
BP,GO:0006779,porphyrin-containing compound biosynthetic process,NA,NA,NA,0.01596671,NA,NA
BP,GO:0006891,intra-Golgi vesicle-mediated transport,NA,NA,NA,0.01596671,NA,NA
BP,GO:0033014,tetrapyrrole biosynthetic process,NA,NA,NA,0.01596671,NA,NA
BP,GO:0045185,maintenance of protein location,NA,NA,NA,0.01596671,NA,NA
BP,GO:0045746,negative regulation of Notch signaling pathway,NA,NA,NA,0.01596671,NA,NA
MF,GO:0004300,enoyl-CoA hydratase activity,NA,NA,NA,0.016000399,3.84752e-4,NA
MF,GO:0016842,amidine-lyase activity,NA,NA,NA,0.016000399,NA,NA
MF,GO:0004527,exonuclease activity,NA,NA,NA,0.016065318,NA,NA
MF,GO:0061135,endopeptidase regulator activity,NA,NA,NA,0.016181083,NA,NA
MF,GO:0008483,transaminase activity,NA,NA,NA,0.016219191,NA,NA
MF,GO:0019213,deacetylase activity,NA,NA,NA,0.016219191,0.004138806,NA
MF,GO:0008134,transcription factor binding,NA,NA,NA,0.016281639,NA,NA
MF,GO:0033558,protein lysine deacetylase activity,NA,NA,NA,0.016302647,0.003169297,NA
BP,GO:0048821,erythrocyte development,NA,NA,NA,0.016992524,NA,9.85833e-4
BP,GO:0170034,L-amino acid biosynthetic process,NA,NA,NA,0.016992524,NA,NA
BP,GO:0170038,proteinogenic amino acid biosynthetic process,NA,NA,NA,0.016992524,NA,NA
MF,GO:0016860,intramolecular oxidoreductase activity,NA,NA,NA,0.017246278,NA,NA
MF,GO:0120013,lipid transfer activity,NA,NA,NA,0.017246278,0.031326372,NA
MF,GO:0030170,pyridoxal phosphate binding,NA,NA,NA,0.017781453,NA,0.007816915
MF,GO:0070279,vitamin B6 binding,NA,NA,NA,0.017781453,NA,0.007816915
MF,GO:0090079,"translation regulator activity, nucleic acid binding",NA,NA,NA,0.018009265,NA,NA
BP,GO:0052547,regulation of peptidase activity,NA,NA,NA,0.018225612,NA,0.007213073
BP,GO:0097193,intrinsic apoptotic signaling pathway,NA,NA,NA,0.018367368,NA,NA
BP,GO:1901607,alpha-amino acid biosynthetic process,NA,NA,NA,0.018468533,NA,NA
MF,GO:0005507,copper ion binding,NA,NA,NA,0.018490055,NA,NA
BP,GO:0006405,RNA export from nucleus,NA,NA,NA,0.018540531,NA,NA
CC,GO:0090575,RNA polymerase II transcription regulator complex,NA,NA,NA,0.018741917,NA,NA
BP,GO:0006890,"retrograde vesicle-mediated transport, Golgi to endoplasmic reticulum",NA,NA,NA,0.018968879,NA,NA
BP,GO:0000963,mitochondrial RNA processing,NA,NA,NA,0.019330342,NA,NA
BP,GO:0006271,DNA strand elongation involved in DNA replication,NA,NA,NA,0.019330342,0.015672577,NA
BP,GO:0006298,mismatch repair,NA,NA,NA,0.019330342,NA,NA
BP,GO:0042771,intrinsic apoptotic signaling pathway in response to DNA damage by p53 class mediator,NA,NA,NA,0.019330342,NA,NA
MF,GO:0004518,nuclease activity,NA,NA,NA,0.019716644,NA,NA
MF,GO:0061134,peptidase regulator activity,NA,NA,NA,0.019716644,NA,NA
BP,GO:0006417,regulation of translation,NA,NA,NA,0.020137599,0.016473903,NA
BP,GO:0035051,cardiocyte differentiation,NA,NA,NA,0.020381447,NA,NA
BP,GO:0034101,erythrocyte homeostasis,NA,NA,NA,0.020669423,NA,0.003376242
BP,GO:0055001,muscle cell development,NA,NA,NA,0.02069922,NA,NA
MF,GO:0005504,fatty acid binding,NA,NA,NA,0.020750654,0.005063271,NA
BP,GO:0006006,glucose metabolic process,NA,NA,NA,0.020866218,NA,NA
BP,GO:0000470,maturation of LSU-rRNA,NA,NA,NA,0.020878639,0.009718148,NA
BP,GO:2000045,regulation of G1/S transition of mitotic cell cycle,NA,NA,NA,0.020878639,0.037457463,NA
BP,GO:0002042,cell migration involved in sprouting angiogenesis,NA,NA,NA,0.020934399,NA,NA
BP,GO:0042541,hemoglobin biosynthetic process,NA,NA,NA,0.020934399,NA,0.029362892
CC,GO:0005686,U2 snRNP,NA,NA,NA,0.021094294,0.008301566,NA
BP,GO:0006633,fatty acid biosynthetic process,NA,NA,NA,0.021818157,0.032880509,NA
BP,GO:0007599,hemostasis,NA,NA,NA,0.021818157,0.013472692,NA
BP,GO:0045727,positive regulation of translation,NA,NA,NA,0.021870877,NA,NA
BP,GO:0071897,DNA biosynthetic process,NA,NA,NA,0.021870877,0.00635368,NA
BP,GO:0031329,regulation of cellular catabolic process,NA,NA,NA,0.022663593,NA,NA
BP,GO:0015931,nucleobase-containing compound transport,NA,NA,NA,0.022878644,NA,NA
CC,GO:0098687,chromosomal region,NA,NA,NA,0.023260928,NA,NA
BP,GO:1990542,mitochondrial transmembrane transport,NA,NA,NA,0.023303828,NA,NA
BP,GO:0033013,tetrapyrrole metabolic process,NA,NA,NA,0.023591502,NA,NA
BP,GO:0046148,pigment biosynthetic process,NA,NA,NA,0.023591502,NA,NA
MF,GO:0008757,S-adenosylmethionine-dependent methyltransferase activity,NA,NA,NA,0.023601049,0.042785563,NA
BP,GO:0015849,organic acid transport,NA,NA,NA,0.023607145,4.52968e-4,NA
MF,GO:0051082,unfolded protein binding,NA,NA,NA,0.023837085,NA,NA
BP,GO:0007266,Rho protein signal transduction,NA,NA,NA,0.02432272,0.014704885,NA
BP,GO:0009124,nucleoside monophosphate biosynthetic process,NA,NA,NA,0.02437102,NA,NA
BP,GO:0006740,NADPH regeneration,NA,NA,NA,0.024793673,NA,NA
BP,GO:0019320,hexose catabolic process,NA,NA,NA,0.024793673,NA,NA
BP,GO:0033962,P-body assembly,NA,NA,NA,0.024793673,NA,NA
BP,GO:0046349,amino sugar biosynthetic process,NA,NA,NA,0.024793673,NA,NA
MF,GO:0140097,"catalytic activity, acting on DNA",NA,NA,NA,0.024941133,NA,NA
CC,GO:0031011,Ino80 complex,NA,NA,NA,0.024941326,NA,NA
BP,GO:2001242,regulation of intrinsic apoptotic signaling pathway,NA,NA,NA,0.025268544,NA,NA
MF,GO:0002039,p53 binding,NA,NA,NA,0.025330995,0.041405505,NA
MF,GO:0004017,adenylate kinase activity,NA,NA,NA,0.025330995,NA,NA
MF,GO:0008307,structural constituent of muscle,NA,NA,NA,0.025330995,NA,NA
MF,GO:0008330,protein tyrosine/threonine phosphatase activity,NA,NA,NA,0.025330995,NA,5.45093e-4
MF,GO:0033550,MAP kinase tyrosine phosphatase activity,NA,NA,NA,0.025330995,NA,5.45093e-4
BP,GO:0030111,regulation of Wnt signaling pathway,NA,NA,NA,0.025384315,NA,NA
BP,GO:0051248,negative regulation of protein metabolic process,NA,NA,NA,0.025384315,NA,NA
BP,GO:0030218,erythrocyte differentiation,NA,NA,NA,0.025412728,NA,0.002961968
BP,GO:0000070,mitotic sister chromatid segregation,NA,NA,NA,0.025902067,NA,0.006049249
MF,GO:0045499,chemorepellent activity,NA,NA,NA,0.026137748,NA,NA
MF,GO:0016627,"oxidoreductase activity, acting on the CH-CH group of donors",NA,NA,NA,0.026743247,NA,NA
BP,GO:0032008,positive regulation of TOR signaling,NA,NA,NA,0.026789064,NA,NA
BP,GO:0045324,late endosome to vacuole transport,NA,NA,NA,0.026789064,NA,NA
BP,GO:0006414,translational elongation,NA,NA,NA,0.026849755,NA,NA
BP,GO:0008652,amino acid biosynthetic process,NA,NA,NA,0.026849755,NA,NA
BP,GO:0009267,cellular response to starvation,NA,NA,NA,0.026849755,NA,NA
BP,GO:0002244,hematopoietic progenitor cell differentiation,NA,NA,NA,0.02764347,3.35e-5,NA
BP,GO:0006614,SRP-dependent cotranslational protein targeting to membrane,NA,NA,NA,0.027747989,NA,NA
BP,GO:0035907,dorsal aorta development,NA,NA,NA,0.027747989,0.020159942,NA
BP,GO:0046653,tetrahydrofolate metabolic process,NA,NA,NA,0.027747989,NA,NA
BP,GO:0070373,negative regulation of ERK1 and ERK2 cascade,NA,NA,NA,0.027747989,NA,NA
BP,GO:0032984,protein-containing complex disassembly,NA,NA,NA,0.027831754,0.041883095,NA
BP,GO:0031669,cellular response to nutrient levels,NA,NA,NA,0.027921705,NA,NA
BP,GO:0043525,positive regulation of neuron apoptotic process,NA,NA,NA,0.02796363,NA,NA
BP,GO:1901796,regulation of signal transduction by p53 class mediator,NA,NA,NA,0.02796363,NA,NA
BP,GO:1904263,positive regulation of TORC1 signaling,NA,NA,NA,0.02796363,NA,NA
MF,GO:0005372,water transmembrane transporter activity,NA,NA,NA,0.028423031,0.020312023,NA
BP,GO:0032511,late endosome to vacuole transport via multivesicular body sorting pathway,NA,NA,NA,0.028470177,NA,NA
BP,GO:1905952,regulation of lipid localization,NA,NA,NA,0.028470177,NA,NA
BP,GO:0097190,apoptotic signaling pathway,NA,NA,NA,0.02872269,NA,NA
BP,GO:0050817,coagulation,NA,NA,NA,0.028806381,0.016405943,NA
BP,GO:0006406,mRNA export from nucleus,NA,NA,NA,0.028982836,NA,NA
BP,GO:1903034,regulation of response to wounding,NA,NA,NA,0.028982836,0.013999861,NA
MF,GO:0004529,DNA exonuclease activity,NA,NA,NA,0.029236365,NA,NA
MF,GO:0016895,"DNA exonuclease activity, producing 5'-phosphomonoesters",NA,NA,NA,0.029236365,NA,NA
MF,GO:0120014,phospholipid transfer activity,NA,NA,NA,0.029236365,NA,NA
MF,GO:0140104,molecular carrier activity,NA,NA,NA,0.029286795,0.025514122,NA
BP,GO:0055123,digestive system development,NA,NA,NA,0.029424956,0.039977776,NA
BP,GO:0051276,chromosome organization,NA,NA,NA,0.029547185,NA,NA
BP,GO:0055002,striated muscle cell development,NA,NA,NA,0.029788752,NA,NA
BP,GO:0000380,"alternative mRNA splicing, via spliceosome",NA,NA,NA,0.029798578,NA,NA
BP,GO:0009134,nucleoside diphosphate catabolic process,NA,NA,NA,0.029798578,NA,NA
MF,GO:0008094,"ATP-dependent activity, acting on DNA",NA,NA,NA,0.029834654,NA,NA
MF,GO:0060590,ATPase regulator activity,NA,NA,NA,0.030024843,NA,NA
MF,GO:0072341,modified amino acid binding,NA,NA,NA,0.030024843,NA,NA
BP,GO:0045595,regulation of cell differentiation,NA,NA,NA,0.03007796,0.04903636,0.006114715
BP,GO:0009628,response to abiotic stimulus,NA,NA,NA,0.030187588,NA,6.88e-5
BP,GO:0080134,regulation of response to stress,NA,NA,NA,0.030309216,NA,NA
MF,GO:0004536,DNA nuclease activity,NA,NA,NA,0.03034179,NA,NA
BP,GO:0046942,carboxylic acid transport,NA,NA,NA,0.030822616,8.73284e-4,NA
BP,GO:0006511,ubiquitin-dependent protein catabolic process,NA,NA,NA,0.030879842,NA,NA
BP,GO:0008277,regulation of G protein-coupled receptor signaling pathway,NA,NA,NA,0.031313907,NA,NA
BP,GO:0006879,intracellular iron ion homeostasis,NA,NA,NA,0.031401908,NA,NA
BP,GO:0030490,maturation of SSU-rRNA,NA,NA,NA,0.03208165,0.008671255,NA
BP,GO:0015711,organic anion transport,NA,NA,NA,0.032283885,5.94579e-4,NA
BP,GO:0000122,negative regulation of transcription by RNA polymerase II,NA,NA,NA,0.032617448,0.008365535,NA
CC,GO:0015629,actin cytoskeleton,NA,NA,NA,0.032889501,NA,0.010223614
BP,GO:0006260,DNA replication,NA,NA,NA,0.033576386,NA,NA
BP,GO:0002183,cytoplasmic translational initiation,NA,NA,NA,0.033785713,NA,NA
BP,GO:0042558,pteridine-containing compound metabolic process,NA,NA,NA,0.033785713,NA,NA
BP,GO:0051085,chaperone cofactor-dependent protein refolding,NA,NA,NA,0.033785713,0.003306155,0.008322836
BP,GO:1902806,regulation of cell cycle G1/S phase transition,NA,NA,NA,0.033785713,0.049664036,NA
BP,GO:1905330,regulation of morphogenesis of an epithelium,NA,NA,NA,0.033785713,NA,NA
BP,GO:0008285,negative regulation of cell population proliferation,NA,NA,NA,0.034372565,NA,NA
MF,GO:0052689,carboxylic ester hydrolase activity,NA,NA,NA,0.03441396,0.006090973,NA
BP,GO:0090288,negative regulation of cellular response to growth factor stimulus,NA,NA,NA,0.034526899,0.029188569,NA
MF,GO:0004857,enzyme inhibitor activity,NA,NA,NA,0.035416601,NA,0.024812052
BP,GO:0045214,sarcomere organization,NA,NA,NA,0.035696415,0.007010526,NA
BP,GO:0050821,protein stabilization,NA,NA,NA,0.035966842,0.027289867,NA
MF,GO:0140678,molecular function inhibitor activity,NA,NA,NA,0.036152547,NA,0.019382956
MF,GO:0140662,ATP-dependent protein folding chaperone,NA,NA,NA,0.036436269,NA,0.002443478
BP,GO:0007596,blood coagulation,NA,NA,NA,0.036626756,0.012164092,NA
BP,GO:0000054,ribosomal subunit export from nucleus,NA,NA,NA,0.036764292,NA,NA
BP,GO:0016074,sno(s)RNA metabolic process,NA,NA,NA,0.036764292,NA,NA
BP,GO:0033750,ribosome localization,NA,NA,NA,0.036764292,NA,NA
BP,GO:0045444,fat cell differentiation,NA,NA,NA,0.036764292,NA,NA
BP,GO:0046365,monosaccharide catabolic process,NA,NA,NA,0.036764292,NA,NA
BP,GO:0070527,platelet aggregation,NA,NA,NA,0.036764292,NA,NA
CC,GO:0000177,cytoplasmic exosome (RNase complex),NA,NA,NA,0.036974982000000003,NA,NA
CC,GO:0030894,replisome,NA,NA,NA,0.036974982000000003,NA,NA
CC,GO:0043601,nuclear replisome,NA,NA,NA,0.036974982000000003,NA,NA
CC,GO:0044665,MLL1/2 complex,NA,NA,NA,0.036974982000000003,NA,NA
CC,GO:0071339,MLL1 complex,NA,NA,NA,0.036974982000000003,NA,NA
MF,GO:0015035,protein-disulfide reductase activity,NA,NA,NA,0.036995167,NA,NA
BP,GO:0009799,specification of symmetry,NA,NA,NA,0.037152079,0.013411943,NA
BP,GO:0009855,determination of bilateral symmetry,NA,NA,NA,0.037152079,0.013411943,NA
CC,GO:1990351,transporter complex,NA,NA,NA,0.037484711,NA,NA
BP,GO:0060828,regulation of canonical Wnt signaling pathway,NA,NA,NA,0.037528781,NA,NA
MF,GO:0008296,3'-5'-DNA exonuclease activity,NA,NA,NA,0.03753119,NA,NA
MF,GO:0070530,K63-linked polyubiquitin modification-dependent protein binding,NA,NA,NA,0.03753119,NA,NA
MF,GO:0097153,cysteine-type endopeptidase activity involved in apoptotic process,NA,NA,NA,0.03753119,NA,NA
BP,GO:0032507,maintenance of protein location in cell,NA,NA,NA,0.037644647,NA,NA
BP,GO:0009166,nucleotide catabolic process,NA,NA,NA,0.037896056,NA,NA
BP,GO:0015718,monocarboxylic acid transport,NA,NA,NA,0.037896056,1.86274e-4,NA
CC,GO:0005732,sno(s)RNA-containing ribonucleoprotein complex,NA,NA,NA,0.037914527,0.013281325,NA
CC,GO:0045277,respiratory chain complex IV,NA,NA,NA,0.037914527,NA,NA
BP,GO:0006613,cotranslational protein targeting to membrane,NA,NA,NA,0.038265559,NA,NA
BP,GO:0030330,"DNA damage response, signal transduction by p53 class mediator",NA,NA,NA,0.038265559,NA,NA
BP,GO:0009156,ribonucleoside monophosphate biosynthetic process,NA,NA,NA,0.038297445,NA,NA
BP,GO:0048545,response to steroid hormone,NA,NA,NA,0.038426293,NA,0.009927576
BP,GO:0032922,circadian regulation of gene expression,NA,NA,NA,0.038510549,4.45638e-4,NA
CC,GO:0000178,exosome (RNase complex),NA,NA,NA,0.038512725,NA,NA
MF,GO:0004407,histone deacetylase activity,NA,NA,NA,0.03862608,0.002411371,NA
MF,GO:0030515,snoRNA binding,NA,NA,NA,0.03862608,3.67451e-4,NA
MF,GO:0070003,threonine-type peptidase activity,NA,NA,NA,0.03862608,NA,NA
BP,GO:0061371,determination of heart left/right asymmetry,NA,NA,NA,0.039084669,0.002690669,NA
CC,GO:0016607,nuclear speck,NA,NA,NA,0.039105522,NA,NA
MF,GO:0004806,triacylglycerol lipase activity,NA,NA,NA,0.039164808,0.02554839,NA
MF,GO:0004869,cysteine-type endopeptidase inhibitor activity,NA,NA,NA,0.039164808,NA,NA
MF,GO:0045125,bioactive lipid receptor activity,NA,NA,NA,0.039164808,NA,NA
BP,GO:0006401,RNA catabolic process,NA,NA,NA,0.039240523,NA,NA
BP,GO:0060562,epithelial tube morphogenesis,NA,NA,NA,0.039346668,NA,NA
MF,GO:0003746,translation elongation factor activity,NA,NA,NA,0.039699013,NA,NA
MF,GO:0015036,disulfide oxidoreductase activity,NA,NA,NA,0.039768205,NA,NA
BP,GO:0090263,positive regulation of canonical Wnt signaling pathway,NA,NA,NA,0.040796058,NA,NA
BP,GO:0009895,negative regulation of catabolic process,NA,NA,NA,0.042258821,NA,NA
BP,GO:0008630,intrinsic apoptotic signaling pathway in response to DNA damage,NA,NA,NA,0.042300736,NA,NA
BP,GO:0031647,regulation of protein stability,NA,NA,NA,0.042791609,NA,NA
BP,GO:0010506,regulation of autophagy,NA,NA,NA,0.043099353,NA,NA
MF,GO:0030414,peptidase inhibitor activity,NA,NA,NA,0.043267602,NA,NA
BP,GO:0030902,hindbrain development,NA,NA,NA,0.043830943,NA,NA
BP,GO:0170036,import into the mitochondrion,NA,NA,NA,0.045312955,NA,NA
CC,GO:0032040,small-subunit processome,NA,NA,NA,0.045758819,NA,0.025821774
BP,GO:1901136,carbohydrate derivative catabolic process,NA,NA,NA,0.046230838,NA,NA
BP,GO:0030177,positive regulation of Wnt signaling pathway,NA,NA,NA,0.04649976,NA,NA
BP,GO:0009066,aspartate family amino acid metabolic process,NA,NA,NA,0.046652912,NA,NA
BP,GO:0006195,purine nucleotide catabolic process,NA,NA,NA,0.047165214,NA,NA
BP,GO:0032006,regulation of TOR signaling,NA,NA,NA,0.047165214,NA,NA
BP,GO:0141188,nucleic acid catabolic process,NA,NA,NA,0.047372802,NA,NA
BP,GO:0007368,determination of left/right symmetry,NA,NA,NA,0.047849519,0.010480816,NA
BP,GO:0031101,fin regeneration,NA,NA,NA,0.04799178,NA,4.7264e-4
BP,GO:0045765,regulation of angiogenesis,NA,NA,NA,0.04800514,NA,NA
BP,GO:0060218,hematopoietic stem cell differentiation,NA,NA,NA,0.04800514,0.01026024,NA
MF,GO:0030215,semaphorin receptor binding,NA,NA,NA,0.048136406,NA,NA
MF,GO:0031593,polyubiquitin modification-dependent protein binding,NA,NA,NA,0.048136406,NA,NA
BP,GO:0010507,negative regulation of autophagy,NA,NA,NA,0.048562093,NA,NA
BP,GO:0010965,regulation of mitotic sister chromatid separation,NA,NA,NA,0.048562093,NA,0.03913638
BP,GO:0021695,cerebellar cortex development,NA,NA,NA,0.048562093,NA,NA
BP,GO:0038092,nodal signaling pathway,NA,NA,NA,0.048562093,NA,NA
MF,GO:0016667,"oxidoreductase activity, acting on a sulfur group of donors",NA,NA,NA,0.049457059,NA,NA
MF,GO:0031072,heat shock protein binding,NA,NA,NA,0.049457059,0.022106599,0.037649852
MF,GO:0170055,lipid transmembrane transporter activity,NA,NA,NA,NA,0.00110128,NA
BP,GO:0015850,organic hydroxy compound transport,NA,NA,NA,NA,0.001484326,NA
MF,GO:0008028,monocarboxylic acid transmembrane transporter activity,NA,NA,NA,NA,0.001583314,NA
CC,GO:0005665,"RNA polymerase II, core complex",NA,NA,NA,NA,0.001700636,NA
CC,GO:0032994,protein-lipid complex,NA,NA,NA,NA,0.001885923,NA
CC,GO:0034358,plasma lipoprotein particle,NA,NA,NA,NA,0.001885923,NA
CC,GO:1990777,lipoprotein particle,NA,NA,NA,NA,0.001885923,NA
CC,GO:0055029,nuclear DNA-directed RNA polymerase complex,NA,NA,NA,NA,0.002026262,NA
BP,GO:0060350,endochondral bone morphogenesis,NA,NA,NA,NA,0.002384029,NA
MF,GO:0016836,hydro-lyase activity,NA,NA,NA,NA,0.002893389,NA
CC,GO:0000428,DNA-directed RNA polymerase complex,NA,NA,NA,NA,0.003237924,NA
BP,GO:0032474,otolith morphogenesis,NA,NA,NA,NA,0.003306155,NA
CC,GO:0030880,RNA polymerase complex,NA,NA,NA,NA,0.003618944,NA
BP,GO:0021522,spinal cord motor neuron differentiation,NA,NA,NA,NA,0.003795772,NA
BP,GO:0055088,lipid homeostasis,NA,NA,NA,NA,0.004466538,NA
BP,GO:0060037,pharyngeal system development,NA,NA,NA,NA,0.004538601,NA
BP,GO:0001570,vasculogenesis,NA,NA,NA,NA,0.00486079,NA
BP,GO:0000460,maturation of 5.8S rRNA,NA,NA,NA,NA,0.005001502,NA
BP,GO:0006869,lipid transport,NA,NA,NA,NA,0.005085152,NA
BP,GO:0048709,oligodendrocyte differentiation,NA,NA,NA,NA,0.005509529,NA
MF,GO:0004029,aldehyde dehydrogenase (NAD+) activity,NA,NA,NA,NA,0.006132824,NA
MF,GO:0004030,aldehyde dehydrogenase [NAD(P)+] activity,NA,NA,NA,NA,0.006132824,NA
BP,GO:0015721,bile acid and bile salt transport,NA,NA,NA,NA,0.006162034,NA
BP,GO:0045880,positive regulation of smoothened signaling pathway,NA,NA,NA,NA,0.006162034,NA
BP,GO:0048665,neuron fate specification,NA,NA,NA,NA,0.007278268,NA
BP,GO:0046461,neutral lipid catabolic process,NA,NA,NA,NA,0.007912767,NA
BP,GO:0046464,acylglycerol catabolic process,NA,NA,NA,NA,0.007912767,NA
BP,GO:0009437,carnitine metabolic process,NA,NA,NA,NA,0.008714435,NA
BP,GO:0021520,spinal cord motor neuron cell fate specification,NA,NA,NA,NA,0.008714435,NA
BP,GO:0051057,positive regulation of small GTPase mediated signal transduction,NA,NA,NA,NA,0.008714435,NA
BP,GO:0035469,determination of pancreatic left/right asymmetry,NA,NA,NA,NA,0.010103913,NA
BP,GO:0044786,cell cycle DNA replication,NA,NA,NA,NA,0.010103913,NA
BP,GO:0003143,embryonic heart tube morphogenesis,NA,NA,NA,NA,0.011251541,NA
BP,GO:0048884,neuromast development,NA,NA,NA,NA,0.011257687,NA
BP,GO:0048702,embryonic neurocranium morphogenesis,NA,NA,NA,NA,0.011739373,NA
MF,GO:0016620,"oxidoreductase activity, acting on the aldehyde or oxo group of donors, NAD or NADP as acceptor",NA,NA,NA,NA,0.011862478,NA
BP,GO:0060351,cartilage development involved in endochondral bone morphogenesis,NA,NA,NA,NA,0.011869666,NA
BP,GO:0098869,cellular oxidant detoxification,NA,NA,NA,NA,0.011869666,NA
BP,GO:0014003,oligodendrocyte development,NA,NA,NA,NA,0.012015732,NA
BP,GO:0001714,endodermal cell fate specification,NA,NA,NA,NA,0.012677208,NA
BP,GO:1903224,regulation of endodermal cell differentiation,NA,NA,NA,NA,0.012677208,NA
BP,GO:0007219,Notch signaling pathway,NA,NA,NA,NA,0.0127384,NA
BP,GO:0010876,lipid localization,NA,NA,NA,NA,0.012878882,NA
BP,GO:0009611,response to wounding,NA,NA,NA,NA,0.013238253,NA
BP,GO:0007492,endoderm development,NA,NA,NA,NA,0.013472692,NA
MF,GO:0016835,carbon-oxygen lyase activity,NA,NA,NA,NA,0.013681738,NA
BP,GO:0015908,fatty acid transport,NA,NA,NA,NA,0.013765157,NA
BP,GO:0001501,skeletal system development,NA,NA,NA,NA,0.014668224,NA
BP,GO:0048562,embryonic organ morphogenesis,NA,NA,NA,NA,0.014876145,NA
BP,GO:0016073,snRNA metabolic process,NA,NA,NA,NA,0.015121523,NA
BP,GO:0001711,endodermal cell fate commitment,NA,NA,NA,NA,0.015659523,NA
BP,GO:0006278,RNA-templated DNA biosynthetic process,NA,NA,NA,NA,0.015672577,NA
BP,GO:0006577,amino-acid betaine metabolic process,NA,NA,NA,NA,0.015672577,NA
BP,GO:0007004,telomere maintenance via telomerase,NA,NA,NA,NA,0.015672577,NA
BP,GO:0043153,entrainment of circadian clock by photoperiod,NA,NA,NA,NA,0.015672577,NA
BP,GO:0097006,regulation of plasma lipoprotein particle levels,NA,NA,NA,NA,0.015672577,NA
BP,GO:0060972,left/right pattern formation,NA,NA,NA,NA,0.015683295,NA
CC,GO:0034362,low-density lipoprotein particle,NA,NA,NA,NA,0.016294883,NA
CC,GO:0034364,high-density lipoprotein particle,NA,NA,NA,NA,0.016294883,NA
BP,GO:0046503,glycerolipid catabolic process,NA,NA,NA,NA,0.016635411,NA
BP,GO:0048511,rhythmic process,NA,NA,NA,NA,0.017213034,0.038174818
BP,GO:0003146,heart jogging,NA,NA,NA,NA,0.018650574,NA
BP,GO:0009648,photoperiodism,NA,NA,NA,NA,0.019075192,0.042631995
MF,GO:0005112,Notch binding,NA,NA,NA,NA,0.019244856,NA
BP,GO:0042246,tissue regeneration,NA,NA,NA,NA,0.019295927,5.97469e-4
CC,GO:0031430,M band,NA,NA,NA,NA,0.019956279,NA
CC,GO:0070461,SAGA-type complex,NA,NA,NA,NA,0.019956279,NA
BP,GO:0006692,prostanoid metabolic process,NA,NA,NA,NA,0.020159942,NA
BP,GO:0006693,prostaglandin metabolic process,NA,NA,NA,NA,0.020159942,NA
BP,GO:0009649,entrainment of circadian clock,NA,NA,NA,NA,0.020159942,NA
BP,GO:0021603,cranial nerve formation,NA,NA,NA,NA,0.020159942,NA
MF,GO:0016298,lipase activity,NA,NA,NA,NA,0.020779975,NA
CC,GO:0034361,very-low-density lipoprotein particle,NA,NA,NA,NA,0.020946267,NA
CC,GO:0034385,triglyceride-rich plasma lipoprotein particle,NA,NA,NA,NA,0.020946267,NA
BP,GO:0061077,chaperone-mediated protein folding,NA,NA,NA,NA,0.021340519,0.002711021
BP,GO:0035050,embryonic heart tube development,NA,NA,NA,NA,0.021360192,NA
BP,GO:0048732,gland development,NA,NA,NA,NA,0.021766797,NA
BP,GO:0031016,pancreas development,NA,NA,NA,NA,0.022133561,NA
BP,GO:0035162,embryonic hemopoiesis,NA,NA,NA,NA,0.023950689,NA
BP,GO:0003352,regulation of cilium movement,NA,NA,NA,NA,0.025360374,NA
BP,GO:0070873,regulation of glycogen metabolic process,NA,NA,NA,NA,0.025360374,NA
BP,GO:0006383,transcription by RNA polymerase III,NA,NA,NA,NA,0.026357177,NA
BP,GO:0061512,protein localization to cilium,NA,NA,NA,NA,0.026357177,NA
BP,GO:0001708,cell fate specification,NA,NA,NA,NA,0.026628187,NA
CC,GO:0062023,collagen-containing extracellular matrix,NA,NA,NA,NA,0.026768275,NA
BP,GO:0021602,cranial nerve morphogenesis,NA,NA,NA,NA,0.027289867,NA
BP,GO:0001947,heart looping,NA,NA,NA,NA,0.02821303,NA
MF,GO:0031490,chromatin DNA binding,NA,NA,NA,NA,0.029557145,NA
BP,GO:0060536,cartilage morphogenesis,NA,NA,NA,NA,0.030288132,NA
BP,GO:0048663,neuron fate commitment,NA,NA,NA,NA,0.030437792,NA
MF,GO:0016811,"hydrolase activity, acting on carbon-nitrogen (but not peptide) bonds, in linear amides",NA,NA,NA,NA,0.03055217,NA
BP,GO:0000463,"maturation of LSU-rRNA from tricistronic rRNA transcript (SSU-rRNA, 5.8S rRNA, LSU-rRNA)",NA,NA,NA,NA,0.031294438,NA
BP,GO:0006833,water transport,NA,NA,NA,NA,0.031294438,NA
BP,GO:0032881,regulation of polysaccharide metabolic process,NA,NA,NA,NA,0.031294438,NA
BP,GO:0033260,nuclear DNA replication,NA,NA,NA,NA,0.031294438,NA
BP,GO:0042663,regulation of endodermal cell fate specification,NA,NA,NA,NA,0.031294438,NA
BP,GO:0051289,protein homotetramerization,NA,NA,NA,NA,0.031294438,NA
MF,GO:0050308,sugar-phosphatase activity,NA,NA,NA,NA,0.03152241,NA
BP,GO:0001709,cell fate determination,NA,NA,NA,NA,0.031620913,NA
BP,GO:0060420,regulation of heart growth,NA,NA,NA,NA,0.031620913,NA
MF,GO:0015166,polyol transmembrane transporter activity,NA,NA,NA,NA,0.031807215,NA
MF,GO:0016530,metallochaperone activity,NA,NA,NA,NA,0.031807215,NA
BP,GO:0006695,cholesterol biosynthetic process,NA,NA,NA,NA,0.032122979,4.91594e-4
BP,GO:1902653,secondary alcohol biosynthetic process,NA,NA,NA,NA,0.032122979,4.91594e-4
MF,GO:0003899,DNA-directed 5'-3' RNA polymerase activity,NA,NA,NA,NA,0.032395873,NA
MF,GO:0034062,5'-3' RNA polymerase activity,NA,NA,NA,NA,0.032395873,NA
MF,GO:0097747,RNA polymerase activity,NA,NA,NA,NA,0.032395873,NA
MF,GO:0001217,DNA-binding transcription repressor activity,NA,NA,NA,NA,0.032505415,NA
MF,GO:0008201,heparin binding,NA,NA,NA,NA,0.033317814,NA
BP,GO:0060349,bone morphogenesis,NA,NA,NA,NA,0.034772966,NA
BP,GO:0000462,"maturation of SSU-rRNA from tricistronic rRNA transcript (SSU-rRNA, 5.8S rRNA, LSU-rRNA)",NA,NA,NA,NA,0.037457463,NA
BP,GO:0030212,hyaluronan metabolic process,NA,NA,NA,NA,0.037974915,NA
BP,GO:0035904,aorta development,NA,NA,NA,NA,0.037974915,NA
BP,GO:0060632,regulation of microtubule-based movement,NA,NA,NA,NA,0.037974915,NA
BP,GO:0150076,neuroinflammatory response,NA,NA,NA,NA,0.037974915,NA
MF,GO:0019203,carbohydrate phosphatase activity,NA,NA,NA,NA,0.038246688,NA
BP,GO:0048840,otolith development,NA,NA,NA,NA,0.038528935,NA
BP,GO:0060215,primitive hemopoiesis,NA,NA,NA,NA,0.038528935,NA
CC,GO:0061695,"transferase complex, transferring phosphorus-containing groups",NA,NA,NA,NA,0.039244474,NA
BP,GO:0000303,response to superoxide,NA,NA,NA,NA,0.041167992,NA
BP,GO:0000305,response to oxygen radical,NA,NA,NA,NA,0.041167992,NA
BP,GO:0018216,peptidyl-arginine methylation,NA,NA,NA,NA,0.041167992,NA
BP,GO:0019430,removal of superoxide radicals,NA,NA,NA,NA,0.041167992,NA
BP,GO:0032488,Cdc42 protein signal transduction,NA,NA,NA,NA,0.041167992,NA
BP,GO:0071450,cellular response to oxygen radical,NA,NA,NA,NA,0.041167992,NA
BP,GO:0071451,cellular response to superoxide,NA,NA,NA,NA,0.041167992,NA
BP,GO:0007623,circadian rhythm,NA,NA,NA,NA,0.041587486,0.037768199
BP,GO:0044242,cellular lipid catabolic process,NA,NA,NA,NA,0.041883095,NA
MF,GO:0004540,RNA nuclease activity,NA,NA,NA,NA,0.042156367,NA
MF,GO:0004519,endonuclease activity,NA,NA,NA,NA,0.042822072,NA
BP,GO:0019827,stem cell population maintenance,NA,NA,NA,NA,0.043302483,NA
BP,GO:0051205,protein insertion into membrane,NA,NA,NA,NA,0.043302483,NA
BP,GO:0060419,heart growth,NA,NA,NA,NA,0.043302483,NA
CC,GO:0031672,A band,NA,NA,NA,NA,0.04514778,NA
BP,GO:0003401,axis elongation,NA,NA,NA,NA,0.045148722,NA
BP,GO:0010833,telomere maintenance via telomere lengthening,NA,NA,NA,NA,0.045407182,NA
BP,GO:0042044,fluid transport,NA,NA,NA,NA,0.045407182,NA
BP,GO:0045292,"mRNA cis splicing, via spliceosome",NA,NA,NA,NA,0.045407182,NA
CC,GO:0016591,"RNA polymerase II, holoenzyme",NA,NA,NA,NA,0.047768314,NA
BP,GO:0035265,organ growth,NA,NA,NA,NA,0.04788799,NA
BP,GO:0043123,positive regulation of canonical NF-kappaB signal transduction,NA,NA,NA,NA,0.049445212,NA
BP,GO:0048368,lateral mesoderm development,NA,NA,NA,NA,0.049664036,NA
BP,GO:0072089,stem cell proliferation,NA,NA,NA,NA,0.049664036,NA
BP,GO:0048384,retinoic acid receptor signaling pathway,NA,NA,NA,NA,0.049741302,NA
BP,GO:0008299,isoprenoid biosynthetic process,NA,NA,NA,NA,NA,1.45e-7
BP,GO:0006720,isoprenoid metabolic process,NA,NA,NA,NA,NA,2.05e-6
BP,GO:0046165,alcohol biosynthetic process,NA,NA,NA,NA,NA,2.22e-5
BP,GO:0016114,terpenoid biosynthetic process,NA,NA,NA,NA,NA,4.43e-5
BP,GO:0021536,diencephalon development,NA,NA,NA,NA,NA,5.34e-5
MF,GO:0017017,MAP kinase tyrosine/serine/threonine phosphatase activity,NA,NA,NA,NA,NA,8.68e-5
BP,GO:1901617,organic hydroxy compound biosynthetic process,NA,NA,NA,NA,NA,2.89684e-4
MF,GO:0033549,MAP kinase phosphatase activity,NA,NA,NA,NA,NA,3.24405e-4
CC,GO:0032476,polyprenyl diphosphate synthase complex,NA,NA,NA,NA,NA,3.59718e-4
BP,GO:0006721,terpenoid metabolic process,NA,NA,NA,NA,NA,3.98458e-4
CC,GO:0005788,endoplasmic reticulum lumen,NA,NA,NA,NA,NA,5.8032e-4
BP,GO:0031099,regeneration,NA,NA,NA,NA,NA,6.21591e-4
MF,GO:0008138,protein tyrosine/serine/threonine phosphatase activity,NA,NA,NA,NA,NA,7.32569e-4
BP,GO:0008203,cholesterol metabolic process,NA,NA,NA,NA,NA,9.21031e-4
BP,GO:0006694,steroid biosynthetic process,NA,NA,NA,NA,NA,9.87584e-4
BP,GO:0006066,alcohol metabolic process,NA,NA,NA,NA,NA,0.0011016
BP,GO:0042127,regulation of cell population proliferation,NA,NA,NA,NA,NA,0.001128761
BP,GO:0061515,myeloid cell development,NA,NA,NA,NA,NA,0.001131725
BP,GO:0016125,sterol metabolic process,NA,NA,NA,NA,NA,0.001467881
BP,GO:1902652,secondary alcohol metabolic process,NA,NA,NA,NA,NA,0.001467881
BP,GO:0030223,neutrophil differentiation,NA,NA,NA,NA,NA,0.001620957
BP,GO:0016126,sterol biosynthetic process,NA,NA,NA,NA,NA,0.002011073
MF,GO:0004659,prenyltransferase activity,NA,NA,NA,NA,NA,0.002097756
BP,GO:0030901,midbrain development,NA,NA,NA,NA,NA,0.002711021
BP,GO:0030900,forebrain development,NA,NA,NA,NA,NA,0.002716978
BP,GO:0021986,habenula development,NA,NA,NA,NA,NA,0.002719116
BP,GO:1902742,apoptotic process involved in development,NA,NA,NA,NA,NA,0.002719116
BP,GO:0008283,cell population proliferation,NA,NA,NA,NA,NA,0.003328387
BP,GO:0030099,myeloid cell differentiation,NA,NA,NA,NA,NA,0.003832657
BP,GO:0021538,epithalamus development,NA,NA,NA,NA,NA,0.004180224
CC,GO:0032432,actin filament bundle,NA,NA,NA,NA,NA,0.004394041
BP,GO:0030851,granulocyte differentiation,NA,NA,NA,NA,NA,0.004955658
BP,GO:0009314,response to radiation,NA,NA,NA,NA,NA,0.005043166
BP,GO:0001878,response to yeast,NA,NA,NA,NA,NA,0.005373916
BP,GO:0042026,protein refolding,NA,NA,NA,NA,NA,0.006039687
BP,GO:1903706,regulation of hemopoiesis,NA,NA,NA,NA,NA,0.006049249
BP,GO:0002573,myeloid leukocyte differentiation,NA,NA,NA,NA,NA,0.007098786
BP,GO:2000026,regulation of multicellular organismal development,NA,NA,NA,NA,NA,0.007795447
BP,GO:0007059,chromosome segregation,NA,NA,NA,NA,NA,0.00790861
BP,GO:0009266,response to temperature stimulus,NA,NA,NA,NA,NA,0.008195771
BP,GO:1901615,organic hydroxy compound metabolic process,NA,NA,NA,NA,NA,0.008628189
CC,GO:0009295,nucleoid,NA,NA,NA,NA,NA,0.009136901
CC,GO:0042645,mitochondrial nucleoid,NA,NA,NA,NA,NA,0.009136901
BP,GO:0009620,response to fungus,NA,NA,NA,NA,NA,0.009181571
BP,GO:0000819,sister chromatid segregation,NA,NA,NA,NA,NA,0.009567247
BP,GO:0009408,response to heat,NA,NA,NA,NA,NA,0.011049214
BP,GO:0008202,steroid metabolic process,NA,NA,NA,NA,NA,0.011133704
BP,GO:0032350,regulation of hormone metabolic process,NA,NA,NA,NA,NA,0.011308422
BP,GO:0045862,positive regulation of proteolysis,NA,NA,NA,NA,NA,0.011880728
BP,GO:0000076,DNA replication checkpoint signaling,NA,NA,NA,NA,NA,0.013436649
BP,GO:0030206,chondroitin sulfate biosynthetic process,NA,NA,NA,NA,NA,0.013436649
BP,GO:0048385,regulation of retinoic acid receptor signaling pathway,NA,NA,NA,NA,NA,0.013436649
CC,GO:0031519,PcG protein complex,NA,NA,NA,NA,NA,0.014929142
BP,GO:0007398,ectoderm development,NA,NA,NA,NA,NA,0.015723701
BP,GO:0042573,retinoic acid metabolic process,NA,NA,NA,NA,NA,0.015723701
MF,GO:0001530,lipopolysaccharide binding,NA,NA,NA,NA,NA,0.016500402
BP,GO:0001523,retinoid metabolic process,NA,NA,NA,NA,NA,0.016614933
BP,GO:0060284,regulation of cell development,NA,NA,NA,NA,NA,0.016732446
BP,GO:0016101,diterpenoid metabolic process,NA,NA,NA,NA,NA,0.017884321
BP,GO:0030204,chondroitin sulfate metabolic process,NA,NA,NA,NA,NA,0.018164361
BP,GO:0045646,regulation of erythrocyte differentiation,NA,NA,NA,NA,NA,0.018164361
BP,GO:0071711,basement membrane organization,NA,NA,NA,NA,NA,0.018164361
CC,GO:0001725,stress fiber,NA,NA,NA,NA,NA,0.018628387
CC,GO:0097517,contractile actin filament bundle,NA,NA,NA,NA,NA,0.018628387
BP,GO:0000165,MAPK cascade,NA,NA,NA,NA,NA,0.019110567
BP,GO:0061035,regulation of cartilage development,NA,NA,NA,NA,NA,0.019206264
CC,GO:0000152,nuclear ubiquitin ligase complex,NA,NA,NA,NA,NA,0.019964079
MF,GO:0004713,protein tyrosine kinase activity,NA,NA,NA,NA,NA,0.020166241
CC,GO:0031941,filamentous actin,NA,NA,NA,NA,NA,0.02030424
MF,GO:0015459,potassium channel regulator activity,NA,NA,NA,NA,NA,0.020529757
BP,GO:0001655,urogenital system development,NA,NA,NA,NA,NA,0.020753532
BP,GO:0071214,cellular response to abiotic stimulus,NA,NA,NA,NA,NA,0.021076407
BP,GO:0104004,cellular response to environmental stimulus,NA,NA,NA,NA,NA,0.021076407
CC,GO:0042641,actomyosin,NA,NA,NA,NA,NA,0.021351245
BP,GO:0043408,regulation of MAPK cascade,NA,NA,NA,NA,NA,0.021729258
BP,GO:0042752,regulation of circadian rhythm,NA,NA,NA,NA,NA,0.022008196
BP,GO:0031145,anaphase-promoting complex-dependent catabolic process,NA,NA,NA,NA,NA,0.023486235
BP,GO:1903510,mucopolysaccharide metabolic process,NA,NA,NA,NA,NA,0.02348827
BP,GO:0009416,response to light stimulus,NA,NA,NA,NA,NA,0.024481739
CC,GO:0005811,lipid droplet,NA,NA,NA,NA,NA,0.025821774
BP,GO:0006766,vitamin metabolic process,NA,NA,NA,NA,NA,0.028244576
BP,GO:0098813,nuclear chromosome segregation,NA,NA,NA,NA,NA,0.031783268
CC,GO:0005680,anaphase-promoting complex,NA,NA,NA,NA,NA,0.031808124
BP,GO:0032330,regulation of chondrocyte differentiation,NA,NA,NA,NA,NA,0.032497454
BP,GO:0140014,mitotic nuclear division,NA,NA,NA,NA,NA,0.033833206
BP,GO:0051336,regulation of hydrolase activity,NA,NA,NA,NA,NA,0.034929677
BP,GO:0045637,regulation of myeloid cell differentiation,NA,NA,NA,NA,NA,0.035319281
BP,GO:0006970,response to osmotic stress,NA,NA,NA,NA,NA,0.035756759
BP,GO:0050650,chondroitin sulfate proteoglycan biosynthetic process,NA,NA,NA,NA,NA,0.035756759
BP,GO:0044092,negative regulation of molecular function,NA,NA,NA,NA,NA,0.035963522
MF,GO:0017018,myosin phosphatase activity,NA,NA,NA,NA,NA,0.036481006
MF,GO:0004715,non-membrane spanning protein tyrosine kinase activity,NA,NA,NA,NA,NA,0.037649852
CC,GO:0051233,spindle midzone,NA,NA,NA,NA,NA,0.038314717
BP,GO:0019915,lipid storage,NA,NA,NA,NA,NA,0.03913638
BP,GO:0010466,negative regulation of peptidase activity,NA,NA,NA,NA,NA,0.039182923
BP,GO:0007601,visual perception,NA,NA,NA,NA,NA,0.040591809
CC,GO:0005876,spindle microtubule,NA,NA,NA,NA,NA,0.041741549
BP,GO:0010950,positive regulation of endopeptidase activity,NA,NA,NA,NA,NA,0.042631995
BP,GO:0010952,positive regulation of peptidase activity,NA,NA,NA,NA,NA,0.042631995
BP,GO:0051306,mitotic sister chromatid separation,NA,NA,NA,NA,NA,0.042631995
BP,GO:0055008,cardiac muscle tissue morphogenesis,NA,NA,NA,NA,NA,0.042631995
BP,GO:0050953,sensory perception of light stimulus,NA,NA,NA,NA,NA,0.043628443
MF,GO:0005200,structural constituent of cytoskeleton,NA,NA,NA,NA,NA,0.043848402
BP,GO:0051346,negative regulation of hydrolase activity,NA,NA,NA,NA,NA,0.045141249
BP,GO:0002221,pattern recognition receptor signaling pathway,NA,NA,NA,NA,NA,0.045320034
BP,GO:0002758,innate immune response-activating signaling pathway,NA,NA,NA,NA,NA,0.045320034
BP,GO:0030071,regulation of mitotic metaphase/anaphase transition,NA,NA,NA,NA,NA,0.046239385
BP,GO:0050654,chondroitin sulfate proteoglycan metabolic process,NA,NA,NA,NA,NA,0.046239385
CC,GO:0005884,actin filament,NA,NA,NA,NA,NA,0.048276572
BP,GO:0007249,canonical NF-kappaB signal transduction,NA,NA,NA,NA,NA,0.04992395
BP,GO:0046425,regulation of receptor signaling pathway via JAK-STAT,NA,NA,NA,NA,NA,0.049954427
BP,GO:0062207,regulation of pattern recognition receptor signaling pathway,NA,NA,NA,NA,NA,0.049954427
BP,GO:1902099,regulation of metaphase/anaphase transition of cell cycle,NA,NA,NA,NA,NA,0.049954427
BP,GO:1904892,regulation of receptor signaling pathway via STAT,NA,NA,NA,NA,NA,0.049954427
BP,GO:1905818,regulation of chromosome separation,NA,NA,NA,NA,NA,0.049954427
