ONTOLOGY,ID,Description,GeneRatio,BgRatio,RichFactor,FoldEnrichment,zScore,pvalue,p.adjust,qvalue,geneID,Count
MF,GO:0005096,GTPase activator activity,55/1639,257/20660,0.214007782,2.697620975,8.038735353,8.70E-12,7.44E-09,6.62E-09,zgc:92360/arhgap23b/rap1gap2b/arhgap32b/si:ch211-266k8.4/rab3gap1/ranbp2/tbc1d5/tbc1d4/acap2b/ect2/arhgap39/prex2/arhgap12b/stard13b/agfg1a/arhgap44a/tbc1d1/garnl3/myo9aa/rasa2/ranbp3b/rin2a/arhgap21b/tsc2/rap1gapa/rgs7a/agfg2/si:dkey-33c9.6/ralgapa2/arhgap15/arhgap42a/smap1/llgl2/sec23a/srgap1b/si:ch211-288d18.1/syngap1b/arhgap24/rin3/zgc:162872/chn1/ophn1/arhgap10/arhgap27l/tbcd/tbc1d22b/arhgap27/tbck/racgap1/agap2/elmod1/srgap1a/dock3/dab2ipb,55
MF,GO:0008047,enzyme activator activity,71/1639,435/20660,0.163218391,2.057408148,6.542902786,4.16E-09,1.78E-06,1.58E-06,zgc:92360/arhgap23b/ppp2r5cb/rap1gap2b/arhgap32b/si:ch211-266k8.4/rab3gap1/ranbp2/tbc1d5/tbc1d4/ccnk/acap2b/ect2/arhgap39/prex2/arhgap12b/stard13b/agfg1a/arhgap44a/sh3pxd2aa/gprc5bb/parp6b/tbc1d1/garnl3/myo9aa/wdr4/rasa2/ranbp3b/si:ch211-195h23.3/rin2a/arhgap21b/tsc2/camk1b/rap1gapa/rgs7a/ccnt2a/agfg2/si:dkey-33c9.6/ralgapa2/arhgap15/arhgap42a/smap1/llgl2/sec23a/srgap1b/si:ch211-288d18.1/syngap1b/naa25/arhgap24/rin3/zgc:162872/chn1/ophn1/psme4b/arhgap10/arhgap27l/tbcd/ppp2r5d/ncf2/tbc1d22b/tiprl/arhgap27/adrm1/tbck/racgap1/agap2/elmod1/srgap1a/rictorb/dock3/dab2ipb,71
CC,GO:0099572,postsynaptic specialization,37/1691,181/21740,0.20441989,2.628083026,6.387733031,4.66E-08,2.21E-05,1.88E-05,kalrnb/camk2g1/shank2b/gphna/gphnb/ppp1r9a/dbn1/gria4b/ctnnd2a/scrib/arhgap44a/dlgap4b/gria1a/camk2b1/usp8/si:dkey-40c11.2/camk2d2/grik1a/nlgn2a/grin2aa/dtnbp1a/ctnnd2b/add3a/dlg1b/grin3ba/gria1b/gria3b/shank3b/grin2da/adgrb1a/grin2bb/camk2g2/gria2b/nlgn3a/dlg3/dbnlb/grid2,37
BP,GO:0007411,axon guidance,54/1661,322/21022,0.167701863,2.122473553,5.945200288,1.05E-07,0.000145529,0.000132223,dzip1/anos1a/kalrnb/ank3a/evlb/lama4/ppp1r12a/nrcama/efna3a/robo3/sema5ba/hif1ab/epha3/nexn/scrib/ephb2b/robo2/sema6d/apc/spast/plxna2/vegfaa/tenm4/tenm3/tncb/unc5ca/nrxn2a/plxna3/nfasca/cntn2/cntn3a.2/plod3/dscaml1/kif5c/usp33/chodl/trioa/rest/rab33a/chn1/lamc1/ahi1/dscama/rtn4a/enah/cdh11/kif1b/unc5a/stat3/ext2/rbpms2b/si:ch211-113g11.6/sema5a/col15a1b,54
BP,GO:0097485,neuron projection guidance,54/1661,322/21022,0.167701863,2.122473553,5.945200288,1.05E-07,0.000145529,0.000132223,dzip1/anos1a/kalrnb/ank3a/evlb/lama4/ppp1r12a/nrcama/efna3a/robo3/sema5ba/hif1ab/epha3/nexn/scrib/ephb2b/robo2/sema6d/apc/spast/plxna2/vegfaa/tenm4/tenm3/tncb/unc5ca/nrxn2a/plxna3/nfasca/cntn2/cntn3a.2/plod3/dscaml1/kif5c/usp33/chodl/trioa/rest/rab33a/chn1/lamc1/ahi1/dscama/rtn4a/enah/cdh11/kif1b/unc5a/stat3/ext2/rbpms2b/si:ch211-113g11.6/sema5a/col15a1b,54
BP,GO:0051656,establishment of organelle localization,46/1661,258/21022,0.178294574,2.256537343,5.948087556,1.48E-07,0.000145529,0.000132223,clasp1a/exoc5/spire2/kif23/kat2b/npm1a/bbs5/ift88/scrib/ccdc186/dnm1b/psen2/sec16b/exoc6/klhl12/prkcz/rcc2/cadpsb/kif1aa/unc13a/si:ch211-235m3.5/picalma/spast/dtnbp1a/lrmp/llgl2/dctn1a/cadpsa/rab3ip/abraxas1/kif5c/snap91a/pard3ab/syne1b/dnm3a/baiap3/kif1b/terb1/snapin/diaph2/ndel1b/rhot1b/clasp2/inpp5e/snap91b/mdn1,46
MF,GO:0005085,guanyl-nucleotide exchange factor activity,45/1639,256/20660,0.17578125,2.215766092,5.745658422,3.42E-07,9.75E-05,8.67E-05,kalrnb/cyth1a/arhgef10/dennd4a/rasgrf1/vps9d1/arhgef12b/rapgef4a/ect2/prex2/rcc1l/tiam1a/rap1gds1/dennd4a/rin2a/dennd5a/dock10/dennd4c/vav2/arhgef12a/si:dkey-33c9.6/dock7/arhgef7a/mcf2a/dennd1a/dennd1c/fgd4a/rab3ip/rin3/rapgef1b/madd/arhgef10la/trioa/iqsec2b/sbf2/rgl2/ccdc88c/itsn1/rgl3a/mcf2l2/mcf2la/bcar3/iqsec1b/dock3/ralgds,45
BP,GO:0050808,synapse organization,42/1661,235/21022,0.178723404,2.261964723,5.698136487,4.74E-07,0.000350068,0.000318062,ank3a/tlcd3ba/ppfia3/gphna/gabrg1/gphnb/ppfibp1b/tjp1b/dbn1/gabrg2/ctnnd2a/sncb/arhgap44a/lgi2a/robo2/nedd4a/si:dkey-40c11.2/myo9aa/nlgn2a/cacna1da/plxna2/dock10/sdk2b/ctnnd2b/ctbp2a/tncb/ache/nrxn2a/plxna3/erc2/cntn3a.2/nbeaa/chodl/prkcg/sdk2a/pcloa/nlgn3a/dbnlb/gfpt1/cdh6/ptprsa/tanc2a,42
CC,GO:0014069,postsynaptic density,32/1691,162/21740,0.197530864,2.539515664,5.711908635,8.23E-07,0.000129736,0.000110401,kalrnb/camk2g1/shank2b/ppp1r9a/dbn1/gria4b/ctnnd2a/scrib/arhgap44a/gria1a/camk2b1/usp8/si:dkey-40c11.2/camk2d2/grik1a/grin2aa/dtnbp1a/ctnnd2b/add3a/dlg1b/grin3ba/gria1b/gria3b/shank3b/grin2da/adgrb1a/grin2bb/camk2g2/gria2b/dlg3/dbnlb/grid2,32
BP,GO:0051640,organelle localization,54/1661,344/21022,0.156976744,1.986733965,5.404713078,9.20E-07,0.000455436,0.000413796,clasp1a/exoc5/spire2/kif23/kat2b/nup98/npm1a/bbs5/ift88/scrib/stx1b/ccdc186/esyt2b/si:dkey-32e23.4/dnm1b/psen2/sec16b/exoc6/klhl12/prkcz/rcc2/cadpsb/kif1aa/unc13a/si:ch211-235m3.5/picalma/spast/rims1a/dtnbp1a/lrmp/llgl2/dctn1a/cadpsa/rab3ip/abraxas1/kif5c/snap91a/pard3ab/stx3b/syne1b/dnm3a/snphb/baiap3/kif1b/terb1/snapin/diaph2/ndel1b/rhot1b/clasp2/inpp5e/snap91b/mdn1/nsfa,54
BP,GO:0010975,regulation of neuron projection development,34/1661,176/21022,0.193181818,2.444953752,5.638278503,9.26E-07,0.000455436,0.000413796,hecw2a/camk2g1/rtn4ip1/dbn1/cdkl5/ulk1b/arhgap44a/tiam1a/robo2/nedd4a/si:dkey-40c11.2/dpysl2b/spast/plxna2/pacsin1a/tenm4/tenm3/tncb/hecw1b/plxna3/cntn2/chodl/ddr1/pard3ab/dscama/camk2g2/ddr2b/ndel1b/casp9/dbnlb/rbpms2b/ulk2/tanc2a/col15a1b,34
CC,GO:0032279,asymmetric synapse,32/1691,164/21740,0.195121951,2.508545961,5.631709321,1.09E-06,0.000129736,0.000110401,kalrnb/camk2g1/shank2b/ppp1r9a/dbn1/gria4b/ctnnd2a/scrib/arhgap44a/gria1a/camk2b1/usp8/si:dkey-40c11.2/camk2d2/grik1a/grin2aa/dtnbp1a/ctnnd2b/add3a/dlg1b/grin3ba/gria1b/gria3b/shank3b/grin2da/adgrb1a/grin2bb/camk2g2/gria2b/dlg3/dbnlb/grid2,32
CC,GO:0098984,neuron to neuron synapse,32/1691,164/21740,0.195121951,2.508545961,5.631709321,1.09E-06,0.000129736,0.000110401,kalrnb/camk2g1/shank2b/ppp1r9a/dbn1/gria4b/ctnnd2a/scrib/arhgap44a/gria1a/camk2b1/usp8/si:dkey-40c11.2/camk2d2/grik1a/grin2aa/dtnbp1a/ctnnd2b/add3a/dlg1b/grin3ba/gria1b/gria3b/shank3b/grin2da/adgrb1a/grin2bb/camk2g2/gria2b/dlg3/dbnlb/grid2,32
BP,GO:0016358,dendrite development,19/1661,70/21022,0.271428571,3.43526275,5.977639404,1.31E-06,0.000551245,0.000500846,hecw2a/rtn4ip1/dbn1/cdkl5/ctnnd2a/arhgap44a/nedd4a/si:dkey-40c11.2/dock10/ctnnd2b/pacsin1a/tenm3/hecw1b/mcf2a/nbeaa/dbnlb/rbpms2b/ulk2/tanc2a,19
BP,GO:0048813,dendrite morphogenesis,14/1661,41/21022,0.341463415,4.321639917,6.235610752,1.61E-06,0.000592708,0.000538518,hecw2a/dbn1/ctnnd2a/arhgap44a/nedd4a/si:dkey-40c11.2/dock10/ctnnd2b/tenm3/hecw1b/dbnlb/rbpms2b/ulk2/tanc2a,14
CC,GO:0098794,postsynapse,57/1691,384/21740,0.1484375,1.908356742,5.215636633,1.77E-06,0.0001684,0.000143304,dmd/kalrnb/camk2g1/shank2b/grid2ipb/gphna/gabrg1/ptk2bb/gphnb/ppp1r9a/chrna11/dbn1/gabrg2/gria4b/ctnnd2a/scrib/arhgap44a/chrnb3a/dlgap4b/gria1a/kcnma1a/camk2b1/usp8/si:dkey-40c11.2/camk2d2/grik1a/nlgn2a/apba2b/kcnc4/grin2aa/dtnbp1a/ctnnd2b/si:dkey-33c9.6/add3a/dlg1b/grin3ba/gria1b/gria3b/clta/shank3b/clcn2b/grin2da/grk3/adgrb1a/grik3/grin2bb/stx3b/camk2g2/gria2b/rgs7bpa/nlgn3a/rph3ab/dlg3/dbnlb/clcn2a/grid2/tanc2a,57
BP,GO:0048675,axon extension,23/1661,101/21022,0.227722772,2.882112052,5.553445993,2.98E-06,0.000977878,0.000888473,dbn1/robo3/sema5ba/cdkl5/ulk1b/robo2/si:dkey-40c11.2/myo10l1/mapk8ip3/myo9aa/spast/tncb/nrxn2a/plxna3/cntn2/dscama/kif1b/fus/isl1a/ext2/dbnlb/ulk2/sema5a,23
MF,GO:0015631,tubulin binding,46/1639,288/20660,0.159722222,2.013338079,5.083481234,3.98E-06,0.000851015,0.00075662,cenpe/clasp1a/maptb/spire2/kif23/clip2/ttll7/spag6/camsap1b/kif2c/si:dkey-32e23.4/dnm1b/ccdc88aa/eml5/macf1a/kif21a/apc/mid2/kif1aa/ttll11/spast/kifc3/camsap2a/ttll5/cetn3/kif2a/ttll1/abraxas1/clip1a/kif5c/dnm3a/ccdc88c/si:dkeyp-115e12.6/camsap3/tbcd/kif1b/agtpbp1/nisch/ndel1b/clasp2/hook1/map4l/mapre2/ttll4/trappc14/maco1a,46
BP,GO:0099003,vesicle-mediated transport in synapse,28/1661,145/21022,0.193103448,2.443961884,5.110381177,8.27E-06,0.002220167,0.002017182,sncb/napab/dnm1b/doc2g/syt7a/cadpsb/nlgn2a/unc13a/sh3gl3a/picalma/slc17a6b/rims1a/dtnbp1a/slc17a6a/sh3gl2a/cadpsa/snap91a/stx3b/dnm3a/slc18a2/dmxl2/itsn1/snapin/nlgn3a/rph3ab/snap91b/rap1ab/doc2a,28
BP,GO:0099504,synaptic vesicle cycle,28/1661,145/21022,0.193103448,2.443961884,5.110381177,8.27E-06,0.002220167,0.002017182,sncb/napab/dnm1b/doc2g/syt7a/cadpsb/nlgn2a/unc13a/sh3gl3a/picalma/slc17a6b/rims1a/dtnbp1a/slc17a6a/sh3gl2a/cadpsa/snap91a/stx3b/dnm3a/slc18a2/dmxl2/itsn1/snapin/nlgn3a/rph3ab/snap91b/rap1ab/doc2a,28
BP,GO:1990138,neuron projection extension,24/1661,115/21022,0.208695652,2.641300421,5.16938349,9.16E-06,0.002254442,0.002048323,dbn1/robo3/sema5ba/cdkl5/spag6/ulk1b/robo2/si:dkey-40c11.2/myo10l1/mapk8ip3/myo9aa/spast/tncb/nrxn2a/plxna3/cntn2/dscama/kif1b/fus/isl1a/ext2/dbnlb/ulk2/sema5a,24
MF,GO:0005543,phospholipid binding,54/1639,371/20660,0.145552561,1.834725993,4.762423616,1.03E-05,0.001765024,0.001569247,exoc7/zgc:92360/syt14a/snx14/dapp1/cpne4b/arhgap32b/bbs5/rubcn/aida/gga1/veph1/sh3pxd2aa/plekha5/syt7a/washc2c/sgk3/wdr45b/hip1/zfyve28/rasa2/unc13a/zgc:153184/picalma/arhgap21b/pacsin1a/arfip1/epn3a/cpne4a/wdr45/anxa4/pacsin2/ttpal/dennd1a/dennd1c/epn3b/snap91a/arfip2a/epn1a/pard3ab/mppe1/eea1/tecpr1b/wipi1/svila/nisch/cpne1/snx15/cpne2/sgip1b/pik3c2b/snap91b/pcf11/pacsin3,54
BP,GO:0060560,developmental growth involved in morphogenesis,35/1661,204/21022,0.171568627,2.171412213,4.924395652,1.06E-05,0.002398806,0.002179489,ppp1r12a/dbn1/robo3/sema5ba/cdkl5/spag6/ulk1b/ctnnd1/robo2/klhl12/si:dkey-40c11.2/myo10l1/mapk8ip3/myo9aa/ryk/spast/tncb/nrxn2a/plxna3/cntn2/gna13a/pard3ab/dscama/kif1b/stat3/casp9/fus/sec14l8/isl1a/smad2/ext2/dbnlb/ap1g2/ulk2/sema5a,35
BP,GO:0048588,developmental cell growth,26/1661,132/21022,0.196969697,2.492894021,5.039579891,1.19E-05,0.002420231,0.002198955,dbn1/robo3/sema5ba/cdkl5/spag6/ulk1b/robo2/si:dkey-40c11.2/myo10l1/mapk8ip3/myo9aa/spast/tncb/nrxn2a/plxna3/cntn2/pard3ab/dscama/kif1b/casp9/fus/isl1a/ext2/dbnlb/ulk2/sema5a,26
BP,GO:0016049,cell growth,30/1661,164/21022,0.182926829,2.315164241,4.952371258,1.23E-05,0.002420231,0.002198955,dbn1/robo3/sema5ba/sh3bp4a/cdkl5/spag6/ulk1b/osgn1/robo2/si:dkey-40c11.2/myo10l1/mapk8ip3/myo9aa/spast/tncb/nrxn2a/plxna3/cntn2/igfbp7/gna13a/pard3ab/dscama/kif1b/casp9/fus/isl1a/ext2/dbnlb/ulk2/sema5a,30
BP,GO:1902414,protein localization to cell junction,13/1661,43/21022,0.302325581,3.826302452,5.433855452,1.72E-05,0.003169131,0.002879385,tjp1b/scrib/stx1b/arhgap44a/grip2b/grip1/zdhhc7/dlg1b/pard3ab/stx3b/pcloa/dlg3/tjp2b,13
BP,GO:0120035,regulation of plasma membrane bounded cell projection organization,40/1661,253/21022,0.158102767,2.000985168,4.691672833,1.92E-05,0.003342661,0.003037049,hecw2a/camk2g1/rtn4ip1/dbn1/cdkl5/ulk1b/arhgap44a/tiam1a/robo2/nedd4a/usp8/si:dkey-40c11.2/dpysl2b/mcm2/spast/plxna2/pacsin1a/tenm4/tenm3/tncb/hecw1b/plxna3/cntn2/arhgap24/chodl/ddr1/pard3ab/akirin1/dscama/camk2g2/ddr2b/ndel1b/casp9/odf2a/dbnlb/inpp5e/rbpms2b/ulk2/tanc2a/col15a1b,40
MF,GO:0035091,phosphatidylinositol binding,34/1639,201/20660,0.169154229,2.132230853,4.73498126,2.07E-05,0.002954324,0.002626631,exoc7/zgc:92360/snx14/arhgap32b/bbs5/rubcn/aida/gga1/veph1/sh3pxd2aa/plekha5/washc2c/sgk3/wdr45b/hip1/zfyve28/zgc:153184/picalma/wdr45/ttpal/dennd1a/dennd1c/snap91a/pard3ab/mppe1/eea1/tecpr1b/wipi1/svila/nisch/snx15/pik3c2b/snap91b/pcf11,34
CC,GO:0005938,cell cortex,34/1691,205/21740,0.165853659,2.132264067,4.730395408,2.12E-05,0.001677006,0.001427081,clasp1a/exoc7/pxna/exoc5/fermt2/exoc3l1/spire2/dbn1/myo1ca/arhgap32b/clip2/ect2/fnbp1a/exoc6/si:dkey-40c11.2/myo10l1/macf1a/hip1/unc13a/fnbp1b/septin5b/rims1a/llgl2/clta/erc2/clip1a/pard3ab/shroom1/pcloa/clasp2/dbnlb/septin2/phldb2b/lasp1,34
BP,GO:0006897,endocytosis,53/1661,373/21022,0.142091153,1.79833848,4.556586049,2.20E-05,0.003462037,0.003145511,reps1/elmo1/myo1ca/sh3bp4a/rubcn/pikfyve/megf10/sncb/si:dkey-32e23.4/fnbp1a/dnm1b/nedd4a/tyro3/hip1/nlgn2a/sh3gl3a/fnbp1b/picalma/pacsin1a/csnk1g1/sh3gl2a/epn3a/eps15/smap1/vldlr/clta/pacsin2/myo6b/dennd1a/dennd1c/epn3b/lrp5/usp20/adgrb1a/snap91a/usp33/epn1a/dnm3a/dmxl2/eea1/itsn1/ncf2/nlgn3a/zgc:123238/mib2/bmp2k/gak/sgip1b/lrp8/mib1/snap91b/pacsin3/ly75,53
BP,GO:0050773,regulation of dendrite development,10/1661,27/21022,0.37037037,4.687493032,5.615685282,2.23E-05,0.003462037,0.003145511,hecw2a/rtn4ip1/dbn1/cdkl5/nedd4a/si:dkey-40c11.2/pacsin1a/hecw1b/dbnlb/ulk2,10
BP,GO:0050770,regulation of axonogenesis,18/1661,77/21022,0.233766234,2.958599498,5.043109859,2.37E-05,0.003499256,0.003179327,dbn1/cdkl5/ulk1b/tiam1a/robo2/si:dkey-40c11.2/dpysl2b/spast/plxna2/tncb/plxna3/cntn2/chodl/pard3ab/dscama/casp9/dbnlb/ulk2,18
BP,GO:0031344,regulation of cell projection organization,40/1661,256/21022,0.15625,1.977536123,4.60918333,2.54E-05,0.003575262,0.003248384,hecw2a/camk2g1/rtn4ip1/dbn1/cdkl5/ulk1b/arhgap44a/tiam1a/robo2/nedd4a/usp8/si:dkey-40c11.2/dpysl2b/mcm2/spast/plxna2/pacsin1a/tenm4/tenm3/tncb/hecw1b/plxna3/cntn2/arhgap24/chodl/ddr1/pard3ab/akirin1/dscama/camk2g2/ddr2b/ndel1b/casp9/odf2a/dbnlb/inpp5e/rbpms2b/ulk2/tanc2a/col15a1b,40
CC,GO:0097060,synaptic membrane,42/1691,280/21740,0.15,1.928444707,4.541145623,3.03E-05,0.002055533,0.001749196,dmd/shank2b/grid2ipb/gphna/gphnb/chrna11/dbn1/gria4b/scrib/chrnb3a/gria1a/adam23a/kcnma1a/si:dkey-40c11.2/grik1a/nlgn2a/unc13a/kcnc4/picalma/grin2aa/rims1a/dlg1b/grin3ba/gria1b/gria3b/shank3b/clcn2b/grin2da/snap91a/drd2a/grik3/grin2bb/stx3b/itsn1/gria2b/nlgn3a/rph3ab/dlg3/dbnlb/clcn2a/snap91b/grid2,42
BP,GO:0060997,dendritic spine morphogenesis,8/1661,18/21022,0.444444444,5.624991638,5.749681786,3.18E-05,0.004266986,0.003876865,dbn1/ctnnd2a/arhgap44a/si:dkey-40c11.2/dock10/ctnnd2b/dbnlb/tanc2a,8
MF,GO:0042578,phosphoric ester hydrolase activity,64/1639,482/20660,0.132780083,1.673725756,4.39334251,3.24E-05,0.003965894,0.003525998,ptprea/cpped1/adprm/nt5c1aa/pde7a/eya4/tns1a/dusp8a/usb1/plcg2/nt5dc3/ptprz1b/ptprua/inpp4ab/ppm1db/gdpd4b/tns1b/ptprna/cdc14ab/plcb4a/plcxd1/ctdspla/impa1/ctdsp2/acp2/pde4a/nt5c2b/fra10ac1/plcb3/ctdp1/lpin1a/ca16b/ptpmt1/pde11a/ptpdc1a/pfkfb3/alpl/ptpn22/ppap2d/smpd4/zfand1/mppe1/inpp5l/samhd1/dusp7/plch2a/ppp3cca/inpp5e/ppp3ca/ptprsa/ctdsplb/dusp12/pde1cb/ptprt/ptprn2/ptprn2/mtmr14/ptpn18/inpp4b/tab1/cdkn3/ptprub/tns2a/pde1a,64
MF,GO:1901981,phosphatidylinositol phosphate binding,22/1639,109/20660,0.201834862,2.544178314,4.744841071,3.90E-05,0.004175895,0.003712706,exoc7/zgc:92360/snx14/bbs5/rubcn/veph1/plekha5/washc2c/wdr45b/hip1/zfyve28/zgc:153184/picalma/wdr45/ttpal/dennd1a/dennd1c/snap91a/tecpr1b/wipi1/svila/snap91b,22
BP,GO:0050772,positive regulation of axonogenesis,12/1661,40/21022,0.3,3.796869356,5.185926351,3.94E-05,0.005050877,0.004589087,dbn1/cdkl5/tiam1a/robo2/si:dkey-40c11.2/spast/plxna2/plxna3/cntn2/chodl/dscama/dbnlb,12
BP,GO:0006836,neurotransmitter transport,23/1661,118/21022,0.194915254,2.466892519,4.680284022,4.41E-05,0.005423278,0.00492744,caska/slc6a1a/napab/doc2g/syt7a/cadpsb/slc6a1b/unc13a/slc17a6b/rims1a/dtnbp1a/slc17a6a/cadpsa/slc6a6a/trpm7/stx3b/sv2a/slc18a2/baiap3/snapin/rph3ab/rap1ab/doc2a,23
CC,GO:0005874,microtubule,45/1691,313/21740,0.143769968,1.84834956,4.390475418,4.65E-05,0.002760492,0.002349095,cenpe/slain1a/mid1/clasp1a/maptb/kif23/tube1/clip2/camsap1b/kif2c/si:dkey-32e23.4/dnm1b/radil/macf1a/kif21a/cimip2b/apc/mid2/kif1aa/golga2/spast/kifc3/camsap2a/klc3/kif2a/dctn1a/ttll1/clip1a/kif5c/dnm3a/shroom2b/dnai2b/snphb/camsap3/ift70/shroom1/kif1b/ndel1b/nckap5l/clasp2/hook1/map4l/mapre2/fgf13b/zgc:55461,45
BP,GO:0061387,regulation of extent of cell growth,15/1661,60/21022,0.25,3.164057797,4.916722894,4.85E-05,0.005628261,0.005113682,dbn1/cdkl5/ulk1b/robo2/si:dkey-40c11.2/spast/tncb/plxna3/cntn2/pard3ab/dscama/casp9/ext2/dbnlb/ulk2,15
BP,GO:0097061,dendritic spine organization,8/1661,19/21022,0.421052632,5.328939447,5.529237631,5.11E-05,0.005628261,0.005113682,dbn1/ctnnd2a/arhgap44a/si:dkey-40c11.2/dock10/ctnnd2b/dbnlb/tanc2a,8
BP,GO:0106027,neuron projection organization,9/1661,24/21022,0.375,4.746086695,5.37826366,5.15E-05,0.005628261,0.005113682,dbn1/ctnnd2a/arhgap44a/si:dkey-40c11.2/dock10/ctnnd2b/kif1b/dbnlb/tanc2a,9
MF,GO:0008017,microtubule binding,37/1639,237/20660,0.156118143,1.967907775,4.399221557,5.56E-05,0.005290546,0.00470372,cenpe/clasp1a/maptb/spire2/kif23/clip2/spag6/camsap1b/kif2c/si:dkey-32e23.4/dnm1b/ccdc88aa/eml5/macf1a/kif21a/apc/mid2/kif1aa/spast/kifc3/camsap2a/cetn3/kif2a/abraxas1/clip1a/kif5c/dnm3a/ccdc88c/si:dkeyp-115e12.6/camsap3/kif1b/ndel1b/clasp2/hook1/map4l/mapre2/maco1a,37
BP,GO:0008361,regulation of cell size,18/1661,83/21022,0.21686747,2.744724836,4.664827952,6.87E-05,0.007050329,0.006405733,dbn1/cdkl5/slc12a7b/ulk1b/robo2/si:dkey-40c11.2/spast/tncb/plxna3/cntn2/pard3ab/dscama/piezo1/stat3/casp9/ext2/dbnlb/ulk2,18
BP,GO:0045921,positive regulation of exocytosis,7/1661,15/21022,0.466666667,5.90624122,5.567498627,6.93E-05,0.007050329,0.006405733,ptbp1a/doc2g/cadpsb/cadpsa/cacna1ha/rph3ab/doc2a,7
MF,GO:0004169,dolichyl-phosphate-mannose-protein mannosyltransferase activity,6/1639,11/20660,0.545454545,6.875589328,5.721708333,8.05E-05,0.006890193,0.006125934,pomt2/tmtc4/tmtc1/dpm1/pomt1/tmtc2a,6
BP,GO:0051650,establishment of vesicle localization,25/1661,139/21022,0.179856115,2.276300573,4.421926606,8.42E-05,0.008287315,0.007529624,exoc5/kif23/bbs5/ccdc186/dnm1b/sec16b/exoc6/klhl12/cadpsb/kif1aa/unc13a/si:ch211-235m3.5/picalma/dtnbp1a/cadpsa/rab3ip/kif5c/snap91a/dnm3a/baiap3/kif1b/snapin/ndel1b/inpp5e/snap91b,25
BP,GO:0035418,protein localization to synapse,10/1661,31/21022,0.322580645,4.082655221,5.030797615,8.74E-05,0.008324962,0.00756383,tjp1b/scrib/stx1b/arhgap44a/grip2b/grip1/dlg1b/stx3b/pcloa/dlg3,10
BP,GO:0009743,response to carbohydrate,9/1661,26/21022,0.346153846,4.381003103,5.052561065,0.000106424,0.008801536,0.007996831,abcc8/ptprna/hif1ab/vegfaa/ache/khk/slc39a14/ptprn2/ptprn2,9
BP,GO:0009746,response to hexose,9/1661,26/21022,0.346153846,4.381003103,5.052561065,0.000106424,0.008801536,0.007996831,abcc8/ptprna/hif1ab/vegfaa/ache/khk/slc39a14/ptprn2/ptprn2,9
BP,GO:0009749,response to glucose,9/1661,26/21022,0.346153846,4.381003103,5.052561065,0.000106424,0.008801536,0.007996831,abcc8/ptprna/hif1ab/vegfaa/ache/khk/slc39a14/ptprn2/ptprn2,9
BP,GO:0034284,response to monosaccharide,9/1661,26/21022,0.346153846,4.381003103,5.052561065,0.000106424,0.008801536,0.007996831,abcc8/ptprna/hif1ab/vegfaa/ache/khk/slc39a14/ptprn2/ptprn2,9
CC,GO:0099738,cell cortex region,8/1691,21/21740,0.380952381,4.897637352,5.18962994,0.00010681,0.005637203,0.004797088,clasp1a/unc13a/rims1a/clta/erc2/pcloa/clasp2/phldb2b,8
MF,GO:0000030,mannosyltransferase activity,9/1639,26/20660,0.346153846,4.363354766,5.037268398,0.000109772,0.008542295,0.007594785,pomt2/tmtc4/tmtc1/dpy19l1l/dpm1/pigv/pomt1/tmtc2a/gtdc1,9
BP,GO:0007264,small GTPase-mediated signal transduction,49/1661,358/21022,0.136871508,1.732277453,4.093149326,0.000113927,0.008801536,0.007996831,ralba/cyth1a/inf2/dennd4a/rasgrf1/rap1gap2b/arhgap32b/rapgef4a/arhgap12b/stard13b/arhgap44a/tiam1a/usp8/garnl3/dennd4a/rasa2/tsc2/rap1gapa/dock10/dennd4c/gnav1/vav2/ralgapa2/arhgap15/dock7/mmd/gna13a/arhgap24/rapgef1b/madd/iqsec2b/rab33a/chn1/rgl2/ccdc88c/dok2/arhgap27l/rgl3a/rhebl1/diaph2/arhgap27/rhot1b/racgap1/bcar3/ksr2/iqsec1b/dock3/rap1ab/ralgds,49
BP,GO:1904375,regulation of protein localization to cell periphery,7/1661,16/21022,0.4375,5.537101144,5.317584276,0.000114732,0.008801536,0.007996831,camk2g1/camk2b1/cnstb/camk2d2/zdhhc7/camk2g2/efcab7,7
BP,GO:0035268,protein mannosylation,8/1661,21/21022,0.380952381,4.821421404,5.131711131,0.000119262,0.008801536,0.007996831,pomt2/large2/tmtc4/large1/tmtc1/dpm1/pomt1/tmtc2a,8
BP,GO:0035269,protein O-linked mannosylation,8/1661,21/21022,0.380952381,4.821421404,5.131711131,0.000119262,0.008801536,0.007996831,pomt2/large2/tmtc4/large1/tmtc1/dpm1/pomt1/tmtc2a,8
BP,GO:0097502,mannosylation,8/1661,21/21022,0.380952381,4.821421404,5.131711131,0.000119262,0.008801536,0.007996831,pomt2/large2/tmtc4/large1/tmtc1/dpm1/pomt1/tmtc2a,8
MF,GO:0004970,glutamate-gated receptor activity,11/1639,38/20660,0.289473684,3.648887319,4.797526067,0.000122397,0.008730986,0.007762547,gria4b/gria1a/grik1a/grin2aa/grin3ba/gria1b/gria3b/grin2da/grin2bb/gria2b/grid2,11
BP,GO:0051648,vesicle localization,26/1661,151/21022,0.17218543,2.179218615,4.259501551,0.000129486,0.009322987,0.008470607,exoc5/kif23/bbs5/ccdc186/dnm1b/sec16b/exoc6/klhl12/cadpsb/kif1aa/unc13a/si:ch211-235m3.5/picalma/dtnbp1a/cadpsa/rab3ip/kif5c/snap91a/dnm3a/baiap3/kif1b/snapin/ndel1b/inpp5e/snap91b/nsfa,26
BP,GO:0045017,glycerolipid biosynthetic process,25/1661,143/21022,0.174825175,2.21262783,4.261753363,0.000134894,0.009433832,0.008571318,efr3bb/pi4kb/pip5k1ca/pip4k2aa/impa1/gpat3/gpam/dgat1a/cdipt/lpin1a/dgkaa/agpat2/slc30a5/mogat2/dpm1/pigv/mppe1/crls1/pcyt2/etnk2/pip5k1cb/pik3c2b/pik3cb/cds1/ptdss1a,25
BP,GO:0034330,cell junction organization,51/1661,380/21022,0.134210526,1.698599449,4.025239816,0.000137417,0.009433832,0.008571318,ank3a/tlcd3ba/ppfia3/gphna/gabrg1/inf2/gphnb/ppfibp1b/tjp1b/dbn1/gabrg2/ctnnd2a/yes1/sncb/arhgap44a/lgi2a/robo2/nedd4a/si:dkey-40c11.2/macf1a/myo9aa/nlgn2a/cacna1da/plxna2/dock10/vegfaa/sdk2b/ctnnd2b/ctbp2a/tncb/si:dkey-92j12.5/ache/nrxn2a/plxna3/llgl2/erc2/cntn3a.2/nbeaa/chodl/prkcg/cdh11/tbcd/sdk2a/pcloa/nlgn3a/tjp2b/dbnlb/gfpt1/cdh6/ptprsa/tanc2a,51
BP,GO:0031503,protein-containing complex localization,22/1661,119/21022,0.18487395,2.339807446,4.292982987,0.000144874,0.00971974,0.008831086,dzip1/gphna/gphnb/exoc3l1/npm1a/epb41l5/ttc21b/ift88/dynlt2b/scrib/stx1b/arhgap44a/grip2b/rcc2/grip1/dlg1b/kif5c/stx3b/ift70/dlg3/ift57/mdn1,22
BP,GO:0043087,regulation of GTPase activity,13/1661,52/21022,0.25,3.164057797,4.576346733,0.000152543,0.010006817,0.009091916,zgc:92360/rab3gap1/sh3bp4a/ect2/scrib/arhgap44a/tiam1a/rap1gds1/myo9aa/tsc2/si:dkey-33c9.6/ralgapa2/chn1,13
BP,GO:0043484,regulation of RNA splicing,23/1661,128/21022,0.1796875,2.274166541,4.235142193,0.000161386,0.01035678,0.009409883,ptbp1a/usb1/hnrnpl2/mbnl2/cirbpb/celf3a/mbnl3/celf4/hnrnpl/celf2/ythdc1/hnrnph3/znf638/clk4a/rest/ptbp2b/khdrbs2/srrm4/hnrpkl/clk2a/eif4a3/ybx1/qki2,23
MF,GO:0015171,amino acid transmembrane transporter activity,26/1639,153/20660,0.169934641,2.142068135,4.162115385,0.000171943,0.011321755,0.010065948,gria4b/slc38a6/slc6a1a/slc6a22.1/slc25a26/gria1a/slc3a2b/slc38a3a/grik1a/slc6a1b/slc17a6b/grin2aa/slc17a6a/slc7a8a/grin3ba/gria1b/gria3b/slc7a10a/slc6a6a/grin2da/grin2bb/slc7a11/gria2b/slc7a5/grid2/si:ch211-117c9.5,26
BP,GO:0048915,posterior lateral line system development,20/1661,105/21022,0.19047619,2.410710702,4.24453894,0.000187862,0.011799318,0.010720533,anos1a/eya4/yap1/sh3pxd2aa/ctnnd1/apc/shtn3/abhd12/llgl2/wnk1b/gna13a/lrp5/erbb3b/rtn4a/kif1b/itchb/stat3/ext2/mib1/nsfa,20
BP,GO:0006650,glycerophospholipid metabolic process,34/1661,227/21022,0.149779736,1.895646962,3.97390914,0.000228289,0.014039784,0.012756158,efr3bb/pi4kb/pip5k1ca/pikfyve/pip4k2aa/impa1/pnpla6/gpat3/gpam/plcb3/pla2g6/cdipt/dgkaa/abhd12/agpat2/slc30a5/smpd4/dpm1/pigv/mppe1/mtmr11/crls1/inpp5l/pcyt2/dnajc19/plch2a/inpp5e/etnk2/pip5k1cb/pik3c2b/abhd3/pik3cb/cds1/ptdss1a,34
CC,GO:0030425,dendrite,42/1691,306/21740,0.137254902,1.764589928,3.911856365,0.000230611,0.009958222,0.008474143,shank2b/gphna/gabrg1/snx14/ptk2bb/gphnb/hcn4/strn3/sgce/ppp1r9a/dbn1/gabrg2/gria4b/epha3/elavl4/cdkl5/ephb2b/casc3/arhgap44a/tmem266/gria1a/usp8/si:dkey-40c11.2/kif1aa/apba2b/kcnc4/palm1a/si:dkey-33c9.6/gria1b/gria3b/shank3b/strn4/clcn2b/magi2a/adgrb1a/gria2b/kif1b/dbnlb/gigyf2/clcn2a/fgf13b/tanc2a,42
CC,GO:0097447,dendritic tree,42/1691,306/21740,0.137254902,1.764589928,3.911856365,0.000230611,0.009958222,0.008474143,shank2b/gphna/gabrg1/snx14/ptk2bb/gphnb/hcn4/strn3/sgce/ppp1r9a/dbn1/gabrg2/gria4b/epha3/elavl4/cdkl5/ephb2b/casc3/arhgap44a/tmem266/gria1a/usp8/si:dkey-40c11.2/kif1aa/apba2b/kcnc4/palm1a/si:dkey-33c9.6/gria1b/gria3b/shank3b/strn4/clcn2b/magi2a/adgrb1a/gria2b/kif1b/dbnlb/gigyf2/clcn2a/fgf13b/tanc2a,42
BP,GO:0001558,regulation of cell growth,18/1661,91/21022,0.197802198,2.503430344,4.209753132,0.000237292,0.014295661,0.012988641,dbn1/sh3bp4a/cdkl5/ulk1b/osgn1/robo2/si:dkey-40c11.2/spast/tncb/plxna3/cntn2/igfbp7/pard3ab/dscama/casp9/ext2/dbnlb/ulk2,18
BP,GO:0097120,receptor localization to synapse,11/1661,41/21022,0.268292683,3.395574221,4.497136577,0.000248747,0.014417001,0.013098887,gphna/gphnb/scrib/stx1b/arhgap44a/grip2b/grip1/dlg1b/kif5c/stx3b/dlg3,11
BP,GO:0060996,dendritic spine development,8/1661,23/21022,0.347826087,4.402167369,4.781541131,0.000249074,0.014417001,0.013098887,dbn1/ctnnd2a/arhgap44a/si:dkey-40c11.2/dock10/ctnnd2b/dbnlb/tanc2a,8
BP,GO:0090407,organophosphate biosynthetic process,57/1661,449/21022,0.126948775,1.606693046,3.80619456,0.000255913,0.014527976,0.013199715,gphna/efr3bb/gphnb/pdk4/pi4kb/dlat/adssl/aclya/zgc:172295/naprt/pip5k1ca/pfas/pip4k2aa/impa1/gnpnat1/prpsap2/ctps1a/acsl1a/hprt1l/gpat3/gpam/acaca/adcy7/cdipt/pdxkb/ptpmt1/dgkaa/ampd2b/papss1/agpat2/slc30a5/gucy1a1/nadkb/pgm3/impdh1b/aprt/dpm1/pigv/si:ch211-132f19.7/mppe1/crls1/gmppaa/pcyt2/pdk2a/uckl1b/acacb/gfpt1/ckmt2a/etnk2/nmnat2/pip5k1cb/pik3c2b/bckdk/pik3cb/cds1/ptdss1a/adss2,57
MF,GO:0070739,protein-glutamic acid ligase activity,6/1639,13/20660,0.461538462,5.817806355,5.100584998,0.00026014,0.014845318,0.013198678,ttll7/cep41/ttll11/ttll5/ttll1/ttll4,6
MF,GO:0070740,tubulin-glutamic acid ligase activity,6/1639,13/20660,0.461538462,5.817806355,5.100584998,0.00026014,0.014845318,0.013198678,ttll7/cep41/ttll11/ttll5/ttll1/ttll4,6
BP,GO:0046474,glycerophospholipid biosynthetic process,22/1661,124/21022,0.177419355,2.245460372,4.074140516,0.000267528,0.014626239,0.013288995,efr3bb/pi4kb/pip5k1ca/pip4k2aa/impa1/gpat3/gpam/cdipt/dgkaa/agpat2/slc30a5/dpm1/pigv/mppe1/crls1/pcyt2/etnk2/pip5k1cb/pik3c2b/pik3cb/cds1/ptdss1a,22
BP,GO:0043547,positive regulation of GTPase activity,12/1661,48/21022,0.25,3.164057797,4.396392438,0.000271529,0.014626239,0.013288995,zgc:92360/rab3gap1/ect2/scrib/arhgap44a/tiam1a/rap1gds1/myo9aa/tsc2/si:dkey-33c9.6/ralgapa2/chn1,12
BP,GO:0048814,regulation of dendrite morphogenesis,7/1661,18/21022,0.388888889,4.921867683,4.875574477,0.000277183,0.014626239,0.013288995,hecw2a/dbn1/nedd4a/si:dkey-40c11.2/hecw1b/dbnlb/ulk2,7
BP,GO:0051130,positive regulation of cellular component organization,42/1661,304/21022,0.138157895,1.748558256,3.850668142,0.000277463,0.014626239,0.013288995,slain1a/arhgef10/evlb/dbn1/rab3gap1/lnpk/cracd/cdkl5/si:ch73-362m14.4/tiam1a/robo2/doc2g/si:dkey-40c11.2/syt7a/micu1/spast/plxna2/baiap2l2a/vegfaa/pacsin1a/tenm4/tenm3/tncb/baiap2a/plxna3/mffa/wdr45/cntn2/clip1a/tnksa/chodl/ddr1/si:ch211-13c6.2/akirin1/dscama/ddr2b/rph3ab/limk1a/colgalt1b/tesk1b/dbnlb/doc2a,42
BP,GO:0050769,positive regulation of neurogenesis,17/1661,85/21022,0.2,2.531246237,4.143285696,0.000304982,0.015794869,0.014350779,numb/dbn1/ncanb/cdkl5/tiam1a/robo2/si:dkey-40c11.2/gata3/spast/plxna2/tenm4/plxna3/cntn2/chodl/dscama/stat3/dbnlb,17
BP,GO:0048881,mechanosensory lateral line system development,20/1661,109/21022,0.183486239,2.322244254,4.053819231,0.000315988,0.016082717,0.01461231,anos1a/eya4/yap1/sh3pxd2aa/ctnnd1/apc/shtn3/abhd12/llgl2/wnk1b/gna13a/lrp5/erbb3b/rtn4a/kif1b/itchb/stat3/ext2/mib1/nsfa,20
BP,GO:0046486,glycerolipid metabolic process,39/1661,278/21022,0.14028777,1.775514447,3.812533326,0.000329956,0.016509004,0.014999623,efr3bb/pi4kb/zgc:172295/pip5k1ca/pikfyve/pip4k2aa/impa1/pnpla6/gpat3/gpam/dgat1a/plcb3/pla2g6/cdipt/lpin1a/dgki/dgkaa/abhd12/agpat2/slc30a5/mogat2/smpd4/dpm1/pigv/mppe1/mtmr11/crls1/inpp5l/pcyt2/dnajc19/plch2a/inpp5e/etnk2/pip5k1cb/pik3c2b/abhd3/pik3cb/cds1/ptdss1a,39
BP,GO:0000226,microtubule cytoskeleton organization,57/1661,454/21022,0.125550661,1.588998189,3.71615195,0.000339933,0.016724688,0.015195588,slain1a/dzip1/mid1/clasp1a/maptb/arhgef10/map7b/spire2/kif23/kat2b/map7d1b/npm1a/clip2/ift88/cdc14ab/ttll7/spag6/scrib/dnaaf6/camsap1b/cep41/ccdc88aa/dchs1b/apc/ttll11/spast/camsap2a/ttll5/lrmp/cetn3/llgl2/dctn1a/wdr62/ttll1/abraxas1/clip1a/usp33/pard3ab/pih1d1/tacc2/ccdc88c/tbcd/cep43/diaph2/nisch/ndel1b/zgc:162200/racgap1/nckap5l/clasp2/hook1/map4l/mapre2/phldb2b/ttll4/map7d2b/zgc:55461,57
MF,GO:0016879,"ligase activity, forming carbon-nitrogen bonds",14/1639,63/20660,0.222222222,2.801166023,4.20290417,0.000341856,0.018289312,0.016260664,adssl/naprt/ttll7/pfas/ctps1a/cep41/ttll11/ttll5/ttll1/hlcs/ift70/mthfd1l/ttll4/adss2,14
BP,GO:0048639,positive regulation of developmental growth,8/1661,24/21022,0.333333333,4.218743729,4.621156379,0.000347872,0.016834739,0.015295576,dbn1/cdkl5/si:dkey-40c11.2/spast/tncb/cntn2/dscama/dbnlb,8
CC,GO:0036477,somatodendritic compartment,48/1691,371/21740,0.129380054,1.663348535,3.742672762,0.000351276,0.013904668,0.011832448,shank2b/gphna/gabrg1/snx14/ptk2bb/gphnb/hcn4/strn3/sgce/ppp1r9a/dbn1/gabrg2/gria4b/epha3/elavl4/cdkl5/sncb/ephb2b/casc3/arhgap44a/tmem266/gria1a/usp8/si:dkey-40c11.2/kif1aa/apba2b/kcnc4/palm1a/si:dkey-33c9.6/adcyap1b/gria1b/gria3b/shank3b/strn4/clcn2b/magi2a/kcnn2/adgrb1a/dscama/gria2b/kif1b/cacna1ab/dbnlb/gigyf2/clcn2a/fgf13b/tanc2a/pde1a,48
BP,GO:0048570,notochord morphogenesis,9/1661,30/21022,0.3,3.796869356,4.490074107,0.000365008,0.017379072,0.015790142,crim1/gon4lb/ttll11/dstyk/col27a1b/lamc1/stat3/pacsin3/fasn,9
MF,GO:0015103,inorganic anion transmembrane transporter activity,29/1639,187/20660,0.155080214,1.954824417,3.850179951,0.00037872,0.019069658,0.016954455,gabrg1/gabrg2/slc37a2/glra2/slc4a10a/xpr1a/gabrb3/slc12a7b/slc6a1a/slc6a22.1/slc25a24/ano5a/slc6a1b/ttyh3b/slc17a6b/slc17a6a/ttyh2/slc4a8/slc6a6a/clcn2b/gabrb4/clcn4/slc37a4b/ttyh1/slc18a2/slc37a1/slc26a11/clcn2a/si:ch211-117c9.5,29
BP,GO:0048488,synaptic vesicle endocytosis,11/1661,43/21022,0.255813953,3.237640536,4.302092728,0.000391099,0.01752468,0.015922438,sncb/dnm1b/nlgn2a/sh3gl3a/picalma/sh3gl2a/snap91a/dnm3a/itsn1/nlgn3a/snap91b,11
BP,GO:0140238,presynaptic endocytosis,11/1661,43/21022,0.255813953,3.237640536,4.302092728,0.000391099,0.01752468,0.015922438,sncb/dnm1b/nlgn2a/sh3gl3a/picalma/sh3gl2a/snap91a/dnm3a/itsn1/nlgn3a/snap91b,11
BP,GO:0099536,synaptic signaling,60/1661,487/21022,0.123203285,1.559289263,3.657642197,0.000395582,0.01752468,0.015922438,dmd/scn1lab/camk2g1/gabrg1/chrna11/gabrg2/dtnba/gria4b/caska/glra2/gabrb3/slc12a7b/sncb/napab/chrnb3a/dlgap4b/doc2g/gria1a/si:ch211-176g13.8/nalcn/camk2b1/rimbp2b/syt7a/cadpsb/camk2d2/grik1a/nlgn2a/apba2b/unc13a/slc17a6b/grin2aa/rims1a/dtnbp1a/slc17a6a/nrxn2a/dlg1b/grin3ba/gria1b/cadpsa/gria3b/grm8b/gabrb4/grin2da/trpm7/drd2a/grin2bb/stx3b/sv2a/camk2g2/gria2b/baiap3/snapin/nlgn3a/cacna1ab/rph3ab/dlg3/grid2/rap1ab/doc2a/dtnbb,60
BP,GO:0099173,postsynapse organization,12/1661,50/21022,0.24,3.037495485,4.224831013,0.000408266,0.01752468,0.015922438,gphna/gphnb/dbn1/ctnnd2a/arhgap44a/si:dkey-40c11.2/nlgn2a/dock10/ctnnd2b/nlgn3a/dbnlb/tanc2a,12
BP,GO:0045773,positive regulation of axon extension,7/1661,19/21022,0.368421053,4.662822016,4.678423798,0.000409052,0.01752468,0.015922438,dbn1/cdkl5/si:dkey-40c11.2/spast/cntn2/dscama/dbnlb,7
BP,GO:0030277,maintenance of gastrointestinal epithelium,6/1661,14/21022,0.428571429,5.42409908,4.850026572,0.000415558,0.01752468,0.015922438,tcf7l2/ptbp1a/cracd/mllt10/dot1l/cdipt,6
BP,GO:0032252,secretory granule localization,6/1661,14/21022,0.428571429,5.42409908,4.850026572,0.000415558,0.01752468,0.015922438,cadpsb/kif1aa/unc13a/cadpsa/baiap3/kif1b,6
BP,GO:0032253,dense core granule localization,6/1661,14/21022,0.428571429,5.42409908,4.850026572,0.000415558,0.01752468,0.015922438,cadpsb/kif1aa/unc13a/cadpsa/baiap3/kif1b,6
CC,GO:0030133,transport vesicle,38/1691,276/21740,0.137681159,1.770070021,3.739165216,0.000419942,0.014700227,0.012509445,sec24c/atp6v0a1b/exoc3l1/sytl1/ptprna/dclk2a/sec16b/scg3/klhl12/syt7a/cnstb/aftpha/unc13a/septin5b/sec31a/picalma/slc17a6b/dtnbp1a/slc17a6a/sec23a/clta/slc30a5/sec24b/rab3ip/clcn4/snap91a/stx3b/slc18a2/snapin/sybl1/rph3ab/septin2/svopa/ap1g2/snap91b/ptprn2/ptprn2/doc2a,38
BP,GO:0060627,regulation of vesicle-mediated transport,28/1661,180/21022,0.155555556,1.968747073,3.823178455,0.000422524,0.017567464,0.01596131,ptbp1a/map2k1/rubcn/doc2g/syt7a/cnstb/cadpsb/septin5b/rims1a/dtnbp1a/pacsin1a/smap1/cadpsa/pacsin2/msnb/cacna1ha/map2k2a/dmxl2/baiap3/rph3ab/mib2/bmp2k/septin2/sgip1b/mib1/pacsin3/rap1ab/doc2a,28
MF,GO:0080025,"phosphatidylinositol-3,5-bisphosphate binding",6/1639,14/20660,0.428571429,5.402248758,4.836688161,0.000424725,0.020198015,0.017957655,snx14/plekha5/wdr45b/hip1/wdr45/wipi1,6
CC,GO:0031252,cell leading edge,28/1691,183/21740,0.153005464,1.967083854,3.815405873,0.00043327,0.014700227,0.012509445,gabrg1/fermt2/carmil2/dbn1/gabrg2/myo1ca/parvb/sh3rf1/scrib/si:ch73-362m14.4/arhgap44a/nav3/si:dkey-40c11.2/kcnc4/cdc42bpb/abi3a/baiap2a/arhgef7a/pacsin2/myo6b/clcn2b/carmil3/tln2a/clasp2/dbnlb/hesx1/clcn2a/abi1a,28
BP,GO:0099072,regulation of postsynaptic membrane neurotransmitter receptor levels,10/1661,37/21022,0.27027027,3.420603023,4.316358979,0.000443412,0.018179896,0.016517749,gphna/gphnb/scrib/stx1b/arhgap44a/grip2b/grip1/dlg1b/stx3b/dlg3,10
BP,GO:1905475,regulation of protein localization to membrane,9/1661,31/21022,0.290322581,3.674389699,4.364520958,0.000478565,0.019352373,0.017583029,camk2g1/camk2b1/cnstb/camk2d2/zdhhc7/mffa/camk2g2/efcab7/gpc1b,9
MF,GO:0004721,phosphoprotein phosphatase activity,33/1639,226/20660,0.146017699,1.840589179,3.729827714,0.000479583,0.020600603,0.018315588,ptprea/cpped1/eya4/tns1a/dusp8a/ptprz1b/ptprua/ppm1db/tns1b/ptprna/cdc14ab/ctdspla/ctdsp2/ctdp1/ca16b/ptpmt1/ptpdc1a/ptpn22/dusp7/ppp3cca/ppp3ca/ptprsa/ctdsplb/dusp12/ptprt/ptprn2/ptprn2/mtmr14/ptpn18/tab1/cdkn3/ptprub/tns2a,33
MF,GO:0008509,monoatomic anion transmembrane transporter activity,27/1639,172/20660,0.156976744,1.97873065,3.78359882,0.000487452,0.020600603,0.018315588,gabrg1/gabrg2/glra2/slc4a10a/gabrb3/slc12a7b/slc6a1a/slc6a22.1/zgc:56235/ano5a/slc6a1b/ttyh3b/slc17a6b/slc17a6a/ttyh2/slc4a8/slc6a6a/clcn2b/gabrb4/clcn4/ttyh1/slc18a2/slc39a14/si:ch73-390b10.2/slc26a11/clcn2a/si:ch211-117c9.5,27
BP,GO:0006900,vesicle budding from membrane,12/1661,51/21022,0.235294118,2.97793675,4.142242568,0.000495968,0.019785087,0.017976181,sec24c/dnm1b/sec16b/klhl12/sec31a/picalma/sec23a/sec24b/snap91a/dnm3a/chmp5b/snap91b,12
BP,GO:0070593,dendrite self-avoidance,5/1661,10/21022,0.5,6.328115593,4.936140946,0.0005503,0.021427923,0.019468816,robo3/nexn/cntn3a.2/dscaml1/dscama,5
BP,GO:0006325,chromatin organization,58/1661,473/21022,0.122621564,1.551926868,3.55602144,0.000551667,0.021427923,0.019468816,baz1a/arid1b/ddx11/bag6l/kat2b/kmt2bb/meaf6/ppm1db/npm1a/kdm4aa/mbtd1/dpf3/waca/hdgfl2/nasp/smarcb1b/ehmt1b/dot1l/pbrm1/bmi1a/kmt2cb/ehmt2/kdm5bb/mbd1b/setd1a/atrxl/kansl3/morf4l1/kmt2e/kmt2ca/kdm2bb/chd3/tasor2/hcfc1a/chd5/atxn7l3a/abraxas1/smyd2a/prmt2/chd2/setd4/zgc:162255/ino80e/setb/usp22/si:ch211-13c6.2/kdm4ab/ezh1/prkcbb/hdac5/cbx1a/glyr1/yeats2/hcfc1a/ssrp1b/brd3a/hira/hmgn3,58
MF,GO:0015276,ligand-gated monoatomic ion channel activity,33/1639,228/20660,0.144736842,1.824443659,3.674518326,0.000562046,0.020600603,0.018315588,ryr2b/gabrg1/tmem63c/chrna11/gabrg2/gria4b/glra2/gabrb3/ryr3/chrnb3a/gria1a/kcnma1a/kcnh7/mcoln1b/grik1a/ttyh3b/grin2aa/ttyh2/grin3ba/gria1b/gria3b/tmem63ba/gabrb4/grin2da/kcnn2/ttyh1/grik3/grin2bb/asic4a/gria2b/kcnt1b/asic1c/grid2,33
MF,GO:0022834,ligand-gated channel activity,33/1639,228/20660,0.144736842,1.824443659,3.674518326,0.000562046,0.020600603,0.018315588,ryr2b/gabrg1/tmem63c/chrna11/gabrg2/gria4b/glra2/gabrb3/ryr3/chrnb3a/gria1a/kcnma1a/kcnh7/mcoln1b/grik1a/ttyh3b/grin2aa/ttyh2/grin3ba/gria1b/gria3b/tmem63ba/gabrb4/grin2da/kcnn2/ttyh1/grik3/grin2bb/asic4a/gria2b/kcnt1b/asic1c/grid2,33
CC,GO:0030658,transport vesicle membrane,25/1691,159/21740,0.157232704,2.021430511,3.754195055,0.000568828,0.016125721,0.013722497,sec24c/atp6v0a1b/ptprna/sec16b/scg3/klhl12/aftpha/unc13a/sec31a/slc17a6b/dtnbp1a/slc17a6a/sec23a/clta/slc30a5/sec24b/slc18a2/snapin/sybl1/rph3ab/svopa/ap1g2/ptprn2/ptprn2/doc2a,25
CC,GO:0030135,coated vesicle,26/1691,168/21740,0.154761905,1.989665174,3.739753266,0.000571479,0.016125721,0.013722497,sec24c/atp6v0a1b/sh3bp4a/sec16b/klhl12/aftpha/hip1/sec31a/picalma/tmed1b/epn3a/ergic3/sec23a/clta/slc30a5/sec24b/myo6b/dennd1a/epn3b/snap91a/epn1a/dbnlb/gak/ap1g2/snap91b/copz1,26
MF,GO:0016791,phosphatase activity,48/1639,372/20660,0.129032258,1.626483497,3.579224494,0.000574093,0.020600603,0.018315588,ptprea/cpped1/nt5c1aa/eya4/tns1a/dusp8a/nt5dc3/ptprz1b/ptprua/inpp4ab/ppm1db/tns1b/ptprna/cdc14ab/ctdspla/impa1/ctdsp2/acp2/nt5c2b/fra10ac1/ctdp1/lpin1a/ca16b/ptpmt1/ptpdc1a/pfkfb3/alpl/ptpn22/ppap2d/zfand1/inpp5l/dusp7/ppp3cca/inpp5e/ppp3ca/ptprsa/ctdsplb/dusp12/ptprt/ptprn2/ptprn2/mtmr14/ptpn18/inpp4b/tab1/cdkn3/ptprub/tns2a,48
CC,GO:0000407,phagophore assembly site,8/1691,26/21740,0.307692308,3.955784015,4.379602354,0.000577131,0.016125721,0.013722497,atg13/nbr1a/ulk1b/atg16l1/wdr45b/wdr45/wipi1/ulk2,8
MF,GO:0030276,clathrin binding,10/1639,38/20660,0.263157895,3.31717029,4.196737546,0.000577587,0.020600603,0.018315588,aftpha/hip1/picalma/epn3a/clta/epn3b/snap91a/epn1a/gak/snap91b,10
BP,GO:0022603,regulation of anatomical structure morphogenesis,47/1661,365/21022,0.128767123,1.629706481,3.554664204,0.000626029,0.024000477,0.021806168,hecw2a/prkd1/fermt2/ppp1r12a/ptprz1b/elmo1/krit1/adgrb3/dbn1/parvb/hif1ab/cdkl5/tnika/mydgf/camsap1b/ulk1b/arhgap44a/tiam1a/robo2/nedd4a/si:dkey-40c11.2/dpysl2b/spast/plxna2/rin2a/vegfaa/palm1a/myh10/tenm4/tncb/hecw1b/plxna3/mffa/cntn2/msnb/adgrb1a/chodl/pard3ab/dscama/meis1b/mia3/stat3/casp9/sec14l8/dbnlb/ulk2/tanc2a,47
BP,GO:1903076,regulation of protein localization to plasma membrane,6/1661,15/21022,0.4,5.062492474,4.61003042,0.000646423,0.024464611,0.022227866,camk2g1/camk2b1/cnstb/camk2d2/zdhhc7/camk2g2,6
BP,GO:0030705,cytoskeleton-dependent intracellular transport,21/1661,124/21022,0.169354839,2.143393991,3.740261747,0.000692327,0.025870233,0.023504975,kif23/ttc21b/ift88/dynlt2b/ccdc186/psen2/ccdc88aa/mapk8ip3/kif1aa/si:ch211-235m3.5/spast/dtnbp1a/kif5c/dync1i1b/ccdc88c/ift70/kif1b/ndel1b/rhot1b/hook1/ift57,21
CC,GO:0099513,polymeric cytoskeletal fiber,56/1691,465/21740,0.120430108,1.548285356,3.470911706,0.000728243,0.018670346,0.015887895,cenpe/slain1a/mid1/clasp1a/maptb/kif23/dbn1/tube1/specc1/clip2/camsap1b/kif2c/si:dkey-32e23.4/dnm1b/radil/si:dkey-40c11.2/macf1a/kif21a/cimip2b/myo9aa/apc/mid2/kif1aa/pdlim5a/golga2/spast/kifc3/camsap2a/klc3/kif2a/dctn1a/ttll1/clip1a/kif5c/dnm3a/wipf1b/shroom2b/dnai2b/snphb/krt92/camsap3/ift70/shroom1/kif1b/diaph2/gas7a/ndel1b/nckap5l/clasp2/hook1/dbnlb/iffo1a/map4l/mapre2/fgf13b/zgc:55461,56
CC,GO:0070971,endoplasmic reticulum exit site,7/1691,21/21740,0.333333333,4.285432683,4.374491077,0.000746814,0.018670346,0.015887895,sec24c/sec16b/sec31a/sec23a/sec24b/mppe1/mia3,7
CC,GO:0005925,focal adhesion,16/1691,86/21740,0.186046512,2.391869404,3.755985223,0.000879399,0.019298821,0.016422709,fermt2/evlb/ptk2bb/tns1a/map2k1/tns1b/parvb/nexn/arhgap24/map2k2a/vcla/enah/tln2a/itgbl1/tns2a/lasp1,16
CC,GO:0034045,phagophore assembly site membrane,6/1691,16/21740,0.375,4.821111768,4.440430351,0.000888619,0.019298821,0.016422709,ulk1b/atg16l1/wdr45b/wdr45/wipi1/ulk2,6
MF,GO:0008066,glutamate receptor activity,12/1639,54/20660,0.222222222,2.801166023,3.890283308,0.000890191,0.030080014,0.026743545,gria4b/gria1a/grik1a/grin2aa/grin3ba/gria1b/gria3b/grm8b/grin2da/grin2bb/gria2b/grid2,12
CC,GO:0098793,presynapse,38/1691,287/21740,0.132404181,1.702227616,3.477923811,0.00089384,0.019298821,0.016422709,ppfia3/atp6v0a1b/ppfibp1b/scrib/sncb/dclk2a/arhgap44a/adam23a/syt7a/hip1/grik1a/unc13a/sh3gl3a/kcnc4/septin5b/picalma/slc17a6b/rims1a/dtnbp1a/slc17a6a/sh3gl2a/clta/erc2/grk3/clcn4/snap91a/drd2a/stx3b/slc18a2/itsn1/gad1b/snapin/pcloa/rph3ab/septin2/svopa/snap91b/doc2a,38
BP,GO:0035249,"synaptic transmission, glutamatergic",17/1661,93/21022,0.182795699,2.313504625,3.718317337,0.000902959,0.032760562,0.029765337,gria4b/napab/gria1a/grik1a/unc13a/slc17a6b/grin2aa/slc17a6a/grin3ba/gria1b/gria3b/grm8b/grin2da/drd2a/grin2bb/gria2b/grid2,17
MF,GO:0003727,single-stranded RNA binding,11/1639,47/20660,0.234042553,2.950164215,3.928954164,0.000913645,0.030080014,0.026743545,ago4/zfr2/pabpc1a/strbp/si:ch211-197h24.6/u2af2b/ago1/khdrbs2/ilf3b/zfr/rbms3,11
BP,GO:0007164,establishment of tissue polarity,5/1661,11/21022,0.454545455,5.752832357,4.618203724,0.000943309,0.032760562,0.029765337,scrib/nphp1/ift70/stat3/fasn,5
BP,GO:0016185,synaptic vesicle budding from presynaptic endocytic zone membrane,5/1661,11/21022,0.454545455,5.752832357,4.618203724,0.000943309,0.032760562,0.029765337,dnm1b/picalma/snap91a/dnm3a/snap91b,5
BP,GO:0030242,autophagy of peroxisome,5/1661,11/21022,0.454545455,5.752832357,4.618203724,0.000943309,0.032760562,0.029765337,acbd5a/wdr45b/wdr45/pik3r4/wipi1,5
BP,GO:0045956,positive regulation of calcium ion-dependent exocytosis,5/1661,11/21022,0.454545455,5.752832357,4.618203724,0.000943309,0.032760562,0.029765337,ptbp1a/doc2g/cacna1ha/rph3ab/doc2a,5
BP,GO:1903307,positive regulation of regulated secretory pathway,5/1661,11/21022,0.454545455,5.752832357,4.618203724,0.000943309,0.032760562,0.029765337,ptbp1a/doc2g/cacna1ha/rph3ab/doc2a,5
BP,GO:0048670,regulation of collateral sprouting,6/1661,16/21022,0.375,4.746086695,4.390497604,0.000965437,0.032971941,0.029957391,ulk1b/robo2/plxna3/pard3ab/casp9/ulk2,6
BP,GO:0006887,exocytosis,30/1661,208/21022,0.144230769,1.82541796,3.504091324,0.000971734,0.032971941,0.029957391,exoc7/ptbp1a/exoc5/exoc3l1/sytl1/stxbp5l/stx1b/napab/doc2g/exoc6/dchs1b/syt7a/cadpsb/unc13a/septin5b/rims1a/dtnbp1a/llgl2/cadpsa/rab3ip/cacna1ha/stx3b/baiap3/snapin/sybl1/mical3a/rph3ab/septin2/rap1ab/doc2a,30
MF,GO:1902936,phosphatidylinositol bisphosphate binding,13/1639,62/20660,0.209677419,2.643035683,3.803275318,0.000987326,0.030520093,0.02713481,exoc7/zgc:92360/snx14/plekha5/wdr45b/hip1/picalma/wdr45/ttpal/snap91a/wipi1/svila/snap91b,13
MF,GO:0140993,histone modifying activity,26/1639,171/20660,0.152046784,1.916587279,3.532961877,0.000998321,0.030520093,0.02713481,kat2b/kmt2bb/meaf6/kdm6a/kdm4aa/ehmt1b/dot1l/kmt2cb/ehmt2/kdm5bb/setd1a/kmt2ca/kdm2bb/gtf3c4/smyd2a/prmt2/setd4/kdm4ab/ezh1/prkcbb/hdac5/kat7a/cdk10/riox2/clocka/kat14,26
CC,GO:0045211,postsynaptic membrane,31/1691,221/21740,0.140271493,1.803372124,3.486158107,0.000999686,0.020645687,0.017568851,dmd/shank2b/grid2ipb/gphna/gphnb/chrna11/dbn1/gria4b/scrib/chrnb3a/gria1a/kcnma1a/si:dkey-40c11.2/grik1a/nlgn2a/kcnc4/grin2aa/dlg1b/grin3ba/gria1b/gria3b/shank3b/grin2da/grik3/grin2bb/gria2b/nlgn3a/rph3ab/dlg3/dbnlb/grid2,31
MF,GO:0003729,mRNA binding,43/1639,333/20660,0.129129129,1.627704581,3.389754321,0.00106319,0.030578649,0.027186871,ptbp1a/msi2b/hnrnpl2/pcbp3/ddx3xb/ncbp3/casc3/celf3a/zgc:158803/ddx20/celf4/hnrnpl/syncrip/rbm42/celf2/ythdc1/myef2/znf638/msi1b/csdc2a/pabpc1a/ddx3xa/exosc8/ptbp2b/cpeb3/ddx19b/khdrbs2/lrpprc/eif4g3a/ilf3b/n4bp1/srrm4/atxn2/hnrpkl/rbpms2b/secisbp2/nudt21/rbms3/pcf11/eif4a3/qki2/carhsp1/snrnp70,43
MF,GO:0003712,transcription coregulator activity,44/1639,343/20660,0.128279883,1.616999628,3.38243628,0.001071682,0.030578649,0.027186871,casp8ap2/znf410/tle3a/bcor/crtc1b/tle2a/tbl1xr1a/med1l/gon4lb/yap1/med14/taf15/smarcb1b/zmiz1a/zmiz2/ncoa3/camta1b/ncor1/kmt2cb/lpin1a/smarcd2/ctbp2a/kmt2ca/mrtfbb/kdm2bb/hcfc1a/taf6l/atxn7l3a/pias4a/pprc1/setd4/si:ch211-13c6.2/akirin1/dyrk1b/rereb/supt3h/prkcbb/kat7a/hcfc1a/rerea/fus/cbfa2t3/ewsr1b/ncoa6,44
BP,GO:0051047,positive regulation of secretion,8/1661,28/21022,0.285714286,3.616066053,4.057212309,0.001105878,0.036680358,0.033326755,ptbp1a/doc2g/cadpsb/cadpsa/cacna1ha/baiap3/rph3ab/doc2a,8
BP,GO:1903532,positive regulation of secretion by cell,8/1661,28/21022,0.285714286,3.616066053,4.057212309,0.001105878,0.036680358,0.033326755,ptbp1a/doc2g/cadpsb/cadpsa/cacna1ha/baiap3/rph3ab/doc2a,8
BP,GO:0002098,tRNA wobble uridine modification,7/1661,22/21022,0.318181818,4.02698265,4.160631326,0.001121651,0.036790166,0.033426524,elp3/elp2/elp4/alkbh8/elp1/gtpbp3/ctu2,7
MF,GO:0032266,phosphatidylinositol-3-phosphate binding,7/1639,22/20660,0.318181818,4.010760442,4.14745029,0.00114861,0.031716444,0.028198461,bbs5/plekha5/wdr45b/zfyve28/wdr45/tecpr1b/wipi1,7
BP,GO:0048925,lateral line system development,26/1661,174/21022,0.149425287,1.891160982,3.457372698,0.001221553,0.039626641,0.036003666,anos1a/eya4/scrib/yap1/sh3pxd2aa/ctnnd1/apc/mcoln1b/aldh1l1/shtn3/abhd12/llgl2/wnk1b/gna13a/lrp5/erbb3b/setb/col17a1b/rtn4a/kif1b/itchb/stat3/ext2/cdh6/mib1/nsfa,26
BP,GO:0022600,digestive system process,9/1661,35/21022,0.257142857,3.254459448,3.909749012,0.00125722,0.040340368,0.036652139,tcf7l2/ptbp1a/tfap2b/cracd/mllt10/dot1l/cdipt/flna/shank3b,9
MF,GO:0004725,protein tyrosine phosphatase activity,20/1639,121/20660,0.165289256,2.083511918,3.508844984,0.001312941,0.03512118,0.031225545,ptprea/eya4/dusp8a/ptprz1b/ptprua/ptprna/cdc14ab/ca16b/ptpdc1a/ptpn22/dusp7/ptprsa/dusp12/ptprt/ptprn2/ptprn2/ptpn18/cdkn3/ptprub/tns2a,20
CC,GO:0099634,postsynaptic specialization membrane,15/1691,81/21740,0.185185185,2.380795935,3.61574701,0.001321413,0.026152956,0.022255369,gria4b/gria1a/grik1a/nlgn2a/grin2aa/dlg1b/grin3ba/gria1b/gria3b/grin2da/grin2bb/gria2b/nlgn3a/dlg3/grid2,15
BP,GO:0031346,positive regulation of cell projection organization,19/1661,113/21022,0.168141593,2.128038872,3.521634387,0.001329352,0.041766626,0.037947997,dbn1/cdkl5/tiam1a/robo2/si:dkey-40c11.2/spast/plxna2/pacsin1a/tenm4/tenm3/tncb/plxna3/cntn2/chodl/ddr1/akirin1/dscama/ddr2b/dbnlb,19
BP,GO:0048916,posterior lateral line development,16/1661,88/21022,0.181818182,2.301132943,3.582486057,0.001339029,0.041766626,0.037947997,anos1a/eya4/yap1/sh3pxd2aa/ctnnd1/apc/shtn3/abhd12/llgl2/wnk1b/lrp5/rtn4a/itchb/stat3/ext2/mib1,16
BP,GO:0017157,regulation of exocytosis,14/1661,72/21022,0.194444444,2.460933842,3.637076148,0.001344116,0.041766626,0.037947997,ptbp1a/doc2g/syt7a/cadpsb/septin5b/rims1a/dtnbp1a/cadpsa/cacna1ha/baiap3/rph3ab/septin2/rap1ab/doc2a,14
BP,GO:0032940,secretion by cell,39/1661,299/21022,0.130434783,1.650812763,3.319807884,0.001366947,0.042033622,0.038190583,exoc7/ptbp1a/exoc5/exoc3l1/sytl1/stxbp5l/caska/ptprna/stx1b/napab/doc2g/exoc6/dchs1b/syt7a/porcnl/cadpsb/unc13a/septin5b/trappc11/rims1a/dtnbp1a/llgl2/cadpsa/rab3ip/cacna1ha/trpm7/drd2a/stx3b/baiap3/snapin/sybl1/mical3a/rph3ab/mia3/septin2/ptprn2/ptprn2/rap1ab/doc2a,39
BP,GO:0051962,positive regulation of nervous system development,18/1661,105/21022,0.171428571,2.169639632,3.519205572,0.001402177,0.042672429,0.038770984,numb/dbn1/ncanb/cdkl5/tiam1a/robo2/si:dkey-40c11.2/gata3/spast/plxna2/tenm4/tncb/plxna3/cntn2/chodl/dscama/stat3/dbnlb,18
BP,GO:0048489,synaptic vesicle transport,8/1661,29/21022,0.275862069,3.49137412,3.932315043,0.001422548,0.042850632,0.038932895,dnm1b/picalma/dtnbp1a/kif5c/snap91a/dnm3a/snapin/snap91b,8
BP,GO:0007268,chemical synaptic transmission,56/1661,472/21022,0.118644068,1.501586751,3.228187507,0.001475324,0.043551561,0.039569739,camk2g1/gabrg1/chrna11/gabrg2/gria4b/caska/glra2/gabrb3/slc12a7b/sncb/napab/chrnb3a/dlgap4b/doc2g/gria1a/si:ch211-176g13.8/nalcn/camk2b1/rimbp2b/syt7a/cadpsb/camk2d2/grik1a/nlgn2a/apba2b/unc13a/slc17a6b/grin2aa/rims1a/dtnbp1a/slc17a6a/nrxn2a/dlg1b/grin3ba/gria1b/cadpsa/gria3b/grm8b/gabrb4/grin2da/trpm7/drd2a/grin2bb/stx3b/sv2a/camk2g2/gria2b/baiap3/snapin/nlgn3a/cacna1ab/rph3ab/dlg3/grid2/rap1ab/doc2a,56
BP,GO:0098916,anterograde trans-synaptic signaling,56/1661,472/21022,0.118644068,1.501586751,3.228187507,0.001475324,0.043551561,0.039569739,camk2g1/gabrg1/chrna11/gabrg2/gria4b/caska/glra2/gabrb3/slc12a7b/sncb/napab/chrnb3a/dlgap4b/doc2g/gria1a/si:ch211-176g13.8/nalcn/camk2b1/rimbp2b/syt7a/cadpsb/camk2d2/grik1a/nlgn2a/apba2b/unc13a/slc17a6b/grin2aa/rims1a/dtnbp1a/slc17a6a/nrxn2a/dlg1b/grin3ba/gria1b/cadpsa/gria3b/grm8b/gabrb4/grin2da/trpm7/drd2a/grin2bb/stx3b/sv2a/camk2g2/gria2b/baiap3/snapin/nlgn3a/cacna1ab/rph3ab/dlg3/grid2/rap1ab/doc2a,56
CC,GO:0005815,microtubule organizing center,47/1691,386/21740,0.121761658,1.565404167,3.255054503,0.001486758,0.028248401,0.024038528,dzip1/clasp1a/lrrc45/arhgef10/map2k1/ddx11/ccnd2a/kat2b/npm1a/specc1/bbs5/ift88/ttll7/yes1/kif2c/cep41/ccdc88aa/apc/gnai2b/ttll11/spast/ofd1/ttll5/lrmp/cetn3/kif2a/ttll1/rilp/mzt2b/usp20/usp33/ahi1/ccdc88c/brsk1b/cep43/ndel1b/odf2a/clasp2/hook1/ift57/fbxl7/mapre2/mib1/ttll4/rps7/rad51d/ccdc15,47
BP,GO:0044804,nucleophagy,7/1661,23/21022,0.304347826,3.851896448,4.008168525,0.001503404,0.043765403,0.03976403,atg13/ulk1b/wdr45b/wdr45/wipi1/atg4b/ulk2,7
BP,GO:0035459,vesicle cargo loading,5/1661,12/21022,0.416666667,5.273429661,4.337123278,0.001512219,0.043765403,0.03976403,sec24c/sec31a/sec23a/sec24b/mia3,5
BP,GO:0010976,positive regulation of neuron projection development,9/1661,36/21022,0.25,3.164057797,3.80629883,0.0015603,0.044718514,0.040630001,dbn1/si:dkey-40c11.2/pacsin1a/tenm4/tenm3/tncb/ddr1/ddr2b/dbnlb,9
BP,GO:0016050,vesicle organization,33/1661,243/21022,0.135802469,1.718747445,3.300766014,0.001584936,0.044987785,0.040874652,sec24c/gpr143/pikfyve/vamp4/agfg1a/stx1b/dnm1b/sec16b/doc2g/washc4/usp8/klhl12/syt7a/zdhhc20a/sec31a/picalma/spast/dtnbp1a/sec23a/sec24b/yipf4/snap91a/stx3b/dnm3a/dmxl2/atp13a2/sybl1/rph3ab/hook1/chmp5b/snap91b/gosr1/doc2a,33
BP,GO:0099537,trans-synaptic signaling,56/1661,474/21022,0.11814346,1.495250942,3.194311848,0.001624141,0.045661566,0.041486832,camk2g1/gabrg1/chrna11/gabrg2/gria4b/caska/glra2/gabrb3/slc12a7b/sncb/napab/chrnb3a/dlgap4b/doc2g/gria1a/si:ch211-176g13.8/nalcn/camk2b1/rimbp2b/syt7a/cadpsb/camk2d2/grik1a/nlgn2a/apba2b/unc13a/slc17a6b/grin2aa/rims1a/dtnbp1a/slc17a6a/nrxn2a/dlg1b/grin3ba/gria1b/cadpsa/gria3b/grm8b/gabrb4/grin2da/trpm7/drd2a/grin2bb/stx3b/sv2a/camk2g2/gria2b/baiap3/snapin/nlgn3a/cacna1ab/rph3ab/dlg3/grid2/rap1ab/doc2a,56
CC,GO:0030055,cell-substrate junction,16/1691,91/21740,0.175824176,2.260448009,3.499225572,0.001640838,0.029976849,0.025509385,fermt2/evlb/ptk2bb/tns1a/map2k1/tns1b/parvb/nexn/arhgap24/map2k2a/vcla/enah/tln2a/itgbl1/tns2a/lasp1,16
BP,GO:1990778,protein localization to cell periphery,22/1661,142/21022,0.154929577,1.96082455,3.364888098,0.00175344,0.048831648,0.04436708,camk2g1/ank3a/efr3bb/scrib/stx1b/arhgap44a/camk2b1/prkcz/cnstb/grip2b/camk2d2/si:ch211-126j24.1/golga7/arfrp1/grip1/zdhhc7/efr3a/arl13b/stx3b/camk2g2/efcab7/nsfa,22
BP,GO:0045927,positive regulation of growth,8/1661,30/21022,0.266666667,3.374994983,3.812799999,0.001807108,0.049643402,0.045104618,dbn1/cdkl5/si:dkey-40c11.2/spast/tncb/cntn2/dscama/dbnlb,8
BP,GO:0008654,phospholipid biosynthetic process,23/1661,152/21022,0.151315789,1.915087614,3.316430162,0.001919626,0.049643402,0.045104618,efr3bb/pi4kb/pip5k1ca/pip4k2aa/impa1/gpat3/gpam/cdipt/ptpmt1/dgkaa/agpat2/slc30a5/dpm1/pigv/mppe1/crls1/pcyt2/etnk2/pip5k1cb/pik3c2b/pik3cb/cds1/ptdss1a,23
BP,GO:0007269,neurotransmitter secretion,16/1661,91/21022,0.175824176,2.225271417,3.430880723,0.00192592,0.049643402,0.045104618,caska/napab/doc2g/syt7a/cadpsb/unc13a/rims1a/dtnbp1a/cadpsa/trpm7/stx3b/baiap3/snapin/rph3ab/rap1ab/doc2a,16
BP,GO:0099643,signal release from synapse,16/1661,91/21022,0.175824176,2.225271417,3.430880723,0.00192592,0.049643402,0.045104618,caska/napab/doc2g/syt7a/cadpsb/unc13a/rims1a/dtnbp1a/cadpsa/trpm7/stx3b/baiap3/snapin/rph3ab/rap1ab/doc2a,16
BP,GO:0048638,regulation of developmental growth,18/1661,108/21022,0.166666667,2.109371864,3.385463088,0.001945374,0.049643402,0.045104618,dbn1/wwc1/cdkl5/yap1/ulk1b/robo2/si:dkey-40c11.2/spast/tncb/plxna3/cntn2/pard3ab/dscama/casp9/sec14l8/ext2/dbnlb/ulk2,18
BP,GO:0062237,protein localization to postsynapse,6/1661,18/21022,0.333333333,4.218743729,4.001467168,0.001950757,0.049643402,0.045104618,scrib/stx1b/arhgap44a/grip2b/grip1/stx3b,6
BP,GO:0098877,neurotransmitter receptor transport to plasma membrane,6/1661,18/21022,0.333333333,4.218743729,4.001467168,0.001950757,0.049643402,0.045104618,scrib/stx1b/arhgap44a/grip2b/grip1/stx3b,6
BP,GO:0098969,neurotransmitter receptor transport to postsynaptic membrane,6/1661,18/21022,0.333333333,4.218743729,4.001467168,0.001950757,0.049643402,0.045104618,scrib/stx1b/arhgap44a/grip2b/grip1/stx3b,6
BP,GO:1903539,protein localization to postsynaptic membrane,6/1661,18/21022,0.333333333,4.218743729,4.001467168,0.001950757,0.049643402,0.045104618,scrib/stx1b/arhgap44a/grip2b/grip1/stx3b,6
BP,GO:1903540,establishment of protein localization to postsynaptic membrane,6/1661,18/21022,0.333333333,4.218743729,4.001467168,0.001950757,0.049643402,0.045104618,scrib/stx1b/arhgap44a/grip2b/grip1/stx3b,6
MF,GO:0003725,double-stranded RNA binding,10/1639,44/20660,0.227272727,2.864828887,3.634884163,0.001959558,0.050829758,0.04519173,ilf2/mrpl44/dhx9/sidt2/zfr2/strbp/si:ch211-197h24.6/adar/ilf3b/zfr,10
BP,GO:0002097,tRNA wobble base modification,7/1661,24/21022,0.291666667,3.691400763,3.864049099,0.001979211,0.049937018,0.045371388,elp3/elp2/elp4/alkbh8/elp1/gtpbp3/ctu2,7
CC,GO:0035097,histone methyltransferase complex,12/1691,60/21740,0.2,2.57125961,3.539477535,0.001980218,0.034837172,0.029645372,kmt2bb/kdm6a/kmt2cb/setd1a/kmt2ca/hcfc1a/tex10/ezh1/hcfc1a/ncoa6/trim37/dido1,12
BP,GO:0051345,positive regulation of hydrolase activity,14/1661,75/21022,0.186666667,2.362496488,3.462204502,0.002019616,0.050524633,0.045905279,zgc:92360/rab3gap1/ect2/scrib/arhgap44a/tiam1a/rap1gds1/myo9aa/hip1/tsc2/si:dkey-33c9.6/ralgapa2/baxa/chn1,14
MF,GO:0005315,phosphate transmembrane transporter activity,7/1639,24/20660,0.291666667,3.676530405,3.851168266,0.002025633,0.050998281,0.045341561,slc37a2/xpr1a/slc25a24/slc17a6b/slc17a6a/slc37a4b/slc37a1,7
BP,GO:0051046,regulation of secretion,20/1661,126/21022,0.158730159,2.008925585,3.327058506,0.002067637,0.05129129,0.046601842,ptbp1a/caska/ptprna/doc2g/syt7a/cadpsb/septin5b/rims1a/dtnbp1a/cadpsa/cacna1ha/trpm7/drd2a/baiap3/rph3ab/septin2/ptprn2/ptprn2/rap1ab/doc2a,20
BP,GO:0098876,vesicle-mediated transport to the plasma membrane,18/1661,109/21022,0.165137615,2.090019829,3.341851046,0.00216181,0.053013995,0.048167045,exoc5/scrib/stx1b/gga1/arhgap44a/exoc6/rab11fip4a/cnstb/grip2b/golga7/arfrp1/grip1/llgl2/vps50/dennd1a/dennd1c/stx3b/nsfa,18
CC,GO:0030027,lamellipodium,15/1691,85/21740,0.176470588,2.268758479,3.403725699,0.00217804,0.036948893,0.031442382,fermt2/carmil2/dbn1/parvb/sh3rf1/scrib/si:ch73-362m14.4/nav3/si:dkey-40c11.2/cdc42bpb/abi3a/arhgef7a/carmil3/dbnlb/abi1a,15
MF,GO:0005516,calmodulin binding,21/1639,135/20660,0.155555556,1.960816216,3.28770678,0.002197589,0.053746744,0.047785164,camk2g1/eef2k/ryr2b/strn3/mknk2b/ryr3/camsap1b/camk2b1/phka2/plcb3/camk2d2/unc13a/phka1a/camsap2a/kcnq5a/strn4/kcnn2/camk2g2/camsap3/ppp3cca/ppp3ca,21
BP,GO:0050804,modulation of chemical synaptic transmission,27/1661,191/21022,0.141361257,1.789100744,3.20879289,0.002274143,0.053013995,0.048167045,camk2g1/gria4b/caska/dlgap4b/gria1a/nalcn/camk2b1/camk2d2/grik1a/nlgn2a/grin2aa/rims1a/dtnbp1a/grin3ba/gria1b/gria3b/grm8b/grin2da/trpm7/drd2a/grin2bb/camk2g2/gria2b/baiap3/nlgn3a/grid2/rap1ab,27
BP,GO:0099177,regulation of trans-synaptic signaling,27/1661,191/21022,0.141361257,1.789100744,3.20879289,0.002274143,0.053013995,0.048167045,camk2g1/gria4b/caska/dlgap4b/gria1a/nalcn/camk2b1/camk2d2/grik1a/nlgn2a/grin2aa/rims1a/dtnbp1a/grin3ba/gria1b/gria3b/grm8b/grin2da/trpm7/drd2a/grin2bb/camk2g2/gria2b/baiap3/nlgn3a/grid2/rap1ab,27
BP,GO:0051056,regulation of small GTPase mediated signal transduction,22/1661,145/21022,0.151724138,1.920255766,3.256912663,0.002297619,0.053013995,0.048167045,cyth1a/inf2/dennd4a/rap1gap2b/stard13b/arhgap44a/garnl3/dennd4a/rasa2/tsc2/rap1gapa/dock10/dennd4c/ralgapa2/dock7/mmd/arhgap24/madd/iqsec2b/chn1/diaph2/iqsec1b,22
BP,GO:0048532,anatomical structure arrangement,5/1661,13/21022,0.384615385,4.867781225,4.085813099,0.002298323,0.053013995,0.048167045,camk2g1/pi4kb/exosc8/camk2g2/slc7a6os,5
BP,GO:0060729,intestinal epithelial structure maintenance,5/1661,13/21022,0.384615385,4.867781225,4.085813099,0.002298323,0.053013995,0.048167045,tcf7l2/ptbp1a/mllt10/dot1l/cdipt,5
BP,GO:0061001,regulation of dendritic spine morphogenesis,5/1661,13/21022,0.384615385,4.867781225,4.085813099,0.002298323,0.053013995,0.048167045,dbn1/arhgap44a/si:dkey-40c11.2/dbnlb/tanc2a,5
BP,GO:0070142,synaptic vesicle budding,5/1661,13/21022,0.384615385,4.867781225,4.085813099,0.002298323,0.053013995,0.048167045,dnm1b/picalma/snap91a/dnm3a/snap91b,5
BP,GO:0008610,lipid biosynthetic process,55/1661,471/21022,0.116772824,1.477903854,3.072430846,0.00229871,0.053013995,0.048167045,tlcd3ba/efr3bb/tle3a/pi4kb/aclya/lss/pip5k1ca/b4galt6/pip4k2aa/impa1/acsl1a/gpat3/tecrb/prkag2b/gpam/acaca/dgat1a/hacd3/apc/pla2g6/cdipt/gal3st4/lpin1a/ptpmt1/dgkaa/rdh8a/agpat2/slc30a5/mogat2/smpd4/dpm1/pigv/mppe1/st3gal5/hmgcll1/crls1/gbgt1l4/st6galnac6/pcyt2/ugcg/cers5/acacb/samhd1/b4galt5/etnk2/cers6/prkaa1/pip5k1cb/pik3c2b/abhd3/st6galnac5a/pik3cb/fasn/cds1/ptdss1a,55
CC,GO:0030136,clathrin-coated vesicle,16/1691,94/21740,0.170212766,2.188306051,3.353116444,0.002320067,0.037118359,0.031586593,atp6v0a1b/sh3bp4a/aftpha/hip1/picalma/epn3a/clta/myo6b/dennd1a/epn3b/snap91a/epn1a/dbnlb/gak/ap1g2/snap91b,16
MF,GO:0035255,ionotropic glutamate receptor binding,5/1639,13/20660,0.384615385,4.848171962,4.074038418,0.00233981,0.055635472,0.049464396,shank2b/dlg1b/shank3b/gnas/dlg3,5
BP,GO:0008038,neuron recognition,9/1661,38/21022,0.236842105,2.997528439,3.609842389,0.002341277,0.053577124,0.048678688,anos1a/robo3/nexn/robo2/tncb/cntn3a.2/dscaml1/erbb3b/dscama,9
CC,GO:0032588,trans-Golgi network membrane,7/1691,25/21740,0.28,3.599763454,3.777192763,0.002344317,0.037118359,0.031586593,scamp3/aftpha/arfip1/slc30a5/arfip2a/baiap3/scamp2,7
BP,GO:0017156,calcium-ion regulated exocytosis,11/1661,53/21022,0.20754717,2.626764963,3.473133643,0.002498295,0.056091592,0.050963264,ptbp1a/doc2g/dchs1b/syt7a/cadpsb/unc13a/cadpsa/cacna1ha/baiap3/rph3ab/doc2a,11
BP,GO:0036465,synaptic vesicle recycling,11/1661,53/21022,0.20754717,2.626764963,3.473133643,0.002498295,0.056091592,0.050963264,sncb/dnm1b/nlgn2a/sh3gl3a/picalma/sh3gl2a/snap91a/dnm3a/itsn1/nlgn3a/snap91b,11
BP,GO:0016236,macroautophagy,22/1661,146/21022,0.150684932,1.907103329,3.221492723,0.002508161,0.056091592,0.050963264,atg13/snx14/ufl1/ubxn2a/rab3gap1/nbr1a/rubcn/acbd5a/ulk1b/atg16l1/wdr45b/wdr45/rab33a/retreg3/tecpr1b/pik3r4/wipi1/atp13a2/wdfy3/atg4b/ulk2/tex264a,22
MF,GO:0022824,transmitter-gated monoatomic ion channel activity,16/1639,93/20660,0.172043011,2.168644663,3.315629019,0.002525425,0.056888512,0.050578448,gabrg1/chrna11/gabrg2/gria4b/glra2/chrnb3a/gria1a/grik1a/grin2aa/grin3ba/gria1b/gria3b/grin2da/grin2bb/gria2b/grid2,16
MF,GO:0022835,transmitter-gated channel activity,16/1639,93/20660,0.172043011,2.168644663,3.315629019,0.002525425,0.056888512,0.050578448,gabrg1/chrna11/gabrg2/gria4b/glra2/chrnb3a/gria1a/grik1a/grin2aa/grin3ba/gria1b/gria3b/grin2da/grin2bb/gria2b/grid2,16
BP,GO:0010669,epithelial structure maintenance,7/1661,25/21022,0.28,3.543744732,3.727455928,0.002563649,0.056476795,0.051313248,tcf7l2/ptbp1a/cracd/mllt10/dot1l/cdipt/fras1,7
BP,GO:0030307,positive regulation of cell growth,7/1661,25/21022,0.28,3.543744732,3.727455928,0.002563649,0.056476795,0.051313248,dbn1/cdkl5/si:dkey-40c11.2/spast/cntn2/dscama/dbnlb,7
BP,GO:0140352,export from cell,42/1661,340/21022,0.123529412,1.563416794,3.067754411,0.002609297,0.057056638,0.051840077,exoc7/ptbp1a/exoc5/exoc3l1/sytl1/stxbp5l/caska/ptprna/stx1b/napab/atp1b3a/doc2g/exoc6/dchs1b/syt7a/porcnl/cadpsb/unc13a/septin5b/trappc11/rims1a/dtnbp1a/llgl2/cadpsa/rab3ip/cacna1ha/trpm7/drd2a/stx3b/baiap3/snapin/slc47a1/sybl1/mical3a/rph3ab/mia3/septin2/ptprn2/ptprn2/slc47a2.1/rap1ab/doc2a,42
BP,GO:0048668,collateral sprouting,6/1661,19/21022,0.315789474,3.996704585,3.827609964,0.002662313,0.057787858,0.052504444,ulk1b/robo2/plxna3/pard3ab/casp9/ulk2,6
BP,GO:0048193,Golgi vesicle transport,30/1661,222/21022,0.135135135,1.710301512,3.116270644,0.002713104,0.058460459,0.05311555,sec24c/cog7/scfd1/exoc5/spire2/nbas/cog6/gga1/sec16b/exoc6/klhl12/cnstb/sec31a/spast/tmed1b/golga7/arfrp1/ergic3/llgl2/sec23a/sec24b/vps54/yipf4/mppe1/sec22a/mia3/ap1g2/gosr1/copz1/nsfa,30
MF,GO:0030374,nuclear receptor coactivator activity,6/1639,19/20660,0.315789474,3.980604348,3.815427592,0.002717233,0.059639771,0.053024538,zmiz1a/zmiz2/ncoa3/pprc1/prkcbb/ncoa6,6
BP,GO:0006644,phospholipid metabolic process,38/1661,301/21022,0.126245847,1.597796628,3.059700823,0.002790036,0.059682509,0.054225871,efr3bb/plb1/plcg2/pi4kb/pip5k1ca/pikfyve/pip4k2aa/impa1/pnpla6/gpat3/gpam/plcb3/pla2g6/cdipt/ptpmt1/dgkaa/abhd12/agpat2/slc30a5/ppap2d/smpd4/dpm1/pigv/mppe1/mtmr11/crls1/inpp5l/pcyt2/dnajc19/plch2a/inpp5e/etnk2/pip5k1cb/pik3c2b/abhd3/pik3cb/cds1/ptdss1a,38
BP,GO:0010970,transport along microtubule,17/1661,103/21022,0.165048544,2.088892526,3.244746548,0.002846152,0.060444889,0.054918549,kif23/ttc21b/ift88/dynlt2b/psen2/mapk8ip3/kif1aa/si:ch211-235m3.5/spast/dtnbp1a/kif5c/dync1i1b/ift70/kif1b/ndel1b/rhot1b/ift57,17
CC,GO:0030662,coated vesicle membrane,16/1691,96/21740,0.166666667,2.142716341,3.25874606,0.002891676,0.043139068,0.036710032,sec24c/atp6v0a1b/sec16b/klhl12/aftpha/sec31a/epn3a/sec23a/clta/slc30a5/sec24b/epn3b/epn1a/dbnlb/ap1g2/copz1,16
CC,GO:1990752,microtubule end,7/1691,26/21740,0.269230769,3.461311013,3.646938833,0.002995386,0.043139068,0.036710032,slain1a/clip2/camsap1b/camsap2a/clip1a/nckap5l/mapre2,7
CC,GO:0098839,postsynaptic density membrane,13/1691,71/21740,0.183098592,2.353970065,3.318669694,0.00299703,0.043139068,0.036710032,gria4b/gria1a/grik1a/grin2aa/dlg1b/grin3ba/gria1b/gria3b/grin2da/grin2bb/gria2b/dlg3/grid2,13
MF,GO:0008514,organic anion transmembrane transporter activity,38/1639,302/20660,0.125827815,1.586090695,3.011814325,0.00315969,0.067617373,0.060117266,slc13a5a/slc37a2/gria4b/slc38a6/slc6a1a/slc6a22.1/slc25a24/slc25a26/gria1a/slc3a2b/slc35b1/slc38a3a/grik1a/slc6a1b/slc35d1a/slc17a6b/grin2aa/slc17a6a/slc23a1/slc27a6/slco1e1/slc7a8a/grin3ba/gria1b/slc4a8/gria3b/slc7a10a/slc6a6a/grin2da/slc37a4b/grin2bb/slc7a11/gria2b/slc37a1/slc16a3a/slc7a5/grid2/si:ch211-117c9.5,38
CC,GO:0045178,basal part of cell,22/1691,151/21740,0.145695364,1.873103027,3.12667637,0.003169353,0.044277719,0.03767899,clasp1a/numb/caska/slc4a10a/scrib/slc3a2b/slc9a1b/cacna1da/palm1a/slco1e1/slc7a8a/dstyk/dlg1b/slc4a8/clcn2b/erbb3b/slc16a3a/dlg3/slc39a14/clasp2/clcn2a/phldb2b,22
BP,GO:0030516,regulation of axon extension,10/1661,47/21022,0.212765957,2.692815146,3.402946256,0.003196575,0.067402071,0.061239651,dbn1/cdkl5/robo2/si:dkey-40c11.2/spast/tncb/cntn2/dscama/ext2/dbnlb,10
BP,GO:0010720,positive regulation of cell development,18/1661,113/21022,0.159292035,2.016036826,3.171974224,0.003240187,0.067619061,0.061436802,numb/dbn1/ncanb/cdkl5/tiam1a/robo2/si:dkey-40c11.2/gata3/spast/plxna2/tenm4/plxna3/cntn2/chodl/dscama/stat3/smad2/dbnlb,18
BP,GO:0071248,cellular response to metal ion,7/1661,26/21022,0.269230769,3.407446858,3.597681484,0.003272069,0.067619061,0.061436802,cpne4b/slc25a24/cpne4a/mtf1/atp13a2/cpne1/cpne2,7
BP,GO:0071322,cellular response to carbohydrate stimulus,5/1661,14/21022,0.357142857,4.520082566,3.858976409,0.003344303,0.067619061,0.061436802,abcc8/ptprna/slc39a14/ptprn2/ptprn2,5
BP,GO:0071326,cellular response to monosaccharide stimulus,5/1661,14/21022,0.357142857,4.520082566,3.858976409,0.003344303,0.067619061,0.061436802,abcc8/ptprna/slc39a14/ptprn2/ptprn2,5
BP,GO:0071331,cellular response to hexose stimulus,5/1661,14/21022,0.357142857,4.520082566,3.858976409,0.003344303,0.067619061,0.061436802,abcc8/ptprna/slc39a14/ptprn2/ptprn2,5
BP,GO:0071333,cellular response to glucose stimulus,5/1661,14/21022,0.357142857,4.520082566,3.858976409,0.003344303,0.067619061,0.061436802,abcc8/ptprna/slc39a14/ptprn2/ptprn2,5
MF,GO:0016866,intramolecular transferase activity,7/1639,26/20660,0.269230769,3.393720374,3.585055051,0.003346931,0.068382334,0.060797377,mmut/lss/pgm2l1/pgm2/dkc1/pgm3/rpusd4,7
MF,GO:0046943,carboxylic acid transmembrane transporter activity,31/1639,234/20660,0.132478632,1.669925898,3.025314186,0.003360182,0.068382334,0.060797377,slc13a5a/gria4b/slc38a6/slc6a1a/slc6a22.1/slc25a26/gria1a/slc3a2b/slc38a3a/grik1a/slc6a1b/slc17a6b/grin2aa/slc17a6a/slc23a1/slc27a6/slco1e1/slc7a8a/grin3ba/gria1b/gria3b/slc7a10a/slc6a6a/grin2da/grin2bb/slc7a11/gria2b/slc16a3a/slc7a5/grid2/si:ch211-117c9.5,31
MF,GO:0003713,transcription coactivator activity,21/1639,140/20660,0.15,1.890787065,3.104392987,0.003435094,0.068382334,0.060797377,crtc1b/yap1/smarcb1b/zmiz1a/zmiz2/ncoa3/kmt2cb/lpin1a/ctbp2a/kmt2ca/mrtfbb/hcfc1a/taf6l/atxn7l3a/pprc1/setd4/dyrk1b/supt3h/prkcbb/hcfc1a/ncoa6,21
BP,GO:0061024,membrane organization,53/1661,459/21022,0.11546841,1.461394886,2.927409594,0.003449392,0.068698477,0.06241753,sec24c/sh3glb1b/gphna/ubxn2a/gphnb/spire2/kif23/bag6l/pikfyve/vamp4/stx1b/dnm1b/sec16b/doc2g/dchs1b/klhl12/syt7a/hace1/myrf/micu1/nlgn2a/sec31a/picalma/spast/baiap2l2a/pacsin1a/ctbp2a/dnajc11b/samm50/baiap2a/sec23a/sec24b/immt/pacsin2/yipf4/adgrb1a/snap91a/stx3b/dnm3a/atp13a2/sybl1/nlgn3a/apool/rph3ab/zgc:113278/vcpip1/sgip1b/chmp5b/snap91b/gosr1/pacsin3/nsfa/doc2a,53
BP,GO:0008045,motor neuron axon guidance,12/1661,63/21022,0.19047619,2.410710702,3.284509836,0.003457778,0.068698477,0.06241753,ppp1r12a/hif1ab/vegfaa/nrxn2a/plxna3/plod3/chodl/rest/chn1/kif1b/stat3/col15a1b,12
BP,GO:0097479,synaptic vesicle localization,8/1661,33/21022,0.242424242,3.068177257,3.482542812,0.003467504,0.068698477,0.06241753,dnm1b/picalma/dtnbp1a/kif5c/snap91a/dnm3a/snapin/snap91b,8
BP,GO:0045055,regulated exocytosis,17/1661,105/21022,0.161904762,2.049104097,3.156538888,0.003496674,0.068814543,0.062522984,ptbp1a/napab/doc2g/dchs1b/syt7a/cadpsb/unc13a/rims1a/dtnbp1a/cadpsa/cacna1ha/stx3b/baiap3/snapin/rph3ab/rap1ab/doc2a,17
BP,GO:0010638,positive regulation of organelle organization,22/1661,150/21022,0.146666667,1.856247241,3.082551856,0.003520604,0.068826647,0.062533981,slain1a/arhgef10/evlb/rab3gap1/lnpk/cracd/si:ch73-362m14.4/doc2g/syt7a/micu1/spast/baiap2l2a/baiap2a/mffa/wdr45/clip1a/tnksa/si:ch211-13c6.2/rph3ab/limk1a/tesk1b/doc2a,22
CC,GO:0019898,extrinsic component of membrane,21/1691,143/21740,0.146853147,1.887987825,3.094023039,0.003529356,0.0478984,0.040760078,kalrnb/dchs1b/apc/gnai2b/picalma/gnao1a/gnav1/mcf2a/gna13a/snap91a/trioa/gnas/pik3r1/cdh11/pik3r4/rph3ab/mcf2la/cdh6/snap91b/pik3cb/doc2a,21
MF,GO:0005342,organic acid transmembrane transporter activity,31/1639,235/20660,0.131914894,1.66281983,2.999686328,0.003584509,0.068892298,0.061250777,slc13a5a/gria4b/slc38a6/slc6a1a/slc6a22.1/slc25a26/gria1a/slc3a2b/slc38a3a/grik1a/slc6a1b/slc17a6b/grin2aa/slc17a6a/slc23a1/slc27a6/slco1e1/slc7a8a/grin3ba/gria1b/gria3b/slc7a10a/slc6a6a/grin2da/grin2bb/slc7a11/gria2b/slc16a3a/slc7a5/grid2/si:ch211-117c9.5,31
BP,GO:1902903,regulation of supramolecular fiber organization,29/1661,217/21022,0.133640553,1.691385735,2.998568892,0.003716424,0.072176876,0.065577906,slain1a/clasp1a/arhgef10/evlb/carmil2/dbn1/cracd/neb/camsap1b/si:ch73-362m14.4/si:ch211-176g13.8/si:dkey-40c11.2/apc/spast/baiap2l2a/camsap2a/arfip1/baiap2a/add3a/clip1a/smyd2a/arfip2a/carmil3/svila/limk1a/colgalt1b/clasp2/tesk1b/dbnlb,29
MF,GO:0015297,antiporter activity,18/1639,114/20660,0.157894737,1.990302174,3.112318026,0.003724024,0.068892298,0.061250777,slc37a2/slc4a10a/slc25a24/slc25a26/slc35d1a/slc17a6b/slc9a1b/slc17a6a/slc24a3/slc44a5b/slc7a8a/slc4a8/slc30a5/slc37a4b/slc37a1/slc47a1/slc8b1/slc47a2.1,18
MF,GO:0015108,chloride transmembrane transporter activity,21/1639,141/20660,0.14893617,1.877377228,3.068635258,0.003742054,0.068892298,0.061250777,gabrg1/gabrg2/glra2/gabrb3/slc12a7b/slc6a1a/slc6a22.1/ano5a/slc6a1b/ttyh3b/slc17a6b/slc17a6a/ttyh2/slc6a6a/clcn2b/gabrb4/clcn4/ttyh1/slc18a2/clcn2a/si:ch211-117c9.5,21
BP,GO:0018193,peptidyl-amino acid modification,25/1661,179/21022,0.139664804,1.767630054,3.020966997,0.003799941,0.073316517,0.066613352,ndufaf7/setd6/bag6l/kat2b/ranbp2/dph2/cep41/zmiz1a/zmiz2/zfyve28/senp7b/vegfaa/asph/fer/zdhhc7/ppil4/pias4a/smyd2a/prmt2/setd4/ppib/ift70/mad2l2/agtpbp1/ppiab,25
BP,GO:0023061,signal release,21/1661,142/21022,0.147887324,1.871696161,3.052753012,0.00388827,0.074533597,0.067719157,caska/ptprna/napab/doc2g/syt7a/porcnl/cadpsb/unc13a/rims1a/dtnbp1a/cadpsa/trpm7/drd2a/stx3b/baiap3/snapin/rph3ab/ptprn2/ptprn2/rap1ab/doc2a,21
MF,GO:0004843,cysteine-type deubiquitinase activity,16/1639,97/20660,0.164948454,2.079216017,3.127364222,0.00390102,0.068892298,0.061250777,usp54b/otub1a/usp37/usp8/lmo7a/usp2a/usp20/usp33/usp5/usp22/usp43b/usp54a/usp25/otud5b/vcpip1/usp4,16
CC,GO:0099503,secretory vesicle,32/1691,251/21740,0.12749004,1.63904995,2.957391297,0.003933033,0.051894186,0.044160371,atp6v0a1b/iqub/sytl1/ptprna/spag6/dclk2a/scg3/syt7a/unc13a/septin5b/picalma/slc17a6b/dtnbp1a/slc17a6a/clta/anxa4/slc30a5/rab3ip/clcn4/snap91a/stx3b/slc18a2/baiap3/cyb561/snapin/rph3ab/septin2/svopa/snap91b/ptprn2/ptprn2/doc2a,32
MF,GO:0035591,signaling adaptor activity,13/1639,72/20660,0.180555556,2.275947393,3.183606548,0.004024083,0.068892298,0.061250777,shank2b/mapk8ip1a/sh3rf1/mapk8ip2/sh2b1/mapk8ip3/abi3a/shank3b/magi2a/socs7/gab2/socs7/abi1a,13
MF,GO:0099529,neurotransmitter receptor activity involved in regulation of postsynaptic membrane potential,13/1639,72/20660,0.180555556,2.275947393,3.183606548,0.004024083,0.068892298,0.061250777,chrna11/gria4b/chrnb3a/gria1a/grik1a/grin2aa/grin3ba/gria1b/gria3b/grin2da/grin2bb/gria2b/grid2,13
MF,GO:1904315,transmitter-gated monoatomic ion channel activity involved in regulation of postsynaptic membrane potential,13/1639,72/20660,0.180555556,2.275947393,3.183606548,0.004024083,0.068892298,0.061250777,chrna11/gria4b/chrnb3a/gria1a/grik1a/grin2aa/grin3ba/gria1b/gria3b/grin2da/grin2bb/gria2b/grid2,13
BP,GO:0007586,digestion,9/1661,41/21022,0.219512195,2.77819709,3.338153794,0.004061668,0.077355117,0.070282712,tcf7l2/ptbp1a/tfap2b/cracd/mllt10/dot1l/cdipt/flna/shank3b,9
MF,GO:0098632,cell-cell adhesion mediator activity,8/1639,34/20660,0.235294118,2.965940495,3.367671891,0.004330497,0.072684414,0.064622272,nrcama/robo3/nexn/nfasca/cntn2/cntn3a.2/dscaml1/dscama,8
BP,GO:0006470,protein dephosphorylation,23/1661,162/21022,0.141975309,1.796872329,2.982199626,0.004366966,0.082636441,0.075081177,ptprea/ppp2r5cb/dusp8a/ptprz1b/ptprua/ppm1db/ptprna/cdc14ab/ca16b/ptpmt1/ptpdc1a/ptpn22/ppp2r5d/dusp7/ptprsa/dusp12/ptprt/ptprn2/ptprn2/ptpn18/tab1/cdkn3/ptprub,23
BP,GO:1902905,positive regulation of supramolecular fiber organization,12/1661,65/21022,0.184615385,2.336534988,3.160967742,0.004510716,0.084812946,0.077058689,slain1a/arhgef10/evlb/cracd/si:ch73-362m14.4/spast/baiap2l2a/baiap2a/clip1a/limk1a/colgalt1b/tesk1b,12
BP,GO:0046903,secretion,39/1661,320/21022,0.121875,1.542478176,2.864169514,0.004562482,0.085211117,0.077420456,exoc7/ptbp1a/exoc5/exoc3l1/sytl1/stxbp5l/caska/ptprna/stx1b/napab/doc2g/exoc6/dchs1b/syt7a/porcnl/cadpsb/unc13a/septin5b/trappc11/rims1a/dtnbp1a/llgl2/cadpsa/rab3ip/cacna1ha/trpm7/drd2a/stx3b/baiap3/snapin/sybl1/mical3a/rph3ab/mia3/septin2/ptprn2/ptprn2/rap1ab/doc2a,39
BP,GO:0040008,regulation of growth,21/1661,144/21022,0.145833333,1.845700381,2.982640672,0.004589623,0.085211117,0.077420456,dbn1/wwc1/sh3bp4a/cdkl5/yap1/ulk1b/osgn1/robo2/si:dkey-40c11.2/spast/tncb/plxna3/cntn2/igfbp7/pard3ab/dscama/casp9/sec14l8/ext2/dbnlb/ulk2,21
BP,GO:0090114,COPII-coated vesicle budding,6/1661,21/21022,0.285714286,3.616066053,3.513063299,0.004644553,0.085692004,0.077857376,sec24c/sec16b/klhl12/sec31a/sec23a/sec24b,6
BP,GO:0035330,regulation of hippo signaling,5/1661,15/21022,0.333333333,4.218743729,3.652562213,0.004693243,0.086052512,0.078184924,wwc1/adgrl2a/schip1/frmd6/slmapa,5
BP,GO:0072329,monocarboxylic acid catabolic process,14/1661,82/21022,0.170731707,2.160819959,3.084828779,0.004724701,0.086094546,0.078223114,zgc:85777/acox3/fah/decr1/cyp26b1/lpin1a/acadm/ech1/acaa1/hoga1/phyh/acot7/acad11/abhd3,14
MF,GO:0008139,nuclear localization sequence binding,5/1639,15/20660,0.333333333,4.201749034,3.641270351,0.004775371,0.078609951,0.06989055,kpnb3/nup98/nup58/tnpo1/kpnb1,5
MF,GO:0022836,gated channel activity,48/1639,413/20660,0.11622276,1.465016612,2.802144998,0.004946256,0.079886702,0.071025683,ryr2b/gabrg1/tmem63c/hcn4/chrna11/gabrg2/gria4b/glra2/gabrb3/ryr3/tmem266/chrnb3a/gria1a/kcnma1a/kcnh7/mcoln1b/kcnk6/cacna2d2b/zgc:56235/grik1a/ttyh3b/kcnc4/cacna1da/grin2aa/ttyh2/grin3ba/gria1b/gria3b/tmem63ba/kcnq5a/clcn2b/gabrb4/grin2da/cacna1ha/clcn4/kcnn2/ttyh1/grik3/grin2bb/asic4a/piezo1/gria2b/cacna1ab/kcnt1b/si:ch73-390b10.2/asic1c/clcn2a/grid2,48
CC,GO:0005813,centrosome,33/1691,265/21740,0.124528302,1.600972965,2.858620561,0.004958794,0.063660197,0.054172888,dzip1/clasp1a/lrrc45/arhgef10/map2k1/ddx11/kat2b/npm1a/bbs5/yes1/kif2c/cep41/ccdc88aa/apc/gnai2b/spast/ofd1/lrmp/kif2a/mzt2b/usp20/usp33/ccdc88c/brsk1b/cep43/ndel1b/odf2a/clasp2/hook1/fbxl7/mib1/rps7/ccdc15,33
BP,GO:0061951,establishment of protein localization to plasma membrane,8/1661,35/21022,0.228571429,2.892852843,3.282640341,0.005105222,0.091990419,0.083579941,scrib/arhgap44a/cnstb/grip2b/golga7/arfrp1/grip1/nsfa,8
BP,GO:1903305,regulation of regulated secretory pathway,10/1661,50/21022,0.2,2.531246237,3.175102296,0.005110579,0.091990419,0.083579941,ptbp1a/doc2g/syt7a/rims1a/dtnbp1a/cacna1ha/baiap3/rph3ab/rap1ab/doc2a,10
MF,GO:0016881,acid-amino acid ligase activity,7/1639,28/20660,0.25,3.151311775,3.343791253,0.005239664,0.081548219,0.072502905,ttll7/cep41/ttll11/ttll5/ttll1/ift70/ttll4,7
MF,GO:0052742,phosphatidylinositol kinase activity,7/1639,28/20660,0.25,3.151311775,3.343791253,0.005239664,0.081548219,0.072502905,pi4kb/pip5k1ca/pikfyve/pip4k2aa/pip5k1cb/pik3c2b/pik3cb,7
CC,GO:0034708,methyltransferase complex,13/1691,76/21740,0.171052632,2.199103614,3.041160994,0.005491582,0.068644781,0.058414617,kmt2bb/kdm6a/wdr4/kmt2cb/setd1a/kmt2ca/hcfc1a/tex10/ezh1/hcfc1a/ncoa6/trim37/dido1,13
BP,GO:0001736,establishment of planar polarity,4/1661,10/21022,0.4,5.062492474,3.763626201,0.005533951,0.096781556,0.087933035,scrib/nphp1/ift70/stat3,4
BP,GO:0019321,pentose metabolic process,4/1661,10/21022,0.4,5.062492474,3.763626201,0.005533951,0.096781556,0.087933035,xylb/dcxr/fggy/rpia,4
BP,GO:0061550,cranial ganglion development,4/1661,10/21022,0.4,5.062492474,3.763626201,0.005533951,0.096781556,0.087933035,kif1b/cdh6/mib1/oxr1b,4
BP,GO:0090110,COPII-coated vesicle cargo loading,4/1661,10/21022,0.4,5.062492474,3.763626201,0.005533951,0.096781556,0.087933035,sec24c/sec31a/sec23a/sec24b,4
BP,GO:0006661,phosphatidylinositol biosynthetic process,13/1661,75/21022,0.173333333,2.193746739,3.033398889,0.005573464,0.096781556,0.087933035,efr3bb/pi4kb/pip5k1ca/pip4k2aa/impa1/cdipt/slc30a5/dpm1/pigv/mppe1/pip5k1cb/pik3c2b/pik3cb,13
BP,GO:0016079,synaptic vesicle exocytosis,13/1661,75/21022,0.173333333,2.193746739,3.033398889,0.005573464,0.096781556,0.087933035,napab/doc2g/syt7a/cadpsb/unc13a/rims1a/dtnbp1a/cadpsa/stx3b/snapin/rph3ab/rap1ab/doc2a,13
MF,GO:0005078,MAP-kinase scaffold activity,4/1639,10/20660,0.4,5.042098841,3.752963606,0.005614803,0.082844544,0.073655442,mapk8ip1a/sh3rf1/mapk8ip2/mapk8ip3,4
MF,GO:0005545,1-phosphatidylinositol binding,4/1639,10/20660,0.4,5.042098841,3.752963606,0.005614803,0.082844544,0.073655442,picalma/snap91a/eea1/snap91b,4
MF,GO:0032050,clathrin heavy chain binding,4/1639,10/20660,0.4,5.042098841,3.752963606,0.005614803,0.082844544,0.073655442,picalma/clta/snap91a/snap91b,4
BP,GO:0072384,organelle transport along microtubule,9/1661,43/21022,0.209302326,2.64897862,3.170330005,0.005670051,0.097882991,0.088933769,kif23/psen2/kif1aa/si:ch211-235m3.5/spast/dtnbp1a/kif1b/ndel1b/rhot1b,9
MF,GO:0050839,cell adhesion molecule binding,28/1639,213/20660,0.131455399,1.657027788,2.829346862,0.00571008,0.082844544,0.073655442,fermt2/nrcama/tjp1b/robo3/pkp4/nexn/ctnnd2a/ctnnd1/dchs1b/ctnnd2b/tenm4/tenm3/nfasca/cntn2/cntn3a.2/postnb/gna13a/msnb/dscaml1/dscama/cdh11/tln2a/nisch/tjp2b/arvcfb/cdh6/itga8/itgbl1,28
CC,GO:0043197,dendritic spine,15/1691,94/21740,0.159574468,2.051536923,2.967186563,0.005842909,0.069384539,0.059044129,shank2b/ptk2bb/gria4b/arhgap44a/gria1a/usp8/apba2b/si:dkey-33c9.6/gria1b/gria3b/shank3b/clcn2b/gria2b/clcn2a/tanc2a,15
CC,GO:0044309,neuron spine,15/1691,94/21740,0.159574468,2.051536923,2.967186563,0.005842909,0.069384539,0.059044129,shank2b/ptk2bb/gria4b/arhgap44a/gria1a/usp8/apba2b/si:dkey-33c9.6/gria1b/gria3b/shank3b/clcn2b/gria2b/clcn2a/tanc2a,15
MF,GO:0005452,solute:inorganic anion antiporter activity,6/1639,22/20660,0.272727273,3.437794664,3.358165614,0.006083671,0.085570127,0.076078703,slc37a2/slc4a10a/slc25a24/slc4a8/slc37a4b/slc37a1,6
MF,GO:0106310,protein serine kinase activity,11/1639,59/20660,0.186440678,2.350130816,3.048492679,0.006116649,0.085570127,0.076078703,spega/stk3/camk2d2/csnk1g1/dstyk/nek8/trioa/tlk2/prkcbb/rps6kal/cdk20,11
BP,GO:0048920,posterior lateral line neuromast primordium migration,8/1661,36/21022,0.222222222,2.812495819,3.18794661,0.006118056,0.10500292,0.095402739,anos1a/sh3pxd2aa/ctnnd1/apc/shtn3/itchb/ext2/mib1,8
CC,GO:0016328,lateral plasma membrane,10/1691,52/21740,0.192307692,2.472365009,3.087113768,0.00611997,0.069531465,0.059169158,slc4a10a/apc/slc9a1b/palm1a/slc7a8a/slc4a8/clcn2b/tbcd/slc39a14/clcn2a,10
CC,GO:0031965,nuclear membrane,13/1691,77/21740,0.168831169,2.170543826,2.98826404,0.006148045,0.069531465,0.059169158,ccnd2a/nup98/osbpl6/tmem38a/osbpl3b/nav3/spast/tmem120aa/lrmp/tmem120b/syne1b/terb1/maco1a,13
MF,GO:0004683,calcium/calmodulin-dependent protein kinase activity,8/1639,36/20660,0.222222222,2.801166023,3.175016583,0.00626629,0.085570127,0.076078703,camk2g1/eef2k/camkk1a/mknk2b/camk2b1/camk2d2/camk1b/camk2g2,8
BP,GO:0051452,intracellular pH reduction,5/1661,16/21022,0.3125,3.955072246,3.463410933,0.006387701,0.108370648,0.098462563,atp6v0a1b/atp6v0a2a/dmxl2/atp6v0a2b/si:ch73-390b10.2,5
BP,GO:0061548,ganglion development,5/1661,16/21022,0.3125,3.955072246,3.463410933,0.006387701,0.108370648,0.098462563,ryr3/kif1b/cdh6/mib1/oxr1b,5
MF,GO:0005332,gamma-aminobutyric acid:sodium:chloride symporter activity,5/1639,16/20660,0.3125,3.939139719,3.452317659,0.006497732,0.085570127,0.076078703,slc6a1a/slc6a22.1/slc6a1b/slc6a6a/si:ch211-117c9.5,5
MF,GO:0015185,gamma-aminobutyric acid transmembrane transporter activity,5/1639,16/20660,0.3125,3.939139719,3.452317659,0.006497732,0.085570127,0.076078703,slc6a1a/slc6a22.1/slc6a1b/slc6a6a/si:ch211-117c9.5,5
MF,GO:0035254,glutamate receptor binding,5/1639,16/20660,0.3125,3.939139719,3.452317659,0.006497732,0.085570127,0.076078703,shank2b/dlg1b/shank3b/gnas/dlg3,5
BP,GO:0051293,establishment of spindle localization,9/1661,44/21022,0.204545455,2.588774561,3.089969445,0.006639018,0.111354434,0.101173548,clasp1a/spire2/ift88/scrib/llgl2/dctn1a/diaph2/ndel1b/clasp2,9
BP,GO:0051653,spindle localization,9/1661,44/21022,0.204545455,2.588774561,3.089969445,0.006639018,0.111354434,0.101173548,clasp1a/spire2/ift88/scrib/llgl2/dctn1a/diaph2/ndel1b/clasp2,9
MF,GO:0140938,histone H3 methyltransferase activity,10/1639,52/20660,0.192307692,2.424085981,3.018195811,0.007009348,0.090260001,0.080248377,kmt2bb/ehmt1b/dot1l/kmt2cb/ehmt2/setd1a/kmt2ca/smyd2a/setd4/ezh1,10
BP,GO:0099111,microtubule-based transport,20/1661,140/21022,0.142857143,1.808033027,2.809665986,0.007020048,0.117080125,0.106375752,kif23/ttc21b/ift88/dynlt2b/spag6/psen2/mapk8ip3/kif1aa/si:ch211-235m3.5/spast/ofd1/dtnbp1a/kif5c/dync1i1b/ift70/kif1b/ndel1b/rhot1b/ift57/fasn,20
MF,GO:0101005,deubiquitinase activity,16/1639,103/20660,0.155339806,1.958096637,2.861379834,0.007064743,0.090260001,0.080248377,usp54b/otub1a/usp37/usp8/lmo7a/usp2a/usp20/usp33/usp5/usp22/usp43b/usp54a/usp25/otud5b/vcpip1/usp4,16
BP,GO:0050684,regulation of mRNA processing,14/1661,86/21022,0.162790698,2.060316705,2.885928614,0.007267189,0.119998534,0.109027337,srpk1a/cirbpb/celf3a/celf4/dhx9/celf2/ythdc1/safb/rest/khdrbs2/hnrpkl/eif4a3/ybx1/qki2,14
BP,GO:0048883,neuromast primordium migration,8/1661,37/21022,0.216216216,2.736482419,3.096452168,0.007276334,0.119998534,0.109027337,anos1a/sh3pxd2aa/ctnnd1/apc/shtn3/itchb/ext2/mib1,8
CC,GO:0030120,vesicle coat,12/1691,70/21740,0.171428571,2.203936808,2.930005826,0.007344838,0.081134835,0.069043272,sec24c/klhl12/aftpha/sec31a/epn3a/sec23a/clta/sec24b/epn3b/epn1a/ap1g2/copz1,12
BP,GO:0040007,growth,54/1661,488/21022,0.110655738,1.400484598,2.62184227,0.007505454,0.123089451,0.111835658,tlcd3ba/scfd1/ppp1r12a/dbn1/wwc1/robo3/sema5ba/sh3bp4a/cdkl5/spag6/yap1/ulk1b/osgn1/ctnnd1/robo2/ddx20/klhl12/si:dkey-40c11.2/myo10l1/mapk8ip3/gata3/myo9aa/ryk/stat5a/large1/npr3/spast/tncb/nrxn2a/jag1b/plxna3/chd3/cntn2/ninj2/igfbp7/gna13a/lrp5/erbb3b/pard3ab/akirin1/dscama/kif1b/stat3/casp9/fus/sec14l8/isl1a/smad2/ext2/dbnlb/ap1g2/ulk2/sema5a/doc2a,54
MF,GO:0016853,isomerase activity,26/1639,198/20660,0.131313131,1.655234468,2.719460416,0.007638354,0.096153392,0.085488074,mmut/ddx11/pdia3/lss/ranbp2/eci2/pgm2l1/enox1/pgm2/top1a/fkbp5/pin4/pdia8/spast/dkc1/ech1/pgm3/ppil4/top3b/fkbp10a/ppib/galm/rpia/rpusd4/naxe/ppiab,26
BP,GO:0032869,cellular response to insulin stimulus,11/1661,61/21022,0.180327869,2.282271197,2.937557766,0.00767715,0.125209654,0.113762016,pdk4/prkcz/lpin1a/tsc2/socs7/pik3r1/socs7/rps6kb1b/slc39a14/bcar3/tns2a,11
CC,GO:0030688,"preribosome, small subunit precursor",4/1691,11/21740,0.363636364,4.675017472,3.540634591,0.007716772,0.083306056,0.070890916,riok1/riok3/nob1/rrp1,4
BP,GO:0007030,Golgi organization,14/1661,87/21022,0.16091954,2.036634903,2.837896687,0.008047872,0.128505698,0.11675671,cog7/ubxn2a/map2k1/vamp4/myo18ab/sec16b/hace1/golga2/trappc11/tmed1b/yipf4/map2k2a/clasp2/vcpip1,14
BP,GO:0042551,neuron maturation,4/1661,11/21022,0.363636364,4.602265886,3.500228175,0.008157174,0.128505698,0.11675671,ctbp2a/rest/srrm4/nsfa,4
BP,GO:0048669,collateral sprouting in absence of injury,4/1661,11/21022,0.363636364,4.602265886,3.500228175,0.008157174,0.128505698,0.11675671,robo2/plxna3/pard3ab/casp9,4
BP,GO:0048696,regulation of collateral sprouting in absence of injury,4/1661,11/21022,0.363636364,4.602265886,3.500228175,0.008157174,0.128505698,0.11675671,robo2/plxna3/pard3ab/casp9,4
BP,GO:1990504,dense core granule exocytosis,4/1661,11/21022,0.363636364,4.602265886,3.500228175,0.008157174,0.128505698,0.11675671,cadpsb/unc13a/cadpsa/baiap3,4
BP,GO:0048589,developmental growth,51/1661,458/21022,0.111353712,1.40931832,2.594106095,0.008163846,0.128505698,0.11675671,tlcd3ba/scfd1/ppp1r12a/dbn1/wwc1/robo3/sema5ba/cdkl5/spag6/yap1/ulk1b/ctnnd1/robo2/ddx20/klhl12/si:dkey-40c11.2/myo10l1/mapk8ip3/gata3/myo9aa/ryk/stat5a/large1/npr3/spast/tncb/nrxn2a/jag1b/plxna3/chd3/cntn2/ninj2/gna13a/lrp5/erbb3b/pard3ab/akirin1/dscama/kif1b/stat3/casp9/fus/sec14l8/isl1a/smad2/ext2/dbnlb/ap1g2/ulk2/sema5a/doc2a,51
BP,GO:0007416,synapse assembly,16/1661,105/21022,0.152380952,1.928568562,2.793872204,0.008183967,0.128505698,0.11675671,gabrg1/tjp1b/gabrg2/lgi2a/robo2/nlgn2a/plxna2/sdk2b/ctbp2a/tncb/plxna3/nbeaa/chodl/sdk2a/pcloa/nlgn3a,16
BP,GO:0032868,response to insulin,12/1661,70/21022,0.171428571,2.169639632,2.871018312,0.0082814,0.129347576,0.117521618,pdk4/prkcz/lpin1a/tsc2/socs7/pik3r1/socs7/khk/rps6kb1b/slc39a14/bcar3/tns2a,12
BP,GO:0048892,lateral line nerve development,5/1661,17/21022,0.294117647,3.722420937,3.289016133,0.008468868,0.130208848,0.118304146,gna13a/erbb3b/kif1b/mib1/nsfa,5
BP,GO:0061709,reticulophagy,5/1661,17/21022,0.294117647,3.722420937,3.289016133,0.008468868,0.130208848,0.118304146,ufl1/ulk1b/retreg3/ulk2/tex264a,5
BP,GO:0071277,cellular response to calcium ion,5/1661,17/21022,0.294117647,3.722420937,3.289016133,0.008468868,0.130208848,0.118304146,cpne4b/slc25a24/cpne4a/cpne1/cpne2,5
MF,GO:0005253,monoatomic anion channel activity,16/1639,105/20660,0.152380952,1.920799558,2.776696821,0.0084898,0.105317874,0.093636034,gabrg1/gabrg2/glra2/gabrb3/zgc:56235/ano5a/ttyh3b/slc17a6b/slc17a6a/ttyh2/clcn2b/gabrb4/clcn4/ttyh1/si:ch73-390b10.2/clcn2a,16
CC,GO:0012507,ER to Golgi transport vesicle membrane,7/1691,31/21740,0.225806452,2.903035043,3.079306724,0.008511439,0.089842969,0.076453629,sec24c/sec16b/klhl12/sec31a/sec23a/slc30a5/sec24b,7
BP,GO:0031122,cytoplasmic microtubule organization,8/1661,38/21022,0.210526316,2.664469723,3.007953853,0.008592349,0.130745435,0.118791674,slain1a/clip2/ccdc88aa/spast/camsap2a/clip1a/ccdc88c/hook1,8
BP,GO:0072583,clathrin-dependent endocytosis,8/1661,38/21022,0.210526316,2.664469723,3.007953853,0.008592349,0.130745435,0.118791674,picalma/smap1/clta/snap91a/itsn1/bmp2k/gak/snap91b,8
MF,GO:0140994,RNA polymerase II CTD heptapeptide repeat modifying activity,5/1639,17/20660,0.294117647,3.707425618,3.27809881,0.008612443,0.105317874,0.093636034,ctdspla/ctdsp2/ctdp1/cdk12/ctdsplb,5
BP,GO:0001764,neuron migration,11/1661,62/21022,0.177419355,2.245460372,2.876588428,0.008683521,0.13145515,0.119436501,sh3rf1/dab1a/scrib/gata3/dpysl2b/ctnnd2b/abi3a/cntn2/rest/nhsl1b/abi1a,11
CC,GO:0031253,cell projection membrane,18/1691,126/21740,0.142857143,1.836614007,2.735193512,0.008746796,0.090320172,0.076859715,gabrg1/fermt2/plb1/gabrg2/myo1ca/bbs5/kcnc4/palm1a/pacsin2/myo6b/clcn2b/gna13a/arl13b/prom1a/efcab7/clasp2/septin2/clcn2a,18
BP,GO:0021675,nerve development,15/1661,97/21022,0.154639175,1.957149152,2.767453694,0.008976441,0.135196199,0.122835514,sema5ba/robo2/ctbp2a/tncb/gna13a/erbb3b/chodl/rest/chn1/rtn4a/kif1b/cdh6/mib1/nsfa/oxr1b,15
MF,GO:0001727,lipid kinase activity,9/1639,46/20660,0.195652174,2.466243998,2.922344957,0.009181142,0.110690953,0.098413132,pi4kb/pip5k1ca/pikfyve/pip4k2aa/dgki/dgkaa/pip5k1cb/pik3c2b/pik3cb,9
MF,GO:0004693,cyclin-dependent protein serine/threonine kinase activity,6/1639,24/20660,0.25,3.151311775,3.095449103,0.009574973,0.112276391,0.099822714,cdkl5/cdk12/cdk10/cdk20/cdk17/cdk19,6
MF,GO:0097472,cyclin-dependent protein kinase activity,6/1639,24/20660,0.25,3.151311775,3.095449103,0.009574973,0.112276391,0.099822714,cdkl5/cdk12/cdk10/cdk20/cdk17/cdk19,6
CC,GO:0030424,axon,35/1691,298/21740,0.117449664,1.509967892,2.57432602,0.009595878,0.096979618,0.0825267,scn1lab/ank3a/nrcama/hcn4/calcr/robo3/nexn/elavl4/slc6a1a/sncb/myo10l1/syt7a/myo9aa/apc/kif1aa/slc6a1b/unc13a/kcnc4/palm1a/tenm3/si:dkey-33c9.6/dctn1a/nfasca/cntn2/cntn3a.2/clcn2b/dscaml1/slc18a2/dscama/snphb/kif1b/pcloa/nmnat2/clcn2a/fgf13b,35
BP,GO:0050767,regulation of neurogenesis,22/1661,164/21022,0.134146341,1.69778711,2.627581195,0.010094408,0.151262398,0.137432816,numb/dbn1/ncanb/cdkl5/ulk1b/tiam1a/robo2/si:dkey-40c11.2/gata3/spast/plxna2/ctbp2a/tenm4/tncb/plxna3/cntn2/chodl/dscama/stat3/dbnlb/ulk2/daam2,22
BP,GO:0051668,localization within membrane,44/1661,389/21022,0.11311054,1.431553142,2.516375825,0.010252381,0.152853685,0.138878615,camk2g1/ank3a/gphna/exoc5/efr3bb/gphnb/bag6l/scrib/stx1b/gga1/arhgap44a/exoc6/camk2b1/prkcz/rab11fip4a/cnstb/zdhhc20a/grip2b/camk2d2/pex26/zdhhc14/si:ch211-126j24.1/golga7/arfrp1/samm50/grip1/zdhhc7/dlg1b/mffa/llgl2/vps50/dennd1a/dennd1c/magi2a/efr3a/arl13b/stx3b/camk2g2/efcab7/dlg3/zgc:113278/vps37ba/nsfa/gpc1b,44
CC,GO:0030127,COPII vesicle coat,5/1691,18/21740,0.277777778,3.571193902,3.169322286,0.010289822,0.101826359,0.086651129,sec24c/klhl12/sec31a/sec23a/sec24b,5
MF,GO:0015296,monoatomic anion:monoatomic cation symporter activity,8/1639,39/20660,0.205128205,2.585691713,2.909535435,0.01031401,0.119308005,0.106074382,slc12a7b/slc6a1a/slc6a22.1/slc6a1b/slc6a6a/slc18a2/slc39a14/si:ch211-117c9.5,8
BP,GO:0050803,regulation of synapse structure or activity,12/1661,72/21022,0.166666667,2.109371864,2.761843029,0.010343981,0.153444382,0.139415306,tlcd3ba/dbn1/arhgap44a/robo2/nedd4a/si:dkey-40c11.2/slc17a6b/slc17a6a/tncb/ache/dbnlb/tanc2a,12
BP,GO:0048882,lateral line development,21/1661,155/21022,0.135483871,1.714715193,2.615871854,0.010564426,0.155930928,0.141674513,anos1a/eya4/scrib/yap1/sh3pxd2aa/ctnnd1/apc/mcoln1b/aldh1l1/shtn3/abhd12/llgl2/wnk1b/lrp5/erbb3b/setb/rtn4a/itchb/stat3/ext2/mib1,21
MF,GO:0005230,extracellular ligand-gated monoatomic ion channel activity,18/1639,126/20660,0.142857143,1.800749586,2.646504692,0.010585986,0.120821389,0.107419902,gabrg1/chrna11/gabrg2/gria4b/glra2/gabrb3/chrnb3a/gria1a/grik1a/grin2aa/grin3ba/gria1b/gria3b/gabrb4/grin2da/grin2bb/gria2b/grid2,18
CC,GO:0099568,cytoplasmic region,17/1691,119/21740,0.142857143,1.836614007,2.657699966,0.010634349,0.103088077,0.087724812,clasp1a/ift88/cdkl5/uhmk1/spag6/wdr54/cimip2b/unc13a/rims1a/cfap36/clta/erc2/ift70/pcloa/clasp2/inpp5e/phldb2b,17
BP,GO:0007033,vacuole organization,19/1661,136/21022,0.139705882,1.768149945,2.632300287,0.01065049,0.15641913,0.14211808,atg13/ubxn2a/vps16/krit1/rab3gap1/pikfyve/ulk1b/atg16l1/wdr45b/dstyk/wdr45/rab33a/vps4b/snapin/wipi1/atp13a2/atg4b/hook1/ulk2,19
BP,GO:0010256,endomembrane system organization,38/1661,327/21022,0.116207951,1.470754694,2.512947586,0.010781008,0.15755215,0.14314751,cog7/ubxn2a/map2k1/bag6l/lnpk/vamp4/agfg1a/esyt2b/myo18ab/sec16b/doc2g/washc4/usp8/syt7a/hace1/myrf/golga2/cdipt/sec31a/trappc11/spast/tmed1b/baiap2l2a/dtnbp1a/pacsin1a/baiap2a/pacsin2/yipf4/map2k2a/stx3b/rph3ab/zgc:113278/clasp2/hook1/vcpip1/sgip1b/pacsin3/doc2a,38
CC,GO:0071565,nBAF complex,4/1691,12/21740,0.333333333,4.285432683,3.306119499,0.010870728,0.103271916,0.087881254,arid1b/smarcc1b/dpf3/smarcb1b,4
BP,GO:0042407,cristae formation,5/1661,18/21022,0.277777778,3.515619774,3.127359858,0.010975834,0.158826775,0.144305599,micu1/dnajc11b/samm50/immt/apool,5
BP,GO:0048898,anterior lateral line system development,5/1661,18/21022,0.277777778,3.515619774,3.127359858,0.010975834,0.158826775,0.144305599,abhd12/lrp5/erbb3b/mib1/nsfa,5
BP,GO:0021537,telencephalon development,7/1661,32/21022,0.21875,2.768550572,2.932471924,0.011047772,0.159087922,0.144542871,anos1a/exoc7/msi2b/robo2/arl13b/agtpbp1/ptprsa,7
MF,GO:0005254,chloride channel activity,14/1639,90/20660,0.155555556,1.960816216,2.68146347,0.011155529,0.120912057,0.107500513,gabrg1/gabrg2/glra2/gabrb3/ano5a/ttyh3b/slc17a6b/slc17a6a/ttyh2/clcn2b/gabrb4/clcn4/ttyh1/clcn2a,14
MF,GO:0004971,AMPA glutamate receptor activity,5/1639,18/20660,0.277777778,3.501457528,3.116599172,0.01115894,0.120912057,0.107500513,gria4b/gria1a/gria1b/gria3b/gria2b,5
MF,GO:0008308,voltage-gated monoatomic anion channel activity,5/1639,18/20660,0.277777778,3.501457528,3.116599172,0.01115894,0.120912057,0.107500513,zgc:56235/clcn2b/clcn4/si:ch73-390b10.2/clcn2a,5
MF,GO:0022839,monoatomic ion-gated channel activity,5/1639,18/20660,0.277777778,3.501457528,3.116599172,0.01115894,0.120912057,0.107500513,tmem63c/kcnma1a/tmem63ba/kcnn2/kcnt1b,5
BP,GO:0006913,nucleocytoplasmic transport,19/1661,137/21022,0.138686131,1.755243741,2.597632974,0.011477216,0.159330557,0.144763322,dzip1/kpnb3/desi1a/nup98/npm1a/ranbp2/uhmk1/nup58/nkd1/nxf1b/ranbp3b/mcm3ap/tnpo1/ddx19b/sarnp/mdn1/ipo13b/kpnb1/xpo4,19
BP,GO:0051169,nuclear transport,19/1661,137/21022,0.138686131,1.755243741,2.597632974,0.011477216,0.159330557,0.144763322,dzip1/kpnb3/desi1a/nup98/npm1a/ranbp2/uhmk1/nup58/nkd1/nxf1b/ranbp3b/mcm3ap/tnpo1/ddx19b/sarnp/mdn1/ipo13b/kpnb1/xpo4,19
BP,GO:0043124,negative regulation of canonical NF-kappaB signal transduction,4/1661,12/21022,0.333333333,4.218743729,3.266717709,0.011479652,0.159330557,0.144763322,mapkbp1/tank/tnip1/chuk,4
BP,GO:0051865,protein autoubiquitination,4/1661,12/21022,0.333333333,4.218743729,3.266717709,0.011479652,0.159330557,0.144763322,sh3rf1/mib2/mib1/trim37,4
BP,GO:0097475,motor neuron migration,4/1661,12/21022,0.333333333,4.218743729,3.266717709,0.011479652,0.159330557,0.144763322,scrib/dpysl2b/rest/nhsl1b,4
BP,GO:0007265,Ras protein signal transduction,12/1661,73/21022,0.164383562,2.080476359,2.708586194,0.011513823,0.159330557,0.144763322,ralba/rasgrf1/rapgef4a/usp8/rasa2/mmd/rapgef1b/rgl2/dok2/rgl3a/ksr2/ralgds,12
BP,GO:0006817,phosphate ion transport,6/1661,25/21022,0.24,3.037495485,2.985627656,0.011551384,0.159330557,0.144763322,slc37a2/xpr1a/slc17a6b/slc17a6a/slc37a4b/slc37a1,6
BP,GO:0030308,negative regulation of cell growth,6/1661,25/21022,0.24,3.037495485,2.985627656,0.011551384,0.159330557,0.144763322,sh3bp4a/ulk1b/osgn1/robo2/tncb/ulk2,6
MF,GO:0004972,NMDA glutamate receptor activity,4/1639,12/20660,0.333333333,4.201749034,3.256614605,0.011641329,0.124562221,0.110745801,grin2aa/grin3ba/grin2da/grin2bb,4
BP,GO:0006893,Golgi to plasma membrane transport,8/1661,40/21022,0.2,2.531246237,2.839221001,0.011746958,0.159330557,0.144763322,exoc5/gga1/exoc6/cnstb/golga7/arfrp1/llgl2/nsfa,8
BP,GO:0009126,purine nucleoside monophosphate metabolic process,8/1661,40/21022,0.2,2.531246237,2.839221001,0.011746958,0.159330557,0.144763322,adssl/pfas/hprt1l/nt5c2b/ampd2b/impdh1b/aprt/adss2,8
BP,GO:0009167,purine ribonucleoside monophosphate metabolic process,8/1661,40/21022,0.2,2.531246237,2.839221001,0.011746958,0.159330557,0.144763322,adssl/pfas/hprt1l/nt5c2b/ampd2b/impdh1b/aprt/adss2,8
BP,GO:0046854,phosphatidylinositol phosphate biosynthetic process,8/1661,40/21022,0.2,2.531246237,2.839221001,0.011746958,0.159330557,0.144763322,efr3bb/pi4kb/pip5k1ca/pip4k2aa/impa1/pip5k1cb/pik3c2b/pik3cb,8
BP,GO:0072657,protein localization to membrane,36/1661,308/21022,0.116883117,1.479299749,2.481979464,0.011766281,0.159330557,0.144763322,camk2g1/ank3a/gphna/efr3bb/gphnb/bag6l/scrib/stx1b/arhgap44a/camk2b1/prkcz/cnstb/zdhhc20a/grip2b/camk2d2/pex26/zdhhc14/si:ch211-126j24.1/golga7/arfrp1/samm50/grip1/zdhhc7/dlg1b/mffa/magi2a/efr3a/arl13b/stx3b/camk2g2/efcab7/dlg3/zgc:113278/vps37ba/nsfa/gpc1b,36
BP,GO:0015698,inorganic anion transport,20/1661,147/21022,0.136054422,1.721936216,2.572716097,0.011845845,0.159675495,0.145076722,gabrg1/gabrg2/slc37a2/glra2/xpr1a/gabrb3/slc12a7b/ano5a/ttyh3b/slc17a6b/slc17a6a/ttyh2/clcn2b/gabrb4/clcn4/slc37a4b/ttyh1/slc37a1/slc26a11/clcn2a,20
MF,GO:0098631,cell adhesion mediator activity,8/1639,40/20660,0.2,2.52104942,2.826548501,0.012018184,0.127006977,0.112919386,nrcama/robo3/nexn/nfasca/cntn2/cntn3a.2/dscaml1/dscama,8
BP,GO:1903530,regulation of secretion by cell,17/1661,119/21022,0.142857143,1.808033027,2.589082518,0.012285354,0.164847117,0.149775515,ptbp1a/caska/doc2g/syt7a/cadpsb/septin5b/rims1a/dtnbp1a/cadpsa/cacna1ha/trpm7/drd2a/baiap3/rph3ab/septin2/rap1ab/doc2a,17
CC,GO:0099023,vesicle tethering complex,11/1691,66/21740,0.166666667,2.142716341,2.700138855,0.01234438,0.114972166,0.09783781,exoc7/cog7/exoc5/exoc3l1/nbas/vps16/cog6/exoc6/trappc13/vps54/trappc14,11
BP,GO:0046488,phosphatidylinositol metabolic process,19/1661,138/21022,0.137681159,1.742524584,2.563251072,0.012354164,0.165020331,0.149932892,efr3bb/pi4kb/pip5k1ca/pikfyve/pip4k2aa/impa1/plcb3/cdipt/slc30a5/dpm1/pigv/mppe1/mtmr11/inpp5l/plch2a/inpp5e/pip5k1cb/pik3c2b/pik3cb,19
MF,GO:0003779,actin binding,50/1639,457/20660,0.10940919,1.37912988,2.405833862,0.012847232,0.133508702,0.118699941,dmd/evlb/spire2/vps16/ppp1r9a/cap2/dbn1/myo1ca/parvb/neb/si:dkey-178k16.1/triobpb/myo18ab/si:ch73-362m14.4/zgc:86896/nav3/coro2ba/si:dkey-40c11.2/myo10l1/macf1a/myo9aa/hip1/pdlim5a/myo7bb/zgc:153184/myh10/add3a/flna/flncb/ablim1b/myo6b/msnb/syne1b/ablim1a/vcla/wipf1b/shroom2b/enah/ift70/shroom1/diaph2/svila/mical3a/tln2a/gas7a/ablim3/dbnlb/actn4/daam2/lasp1,50
BP,GO:0022604,regulation of cell morphogenesis,15/1661,101/21022,0.148514851,1.879638295,2.595501027,0.012859906,0.171001998,0.155367669,fermt2/ppp1r12a/dbn1/parvb/tnika/camsap1b/si:dkey-40c11.2/plxna2/palm1a/myh10/plxna3/msnb/pard3ab/stat3/dbnlb,15
MF,GO:0051015,actin filament binding,30/1639,247/20660,0.12145749,1.531001672,2.464440853,0.012945353,0.133508702,0.118699941,ppp1r9a/dbn1/myo1ca/neb/triobpb/myo18ab/zgc:86896/coro2ba/si:dkey-40c11.2/myo9aa/hip1/zgc:153184/myh10/add3a/flna/flncb/ablim1b/myo6b/syne1b/ablim1a/vcla/shroom2b/ift70/shroom1/svila/tln2a/gas7a/ablim3/dbnlb/lasp1,30
BP,GO:0009127,purine nucleoside monophosphate biosynthetic process,7/1661,33/21022,0.212121212,2.6846551,2.83674114,0.013088614,0.172489231,0.156718928,adssl/pfas/hprt1l/ampd2b/impdh1b/aprt/adss2,7
BP,GO:0009168,purine ribonucleoside monophosphate biosynthetic process,7/1661,33/21022,0.212121212,2.6846551,2.83674114,0.013088614,0.172489231,0.156718928,adssl/pfas/hprt1l/ampd2b/impdh1b/aprt/adss2,7
CC,GO:0008021,synaptic vesicle,20/1691,151/21740,0.132450331,1.702820934,2.516877777,0.013362819,0.121672327,0.103539443,atp6v0a1b/dclk2a/syt7a/unc13a/septin5b/picalma/slc17a6b/dtnbp1a/slc17a6a/clta/clcn4/snap91a/stx3b/slc18a2/snapin/rph3ab/septin2/svopa/snap91b/doc2a,20
BP,GO:0031110,regulation of microtubule polymerization or depolymerization,9/1661,49/21022,0.183673469,2.324613891,2.718971633,0.013502334,0.177150626,0.160954142,slain1a/clasp1a/camsap1b/apc/spast/camsap2a/clip1a/clasp2/mapre2,9
CC,GO:0034702,monoatomic ion channel complex,43/1691,391/21740,0.109974425,1.41386398,2.398294254,0.01357607,0.121672327,0.103539443,scn1lab/ryr2b/gabrg1/hcn4/chrna11/gabrg2/gria4b/dpp6a/glra2/gabrb3/ryr3/trpc1/micu3a/chrnb3a/cybb/gria1a/kcnma1a/kcnh7/micu1/cacna2d2b/grik1a/ttyh3b/kcnc4/slc17a6b/cacna1da/trpc4b/grin2aa/slc17a6a/ttyh2/gria1b/gria3b/kcnq5a/clcn2b/gabrb4/grin2da/cacna1ha/ttyh1/grin2bb/kcnip2/gria2b/cacna1ab/si:ch73-390b10.2/clcn2a,43
BP,GO:0009247,glycolipid biosynthetic process,11/1661,66/21022,0.166666667,2.109371864,2.643884812,0.013760473,0.179738566,0.163305472,b4galt6/gal3st4/slc30a5/dpm1/pigv/mppe1/st3gal5/st6galnac6/ugcg/b4galt5/st6galnac5a,11
MF,GO:0019783,ubiquitin-like protein peptidase activity,17/1639,120/20660,0.141666667,1.785743339,2.533953048,0.013784444,0.138374648,0.123026157,usp54b/otub1a/usp37/usp8/senp7b/lmo7a/usp2a/usp20/usp33/usp5/usp22/usp43b/usp54a/usp25/otud5b/vcpip1/usp4,17
MF,GO:0045296,cadherin binding,9/1639,49/20660,0.183673469,2.315249468,2.705727744,0.013835624,0.138374648,0.123026157,pkp4/ctnnd2a/ctnnd1/dchs1b/ctnnd2b/gna13a/cdh11/arvcfb/cdh6,9
MF,GO:0042393,histone binding,23/1639,178/20660,0.129213483,1.628767884,2.473099689,0.013902126,0.138374648,0.123026157,smarcc1b/npm1a/morc3a/mllt10/dpf3/hdgfl2/nasp/cbx8b/atrxl/ncapd3/scmh1/chd3/chd5/chd2/setb/psme4b/tp53bp1/prkcbb/cbx1a/glyr1/yeats2/ssrp1b/brd3a,23
BP,GO:0000272,polysaccharide catabolic process,5/1661,19/21022,0.263157895,3.330587154,2.976796131,0.013944949,0.179761957,0.163326725,wdr45b/wdr45/wipi1/pygl/pygmb,5
BP,GO:0005980,glycogen catabolic process,5/1661,19/21022,0.263157895,3.330587154,2.976796131,0.013944949,0.179761957,0.163326725,wdr45b/wdr45/wipi1/pygl/pygmb,5
BP,GO:0009251,glucan catabolic process,5/1661,19/21022,0.263157895,3.330587154,2.976796131,0.013944949,0.179761957,0.163326725,wdr45b/wdr45/wipi1/pygl/pygmb,5
CC,GO:0042734,presynaptic membrane,12/1691,76/21740,0.157894737,2.029941797,2.612133584,0.013961869,0.122201074,0.103989391,scrib/adam23a/grik1a/unc13a/kcnc4/picalma/rims1a/snap91a/drd2a/stx3b/itsn1/snap91b,12
BP,GO:0030032,lamellipodium assembly,6/1661,26/21022,0.230769231,2.920668735,2.870241693,0.014035179,0.180138467,0.163668811,parvb/arhgef7a/ablim1b/akirin1/ablim1a/ablim3,6
BP,GO:0021545,cranial nerve development,12/1661,75/21022,0.16,2.02499699,2.604593277,0.014156002,0.180902671,0.164363146,robo2/tncb/gna13a/erbb3b/rest/chn1/rtn4a/kif1b/cdh6/mib1/nsfa/oxr1b,12
MF,GO:0015378,sodium:chloride symporter activity,6/1639,26/20660,0.230769231,2.908903177,2.858948377,0.014297337,0.139074096,0.123648022,slc6a1a/slc6a22.1/slc6a1b/slc6a6a/slc18a2/si:ch211-117c9.5,6
MF,GO:0042800,histone H3K4 methyltransferase activity,6/1639,26/20660,0.230769231,2.908903177,2.858948377,0.014297337,0.139074096,0.123648022,kmt2bb/kmt2cb/setd1a/kmt2ca/smyd2a/setd4,6
CC,GO:1902562,H4 histone acetyltransferase complex,8/1691,42/21740,0.19047619,2.448818676,2.729443165,0.014371073,0.122201074,0.103989391,meaf6/kansl1l/kansl1a/kansl3/brd8a/morf4l1/yeats2/mrgbp,8
CC,GO:0070161,anchoring junction,49/1691,458/21740,0.1069869,1.375455468,2.358469045,0.014406864,0.122201074,0.103989391,mpp3b/fermt2/evlb/ptk2bb/tns1a/map2k1/tjp1b/krit1/tns1b/epb41l5/parvb/caska/pkp4/nexn/ctnnd2a/yes1/scrib/tgfbr1b/yap1/sh3pxd2aa/ctnnd1/ccdc85cb/mlc1/pdlim5a/ctnnd2b/si:dkey-92j12.5/dstyk/dlg1b/magi2a/arhgap24/msnb/map2k2a/pard3ab/vcla/ccdc88c/enah/cdh11/shroom1/tln2a/tjp2b/arvcfb/cdh6/itgbl1/actn4/frmd4ba/ptprub/tns2a/lasp1/mpp3a,49
MF,GO:0032182,ubiquitin-like protein binding,13/1639,84/20660,0.154761905,1.950812051,2.563192933,0.014732843,0.141700157,0.125982801,otub1a/tab2/ubxn2a/nbr1a/gga1/dcun1d5/ubr5/n4bp1/dcun1d2a/shrprbck1r/dcun1d1/pcf11/tollip,13
CC,GO:0098831,presynaptic active zone cytoplasmic component,4/1691,13/21740,0.307692308,3.955784015,3.095919911,0.014749498,0.122912486,0.10459478,unc13a/rims1a/erc2/pcloa,4
BP,GO:0007018,microtubule-based movement,34/1661,292/21022,0.116438356,1.473670755,2.387349241,0.01480748,0.188412423,0.171186298,cenpe/dzip1/ktn1/kif23/iqub/ttc21b/ift88/dynlt2b/spag6/dnaaf6/kif2c/psen2/kif21a/mapk8ip3/kif1aa/si:ch211-235m3.5/spast/kifc3/ofd1/dtnbp1a/ttll5/tacr3a/klc3/kif2a/ttll1/kif5c/dync1i1b/tp53bp2b/ift70/kif1b/ndel1b/rhot1b/ift57/fasn,34
BP,GO:0072659,protein localization to plasma membrane,18/1661,131/21022,0.13740458,1.739024132,2.485205256,0.014895604,0.188720266,0.171465996,camk2g1/ank3a/efr3bb/scrib/arhgap44a/camk2b1/prkcz/cnstb/grip2b/camk2d2/si:ch211-126j24.1/golga7/arfrp1/grip1/zdhhc7/efr3a/camk2g2/nsfa,18
BP,GO:0070646,protein modification by small protein removal,15/1661,103/21022,0.145631068,1.843140464,2.512439975,0.015237545,0.189771369,0.172420999,usp54b/otub1a/usp37/usp8/senp7b/usp2a/usp20/usp33/usp5/usp22/usp43b/usp54a/usp25/cops8/usp4,15
BP,GO:0051495,positive regulation of cytoskeleton organization,11/1661,67/21022,0.164179104,2.077888702,2.588302898,0.015323049,0.189771369,0.172420999,slain1a/arhgef10/evlb/cracd/si:ch73-362m14.4/spast/baiap2l2a/baiap2a/clip1a/limk1a/tesk1b,11
BP,GO:0007528,neuromuscular junction development,9/1661,50/21022,0.18,2.278121613,2.650237937,0.015344427,0.189771369,0.172420999,gphna/gphnb/ppfibp1b/nedd4a/myo9aa/tncb/ache/nrxn2a/gfpt1,9
BP,GO:0045926,negative regulation of growth,7/1661,34/21022,0.205882353,2.605694656,2.74450801,0.015386412,0.189771369,0.172420999,wwc1/sh3bp4a/ulk1b/osgn1/robo2/tncb/ulk2,7
BP,GO:0050771,negative regulation of axonogenesis,4/1661,13/21022,0.307692308,3.89422498,3.057376218,0.015560243,0.189771369,0.172420999,ulk1b/robo2/tncb/ulk2,4
BP,GO:0098887,"neurotransmitter receptor transport, endosome to postsynaptic membrane",4/1661,13/21022,0.307692308,3.89422498,3.057376218,0.015560243,0.189771369,0.172420999,scrib/arhgap44a/grip2b/grip1,4
BP,GO:0099638,endosome to plasma membrane protein transport,4/1661,13/21022,0.307692308,3.89422498,3.057376218,0.015560243,0.189771369,0.172420999,scrib/arhgap44a/grip2b/grip1,4
BP,GO:0099639,"neurotransmitter receptor transport, endosome to plasma membrane",4/1661,13/21022,0.307692308,3.89422498,3.057376218,0.015560243,0.189771369,0.172420999,scrib/arhgap44a/grip2b/grip1,4
BP,GO:0043094,cellular metabolic compound salvage,8/1661,42/21022,0.19047619,2.410710702,2.680448541,0.015679733,0.189771369,0.172420999,naprt/pgm2/hprt1l/pdxkb/ampd2b/aprt/uckl1b/apip,8
BP,GO:0007272,ensheathment of neurons,13/1661,85/21022,0.152941176,1.935658887,2.531730031,0.015685709,0.189771369,0.172420999,vps16/myrf/tenm4/abhd12/gna13a/erbb3b/exosc8/pard3ab/tnfrsf1b/rnf10/mpz/nsfa/plp1b,13
BP,GO:0008366,axon ensheathment,13/1661,85/21022,0.152941176,1.935658887,2.531730031,0.015685709,0.189771369,0.172420999,vps16/myrf/tenm4/abhd12/gna13a/erbb3b/exosc8/pard3ab/tnfrsf1b/rnf10/mpz/nsfa/plp1b,13
MF,GO:0051117,ATPase binding,4/1639,13/20660,0.307692308,3.87853757,3.047491838,0.015775338,0.15004099,0.13339847,atp6v0a1b/atp6v0a2a/pex26/atp6v0a2b,4
BP,GO:0048701,embryonic cranial skeleton morphogenesis,26/1661,211/21022,0.123222749,1.559535596,2.392599918,0.015862999,0.191132948,0.173658091,scfd1/nbas/kdm6a/cdkl5/med14/cyp26b1/gata3/plcb3/aldh1l1/polr1c/kdm2bb/sec23a/chd5/lrp5/fam20b/pard3ab/meis1b/mia3/hspg2/fras1/gfpt1/nipbla/itga8/mapre2/shrprbck1r/rap1ab,26
BP,GO:0051960,regulation of nervous system development,25/1661,201/21022,0.124378109,1.574158108,2.395666436,0.015959531,0.19151437,0.17400464,numb/vps16/dbn1/ncanb/cdkl5/ulk1b/tiam1a/robo2/si:dkey-40c11.2/gata3/myrf/spast/plxna2/ctbp2a/tenm4/tncb/plxna3/cntn2/chodl/dscama/stat3/rnf10/dbnlb/ulk2/daam2,25
BP,GO:0043434,response to peptide hormone,16/1661,113/21022,0.14159292,1.792032734,2.472653897,0.016056644,0.191899652,0.174354697,pdk4/prkcz/stat5a/agtrap/lpin1a/tsc2/socs7/pik3r1/akt3a/socs7/khk/rps6kb1b/stat3/slc39a14/bcar3/tns2a,16
MF,GO:0015291,secondary active transmembrane transporter activity,35/1639,304/20660,0.115131579,1.451262002,2.326734279,0.016792305,0.157958384,0.140437668,slc13a5a/slc37a2/slc4a10a/xpr1a/slc12a7b/slc6a1a/slc6a22.1/slc25a24/slc25a26/slc6a1b/slc35d1a/slc17a6b/slc9a1b/slc17a9b/slc17a6a/slc24a3/slc23a1/slc44a5b/slco1e1/slc7a8a/slc4a8/slc30a5/slc6a6a/slc37a4b/slc45a4b/slc18a2/slc37a1/slc16a3a/slc47a1/slc39a14/slc8b1/slc26a11/slc47a2.1/si:ch211-117c9.5/slc13a4,35
BP,GO:0006688,glycosphingolipid biosynthetic process,6/1661,27/21022,0.222222222,2.812495819,2.760250937,0.016867954,0.199976704,0.181693282,b4galt6/st3gal5/st6galnac6/ugcg/b4galt5/st6galnac5a,6
BP,GO:0043113,receptor clustering,6/1661,27/21022,0.222222222,2.812495819,2.760250937,0.016867954,0.199976704,0.181693282,gphna/gphnb/scrib/dlg1b/magi2a/dlg3,6
CC,GO:0005635,nuclear envelope,24/1691,195/21740,0.123076923,1.582313606,2.372172251,0.017013498,0.137250972,0.116796395,ccnd2a/nup98/ranbp2/osbpl6/tmem38a/nup58/osbpl3b/nav3/parp6b/ranbp3b/spast/tmem120aa/lrmp/nup37/tmem120b/smpd4/mgst3a/syne1b/sun1b/terb1/nup210/nup54/maco1a/xpo4,24
MF,GO:0015373,monoatomic anion:sodium symporter activity,6/1639,27/20660,0.222222222,2.801166023,2.749045263,0.017178416,0.15983396,0.142105206,slc6a1a/slc6a22.1/slc6a1b/slc6a6a/slc18a2/si:ch211-117c9.5,6
BP,GO:0016579,protein deubiquitination,13/1661,86/21022,0.151162791,1.913151226,2.485379358,0.017184898,0.202919274,0.18436682,usp54b/otub1a/usp37/usp8/usp2a/usp20/usp33/usp5/usp22/usp43b/usp54a/usp25/usp4,13
CC,GO:0009925,basal plasma membrane,19/1691,145/21740,0.131034483,1.684618365,2.402155786,0.017334504,0.137250972,0.116796395,numb/caska/slc4a10a/scrib/slc3a2b/slc9a1b/cacna1da/palm1a/slco1e1/slc7a8a/dstyk/dlg1b/slc4a8/clcn2b/erbb3b/slc16a3a/dlg3/slc39a14/clcn2a,19
CC,GO:0048471,perinuclear region of cytoplasm,22/1691,175/21740,0.125714286,1.616220326,2.376980066,0.017336965,0.137250972,0.116796395,pde7a/sh3rf1/osbpl6/pikfyve/osbpl1a/cherp/casc3/osbpl3b/pde4a/zdhhc20a/hif1an/spast/fbxl5/usp20/usp33/tlk2/hmgcll1/mib2/gak/mib1/actn4/cdkn3,22
BP,GO:0048015,phosphatidylinositol-mediated signaling,5/1661,20/21022,0.25,3.164057797,2.835966759,0.017409297,0.204553058,0.185851231,pi4kb/plcb3/plch2a/pik3c2b/pik3cb,5
BP,GO:0006886,intracellular protein transport,51/1661,478/21022,0.106694561,1.350351026,2.269459562,0.017461846,0.204553058,0.185851231,dzip1/kpnb3/sec24c/cog7/desi1a/scfd1/vps16/sytl1/nup98/ranbp2/uhmk1/lonp2/scrib/nkd1/stx1b/napab/gga1/arhgap44a/exoc6/ift22/mapk8ip3/grip2b/pex26/ranbp3b/mon1bb/tmed1b/trim23/os9/arfip1/arfrp1/samm50/grip1/sec23a/vps26c/clta/sec24b/tnpo1/appbp2/arfip2a/stx3b/pik3r4/snapin/rph3ab/zgc:113278/vps37ba/aspscr1/ap1g2/ipo13b/copz1/kpnb1/xpo4,51
MF,GO:0098960,postsynaptic neurotransmitter receptor activity,14/1639,95/20660,0.147368421,1.857615362,2.459333635,0.017479367,0.160885354,0.143039979,chrna11/gria4b/chrnb3a/gria1a/grik1a/grin2aa/grin3ba/gria1b/gria3b/grin2da/drd2a/grin2bb/gria2b/grid2,14
CC,GO:0005871,kinesin complex,9/1691,52/21740,0.173076923,2.225128508,2.56873198,0.017847225,0.13897429,0.118262886,kif23/kif2c/kif21a/kif1aa/klc3/kif2a/kif5c/kif1b/ndel1b,9
MF,GO:0004712,protein serine/threonine/tyrosine kinase activity,7/1639,35/20660,0.2,2.52104942,2.643673516,0.018322033,0.166847453,0.148340763,map2k1/dstyk/clk4a/map2k2a/dyrk1b/tesk1b/clk2a,7
CC,GO:0070382,exocytic vesicle,22/1691,176/21740,0.125,1.607037256,2.348292795,0.018407182,0.139778113,0.118946915,atp6v0a1b/sytl1/dclk2a/syt7a/unc13a/septin5b/picalma/slc17a6b/dtnbp1a/slc17a6a/clta/rab3ip/clcn4/snap91a/stx3b/slc18a2/snapin/rph3ab/septin2/svopa/snap91b/doc2a,22
BP,GO:0071375,cellular response to peptide hormone stimulus,14/1661,96/21022,0.145833333,1.845700381,2.432521247,0.018433821,0.214626135,0.195003349,pdk4/prkcz/stat5a/agtrap/lpin1a/tsc2/socs7/pik3r1/socs7/rps6kb1b/stat3/slc39a14/bcar3/tns2a,14
BP,GO:0016197,endosomal transport,27/1661,224/21022,0.120535714,1.525527866,2.316096134,0.018467154,0.214626135,0.195003349,reps1/map2k1/vps16/tbc1d5/scrib/zgc:162698/arhgap44a/chmp3/washc4/rab11fip4a/washc2c/grip2b/zgc:153184/dennd5a/grip1/eps15/vps50/dennd1a/dennd1c/msnb/vps54/map2k2a/itsn1/vps4b/hook1/chmp5b/vta1,27
CC,GO:0034707,chloride channel complex,10/1691,61/21740,0.163934426,2.107589844,2.515761617,0.018538992,0.139778113,0.118946915,gabrg1/gabrg2/glra2/gabrb3/ttyh3b/slc17a6b/slc17a6a/ttyh2/gabrb4/ttyh1,10
CC,GO:0031594,neuromuscular junction,4/1691,14/21740,0.285714286,3.673228014,2.905730694,0.019400381,0.143987202,0.122528721,si:ch211-176g13.8/unc13a/dlg1b/dlg3,4
BP,GO:0006888,endoplasmic reticulum to Golgi vesicle-mediated transport,15/1661,106/21022,0.141509434,1.790976111,2.391247854,0.019422193,0.224840444,0.204283787,sec24c/scfd1/sec16b/klhl12/sec31a/spast/tmed1b/ergic3/sec23a/sec24b/yipf4/mppe1/sec22a/mia3/gosr1,15
BP,GO:0048705,skeletal system morphogenesis,32/1661,277/21022,0.115523466,1.462091689,2.267560759,0.019542993,0.224851802,0.204294107,scfd1/nbas/kat2b/kdm6a/cdkl5/med14/prkcz/cyp26b1/gata3/plcb3/aldh1l1/polr1c/kdm2bb/jag1b/plxna3/sec23a/chd5/lrp5/fam20b/pard3ab/meis1b/piezo1/mia3/hspg2/fras1/gfpt1/nipbla/itga8/mapre2/shrprbck1r/rap1ab/fasn,32
BP,GO:0051049,regulation of transport,44/1661,405/21022,0.108641975,1.374997956,2.231985077,0.019575513,0.224851802,0.204294107,ptbp1a/map2k1/wnk1a/dpp6a/caska/ptprna/tmem38a/rubcn/uhmk1/nkd1/doc2g/syt7a/cnstb/wnk2/plcb3/cadpsb/septin5b/rims1a/dtnbp1a/pacsin1a/smap1/wnk1b/cadpsa/pacsin2/msnb/cacna1ha/trpm7/drd2a/map2k2a/dmxl2/kcnip2/baiap3/rph3ab/mib2/bmp2k/septin2/sgip1b/mib1/fgf13b/ptprn2/ptprn2/pacsin3/rap1ab/doc2a,44
BP,GO:0006914,autophagy,31/1661,267/21022,0.116104869,1.469450063,2.261159891,0.019975954,0.227338802,0.206553725,atg13/snx14/ufl1/ubxn2a/rab3gap1/sh3bp4a/nbr1a/rubcn/acbd5a/waca/ulk1b/atg16l1/psen2/sec16b/washc4/mcoln1b/wdr45b/wdr45/rab33a/retreg3/tecpr1b/pik3r4/wipi1/atp13a2/wdfy3/atg4b/prkaa1/ulk2/mtmr14/tollip/tex264a,31
BP,GO:0061919,process utilizing autophagic mechanism,31/1661,267/21022,0.116104869,1.469450063,2.261159891,0.019975954,0.227338802,0.206553725,atg13/snx14/ufl1/ubxn2a/rab3gap1/sh3bp4a/nbr1a/rubcn/acbd5a/waca/ulk1b/atg16l1/psen2/sec16b/washc4/mcoln1b/wdr45b/wdr45/rab33a/retreg3/tecpr1b/pik3r4/wipi1/atp13a2/wdfy3/atg4b/prkaa1/ulk2/mtmr14/tollip/tex264a,31
CC,GO:0005905,clathrin-coated pit,9/1691,53/21740,0.169811321,2.183144952,2.504501967,0.020059947,0.144370832,0.122855179,sh3bp4a/sgip1a/picalma/eps15/clta/myo6b/snap91a/sgip1b/snap91b,9
CC,GO:0048786,presynaptic active zone,9/1691,53/21740,0.169811321,2.183144952,2.504501967,0.020059947,0.144370832,0.122855179,ppfia3/ppfibp1b/arhgap44a/unc13a/rims1a/erc2/stx3b/gad1b/pcloa,9
BP,GO:0047496,vesicle transport along microtubule,6/1661,28/21022,0.214285714,2.71204954,2.655188487,0.020070488,0.227338802,0.206553725,kif23/kif1aa/si:ch211-235m3.5/dtnbp1a/kif1b/ndel1b,6
BP,GO:0016311,dephosphorylation,28/1661,236/21022,0.118644068,1.501586751,2.269677781,0.020162675,0.227338802,0.206553725,ptprea/ppp2r5cb/dusp8a/ptprz1b/ptprua/ppm1db/ptprna/cdc14ab/ca16b/ptpmt1/ptpdc1a/ptpn22/ppap2d/mtmr11/inpp5l/ppp2r5d/dusp7/inpp5e/ptprsa/dusp12/ptprt/ptprn2/ptprn2/mtmr14/ptpn18/tab1/cdkn3/ptprub,28
BP,GO:0006338,chromatin remodeling,39/1661,352/21022,0.110795455,1.402252887,2.229194039,0.020228095,0.227338802,0.206553725,baz1a/arid1b/kat2b/ppm1db/npm1a/kdm4aa/dpf3/waca/hdgfl2/nasp/smarcb1b/ehmt1b/dot1l/pbrm1/bmi1a/ehmt2/kdm5bb/mbd1b/atrxl/kdm2bb/chd3/tasor2/hcfc1a/chd5/prmt2/chd2/setd4/zgc:162255/ino80e/setb/si:ch211-13c6.2/kdm4ab/ezh1/cbx1a/glyr1/yeats2/hcfc1a/brd3a/hira,39
MF,GO:0017124,SH3 domain binding,6/1639,28/20660,0.214285714,2.701124379,2.644063442,0.02043444,0.184125057,0.163701938,evlb/elmo1/abi3a/enah/abi1a/qki2,6
BP,GO:0034612,response to tumor necrosis factor,4/1661,14/21022,0.285714286,3.616066053,2.867926247,0.020446619,0.227338802,0.206553725,chuk/smpd4/traf2a/cpne1,4
BP,GO:0071356,cellular response to tumor necrosis factor,4/1661,14/21022,0.285714286,3.616066053,2.867926247,0.020446619,0.227338802,0.206553725,chuk/smpd4/traf2a/cpne1,4
BP,GO:0035384,thioester biosynthetic process,8/1661,44/21022,0.181818182,2.301132943,2.530542178,0.020485136,0.227338802,0.206553725,pdk4/dlat/aclya/acsl1a/acaca/pdk2a/acacb/bckdk,8
BP,GO:0071616,acyl-CoA biosynthetic process,8/1661,44/21022,0.181818182,2.301132943,2.530542178,0.020485136,0.227338802,0.206553725,pdk4/dlat/aclya/acsl1a/acaca/pdk2a/acacb/bckdk,8
MF,GO:0061665,SUMO ligase activity,4/1639,14/20660,0.285714286,3.601499172,2.858230177,0.020723974,0.184788773,0.164292035,ranbp2/zmiz1a/zmiz2/pias4a,4
BP,GO:0031109,microtubule polymerization or depolymerization,12/1661,79/21022,0.151898734,1.922465497,2.405979043,0.020792881,0.228415831,0.207532284,slain1a/clasp1a/camsap1b/dchs1b/apc/spast/camsap2a/clip1a/ndel1b/nckap5l/clasp2/mapre2,12
BP,GO:0017158,regulation of calcium ion-dependent exocytosis,7/1661,36/21022,0.194444444,2.460933842,2.56959439,0.020814315,0.228415831,0.207532284,ptbp1a/doc2g/syt7a/cacna1ha/baiap3/rph3ab/doc2a,7
BP,GO:0040001,establishment of mitotic spindle localization,7/1661,36/21022,0.194444444,2.460933842,2.56959439,0.020814315,0.228415831,0.207532284,clasp1a/ift88/scrib/dctn1a/diaph2/ndel1b/clasp2,7
BP,GO:0048640,negative regulation of developmental growth,5/1661,21/21022,0.238095238,3.013388378,2.703739383,0.02139828,0.232234272,0.211001614,wwc1/ulk1b/robo2/tncb/ulk2,5
BP,GO:0051592,response to calcium ion,5/1661,21/21022,0.238095238,3.013388378,2.703739383,0.02139828,0.232234272,0.211001614,cpne4b/slc25a24/cpne4a/cpne1/cpne2,5
BP,GO:1901379,regulation of potassium ion transmembrane transport,5/1661,21/21022,0.238095238,3.013388378,2.703739383,0.02139828,0.232234272,0.211001614,wnk1a/dpp6a/wnk2/wnk1b/kcnip2,5
MF,GO:0000149,SNARE binding,18/1639,136/20660,0.132352941,1.668341528,2.29543157,0.021930959,0.19353506,0.172068185,sec24c/scfd1/exoc3l1/nbas/stx1b/napab/syt7a/unc13a/picalma/vps50/sec24b/vps54/snap91a/stx3b/baiap3/snapin/sybl1/snap91b,18
CC,GO:1904949,ATPase complex,16/1691,119/21740,0.134453782,1.728577889,2.314497982,0.022047568,0.156307388,0.133012824,atp6v0a1b/baz1a/arid1b/smarcc1b/dpf3/smarce1/smarcb1b/atp6v0a2a/pbrm1/smarcd2/chd3/chd5/ino80e/atp6ap1lb/atp6v0a2b/atp6v1h,16
MF,GO:0042802,identical protein binding,24/1639,196/20660,0.12244898,1.543499645,2.244189307,0.022205973,0.193962379,0.172448107,lnpk/tmem38a/tpcn3/ctps1a/robo2/caprin1a/rab11fip4a/hif1an/chuk/tenm4/tenm3/cdab/plxna3/mag/mffa/igfbp7/prmt2/stc2a/mib2/hesx1/rbpms2b/mib1/nudt21/gpd1b,24
BP,GO:1904888,cranial skeletal system development,35/1661,312/21022,0.112179487,1.419769524,2.187992164,0.022644796,0.244862411,0.22247519,taok2b/scfd1/nbas/usp37/kdm6a/cdkl5/med14/cyp26b1/gata3/plcb3/aldh1l1/polr1c/kdm2bb/jag1b/sec23a/chd5/lrp5/usp20/taok2a/fam20b/usp5/pard3ab/meis1b/usp25/mia3/hspg2/myt1a/fras1/gfpt1/nipbla/itga8/vcpip1/mapre2/shrprbck1r/rap1ab,35
BP,GO:0048919,posterior lateral line neuromast development,8/1661,45/21022,0.177777778,2.249996655,2.45861784,0.023242993,0.249502962,0.226691466,anos1a/eya4/abhd12/llgl2/wnk1b/lrp5/rtn4a/stat3,8
BP,GO:0051054,positive regulation of DNA metabolic process,8/1661,45/21022,0.177777778,2.249996655,2.45861784,0.023242993,0.249502962,0.226691466,baz1a/eya4/spire2/ercc2/hdgfl2/pias4a/abraxas1/tnksa,8
BP,GO:0001894,tissue homeostasis,16/1661,118/21022,0.13559322,1.716099144,2.284794105,0.023356509,0.249813092,0.226973241,tcf7l2/ptbp1a/pomt2/exoc5/tjp1b/ift88/cracd/mllt10/dot1l/mcoln1b/cdipt/lrp5/piezo1/tjp2b/fras1/ift57,16
MF,GO:0008081,phosphoric diester hydrolase activity,15/1639,108/20660,0.138888889,1.750728764,2.296124011,0.023395302,0.202286649,0.179849049,adprm/pde7a/usb1/plcg2/gdpd4b/plcb4a/plcxd1/pde4a/plcb3/pde11a/smpd4/mppe1/plch2a/pde1cb/pde1a,15
BP,GO:0043266,regulation of potassium ion transport,6/1661,29/21022,0.206896552,2.61853059,2.554643294,0.023661879,0.250066502,0.227203483,wnk1a/dpp6a/wnk2/wnk1b/drd2a/kcnip2,6
BP,GO:0046928,regulation of neurotransmitter secretion,6/1661,29/21022,0.206896552,2.61853059,2.554643294,0.023661879,0.250066502,0.227203483,caska/rims1a/dtnbp1a/trpm7/baiap3/rap1ab,6
BP,GO:0006486,protein glycosylation,27/1661,229/21022,0.11790393,1.492219397,2.193640717,0.023854147,0.250066502,0.227203483,pomt2/gxylt1b/alg6/b4galt6/large2/tmtc4/large1/trappc11/zgc:92907/dpagt1/tmtc1/dpm1/galnt1/aars2/st3gal5/pomt1/st6galnac6/rpn2/b4galt5/ext2/gfpt1/tmtc2a/st3gal3b/st8sia5/st6galnac5a/mgat4b/ogt.1,27
BP,GO:0043413,macromolecule glycosylation,27/1661,229/21022,0.11790393,1.492219397,2.193640717,0.023854147,0.250066502,0.227203483,pomt2/gxylt1b/alg6/b4galt6/large2/tmtc4/large1/trappc11/zgc:92907/dpagt1/tmtc1/dpm1/galnt1/aars2/st3gal5/pomt1/st6galnac6/rpn2/b4galt5/ext2/gfpt1/tmtc2a/st3gal3b/st8sia5/st6galnac5a/mgat4b/ogt.1,27
BP,GO:0008286,insulin receptor signaling pathway,7/1661,37/21022,0.189189189,2.394422116,2.486498762,0.023973178,0.250066502,0.227203483,pdk4/tsc2/socs7/pik3r1/socs7/bcar3/tns2a,7
BP,GO:0019674,NAD metabolic process,7/1661,37/21022,0.189189189,2.394422116,2.486498762,0.023973178,0.250066502,0.227203483,naprt/pfkpa/nudt17/nadkb/nudt12/nmnat2/gpd1b,7
BP,GO:0035329,hippo signaling,7/1661,37/21022,0.189189189,2.394422116,2.486498762,0.023973178,0.250066502,0.227203483,stk3/wwc1/adgrl2a/schip1/yap1/frmd6/slmapa,7
CC,GO:0035371,microtubule plus-end,5/1691,22/21740,0.227272727,2.92188592,2.619233751,0.024415046,0.170098112,0.14474831,slain1a/clip2/clip1a/nckap5l/mapre2,5
MF,GO:0015377,chloride:monoatomic cation symporter activity,7/1639,37/20660,0.189189189,2.384776479,2.474754207,0.024447722,0.209272502,0.186060033,slc12a7b/slc6a1a/slc6a22.1/slc6a1b/slc6a6a/slc18a2/si:ch211-117c9.5,7
BP,GO:0030318,melanocyte differentiation,9/1661,54/21022,0.166666667,2.109371864,2.390799371,0.024582521,0.255519727,0.232158132,tfap2e/psen2/dennd5a/ctbp2a/trpm7/erbb3b/mib2/gfpt1/mib1,9
CC,GO:0008328,ionotropic glutamate receptor complex,9/1691,55/21740,0.163636364,2.103757862,2.38023956,0.02506709,0.170098112,0.14474831,gria4b/gria1a/grik1a/grin2aa/gria1b/gria3b/grin2da/grin2bb/gria2b,9
CC,GO:0098878,neurotransmitter receptor complex,9/1691,55/21740,0.163636364,2.103757862,2.38023956,0.02506709,0.170098112,0.14474831,gria4b/gria1a/grik1a/grin2aa/gria1b/gria3b/grin2da/grin2bb/gria2b,9
BP,GO:0032535,regulation of cellular component size,26/1661,220/21022,0.118181818,1.495736413,2.164996628,0.025543441,0.263716554,0.239605541,evlb/dbn1/cracd/cdkl5/slc12a7b/ulk1b/robo2/si:ch211-176g13.8/si:dkey-40c11.2/spast/baiap2l2a/tncb/baiap2a/add3a/plxna3/cntn2/pard3ab/dscama/piezo1/atp13a2/svila/stat3/casp9/ext2/dbnlb/ulk2,26
BP,GO:0001678,intracellular glucose homeostasis,5/1661,22/21022,0.227272727,2.876416179,2.57916111,0.025937291,0.263716554,0.239605541,abcc8/ptprna/slc39a14/ptprn2/ptprn2,5
BP,GO:0034315,regulation of Arp2/3 complex-mediated actin nucleation,5/1661,22/21022,0.227272727,2.876416179,2.57916111,0.025937291,0.263716554,0.239605541,carmil2/si:ch73-362m14.4/arfip1/arfip2a/carmil3,5
BP,GO:0043101,purine-containing compound salvage,5/1661,22/21022,0.227272727,2.876416179,2.57916111,0.025937291,0.263716554,0.239605541,naprt/pgm2/hprt1l/ampd2b/aprt,5
BP,GO:0046040,IMP metabolic process,5/1661,22/21022,0.227272727,2.876416179,2.57916111,0.025937291,0.263716554,0.239605541,adssl/pfas/hprt1l/ampd2b/adss2,5
BP,GO:0006086,acetyl-CoA biosynthetic process from pyruvate,4/1661,15/21022,0.266666667,3.374994983,2.695094006,0.026175119,0.263716554,0.239605541,pdk4/dlat/pdk2a/bckdk,4
BP,GO:0007035,vacuolar acidification,4/1661,15/21022,0.266666667,3.374994983,2.695094006,0.026175119,0.263716554,0.239605541,atp6v0a1b/atp6v0a2a/dmxl2/atp6v0a2b,4
BP,GO:0032261,purine nucleotide salvage,4/1661,15/21022,0.266666667,3.374994983,2.695094006,0.026175119,0.263716554,0.239605541,naprt/hprt1l/ampd2b/aprt,4
BP,GO:0048918,posterior lateral line nerve development,4/1661,15/21022,0.266666667,3.374994983,2.695094006,0.026175119,0.263716554,0.239605541,gna13a/erbb3b/kif1b/nsfa,4
BP,GO:0048704,embryonic skeletal system morphogenesis,27/1661,231/21022,0.116883117,1.479299749,2.14547329,0.026322678,0.264301177,0.240136714,scfd1/nbas/kdm6a/cdkl5/med14/cyp26b1/gata3/plcb3/aldh1l1/polr1c/kdm2bb/plxna3/sec23a/chd5/lrp5/fam20b/pard3ab/meis1b/mia3/hspg2/fras1/gfpt1/nipbla/itga8/mapre2/shrprbck1r/rap1ab,27
MF,GO:0008200,ion channel inhibitor activity,4/1639,15/20660,0.266666667,3.361399227,2.685561205,0.026523467,0.214189505,0.190431643,wnk1a/nedd4a/wnk2/wnk1b,4
MF,GO:0016248,channel inhibitor activity,4/1639,15/20660,0.266666667,3.361399227,2.685561205,0.026523467,0.214189505,0.190431643,wnk1a/nedd4a/wnk2/wnk1b,4
MF,GO:0019894,kinesin binding,4/1639,15/20660,0.266666667,3.361399227,2.685561205,0.026523467,0.214189505,0.190431643,ktn1/ift88/mapk8ip3/klc3,4
MF,GO:0051010,microtubule plus-end binding,4/1639,15/20660,0.266666667,3.361399227,2.685561205,0.026523467,0.214189505,0.190431643,clip2/clip1a/clasp2/mapre2,4
MF,GO:0051864,histone H3K36 demethylase activity,4/1639,15/20660,0.266666667,3.361399227,2.685561205,0.026523467,0.214189505,0.190431643,kdm4aa/kdm2bb/kdm4ab/riox2,4
MF,GO:0141110,transporter inhibitor activity,4/1639,15/20660,0.266666667,3.361399227,2.685561205,0.026523467,0.214189505,0.190431643,wnk1a/nedd4a/wnk2/wnk1b,4
BP,GO:0006814,sodium ion transport,23/1661,190/21022,0.121052632,1.532070091,2.157882404,0.026772602,0.267907534,0.243413349,scn1lab/wnk1a/hcn4/slc13a5a/slc38a6/slc6a1a/slc6a22.1/tpcn3/atp1b3a/commd3/wnk2/slc6a1b/slc17a6b/slc9a1b/slc17a6a/wnk1b/slc6a6a/cacna1ha/asic4a/asic1c/fgf13b/si:ch211-117c9.5/slc13a4,23
BP,GO:0006821,chloride transport,16/1661,120/21022,0.133333333,1.687497491,2.212154366,0.026889275,0.26816601,0.243648193,gabrg1/gabrg2/glra2/gabrb3/slc12a7b/ano5a/ttyh3b/slc17a6b/slc17a6a/ttyh2/clcn2b/gabrb4/clcn4/ttyh1/slc26a11/clcn2a,16
BP,GO:0009062,fatty acid catabolic process,11/1661,73/21022,0.150684932,1.907103329,2.273966972,0.027625163,0.273994754,0.248944028,zgc:85777/acox3/decr1/lpin1a/acadm/ech1/acaa1/phyh/acot7/acad11/abhd3,11
BP,GO:0051090,regulation of DNA-binding transcription factor activity,6/1661,30/21022,0.2,2.531246237,2.458251783,0.027659362,0.273994754,0.248944028,ufl1/setd6/crtc1b/fli1/si:ch211-195h23.3/prkaa1,6
BP,GO:0030100,regulation of endocytosis,10/1661,64/21022,0.15625,1.977536123,2.294010987,0.027778606,0.274255667,0.249181086,rubcn/pacsin1a/smap1/pacsin2/dmxl2/mib2/bmp2k/sgip1b/mib1/pacsin3,10
MF,GO:0016706,2-oxoglutarate-dependent dioxygenase activity,12/1639,82/20660,0.146341463,1.844670308,2.249676255,0.027859497,0.21705394,0.192978355,kdm6a/kdm4aa/p4htmb/hif1an/kdm5bb/asph/kdm2bb/phyh/plod3/kdm4ab/p4ha1b/riox2,12
MF,GO:0005272,sodium channel activity,7/1639,38/20660,0.184210526,2.322019203,2.394371985,0.027982068,0.21705394,0.192978355,scn1lab/hcn4/tpcn3/grik1a/cacna1ha/asic4a/asic1c,7
MF,GO:0015355,secondary active monocarboxylate transmembrane transporter activity,6/1639,30/20660,0.2,2.52104942,2.447269457,0.028146013,0.21705394,0.192978355,slc6a1a/slc6a22.1/slc6a1b/slc6a6a/slc16a3a/si:ch211-117c9.5,6
MF,GO:0030159,signaling receptor complex adaptor activity,6/1639,30/20660,0.2,2.52104942,2.447269457,0.028146013,0.21705394,0.192978355,shank2b/sh2b1/mapk8ip3/shank3b/magi2a/gab2,6
MF,GO:0141052,histone H3 demethylase activity,6/1639,30/20660,0.2,2.52104942,2.447269457,0.028146013,0.21705394,0.192978355,kdm6a/kdm4aa/kdm5bb/kdm2bb/kdm4ab/riox2,6
BP,GO:0043491,phosphatidylinositol 3-kinase/protein kinase B signal transduction,13/1661,92/21022,0.141304348,1.788380494,2.219692321,0.028553311,0.280964576,0.255276616,nyap2a/tsc2/vegfaa/vav2/btbd10b/ddr1/tp53bp2b/nyap2b/ddr2b/mkrn2/rictorb/pik3c2b/pik3cb,13
CC,GO:0016323,basolateral plasma membrane,17/1691,133/21740,0.127819549,1.643286217,2.161115896,0.029087636,0.188179692,0.160135184,numb/caska/slc4a10a/scrib/slc3a2b/slc9a1b/palm1a/slco1e1/slc7a8a/dstyk/dlg1b/slc4a8/clcn2b/slc16a3a/dlg3/slc39a14/clcn2a,17
BP,GO:0046467,membrane lipid biosynthetic process,17/1661,131/21022,0.129770992,1.642411681,2.160314955,0.029120283,0.28559161,0.25948061,tlcd3ba/b4galt6/hacd3/pla2g6/gal3st4/slc30a5/smpd4/dpm1/pigv/mppe1/st3gal5/st6galnac6/ugcg/cers5/b4galt5/cers6/st6galnac5a,17
BP,GO:0042552,myelination,12/1661,83/21022,0.144578313,1.829816557,2.218660153,0.029498288,0.288340884,0.261978524,vps16/myrf/tenm4/abhd12/gna13a/erbb3b/exosc8/pard3ab/rnf10/mpz/nsfa/plp1b,12
BP,GO:0070085,glycosylation,28/1661,244/21022,0.114754098,1.452354398,2.081706362,0.029676347,0.28912401,0.262690051,pomt2/gxylt1b/alg6/b4galt6/large2/tmtc4/large1/trappc11/zgc:92907/dpagt1/tmtc1/dpm1/galnt1/aars2/st3gal5/pomt1/gbgt1l4/st6galnac6/rpn2/b4galt5/ext2/gfpt1/tmtc2a/st3gal3b/st8sia5/st6galnac5a/mgat4b/ogt.1,28
CC,GO:0030117,membrane coat,13/1691,94/21740,0.138297872,1.777998666,2.195326801,0.029887463,0.188179692,0.160135184,sec24c/klhl12/aftpha/sec31a/epn3a/eps15/sec23a/clta/sec24b/epn3b/epn1a/ap1g2/copz1,13
CC,GO:0048475,coated membrane,13/1691,94/21740,0.138297872,1.777998666,2.195326801,0.029887463,0.188179692,0.160135184,sec24c/klhl12/aftpha/sec31a/epn3a/eps15/sec23a/clta/sec24b/epn3b/epn1a/ap1g2/copz1,13
BP,GO:0060271,cilium assembly,44/1661,417/21022,0.105515588,1.33542967,2.026426248,0.030295176,0.294182105,0.267285695,dzip1/exoc5/iqub/elmo1/pi4kb/tmem237a/bbs5/ift88/cdc14ab/ttc39c/spag6/dnaaf6/yap1/cep41/usp8/wdr54/mcm2/ptpdc1a/ttll5/unc119b/llgl2/flncb/ablim1b/pacsin2/cc2d1a/ttll1/rilp/arl13b/pih1d1/ablim1a/ahi1/fam149b1/ift70/rfx2/ablim3/nisch/cdk20/odf2a/ift57/septin2/inpp5e/itga8/trappc14/ak5,44
BP,GO:0031290,retinal ganglion cell axon guidance,9/1661,56/21022,0.160714286,2.034037155,2.269446644,0.030441884,0.294637513,0.267699466,dzip1/robo2/apc/tenm3/lamc1/ahi1/cdh11/ext2/rbpms2b,9
CC,GO:0030665,clathrin-coated vesicle membrane,8/1691,48/21740,0.166666667,2.142716341,2.301730571,0.030491308,0.188179692,0.160135184,atp6v0a1b/aftpha/epn3a/clta/epn3b/epn1a/dbnlb/ap1g2,8
CC,GO:0034704,calcium channel complex,8/1691,48/21740,0.166666667,2.142716341,2.301730571,0.030491308,0.188179692,0.160135184,ryr2b/ryr3/micu3a/micu1/cacna2d2b/cacna1da/cacna1ha/cacna1ab,8
CC,GO:0005819,spindle,22/1691,185/21740,0.118918919,1.528857065,2.097951231,0.030513593,0.188179692,0.160135184,clasp1a/ddx11/cdc14ab/kif2c/rcc2/dcun1d5/pin4/golga2/spast/lrmp/kif2a/dctn1a/wdr62/mzt2b/mad2l2/ndel1b/racgap1/odf2a/clasp2/septin2/mapre2/trappc14,22
BP,GO:0060249,anatomical structure homeostasis,16/1661,122/21022,0.131147541,1.659833598,2.140862662,0.030805716,0.296730753,0.269601326,tcf7l2/ptbp1a/pomt2/exoc5/tjp1b/ift88/cracd/mllt10/dot1l/mcoln1b/cdipt/lrp5/piezo1/tjp2b/fras1/ift57,16
CC,GO:0030134,COPII-coated ER to Golgi transport vesicle,9/1691,57/21740,0.157894737,2.029941797,2.261182695,0.030901086,0.188179692,0.160135184,sec24c/sec16b/klhl12/sec31a/tmed1b/ergic3/sec23a/slc30a5/sec24b,9
CC,GO:0030427,site of polarized growth,9/1691,57/21740,0.157894737,2.029941797,2.261182695,0.030901086,0.188179692,0.160135184,dbn1/elavl4/si:dkey-40c11.2/myo10l1/myo9aa/apc/snphb/dbnlb/fgf13b,9
MF,GO:0016278,lysine N-methyltransferase activity,11/1639,74/20660,0.148648649,1.873752948,2.21027332,0.030996337,0.234804111,0.208759681,setd6/kmt2bb/ehmt1b/dot1l/kmt2cb/ehmt2/setd1a/kmt2ca/smyd2a/setd4/ezh1,11
MF,GO:0016279,protein-lysine N-methyltransferase activity,11/1639,74/20660,0.148648649,1.873752948,2.21027332,0.030996337,0.234804111,0.208759681,setd6/kmt2bb/ehmt1b/dot1l/kmt2cb/ehmt2/setd1a/kmt2ca/smyd2a/setd4/ezh1,11
BP,GO:0006760,folic acid-containing compound metabolic process,5/1661,23/21022,0.217391304,2.751354606,2.461423314,0.031047498,0.296730753,0.269601326,aldh1l1/zgc:171566/mthfr/mthfd1l/mthfd2,5
BP,GO:0099175,regulation of postsynapse organization,5/1661,23/21022,0.217391304,2.751354606,2.461423314,0.031047498,0.296730753,0.269601326,dbn1/arhgap44a/si:dkey-40c11.2/dbnlb/tanc2a,5
BP,GO:0006820,monoatomic anion transport,19/1661,152/21022,0.125,1.582028898,2.109369818,0.031060231,0.296730753,0.269601326,gabrg1/gabrg2/glra2/slc4a10a/gabrb3/slc12a7b/zgc:56235/ano5a/ttyh3b/slc17a6b/slc17a6a/ttyh2/slc4a8/clcn2b/gabrb4/clcn4/ttyh1/slc26a11/clcn2a,19
BP,GO:0099518,vesicle cytoskeletal trafficking,7/1661,39/21022,0.179487179,2.271631239,2.32813045,0.031245478,0.29753758,0.270334386,kif23/ccdc186/kif1aa/si:ch211-235m3.5/dtnbp1a/kif1b/ndel1b,7
BP,GO:1901293,nucleoside phosphate biosynthetic process,29/1661,256/21022,0.11328125,1.433713689,2.045004638,0.031682342,0.300727565,0.273232718,pdk4/dlat/adssl/aclya/naprt/pfas/gnpnat1/prpsap2/ctps1a/acsl1a/hprt1l/acaca/adcy7/ampd2b/papss1/gucy1a1/nadkb/pgm3/impdh1b/aprt/si:ch211-132f19.7/gmppaa/pdk2a/uckl1b/acacb/gfpt1/nmnat2/bckdk/adss2,29
BP,GO:0005975,carbohydrate metabolic process,45/1661,430/21022,0.104651163,1.32448931,1.991282913,0.032433618,0.303259465,0.275533133,scn1lab/chst15/hexd/man2a2/pdk4/mpdu1b/zgc:172295/ctbs/b4galt6/xylb/pfkpa/pgm2l1/pgm2/slc3a2b/prkag2b/phka2/spata20/wdr45b/hyal2a/gaa2/tkfc/casd1/phka1a/pfkfb3/si:ch211-282j22.3/wdr45/pgm3/dcxr/enosf1/galm/gbgt1l4/st6galnac6/pdk2a/wipi1/man1b1a/fggy/khk/rpia/b4galt5/st8sia5/st6galnac5a/bckdk/pygl/pygmb/gpd1b,45
MF,GO:0004697,diacylglycerol-dependent serine/threonine kinase activity,6/1639,31/20660,0.193548387,2.439725246,2.354771825,0.032633969,0.236734552,0.210475998,prkd1/prkcz/prkcg/prkceb/prkcbb/pkn1a,6
MF,GO:0031624,ubiquitin conjugating enzyme binding,6/1639,31/20660,0.193548387,2.439725246,2.354771825,0.032633969,0.236734552,0.210475998,ankib1a/dcun1d5/ankib1b/dcun1d2a/dcun1d1/tollip,6
MF,GO:0032452,histone demethylase activity,6/1639,31/20660,0.193548387,2.439725246,2.354771825,0.032633969,0.236734552,0.210475998,kdm6a/kdm4aa/kdm5bb/kdm2bb/kdm4ab/riox2,6
MF,GO:0070063,RNA polymerase binding,6/1639,31/20660,0.193548387,2.439725246,2.354771825,0.032633969,0.236734552,0.210475998,tcerg1b/waca/scaf4a/smyd2a/rrn3/pcf11,6
MF,GO:0140457,protein demethylase activity,6/1639,31/20660,0.193548387,2.439725246,2.354771825,0.032633969,0.236734552,0.210475998,kdm6a/kdm4aa/kdm5bb/kdm2bb/kdm4ab/riox2,6
BP,GO:0006734,NADH metabolic process,4/1661,16/21022,0.25,3.164057797,2.536324262,0.032770925,0.303259465,0.275533133,pfkpa/nudt17/nudt12/gpd1b,4
BP,GO:0031632,positive regulation of synaptic vesicle fusion to presynaptic active zone membrane,4/1661,16/21022,0.25,3.164057797,2.536324262,0.032770925,0.303259465,0.275533133,doc2g/syt7a/rph3ab/doc2a,4
BP,GO:0034248,regulation of amide metabolic process,4/1661,16/21022,0.25,3.164057797,2.536324262,0.032770925,0.303259465,0.275533133,pdk4/pla2g6/pdk2a/bckdk,4
BP,GO:0045685,regulation of glial cell differentiation,4/1661,16/21022,0.25,3.164057797,2.536324262,0.032770925,0.303259465,0.275533133,tenm4/mib1/daam2/qki2,4
BP,GO:0099502,calcium-dependent activation of synaptic vesicle fusion,4/1661,16/21022,0.25,3.164057797,2.536324262,0.032770925,0.303259465,0.275533133,doc2g/syt7a/rph3ab/doc2a,4
BP,GO:0120316,sperm flagellum assembly,4/1661,16/21022,0.25,3.164057797,2.536324262,0.032770925,0.303259465,0.275533133,dzip1/spag6/ttll5/ttll1,4
BP,GO:1901634,positive regulation of synaptic vesicle membrane organization,4/1661,16/21022,0.25,3.164057797,2.536324262,0.032770925,0.303259465,0.275533133,doc2g/syt7a/rph3ab/doc2a,4
BP,GO:0048024,"regulation of mRNA splicing, via spliceosome",11/1661,75/21022,0.146666667,1.856247241,2.175787664,0.032977118,0.304213911,0.276400315,cirbpb/celf3a/celf4/celf2/ythdc1/rest/khdrbs2/hnrpkl/eif4a3/ybx1/qki2,11
MF,GO:0005227,calcium-activated cation channel activity,4/1639,16/20660,0.25,3.151311775,2.526933845,0.033198712,0.236817477,0.210549725,tmem63c/kcnma1a/tmem63ba/kcnn2,4
MF,GO:0019789,SUMO transferase activity,4/1639,16/20660,0.25,3.151311775,2.526933845,0.033198712,0.236817477,0.210549725,ranbp2/zmiz1a/zmiz2/pias4a,4
BP,GO:0006892,post-Golgi vesicle-mediated transport,10/1661,66/21022,0.151515152,1.917610786,2.186874661,0.033594115,0.308032734,0.279869992,exoc5/gga1/exoc6/cnstb/golga7/arfrp1/llgl2/vps54/ap1g2/nsfa,10
BP,GO:0006397,mRNA processing,42/1661,398/21022,0.105527638,1.335582185,1.979710078,0.033599777,0.308032734,0.279869992,ptbp1a/cpsf3/cmtr1/srpk1a/hnrnpl2/elavl4/rnpc3/ncbp3/casc3/cirbpb/celf3a/zgc:158803/rsrc1/ddx20/celf4/hnrnpl/rbm10/dhx9/celf2/ythdc1/safb/rbm17/rbm6/gpatch1/pabpc1a/rest/u2af2b/ptbp2b/khdrbs2/rbm5/cdk12/ilf3b/rpusd4/srrm4/hnrpkl/nudt21/xrn2/pcf11/eif4a3/ybx1/qki2/snrnp70,42
BP,GO:0007254,JNK cascade,9/1661,57/21022,0.157894737,1.998352293,2.210657306,0.033708734,0.308074869,0.279908275,mapkbp1/map3k7/ankrd6b/mapk8ip1a/sh3rf1/aida/mapk8ip2/mapk8ip3/map3k12,9
BP,GO:0051094,positive regulation of developmental process,35/1661,322/21022,0.108695652,1.375677303,1.989781232,0.034034547,0.309182202,0.280914367,numb/elmo1/dbn1/ncanb/cdkl5/mydgf/megf10/tiam1a/robo2/si:dkey-40c11.2/gata3/stat5a/spast/plxna2/vegfaa/pacsin1a/tenm4/tncb/plxna3/mffa/cntn2/tal1/chodl/rest/akirin1/dscama/meis1b/tnfrsf1b/stat3/sec14l8/smad2/dbnlb/brinp3b/atp6v1h/nudt21,35
BP,GO:0006403,RNA localization,14/1661,104/21022,0.134615385,1.703723429,2.107202196,0.034248841,0.309182202,0.280914367,nup98/nup58/ncbp3/casc3/nxf1b/mcm3ap/sidt2/lrmp/ddx19b/kif1b/sarnp/eif4a3/ybx1/qki2,14
BP,GO:0043085,positive regulation of catalytic activity,14/1661,104/21022,0.134615385,1.703723429,2.107202196,0.034248841,0.309182202,0.280914367,zgc:92360/rab3gap1/ect2/scrib/arhgap44a/tiam1a/rap1gds1/myo9aa/hip1/tsc2/si:dkey-33c9.6/ralgapa2/baxa/chn1,14
BP,GO:0051050,positive regulation of transport,14/1661,104/21022,0.134615385,1.703723429,2.107202196,0.034248841,0.309182202,0.280914367,ptbp1a/wnk1a/doc2g/syt7a/cnstb/wnk2/cadpsb/wnk1b/cadpsa/msnb/cacna1ha/baiap3/rph3ab/doc2a,14
BP,GO:0001667,ameboidal-type cell migration,29/1661,258/21022,0.112403101,1.422599629,2.000465494,0.034601616,0.310591415,0.282194739,ankrd6b/tns1a/tns1b/sema5ba/hif1ab/epha3/sh3pxd2aa/ctnnd1/cep41/radil/pax6b/sema6d/ryk/rcc2/pcdh10a/aldh1l1/tncb/gna13a/lrp5/plod3/erbb3b/pard3ab/dmxl2/dscama/diaph2/def6a/stat3/si:ch211-113g11.6/sema5a,29
CC,GO:0016514,SWI/SNF complex,5/1691,24/21740,0.208333333,2.678395427,2.389214925,0.03465811,0.206338826,0.175588054,arid1b/smarcc1b/dpf3/smarce1/smarcd2,5
BP,GO:0006493,protein O-linked glycosylation,12/1661,85/21022,0.141176471,1.78676205,2.128841115,0.034720585,0.310591415,0.282194739,pomt2/gxylt1b/large2/tmtc4/large1/tmtc1/dpm1/galnt1/aars2/pomt1/tmtc2a/ogt.1,12
BP,GO:0070507,regulation of microtubule cytoskeleton organization,12/1661,85/21022,0.141176471,1.78676205,2.128841115,0.034720585,0.310591415,0.282194739,slain1a/mid1/clasp1a/camsap1b/apc/spast/camsap2a/clip1a/zgc:162200/clasp2/mapre2/phldb2b,12
CC,GO:0036064,ciliary basal body,13/1691,96/21740,0.135416667,1.740957027,2.113027272,0.034751802,0.206338826,0.175588054,dzip1/bbs5/ift88/ttll7/cep41/ttll11/ofd1/ttll5/ttll1/rilp/ahi1/ift57/ttll4,13
BP,GO:0008088,axo-dendritic transport,7/1661,40/21022,0.175,2.214840458,2.252544663,0.035381527,0.315547638,0.286697826,psen2/mapk8ip3/kif1aa/spast/dtnbp1a/kif5c/kif1b,7
MF,GO:0051020,GTPase binding,20/1639,164/20660,0.12195122,1.537225256,2.027548453,0.035811876,0.251805812,0.223875556,vps9d1/sytl1/ccdc186/gga1/radil/rab11fip4a/hace1/rcc2/rin2a/dennd5a/tnpo1/rin3/rilp/pkn1a/diaph2/rph3ab/ipo13b/kpnb1/dock3/daam2,20
MF,GO:0008170,N-methyltransferase activity,15/1639,114/20660,0.131578947,1.658585145,2.069798968,0.035888211,0.251805812,0.223875556,ndufaf7/setd6/kmt2bb/trmt1l/hnmt/ehmt1b/dot1l/kmt2cb/ehmt2/setd1a/kmt2ca/smyd2a/prmt2/setd4/ezh1,15
CC,GO:0000123,histone acetyltransferase complex,12/1691,87/21740,0.137931034,1.773282489,2.098862516,0.036649934,0.214922451,0.182892457,kat2b/meaf6/kansl1l/kansl1a/kansl3/brd8a/morf4l1/taf6l/atxn7l3a/kat7a/yeats2/mrgbp,12
BP,GO:0006085,acetyl-CoA biosynthetic process,5/1661,24/21022,0.208333333,2.63671483,2.349834537,0.0367457,0.323371826,0.293806666,pdk4/dlat/aclya/pdk2a/bckdk,5
BP,GO:0031345,negative regulation of cell projection organization,5/1661,24/21022,0.208333333,2.63671483,2.349834537,0.0367457,0.323371826,0.293806666,ulk1b/robo2/tncb/arhgap24/ulk2,5
BP,GO:0046777,protein autophosphorylation,5/1661,24/21022,0.208333333,2.63671483,2.349834537,0.0367457,0.323371826,0.293806666,camk2g1/yes1/dclk2a/dyrk1b/map3k12,5
BP,GO:0098930,axonal transport,6/1661,32/21022,0.1875,2.373043347,2.276672847,0.036931313,0.323371826,0.293806666,psen2/mapk8ip3/kif1aa/spast/dtnbp1a/kif1b,6
BP,GO:0099637,neurotransmitter receptor transport,6/1661,32/21022,0.1875,2.373043347,2.276672847,0.036931313,0.323371826,0.293806666,scrib/stx1b/arhgap44a/grip2b/grip1/stx3b,6
BP,GO:0031017,exocrine pancreas development,9/1661,58/21022,0.155172414,1.963897943,2.153057282,0.037209498,0.323371826,0.293806666,tcf7l2/ppp1r12a/apc/ehmt2/jag1b/trpm7/lnx2b/nup54/isl1a,9
BP,GO:0035272,exocrine system development,9/1661,58/21022,0.155172414,1.963897943,2.153057282,0.037209498,0.323371826,0.293806666,tcf7l2/ppp1r12a/apc/ehmt2/jag1b/trpm7/lnx2b/nup54/isl1a,9
CC,GO:0017146,NMDA selective glutamate receptor complex,3/1691,10/21740,0.3,3.856889415,2.624271681,0.037243837,0.215741741,0.183589648,grin2aa/grin2da/grin2bb,3
BP,GO:0043604,amide biosynthetic process,18/1661,145/21022,0.124137931,1.571118354,2.021266987,0.037262555,0.323371826,0.293806666,tlcd3ba/pdk4/dlat/aclya/pm20d1.2/acsl1a/acaca/pla2g6/smpd4/st6galnac6/pdk2a/ugcg/cers5/acacb/b4galt5/cers6/st6galnac5a/bckdk,18
MF,GO:0140161,monocarboxylate:sodium symporter activity,5/1639,24/20660,0.208333333,2.626093146,2.33972994,0.037300304,0.257220489,0.228689638,slc6a1a/slc6a22.1/slc6a1b/slc6a6a/si:ch211-117c9.5,5
MF,GO:0004112,cyclic-nucleotide phosphodiesterase activity,6/1639,32/20660,0.1875,2.363483832,2.265811997,0.037561403,0.257220489,0.228689638,adprm/pde7a/pde4a/pde11a/pde1cb/pde1a,6
MF,GO:0044390,ubiquitin-like protein conjugating enzyme binding,6/1639,32/20660,0.1875,2.363483832,2.265811997,0.037561403,0.257220489,0.228689638,ankib1a/dcun1d5/ankib1b/dcun1d2a/dcun1d1/tollip,6
BP,GO:0050657,nucleic acid transport,13/1661,96/21022,0.135416667,1.71386464,2.053316922,0.03868964,0.323371826,0.293806666,nup98/nup58/ncbp3/casc3/nxf1b/mcm3ap/sidt2/lrmp/ddx19b/sarnp/eif4a3/ybx1/qki2,13
BP,GO:0050658,RNA transport,13/1661,96/21022,0.135416667,1.71386464,2.053316922,0.03868964,0.323371826,0.293806666,nup98/nup58/ncbp3/casc3/nxf1b/mcm3ap/sidt2/lrmp/ddx19b/sarnp/eif4a3/ybx1/qki2,13
BP,GO:0051236,establishment of RNA localization,13/1661,96/21022,0.135416667,1.71386464,2.053316922,0.03868964,0.323371826,0.293806666,nup98/nup58/ncbp3/casc3/nxf1b/mcm3ap/sidt2/lrmp/ddx19b/sarnp/eif4a3/ybx1/qki2,13
BP,GO:0006047,UDP-N-acetylglucosamine metabolic process,3/1661,10/21022,0.3,3.796869356,2.591111455,0.038778329,0.323371826,0.293806666,gnpnat1/pgm3/gfpt1,3
BP,GO:0006167,AMP biosynthetic process,3/1661,10/21022,0.3,3.796869356,2.591111455,0.038778329,0.323371826,0.293806666,adssl/aprt/adss2,3
BP,GO:0015886,heme transport,3/1661,10/21022,0.3,3.796869356,2.591111455,0.038778329,0.323371826,0.293806666,abcc5/flvcr2b/flvcr2a,3
BP,GO:0018022,peptidyl-lysine methylation,3/1661,10/21022,0.3,3.796869356,2.591111455,0.038778329,0.323371826,0.293806666,setd6/smyd2a/setd4,3
BP,GO:0042762,regulation of sulfur metabolic process,3/1661,10/21022,0.3,3.796869356,2.591111455,0.038778329,0.323371826,0.293806666,pdk4/pdk2a/bckdk,3
BP,GO:0046471,phosphatidylglycerol metabolic process,3/1661,10/21022,0.3,3.796869356,2.591111455,0.038778329,0.323371826,0.293806666,pla2g6/crls1/dnajc19,3
BP,GO:0048026,"positive regulation of mRNA splicing, via spliceosome",3/1661,10/21022,0.3,3.796869356,2.591111455,0.038778329,0.323371826,0.293806666,cirbpb/celf3a/celf4,3
BP,GO:0050685,positive regulation of mRNA processing,3/1661,10/21022,0.3,3.796869356,2.591111455,0.038778329,0.323371826,0.293806666,cirbpb/celf3a/celf4,3
BP,GO:0071108,protein K48-linked deubiquitination,3/1661,10/21022,0.3,3.796869356,2.591111455,0.038778329,0.323371826,0.293806666,usp37/usp20/usp33,3
BP,GO:0098700,neurotransmitter loading into synaptic vesicle,3/1661,10/21022,0.3,3.796869356,2.591111455,0.038778329,0.323371826,0.293806666,slc17a6b/slc17a6a/slc18a2,3
BP,GO:0150105,protein localization to cell-cell junction,3/1661,10/21022,0.3,3.796869356,2.591111455,0.038778329,0.323371826,0.293806666,tjp1b/zdhhc7/tjp2b,3
BP,GO:1905477,positive regulation of protein localization to membrane,3/1661,10/21022,0.3,3.796869356,2.591111455,0.038778329,0.323371826,0.293806666,cnstb/mffa/efcab7,3
BP,GO:0010038,response to metal ion,11/1661,77/21022,0.142857143,1.808033027,2.08056794,0.039023975,0.324503588,0.294834953,tcf7l2/cpne4b/slc25a24/cpne4a/slc30a5/baxa/mtf1/atp13a2/cpne1/khk/cpne2,11
MF,GO:0004176,ATP-dependent peptidase activity,3/1639,10/20660,0.3,3.781574131,2.582605446,0.039182348,0.263500889,0.234273417,lonp2/yme1l1a/afg3l2,3
MF,GO:0016308,1-phosphatidylinositol-4-phosphate 5-kinase activity,3/1639,10/20660,0.3,3.781574131,2.582605446,0.039182348,0.263500889,0.234273417,pip5k1ca/pip4k2aa/pip5k1cb,3
BP,GO:0036269,swimming behavior,14/1661,106/21022,0.132075472,1.671577704,2.030287287,0.039395843,0.326675639,0.296808418,dmd/scn1lab/arid1b/nrcama/vps16/cdkl5/myo9aa/abhd12/kif2a/syngap1b/sv2a/slc18a2/cacna1ab/samhd1,14
MF,GO:0016747,"acyltransferase activity, transferring groups other than amino-acyl groups",29/1639,260/20660,0.111538462,1.405969869,1.933716681,0.039402002,0.263500889,0.234273417,tlcd3ba/elp3/kat2b/meaf6/dlat/gnpnat1/gpat3/gpam/dgat1a/zdhhc20a/porcnl/zdhhc14/lratb.1/casd1/acaa1/gtf3c4/zdhhc7/agpat2/mogat2/pafah1b3/hhat/kat7a/soat1/cers5/clocka/cers6/fasn/scp2a/kat14,29
BP,GO:0001755,neural crest cell migration,17/1661,136/21022,0.125,1.582028898,1.994499701,0.039766925,0.326766839,0.29689128,sema5ba/hif1ab/sh3pxd2aa/cep41/radil/pax6b/sema6d/rcc2/aldh1l1/tncb/lrp5/plod3/erbb3b/pard3ab/dmxl2/si:ch211-113g11.6/sema5a,17
BP,GO:0046328,regulation of JNK cascade,7/1661,41/21022,0.170731707,2.160819959,2.179171011,0.039863888,0.326766839,0.29689128,mapkbp1/ankrd6b/mapk8ip1a/sh3rf1/aida/mapk8ip2/mapk8ip3,7
MF,GO:0042054,histone methyltransferase activity,11/1639,77/20660,0.142857143,1.800749586,2.06640384,0.039998087,0.265413659,0.235974023,kmt2bb/ehmt1b/dot1l/kmt2cb/ehmt2/setd1a/kmt2ca/smyd2a/prmt2/setd4/ezh1,11
BP,GO:0001941,postsynaptic membrane organization,4/1661,17/21022,0.235294118,2.97793675,2.389588542,0.04024848,0.326766839,0.29689128,gphna/gphnb/nlgn2a/nlgn3a,4
BP,GO:0006611,protein export from nucleus,4/1661,17/21022,0.235294118,2.97793675,2.389588542,0.04024848,0.326766839,0.29689128,desi1a/uhmk1/ranbp3b/xpo4,4
BP,GO:0022010,central nervous system myelination,4/1661,17/21022,0.235294118,2.97793675,2.389588542,0.04024848,0.326766839,0.29689128,myrf/tenm4/pard3ab/plp1b,4
BP,GO:0032291,axon ensheathment in central nervous system,4/1661,17/21022,0.235294118,2.97793675,2.389588542,0.04024848,0.326766839,0.29689128,myrf/tenm4/pard3ab/plp1b,4
BP,GO:0043271,negative regulation of monoatomic ion transport,4/1661,17/21022,0.235294118,2.97793675,2.389588542,0.04024848,0.326766839,0.29689128,wnk1a/wnk2/plcb3/wnk1b,4
BP,GO:0045597,positive regulation of cell differentiation,25/1661,219/21022,0.114155251,1.44477525,1.937971093,0.040292388,0.326766839,0.29689128,numb/dbn1/ncanb/cdkl5/tiam1a/robo2/si:dkey-40c11.2/gata3/stat5a/spast/plxna2/tenm4/plxna3/cntn2/tal1/chodl/rest/akirin1/dscama/tnfrsf1b/stat3/smad2/dbnlb/brinp3b/nudt21,25
BP,GO:1905037,autophagosome organization,12/1661,87/21022,0.137931034,1.74568706,2.041396475,0.040568075,0.327936646,0.297954134,atg13/ubxn2a/rab3gap1/ulk1b/atg16l1/wdr45b/wdr45/rab33a/wipi1/atp13a2/atg4b/ulk2,12
BP,GO:0044782,cilium organization,46/1661,448/21022,0.102678571,1.299523738,1.876975033,0.040658812,0.327936646,0.297954134,dzip1/exoc5/iqub/elmo1/pi4kb/tmem237a/bbs5/ttc21b/ift88/cdc14ab/dynlt2b/ttc39c/spag6/dnaaf6/yap1/cep41/usp8/wdr54/mcm2/ptpdc1a/ttll5/unc119b/llgl2/flncb/ablim1b/pacsin2/cc2d1a/ttll1/rilp/arl13b/pih1d1/ablim1a/ahi1/fam149b1/ift70/rfx2/ablim3/nisch/cdk20/odf2a/ift57/septin2/inpp5e/itga8/trappc14/ak5,46
BP,GO:0009161,ribonucleoside monophosphate metabolic process,9/1661,59/21022,0.152542373,1.930611537,2.09659879,0.040950379,0.328694614,0.298642803,adssl/pfas/hprt1l/nt5c2b/ampd2b/impdh1b/aprt/uckl1b/adss2,9
MF,GO:0008276,protein methyltransferase activity,15/1639,116/20660,0.129310345,1.629988849,1.997316114,0.040963343,0.269727859,0.239809692,ndufaf7/setd6/kmt2bb/pcmt/ehmt1b/dot1l/kmt2cb/ehmt2/setd1a/kmt2ca/smyd2a/prmt2/setd4/pcmtd1/ezh1,15
BP,GO:0030641,regulation of cellular pH,8/1661,50/21022,0.16,2.02499699,2.125373579,0.04097548,0.328694614,0.298642803,atp6v0a1b/atp6v0a2a/slc9a1b/slc4a8/dmxl2/atp6ap1lb/atp6v0a2b/si:ch73-390b10.2,8
BP,GO:0033365,protein localization to organelle,42/1661,404/21022,0.103960396,1.315746806,1.876955566,0.041228752,0.329830014,0.299674396,dzip1/kpnb3/bag6l/nup98/ranbp2/ttc21b/sh3bp4a/lonp2/scrib/nkd1/srprb/dclk2a/sec16b/scg3/washc2c/mid2/rcc2/pex26/zgc:153184/mon1bb/mipepa/arfrp1/samm50/mffa/tnpo1/msnb/tnksa/arl13b/fam149b1/pik3r4/dnajc19/efcab7/zgc:113278/zgc:162200/odf2a/vps37ba/nipbla/mapre2/timm44/mib1/ipo13b/kpnb1,42
CC,GO:0005643,nuclear pore,8/1691,51/21740,0.156862745,2.016674204,2.111020035,0.041974689,0.240216593,0.204417001,nup98/ranbp2/nup58/ranbp3b/nup37/nup210/nup54/xpo4,8
BP,GO:0001885,endothelial cell development,6/1661,33/21022,0.181818182,2.301132943,2.190939467,0.042229691,0.331766872,0.301434172,lama4/tjp1b/krit1/meis1b/tjp2b/mib1,6
BP,GO:0044458,motile cilium assembly,6/1661,33/21022,0.181818182,2.301132943,2.190939467,0.042229691,0.331766872,0.301434172,dzip1/spag6/ttll5/llgl2/ttll1/ahi1,6
BP,GO:0051588,regulation of neurotransmitter transport,6/1661,33/21022,0.181818182,2.301132943,2.190939467,0.042229691,0.331766872,0.301434172,caska/rims1a/dtnbp1a/trpm7/baiap3/rap1ab,6
BP,GO:0097581,lamellipodium organization,6/1661,33/21022,0.181818182,2.301132943,2.190939467,0.042229691,0.331766872,0.301434172,parvb/arhgef7a/ablim1b/akirin1/ablim1a/ablim3,6
BP,GO:0110020,regulation of actomyosin structure organization,6/1661,33/21022,0.181818182,2.301132943,2.190939467,0.042229691,0.331766872,0.301434172,arhgef10/ect2/neb/smyd2a/limk1a/tesk1b,6
MF,GO:0004402,histone acetyltransferase activity,6/1639,33/20660,0.181818182,2.291863109,2.180132475,0.042939013,0.280578587,0.249456859,kat2b/meaf6/gtf3c4/kat7a/clocka/kat14,6
BP,GO:0001738,morphogenesis of a polarized epithelium,5/1661,25/21022,0.2,2.531246237,2.243799385,0.043044279,0.331766872,0.301434172,scrib/myo9aa/nphp1/ift70/stat3,5
BP,GO:0001964,startle response,5/1661,25/21022,0.2,2.531246237,2.243799385,0.043044279,0.331766872,0.301434172,tlcd3ba/eya4/psen2/erbb3b/slc18a2,5
BP,GO:0019432,triglyceride biosynthetic process,5/1661,25/21022,0.2,2.531246237,2.243799385,0.043044279,0.331766872,0.301434172,gpat3/gpam/dgat1a/lpin1a/mogat2,5
BP,GO:0032482,Rab protein signal transduction,5/1661,25/21022,0.2,2.531246237,2.243799385,0.043044279,0.331766872,0.301434172,dennd4a/dennd4a/dennd4c/madd/rab33a,5
BP,GO:0043173,nucleotide salvage,5/1661,25/21022,0.2,2.531246237,2.243799385,0.043044279,0.331766872,0.301434172,naprt/hprt1l/ampd2b/aprt/uckl1b,5
BP,GO:0046460,neutral lipid biosynthetic process,5/1661,25/21022,0.2,2.531246237,2.243799385,0.043044279,0.331766872,0.301434172,gpat3/gpam/dgat1a/lpin1a/mogat2,5
BP,GO:0046463,acylglycerol biosynthetic process,5/1661,25/21022,0.2,2.531246237,2.243799385,0.043044279,0.331766872,0.301434172,gpat3/gpam/dgat1a/lpin1a/mogat2,5
BP,GO:0051125,regulation of actin nucleation,5/1661,25/21022,0.2,2.531246237,2.243799385,0.043044279,0.331766872,0.301434172,carmil2/si:ch73-362m14.4/arfip1/arfip2a/carmil3,5
BP,GO:0051646,mitochondrion localization,5/1661,25/21022,0.2,2.531246237,2.243799385,0.043044279,0.331766872,0.301434172,si:dkey-32e23.4/psen2/spast/snphb/rhot1b,5
CC,GO:0031248,protein acetyltransferase complex,13/1691,99/21740,0.131313131,1.688200754,1.993146888,0.043072647,0.240700088,0.20482844,kat2b/meaf6/kansl1l/kansl1a/kansl3/brd8a/morf4l1/taf6l/naa25/atxn7l3a/kat7a/yeats2/mrgbp,13
CC,GO:1902493,acetyltransferase complex,13/1691,99/21740,0.131313131,1.688200754,1.993146888,0.043072647,0.240700088,0.20482844,kat2b/meaf6/kansl1l/kansl1a/kansl3/brd8a/morf4l1/taf6l/naa25/atxn7l3a/kat7a/yeats2/mrgbp,13
BP,GO:0120031,plasma membrane bounded cell projection assembly,50/1661,495/21022,0.101010101,1.278407191,1.835979873,0.04354825,0.334777174,0.304169248,dzip1/exoc5/iqub/elmo1/pi4kb/tmem237a/parvb/bbs5/ift88/cdc14ab/ttc39c/spag6/trpc1/dnaaf6/yap1/cep41/usp8/wdr54/mcm2/ptpdc1a/ttll5/unc119b/arhgef7a/llgl2/flncb/ablim1b/pacsin2/cc2d1a/ttll1/fgd4a/arhgap24/rilp/arl13b/akirin1/pih1d1/ablim1a/ahi1/fam149b1/ift70/rfx2/ablim3/nisch/cdk20/odf2a/ift57/septin2/inpp5e/itga8/trappc14/ak5,50
BP,GO:0008380,RNA splicing,40/1661,384/21022,0.104166667,1.318357415,1.844142123,0.044279927,0.339517775,0.308476427,ptbp1a/usb1/srpk1a/hnrnpl2/mbnl2/elavl4/rnpc3/casc3/cirbpb/celf3a/zgc:158803/rsrc1/ddx20/zbtb8os/mbnl3/celf4/hnrnpl/rbm10/celf2/ythdc1/hnrnph3/rbm17/rbm6/znf638/clk4a/rest/u2af2b/ptbp2b/khdrbs2/rbm5/cdk12/ilf3b/rpusd4/srrm4/hnrpkl/clk2a/eif4a3/ybx1/qki2/snrnp70,40
BP,GO:0022411,cellular component disassembly,23/1661,200/21022,0.115,1.455466586,1.895648924,0.044410471,0.339636554,0.308584346,eef2k/snx14/ufl1/rubcn/cracd/scaf4a/napab/macf1a/apc/sh3gl3a/spast/camsap2a/sh3gl2a/add3a/endog/zfand1/tecpr1b/svila/mical3a/nckap5l/gak/pcf11/nsfa,23
BP,GO:0090497,mesenchymal cell migration,17/1661,138/21022,0.123188406,1.559100943,1.93005878,0.044728615,0.341185716,0.309991872,sema5ba/hif1ab/sh3pxd2aa/cep41/radil/pax6b/sema6d/rcc2/aldh1l1/tncb/lrp5/plod3/erbb3b/pard3ab/dmxl2/si:ch211-113g11.6/sema5a,17
CC,GO:0032589,neuron projection membrane,6/1691,34/21740,0.176470588,2.268758479,2.150174683,0.045002041,0.248557784,0.2115151,gabrg1/gabrg2/myo1ca/kcnc4/clcn2b/clcn2a,6
BP,GO:0032886,regulation of microtubule-based process,16/1661,128/21022,0.125,1.582028898,1.934578459,0.045065194,0.342027324,0.310756533,slain1a/mid1/clasp1a/kat2b/npm1a/camsap1b/macf1a/apc/spast/camsap2a/tacr3a/clip1a/zgc:162200/clasp2/mapre2/phldb2b,16
BP,GO:0032880,regulation of protein localization,14/1661,108/21022,0.12962963,1.640622561,1.95498381,0.045070674,0.342027324,0.310756533,camk2g1/pxna/uhmk1/nkd1/camk2b1/cnstb/camk2d2/adcyap1b/zdhhc7/mffa/msnb/camk2g2/efcab7/gpc1b,14
CC,GO:0031209,SCAR complex,4/1691,18/21740,0.222222222,2.856955122,2.288932486,0.046303356,0.252394946,0.214780408,si:ch73-362m14.4/abi3a/nckap1l/abi1a,4
MF,GO:0051213,dioxygenase activity,16/1639,128/20660,0.125,1.575655888,1.917695989,0.046446653,0.301199505,0.26779051,kdm6a/kdm4aa/p4htmb/hif1an/kdm5bb/asph/kdm2bb/bco1l/phyh/plod3/ethe1/kdm4ab/p4ha1b/bco2a/asphd1/riox2,16
BP,GO:0030010,establishment of cell polarity,12/1661,89/21022,0.134831461,1.706458137,1.956200243,0.047071003,0.353264868,0.320966654,krit1/ift88/scrib/prkcz/myo9aa/llgl2/dctn1a/pard3ab/brsk1b/ndel1b/stat3/frmd4ba,12
CC,GO:0033116,endoplasmic reticulum-Golgi intermediate compartment membrane,5/1691,26/21740,0.192307692,2.472365009,2.181611792,0.047206157,0.252394946,0.214780408,zdhhc20a/golga2/tmed1b/ergic3/mppe1,5
CC,GO:0098791,Golgi apparatus subcompartment,25/1691,226/21740,0.110619469,1.422156864,1.852732498,0.047290842,0.252394946,0.214780408,scamp3/vamp4/b4galt6/b4galnt4a/ccdc186/gga1/cnstb/aftpha/hace1/golga2/dennd5a/golga7/arfip1/slc30a5/yipf4/arfip2a/galnt1/baiap3/b4galt5/clasp2/si:ch73-390b10.2/scamp2/gosr1/nsfa/mgat4b,25
MF,GO:0031267,small GTPase binding,19/1639,159/20660,0.119496855,1.50628739,1.881202735,0.047567239,0.306147044,0.272189268,vps9d1/sytl1/ccdc186/gga1/rab11fip4a/hace1/rcc2/rin2a/dennd5a/tnpo1/rin3/rilp/pkn1a/diaph2/rph3ab/ipo13b/kpnb1/dock3/daam2,19
BP,GO:0051493,regulation of cytoskeleton organization,36/1661,342/21022,0.105263158,1.332234862,1.814389806,0.047651047,0.353264868,0.320966654,slain1a/mid1/clasp1a/arhgef10/evlb/carmil2/kat2b/dbn1/cracd/ect2/neb/camsap1b/si:ch73-362m14.4/arhgap44a/si:ch211-176g13.8/si:dkey-40c11.2/apc/spast/baiap2l2a/camsap2a/arfip1/baiap2a/add3a/gna13a/clip1a/smyd2a/arfip2a/carmil3/svila/limk1a/zgc:162200/clasp2/tesk1b/dbnlb/mapre2/phldb2b,36
CC,GO:0090576,RNA polymerase III transcription regulator complex,3/1691,11/21740,0.272727273,3.506263104,2.414617592,0.048316487,0.255003682,0.217000363,gtf3c3/gtf3c4/zgc:162472,3
BP,GO:0003157,endocardium development,4/1661,18/21022,0.222222222,2.812495819,2.253252549,0.048612094,0.353264868,0.320966654,krit1/smarce1/apc/tal1,4
BP,GO:0006488,dolichol-linked oligosaccharide biosynthetic process,4/1661,18/21022,0.222222222,2.812495819,2.253252549,0.048612094,0.353264868,0.320966654,alg6/zgc:92907/dpagt1/dpm1,4
BP,GO:0016237,microautophagy,4/1661,18/21022,0.222222222,2.812495819,2.253252549,0.048612094,0.353264868,0.320966654,atg13/ulk1b/atg4b/ulk2,4
BP,GO:0031641,regulation of myelination,4/1661,18/21022,0.222222222,2.812495819,2.253252549,0.048612094,0.353264868,0.320966654,vps16/myrf/tenm4/rnf10,4
BP,GO:0034727,piecemeal microautophagy of the nucleus,4/1661,18/21022,0.222222222,2.812495819,2.253252549,0.048612094,0.353264868,0.320966654,atg13/ulk1b/atg4b/ulk2,4
BP,GO:0036010,protein localization to endosome,4/1661,18/21022,0.222222222,2.812495819,2.253252549,0.048612094,0.353264868,0.320966654,scrib/washc2c/zgc:153184/msnb,4
BP,GO:0048268,clathrin coat assembly,4/1661,18/21022,0.222222222,2.812495819,2.253252549,0.048612094,0.353264868,0.320966654,hip1/picalma/snap91a/snap91b,4
BP,GO:0060384,innervation,4/1661,18/21022,0.222222222,2.812495819,2.253252549,0.048612094,0.353264868,0.320966654,sema5ba/robo2/ctbp2a/chodl,4
BP,GO:0001822,kidney development,30/1661,277/21022,0.108303249,1.370710959,1.819140318,0.048672129,0.353264868,0.320966654,camk2g1/etv4/inf2/tmem63c/exoc5/bag6l/pi4kb/myo1ca/epb41l5/bbs5/ift88/yap1/robo2/prkcz/tyro3/p4htmb/vegfaa/prkcsh/nek8/magi2a/brca2/nphp1/camk2g2/prkceb/hdac5/casp9/inpp5e/cdh6/mib1/pde1a,30
BP,GO:0016042,lipid catabolic process,26/1661,234/21022,0.111111111,1.40624791,1.830376047,0.048912385,0.353264868,0.320966654,plcg2/zgc:85777/plcb4a/acox3/pnpla6/decr1/cyp26b1/plcb3/pla2g6/lpin1a/acadm/ech1/abhd12/acaa1/faah2a/bco1l/phyh/smpd4/pcca/bco2a/hsd17b14/acot7/plch2a/acad11/abhd3/oxct1a,26
CC,GO:0030496,midbody,9/1691,62/21740,0.14516129,1.866236813,1.983663958,0.049452902,0.258133282,0.219663558,ddx11/usp8/rab11fip4a/rcc2/spast/zgc:162255/racgap1/septin2/trappc14,9
BP,GO:0051028,mRNA transport,11/1661,80/21022,0.1375,1.740231788,1.942903618,0.049474398,0.353264868,0.320966654,nup98/nup58/ncbp3/casc3/nxf1b/mcm3ap/lrmp/ddx19b/sarnp/eif4a3/qki2,11
BP,GO:0030317,flagellated sperm motility,7/1661,43/21022,0.162790698,2.060316705,2.038567282,0.049898814,0.353264868,0.320966654,dzip1/iqub/spag6/dnaaf6/ttll5/tacr3a/ttll1,7
BP,GO:0006497,protein lipidation,5/1661,26/21022,0.192307692,2.433890613,2.142801903,0.049951208,0.353264868,0.320966654,zdhhc20a/wdr45b/zdhhc7/wdr45/wipi1,5
