ONTOLOGY,ID,Description,GeneRatio,BgRatio,RichFactor,FoldEnrichment,zScore,pvalue,p.adjust,qvalue,geneID,Count
BP,GO:0042254,ribosome biogenesis,95/3314,226/18773,0.420353982,2.381202568,9.671984389,6.53E-18,2.02E-14,1.77E-14,las1l/c1d/tsr1/rps27.1/fcf1/znhit6/rrp36/si:dkey-251i10.3/emg1/rpl5a/utp3/wdr3/mettl5/rrp7a/tsr2/ftsj3/utp6/dimt1l/rpusd2/nsun4/mrps7/mak16/wdr46/pak1ip1/tfb1m/dcaf13/nop10/tma16/nol6/zgc:86811/polr1d/rrp8/bud23/rps19/ddx27/rpf1/mphosph10/urb1/noc2l/exosc2/nol10/ddx54/sart1/ddx10/ddx49/nop14/grwd1/utp25/heatr3/mrm1/ddx28/mrpl44/noc4l/nmd3/sdad1/eri1/utp4/riok2/mrto4/tbl3/pdcd11/drosha/rpf2/rpl7l1/rpusd4/nop2/exosc8/exosc7/bxdc2/pop5/rcl1/utp15/gnl3/lsg1/wdr75/pwp2h/fbl/ddx18/c1qbp/wdr43/nat10/wdr12/znf622/eif6/znf593/gnl3l/pno1/rrs1/ythdf2/dhx37/npm1a/gnl2/ppan/rexo1/tsr3,95
BP,GO:0006364,rRNA processing,75/3314,161/18773,0.465838509,2.638861296,9.669398105,2.02E-17,3.13E-14,2.74E-14,las1l/c1d/tsr1/fcf1/znhit6/rrp36/si:dkey-251i10.3/emg1/utp3/wdr3/mettl5/rrp7a/tsr2/ftsj3/utp6/dimt1l/rpusd2/nsun4/mak16/wdr46/pak1ip1/tfb1m/dcaf13/nop10/nol6/zgc:86811/rrp8/bud23/ddx27/rpf1/mphosph10/urb1/exosc2/nol10/ddx54/sart1/ddx10/ddx49/utp25/mrm1/mrpl44/eri1/utp4/riok2/mrto4/tbl3/pdcd11/drosha/rpf2/rpl7l1/rpusd4/nop2/exosc8/exosc7/bxdc2/pop5/rcl1/utp15/gnl3/wdr75/pwp2h/fbl/ddx18/wdr43/nat10/wdr12/eif6/gnl3l/rrs1/ythdf2/dhx37/gnl2/ppan/rexo1/tsr3,75
BP,GO:0016072,rRNA metabolic process,80/3314,179/18773,0.446927374,2.531734338,9.533763556,3.64E-17,3.76E-14,3.30E-14,las1l/c1d/tsr1/fcf1/znhit6/rrp36/si:dkey-251i10.3/emg1/polr1e/utp3/wdr3/mettl5/rrp7a/tsr2/ftsj3/utp6/dimt1l/rpusd2/nsun4/mak16/wdr46/pak1ip1/tfb1m/dcaf13/nop10/nol6/zgc:86811/polr1d/rrp8/bud23/ddx27/rpf1/mphosph10/urb1/exosc2/nol10/ddx54/sart1/ddx10/ddx49/utp25/mrm1/mrpl44/eri1/dis3/utp4/riok2/mrto4/tbl3/polr1a/pdcd11/drosha/rpf2/rpl7l1/rpusd4/nop2/exosc8/exosc7/bxdc2/pop5/rcl1/utp15/gnl3/wdr75/taf1b/pwp2h/fbl/ddx18/wdr43/nat10/wdr12/eif6/gnl3l/rrs1/ythdf2/dhx37/gnl2/ppan/rexo1/tsr3,80
CC,GO:0005730,nucleolus,103/3396,265/19331,0.388679245,2.212473054,9.17463873,1.36E-16,6.97E-14,6.02E-14,c1d/rbm19/midn/gpatch4/arhgap32a/tsr1/rps27.1/top2a/cdkn2aip/rrp36/nol8/si:dkey-251i10.3/polr1h/polr1e/utp3/wdr3/n4bp1/spty2d1/rrp7a/rsl1d1/ftsj3/utp6/nusap1/dimt1l/nolc1/parp2/mak16/wdr46/pak1ip1/ddx24/dcaf13/nop10/nol6/rbm28/polr1d/rrp8/dcaf17/bud23/ddx27/rpf1/mphosph10/urb1/noc2l/nol10/ddx54/nop14/mdm2/grwd1/hspa8/utp25/nol7/smg6/aatf/noc4l/sdad1/nol12/eri1/utp4/tent4a/riox1/mrto4/tbl3/npm3/apex1/polr1a/pdcd11/rpf2/nop2/ccdc86/bxdc2/pop5/rcl1/utp15/gnl3/zgc:103482/prkrip1/adar/wdr75/taf1b/pwp2h/fbl/ddx18/rpp38/wdr43/nat10/upf3b/wdr12/gnl3l/pno1/rrs1/taf1c/plk4/nop58/dhx37/npm1a/gnl2/nepro/ilf3b/ppan/nle1/rrp12/rasl11a/zcchc9,103
BP,GO:0022613,ribonucleoprotein complex biogenesis,110/3314,319/18773,0.344827586,1.953363994,7.95151084,2.67E-13,2.06E-10,1.81E-10,las1l/c1d/prmt7/tsr1/rps27.1/fcf1/znhit6/rrp36/nopchap1/si:dkey-251i10.3/emg1/rpl5a/utp3/rsrp1/wdr3/mettl5/rrp7a/tsr2/ftsj3/utp6/dimt1l/rpusd2/nsun4/mrps7/mak16/wdr46/pak1ip1/tfb1m/dcaf13/nop10/tma16/nol6/zgc:86811/polr1d/rrp8/bud23/rps19/ddx27/rpf1/mphosph10/urb1/noc2l/exosc2/nol10/ddx54/sart1/ddx10/ddx49/nop14/grwd1/srpk1a/aar2/utp25/heatr3/mrm1/ddx28/mrpl44/noc4l/nmd3/sdad1/eri1/utp4/riok2/mrto4/tbl3/pdcd11/drosha/rpf2/rpl7l1/rpusd4/khdc4/sf3b1/nop2/exosc8/smn1/exosc7/bxdc2/pop5/rcl1/utp15/gnl3/lsg1/wdr75/prpf18/pwp2h/fbl/ddx18/c1qbp/gemin5/clns1a/wdr43/nat10/yju2/wdr12/znf622/prpf39/eif6/znf593/gnl3l/pno1/rrs1/ythdf2/dhx37/npm1a/gnl2/celf2/gemin6/ppan/rexo1/tsr3,110
BP,GO:0044282,small molecule catabolic process,80/3314,218/18773,0.366972477,2.078809388,7.417939908,1.39E-11,8.60E-09,7.54E-09,zgc:92040/glud1b/kmo/acadl/qdpra/abhd3/tha1/faah/cpt1ab/gcat/acad11/cyp46a1.5/aldh6a1/hpda/fah/pck1/abhd2a/asrgl1/prodha/oxct1a/cpt2/tdo2a/hadhab/hacl1/srd5a3/acox3/aldh1l2/zgc:103586/ftcd/si:ch211-217a12.1/ido1/hoga1/acaa2/crot/cyp46a1.1/kynu/cyp7a1/aldh4a1/phyh/tkfc/decr2/glb1l/kyat3.2/cpt1b/aldh1l1/gls2a/hgd/esd/agxt2/sardh/eci1/acaa1/pah/zgc:172295/zgc:85777/thnsl2/hagh/acot7/cdab/pipox/dctd/bckdha/echdc2/pfkpa/lpin2/galt/nos1/tat/slc25a44a/gcshb/abcd1/zgc:162816/bckdhb/npl/slc25a44b/amt/got2a/gcdha/acat1/tysnd1,80
CC,GO:0005759,mitochondrial matrix,66/3396,169/19331,0.390532544,2.22302256,7.371928878,2.99E-11,7.65E-09,6.61E-09,acadl/fpgs/wars2/ccnb1/abhd11/pptc7a/alas1/pdk2a/cs/mrpl43/supv3l1/pccb/fastk/nsun4/hadhab/acss3/mrps7/tfb1m/ppm1ka/fastkd3/dap3/mrpl27/atad3/mrpl10/fastkd1/mrps17/mrps16/dlat/mrps11/tbrg4/pdk4/aldh4a1/mrpl44/adprs/dhx30/mrpl20/mrps35/mrpl22/sardh/mrpl40/rpusd4/mlycd/mrps14/hagh/mrps30/mrps31/grpel1/poldip2/mrps24/pdk1/mrps6/tfam/mrps22/c1qbp/mrpl53/alas2/mrpl51/mrps9/mrpl52/elac2/got2a/mrpl58/mrps15/mrpl34/hspe1/pyroxd2,66
BP,GO:0016054,organic acid catabolic process,65/3314,165/18773,0.393939394,2.231570381,7.356854812,3.32E-11,1.47E-08,1.29E-08,zgc:92040/glud1b/kmo/acadl/qdpra/abhd3/tha1/faah/cpt1ab/gcat/acad11/aldh6a1/hpda/fah/pck1/abhd2a/asrgl1/prodha/cpt2/tdo2a/hadhab/hacl1/acox3/aldh1l2/ftcd/si:ch211-217a12.1/ido1/hoga1/acaa2/crot/kynu/aldh4a1/phyh/decr2/kyat3.2/cpt1b/aldh1l1/gls2a/hgd/agxt2/sardh/eci1/acaa1/pah/zgc:85777/thnsl2/acot7/pipox/bckdha/echdc2/lpin2/nos1/tat/slc25a44a/gcshb/abcd1/zgc:162816/bckdhb/npl/slc25a44b/amt/got2a/gcdha/acat1/tysnd1,65
BP,GO:0046395,carboxylic acid catabolic process,65/3314,165/18773,0.393939394,2.231570381,7.356854812,3.32E-11,1.47E-08,1.29E-08,zgc:92040/glud1b/kmo/acadl/qdpra/abhd3/tha1/faah/cpt1ab/gcat/acad11/aldh6a1/hpda/fah/pck1/abhd2a/asrgl1/prodha/cpt2/tdo2a/hadhab/hacl1/acox3/aldh1l2/ftcd/si:ch211-217a12.1/ido1/hoga1/acaa2/crot/kynu/aldh4a1/phyh/decr2/kyat3.2/cpt1b/aldh1l1/gls2a/hgd/agxt2/sardh/eci1/acaa1/pah/zgc:85777/thnsl2/acot7/pipox/bckdha/echdc2/lpin2/nos1/tat/slc25a44a/gcshb/abcd1/zgc:162816/bckdhb/npl/slc25a44b/amt/got2a/gcdha/acat1/tysnd1,65
CC,GO:0030684,preribosome,36/3396,72/19331,0.5,2.846142521,7.24499918,3.11E-10,4.26E-08,3.68E-08,fcf1/rrp36/si:dkey-251i10.3/emg1/utp3/wdr3/rrp7a/ftsj3/utp6/mak16/wdr46/dcaf13/nol6/rpf1/mphosph10/noc2l/nol10/nop14/utp25/noc4l/utp4/riok2/mrto4/tbl3/pdcd11/utp15/rrp9/wdr75/pwp2h/fbl/wdr12/znf622/pno1/rrs1/nop58/ppan,36
CC,GO:0005839,proteasome core complex,18/3396,23/19331,0.782608696,4.454831771,7.653250202,3.33E-10,4.26E-08,3.68E-08,psmb6/psmb7/psmb5/psmb12/psmb13a/psmb4/psma6l/psma6b/psma2a/psmb10/psma5/psmb9a/psma3/psmb8a/psma8/psmb2/psma4/psma1,18
BP,GO:0044283,small molecule biosynthetic process,95/3314,307/18773,0.309446254,1.752937395,6.158606636,7.59E-09,2.94E-06,2.58E-06,lipg/agxtb/itpkcb/sprb/scap/kmo/prkag2b/adka/qdpra/agxta/cyp27b1/abhd3/itpkb/aprt/tha1/fasn2/pptc7b/rdh5/mthfd1l/cbsb/aclya/ptgs2b/pptc7a/csad/coq3/fgfr4/pck1/abhd2a/fgf1a/dhdds/elovl6/ip6k2a/lbr/slc38a9/elovl6l/dbh/acsbg2/srd5a3/bpnt2/pcbd1/sc5d/glulb/cyp27a3/sptlc2b/fbp2/pdss1/upb1/ptges/rfk/psph/kynu/sirt5/pdxkb/sephs3/cyp7a1/aldh18a1/mthfr/olah/hsd17b12a/cth/gls2a/dcaf5/pah/g6pc1a.1/thnsl2/coq8aa/mlycd/gpia/ugdh/mcat/ubiad1/prxl2b/tm7sf2/rpp14/tpk1/bhmt/itpkca/hacd3/pgk1/acacb/nanp/hprt1/pgm2/fasn/ccdc57/asl/ndufa9a/lipca/gatm/scdb/fads2/got1/mtr/fbp1a/enoph1,95
BP,GO:0032787,monocarboxylic acid metabolic process,97/3314,319/18773,0.304075235,1.722511886,6.026094049,1.42E-08,4.88E-06,4.28E-06,lipg/agxtb/kmo/acadl/prkag2b/abhd3/faah/fasn2/asah1b/me1/cpt1ab/acad11/aclya/ptgs2b/pdk2a/hk1/fgfr4/peds1/fah/pck1/slc7a3a/abhd2a/elovl6/ptgr2/acsf2/slc38a9/slc27a2a/cpt2/hadhab/elovl6l/acot22/hsd17b10/hacl1/acsbg2/acox3/cryl1/ftcd/hpgd/pkma/ldhba/hoga1/acaa2/crot/mmut/ptges/zgc:56585/dlat/kynu/eno1a/cyp7a1/pdk4/phyh/hkdc1/hk2/olah/hyi/hsd17b12a/decr2/cpt1b/dcaf5/agxt2/eci1/acaa1/dagla/ugl/zgc:85777/thnsl2/mlycd/gpia/hagh/acot7/mcat/acot20/echdc2/prxl2b/pfkpa/lpin2/pdk1/rpp14/abcd1/acss2/hacd3/pgk1/acacb/aldoaa/fasn/ccdc57/zgc:113054/lipca/dhtkd1/gcdha/gatm/acat1/scdb/tysnd1/fads2/acsl3b,97
CC,GO:0032040,small-subunit processome,24/3396,43/19331,0.558139535,3.177089325,6.597670335,1.73E-08,1.77E-06,1.53E-06,fcf1/si:dkey-251i10.3/emg1/utp3/wdr3/utp6/wdr46/dcaf13/nol6/mphosph10/nol10/nop14/utp25/noc4l/utp4/tbl3/pdcd11/utp15/rrp9/wdr75/pwp2h/fbl/pno1/nop58,24
CC,GO:0000502,proteasome complex,30/3396,62/19331,0.483870968,2.754331472,6.387069541,2.45E-08,1.94E-06,1.68E-06,psmb6/psmb7/psmb5/psmb12/psmd13/psmb13a/psmb4/psma6l/psma6b/psma2a/psmd7/psmc3/psmb10/pomp/psma5/psmd6/psmd9/psmc2/psmb9a/psmd8/psma3/psmb8a/psma8/adrm1/psmc1a/psmb2/psma4/psme3/psme2/psma1,30
CC,GO:0098687,chromosomal region,52/3396,140/19331,0.371428571,2.114277301,6.108467008,2.65E-08,1.94E-06,1.68E-06,rad50/zw10/plk3/ndel1b/incenp/plk1/spout1/si:dkeyp-115e12.6/ncapd2/mad2l1/mis18bp1/ncapd3/spc25/cenpq/cdca8/firrm/aurka/kif2c/aurkb/ercc6l/ttk/ppp1cc/cbx1a/cfdp1/cenph/bub3/smc5/smg6/ppp2caa/spc24/birc5a/ckap5/rif1/ndc80/clasp1a/nsmce4a/nuf2/atrx/zwilch/zgc:113263/plk2a/dclre1b/cenpt/cenpi/cenpn/terfa/cenpk/si:dkey-225f5.4/birc6/ska1/si:ch211-269e2.1/tert,52
BP,GO:0006631,fatty acid metabolic process,69/3314,208/18773,0.331730769,1.879173727,5.903366115,4.21E-08,1.23E-05,1.08E-05,lipg/acadl/prkag2b/abhd3/faah/fasn2/asah1b/cpt1ab/acad11/aclya/ptgs2b/pdk2a/peds1/pck1/slc7a3a/abhd2a/elovl6/ptgr2/acsf2/slc27a2a/cpt2/hadhab/elovl6l/acot22/hsd17b10/hacl1/acsbg2/acox3/cryl1/hpgd/acaa2/crot/mmut/ptges/zgc:56585/pdk4/phyh/olah/hsd17b12a/decr2/cpt1b/dcaf5/eci1/acaa1/dagla/zgc:85777/thnsl2/mlycd/acot7/mcat/acot20/echdc2/prxl2b/lpin2/pdk1/rpp14/abcd1/hacd3/acacb/fasn/ccdc57/zgc:113054/lipca/gcdha/acat1/scdb/tysnd1/fads2/acsl3b,69
BP,GO:0051301,cell division,95/3314,317/18773,0.299684543,1.697639686,5.800064781,4.36E-08,1.23E-05,1.08E-05,mapre2/cdc20/zw10/cdk1/kdf1b/incenp/cdca7b/ccnb1/ube2s/plk1/ccne1/cks1b/ncapd2/cdca7a/fgf1a/tgfb3/cp110/ncaph/ncapd3/nusap1/si:dkey-12j5.1/lzts2a/cdca4/spc25/unc119a2/ccnb2/vegfaa/cdca8/tp53/ect2/mapk14a/klhl13/ccna2/cdc25b/aurka/aurkb/ercc6l/ube2ia/gdf3/ttk/smyd5/kif23/ppp1cc/knl1/ncapg/cks2/cdc45/ttc19/bub3/mau2/fzr1a/anln2/cdh1/ccnf/kmt5aa/spc24/kl/tdrd12/cdc42/pard6b/cdca3/cdc7/ndc80/aspm/tipin/nuf2/spire1a/zwilch/e2f7/cdk11b/cdc40/bod1/si:dkey-187j14.4/entr1/arl8ba/ankle2/katnb1/actr8/ccnd2a/zfyve26/nudc/birc6/mapre3b/dchs1b/snx18a/ythdf2/haus1/ccne2/ska1/cdc42l/mdkb/si:ch211-269e2.1/rae1/rps3/fign,95
BP,GO:0042273,ribosomal large subunit biogenesis,26/3314,51/18773,0.509803922,2.887914611,6.250750169,5.95E-08,1.54E-05,1.35E-05,las1l/znhit6/rpl5a/ftsj3/mak16/pak1ip1/tma16/rpf1/urb1/noc2l/heatr3/ddx28/sdad1/mrto4/rpf2/rpl7l1/nop2/bxdc2/ddx18/wdr12/znf622/eif6/rrs1/npm1a/gnl2/ppan,26
BP,GO:0006520,amino acid metabolic process,74/3314,231/18773,0.32034632,1.814683606,5.768428383,7.09E-08,1.69E-05,1.48E-05,agxtb/zgc:92040/glud1b/kmo/qdpra/agxta/tha1/aspg/gcat/cbsb/wars2/odc1/th2/aldh6a1/hpda/fah/asrgl1/kars1/prodha/slc38a9/tdo2a/azin1b/gfpt1/ftcd/glulb/nars2/si:ch211-217a12.1/ido1/upb1/agmat/aarsd1/psph/kynu/dglucy/ggh/sephs3/aldh4a1/enosf1/aldh18a1/gfpt2/mthfr/kyat3.2/cth/yars2/gls2a/hgd/agxt2/sardh/pah/acy1/thnsl2/pipox/bckdha/pars2/nos1/tat/mars2/slc25a44a/gcshb/qrsl1/bhmt/fh/zgc:162816/bckdhb/asl/tars1/slc25a44b/ctps1a/amt/got2a/gatb/got1/mtr/enoph1,74
BP,GO:1901605,alpha-amino acid metabolic process,56/3314,161/18773,0.347826087,1.970349768,5.725132583,1.29E-07,2.86E-05,2.51E-05,agxtb/zgc:92040/glud1b/kmo/qdpra/agxta/tha1/aspg/gcat/cbsb/odc1/th2/aldh6a1/hpda/fah/asrgl1/prodha/tdo2a/azin1b/gfpt1/ftcd/glulb/si:ch211-217a12.1/ido1/agmat/psph/kynu/dglucy/ggh/sephs3/aldh4a1/aldh18a1/gfpt2/mthfr/kyat3.2/cth/gls2a/hgd/agxt2/sardh/pah/thnsl2/pipox/nos1/tat/gcshb/bhmt/fh/zgc:162816/asl/ctps1a/amt/got2a/got1/mtr/enoph1,56
CC,GO:0000779,"condensed chromosome, centromeric region",31/3396,70/19331,0.442857143,2.52086909,5.884711437,1.86E-07,1.07E-05,9.22E-06,zw10/plk3/ndel1b/incenp/plk1/spout1/ncapd2/mad2l1/ncapd3/spc25/firrm/aurka/kif2c/aurkb/ercc6l/ttk/ppp1cc/cfdp1/cenph/bub3/spc24/ckap5/ndc80/clasp1a/nuf2/zwilch/plk2a/cenpt/cenpi/si:dkey-225f5.4/ska1,31
CC,GO:0000775,"chromosome, centromeric region",43/3396,113/19331,0.380530973,2.166090768,5.739065985,1.88E-07,1.07E-05,9.22E-06,zw10/plk3/ndel1b/incenp/plk1/spout1/si:dkeyp-115e12.6/ncapd2/mad2l1/mis18bp1/ncapd3/spc25/cenpq/cdca8/firrm/aurka/kif2c/aurkb/ercc6l/ttk/ppp1cc/cbx1a/cfdp1/cenph/bub3/ppp2caa/spc24/birc5a/ckap5/ndc80/clasp1a/nuf2/atrx/zwilch/plk2a/cenpt/cenpi/cenpn/cenpk/si:dkey-225f5.4/birc6/ska1/si:ch211-269e2.1,43
CC,GO:0019774,"proteasome core complex, beta-subunit complex",10/3396,11/19331,0.909090909,5.174804583,6.393706068,2.56E-07,1.31E-05,1.13E-05,psmb6/psmb7/psmb5/psmb12/psmb13a/psmb4/psmb10/psmb9a/psmb8a/psmb2,10
CC,GO:1905369,endopeptidase complex,31/3396,75/19331,0.413333333,2.35281115,5.418867116,1.18E-06,5.11E-05,4.41E-05,psmb6/psmb7/psmb5/psmb12/psmd13/psmb13a/psmb4/psma6l/psma6b/psma2a/psmd7/psmc3/psmb10/pomp/psma5/psmd6/psmd9/psmc2/psmb9a/psmd8/psma3/psmb8a/capns1a/psma8/adrm1/psmc1a/psmb2/psma4/psme3/psme2/psma1,31
CC,GO:0000776,kinetochore,29/3396,68/19331,0.426470588,2.42759215,5.444028362,1.20E-06,5.11E-05,4.41E-05,zw10/plk3/ndel1b/incenp/plk1/spout1/mad2l1/spc25/firrm/aurka/kif2c/aurkb/ercc6l/ttk/ppp1cc/cfdp1/cenph/bub3/spc24/ckap5/ndc80/clasp1a/nuf2/zwilch/plk2a/cenpt/cenpi/si:dkey-225f5.4/ska1,29
BP,GO:1903047,mitotic cell cycle process,91/3314,322/18773,0.282608696,1.600909186,5.035790462,1.46E-06,0.000300416,0.000263437,zw10/plk3/mki67/ccni2/cdk1/ndel1b/kif4/mcm2/smc2/chek2/pdcd2/ccnb1/gins1/kif11/ube2s/plk1/cdkn1a/ccne1/vangl2/ncapd2/mcm6/foxm1/mad2l1/kifc1/ncaph/ncapd3/nusap1/lzts2a/unc119a2/tpx2/ccnb2/cdca8/ect2/ccna2/cdc25b/aurka/aurkb/ttk/kif23/prc1b/dlg1b/lats1/ncapg/bub1bb/cdc45/cenph/bub3/nipblb/waca/dlgap5/ift88/anln2/ccnf/mcm3/ckap5/ndc80/ccnb3/clasp1a/fbxl15/tipin/nuf2/zwilch/gcna/e2f7/lats2/rhoab/ankle2/gnl3/topbp1/ptpa/plk2a/tacc2/ccnd2a/zfyve26/cenpi/cenpk/dchs1b/gnl2/tacc1/psme3/ccne2/ska1/psme2/diaph2/pola1/rae1/wtip/dctn2/rb1/rad9a/zgc:136908,91
CC,GO:1905368,peptidase complex,36/3396,94/19331,0.382978723,2.180024058,5.294315886,1.52E-06,5.78E-05,4.99E-05,psmb6/psmb7/psmb5/psmb12/psmd13/psmb13a/psmb4/psma6l/psma6b/psma2a/psmd7/psmc3/psmb10/pomp/psma5/psmd6/psmd9/taf5l/psmc2/psmb9a/psmd8/psma3/psmb8a/spg7/capns1a/psma8/afg3l1/adrm1/psmc1a/psmb2/psma4/tada3l/taf10/psme3/psme2/psma1,36
BP,GO:0007059,chromosome segregation,60/3314,189/18773,0.317460317,1.798335106,5.107252821,1.65E-06,0.000310513,0.000272291,mapre2/zw10/mki67/ndel1b/kif4/smc2/incenp/top2a/ccnb1/kif11/ncapd2/mad2l1/espl1/kifc1/ncaph/ncapd3/nusap1/lzts2a/spc25/cdca8/kif2c/aurkb/ube2ia/ttk/kif23/prc1b/knl1/ncapg/bub1bb/cenph/bub3/mau2/rmi2/prdm9/dlgap5/spc24/birc5a/mlh1/ndc80/clasp1a/nuf2/zwilch/gcna/arl8ba/sac3d1/tlk1b/nek2/ttll11/cenpt/cenpi/cenpn/cenpk/tlk1a/haus2/birc6/mapre3b/tubgcp4/haus1/ska1/si:ch211-269e2.1,60
CC,GO:0000313,organellar ribosome,27/3396,62/19331,0.435483871,2.478898324,5.384288314,1.69E-06,5.78E-05,4.99E-05,mrpl43/nsun4/mrps7/dap3/mrpl27/mrpl10/mrps17/mrps16/mrps11/mrpl44/mrpl20/mrps35/mrpl22/mrpl40/mrps14/mrps30/mrps31/mrps24/mrps6/mrps22/mrpl53/mrpl51/mrps9/mrpl52/mrpl58/mrps15/mrpl34,27
CC,GO:0005761,mitochondrial ribosome,27/3396,62/19331,0.435483871,2.478898324,5.384288314,1.69E-06,5.78E-05,4.99E-05,mrpl43/nsun4/mrps7/dap3/mrpl27/mrpl10/mrps17/mrps16/mrps11/mrpl44/mrpl20/mrps35/mrpl22/mrpl40/mrps14/mrps30/mrps31/mrps24/mrps6/mrps22/mrpl53/mrpl51/mrps9/mrpl52/mrpl58/mrps15/mrpl34,27
BP,GO:0009063,amino acid catabolic process,36/3314,94/18773,0.382978723,2.169480861,5.262850834,1.70E-06,0.000310513,0.000272291,zgc:92040/glud1b/kmo/qdpra/tha1/gcat/aldh6a1/hpda/fah/asrgl1/prodha/tdo2a/ftcd/si:ch211-217a12.1/ido1/kynu/aldh4a1/enosf1/kyat3.2/gls2a/hgd/agxt2/sardh/pah/thnsl2/pipox/bckdha/nos1/tat/slc25a44a/gcshb/zgc:162816/bckdhb/slc25a44b/amt/got2a,36
BP,GO:0072329,monocarboxylic acid catabolic process,29/3314,69/18773,0.420289855,2.380839303,5.320363,1.90E-06,0.000327365,0.00028707,acadl/abhd3/faah/cpt1ab/acad11/fah/pck1/abhd2a/cpt2/hadhab/hacl1/acox3/hoga1/acaa2/crot/phyh/decr2/cpt1b/agxt2/eci1/acaa1/zgc:85777/acot7/echdc2/lpin2/abcd1/gcdha/acat1/tysnd1,29
CC,GO:0000793,condensed chromosome,37/3396,99/19331,0.373737374,2.127419662,5.191761225,2.17E-06,6.96E-05,6.01E-05,rad50/zw10/plk3/ndel1b/smc2/incenp/plk1/spout1/ncapd2/mad2l1/ncapd3/spc25/firrm/aurka/kif2c/aurkb/ercc6l/ttk/ppp1cc/ncapg/cfdp1/cenph/bub3/smc5/spc24/ckap5/ndc80/clasp1a/nsmce4a/nuf2/zwilch/plk2a/cenpt/cenpi/si:dkey-225f5.4/ska1/rad9a,37
BP,GO:0055086,nucleobase-containing small molecule metabolic process,112/3314,423/18773,0.264775414,1.499888003,4.814660731,3.14E-06,0.000504554,0.000442448,ampd2b/enpp1/kmo/urahb/pde4ca/prkag2b/adka/aprt/pde4bb/gpd1b/fitm2/aclya/gucy1a2/pank1b/gart/pdk2a/macrod1/papss2b/hk1/aldh6a1/rrm1/entpd1/prps1b/atp5mea/elovl6/kars1/g6pd/nnt/nadk2/pnp5a/slc38a9/atp6v1ba/tdo2a/tyms/nudt2/acot22/prpsap2/aspdh/ugp2b/atpsckmt/gfpt1/atp6v1ab/zgc:103586/oard1/pkma/umps/ido1/exosc2/impdh1b/nadkb/nt5c2b/nudt5/atp5pf/dlat/rfk/kynu/eno1a/adcy6a/pdk4/gfpt2/ak2/hkdc1/hk2/dpys/nudt15/allc/nudt3b/adcy5/uap1/paics/zgc:103559/npr1a/uck1/mlycd/gpia/rrm2/gnpnat1/mdh1aa/ugdh/npr1b/acot7/cdab/gfus.1/pipox/acot20/dctd/pfkpa/pmm2/pdk1/dhodh/atp5pd/h6pd/acss2/entpd6/pgk1/acacb/hprt1/si:dkey-219c10.4/pgm2/aldoaa/hmgcra/ctps1a/dhtkd1/gcdha/impdh1a/rpia/sucla2/nudt4a/itpa/ampd3a/gpd1c/acsl3b,112
BP,GO:0042274,ribosomal small subunit biogenesis,28/3314,67/18773,0.417910448,2.367360542,5.191236394,3.26E-06,0.000504554,0.000442448,tsr1/rps27.1/rrp36/utp3/wdr3/rrp7a/tsr2/utp6/mrps7/wdr46/dcaf13/zgc:86811/rps19/nol10/utp25/utp4/riok2/tbl3/utp15/wdr75/pwp2h/wdr43/nat10/pno1/rrs1/dhx37/npm1a/tsr3,28
MF,GO:0140098,"catalytic activity, acting on RNA",90/3228,326/18430,0.27607362,1.576219582,4.837008231,3.41E-06,0.003073592,0.002708089,ddx17/rnasel2/wars2/emg1/polr1h/n4bp1/mettl5/supv3l1/ftsj3/kars1/dimt1l/dhx35/nsun4/thumpd3/endog/gng2/ddx24/tfb1m/dus1l/polr1d/nars2/bud23/ddx27/ddx54/rnaset2l/ddx19b/ddx10/ddx49/aarsd1/zc3h12ab/polr2d/thg1l/eif4a1a/mrm1/ddx28/mrpl44/isg20l2/eri1/dhx30/trpt1/dis3/trmt1l/zc3h12b/toe1/polr2a/yars2/polr1a/rtca/drosha/mov10a/ddx39ab/helz2a/rpusd4/dbr1/nsun2/nocta/noctb/ddx61/nop2/rnasekb/pop5/rcl1/alkbh1/qtrt2/pars2/ddx59/cpsf3/fbl/ddx18/rpp38/mars2/rpp14/trnt1/qrsl1/ddx47/tarbp1/dhx29/trmt10c/polr3d/tars1/elac2/bcdin3d/dhx37/mrpl58/mettl14/gatb/ddx3xb/tsr3/mepcea/polr3k,90
CC,GO:0098798,mitochondrial protein-containing complex,40/3396,113/19331,0.353982301,2.014968156,4.995296577,4.18E-06,0.000125751,0.000108584,mrpl43/supv3l1/tomm40/nsun4/hadhab/mrps7/dap3/mrpl27/mrpl10/mrps17/mrps16/mrps11/smdt1b/mrpl44/mrps35/mrpl22/mrpl40/timm50/mtx3/tomm6/chchd3a/mrps14/mrps30/mrps31/spg7/grpel1/afg3l1/mrps24/mrps6/mrps22/micu1/mrpl53/mrpl51/mrps9/mrpl52/mrpl58/mrps15/mrpl34/timm10b/tomm20b,40
BP,GO:0016053,organic acid biosynthetic process,53/3314,165/18773,0.321212121,1.819588157,4.895855867,4.41E-06,0.000651019,0.000570885,lipg/agxtb/kmo/prkag2b/agxta/abhd3/tha1/fasn2/mthfd1l/cbsb/aclya/ptgs2b/csad/fgfr4/abhd2a/elovl6/elovl6l/acsbg2/glulb/upb1/ptges/psph/kynu/sephs3/cyp7a1/aldh18a1/mthfr/olah/hsd17b12a/cth/gls2a/dcaf5/pah/thnsl2/mlycd/ugdh/mcat/prxl2b/rpp14/bhmt/hacd3/acacb/nanp/fasn/ccdc57/asl/lipca/gatm/scdb/fads2/got1/mtr/enoph1,53
BP,GO:0009062,fatty acid catabolic process,26/3314,61/18773,0.426229508,2.414485986,5.123235132,4.68E-06,0.000658935,0.000577827,acadl/abhd3/faah/cpt1ab/acad11/pck1/abhd2a/cpt2/hadhab/hacl1/acox3/acaa2/crot/phyh/decr2/cpt1b/eci1/acaa1/zgc:85777/acot7/echdc2/lpin2/abcd1/gcdha/acat1/tysnd1,26
BP,GO:0000462,"maturation of SSU-rRNA from tricistronic rRNA transcript (SSU-rRNA, 5.8S rRNA, LSU-rRNA)",15/3314,26/18773,0.576923077,3.268128221,5.35832699,5.27E-06,0.000680013,0.00059631,tsr1/rrp36/utp3/tsr2/utp6/wdr46/dcaf13/nol10/utp25/utp4/tbl3/pwp2h/wdr43/rrs1/dhx37,15
BP,GO:0000470,maturation of LSU-rRNA,15/3314,26/18773,0.576923077,3.268128221,5.35832699,5.27E-06,0.000680013,0.00059631,las1l/znhit6/ftsj3/mak16/pak1ip1/rpf1/urb1/rpf2/rpl7l1/nop2/ddx18/wdr12/eif6/gnl2/ppan,15
BP,GO:0170033,L-amino acid metabolic process,47/3314,142/18773,0.330985915,1.874954312,4.845652785,6.11E-06,0.000735193,0.000644698,agxtb/zgc:92040/glud1b/kmo/qdpra/agxta/tha1/aspg/gcat/cbsb/th2/hpda/fah/asrgl1/prodha/gfpt1/ftcd/glulb/si:ch211-217a12.1/ido1/psph/kynu/dglucy/ggh/sephs3/aldh4a1/aldh18a1/gfpt2/mthfr/kyat3.2/cth/gls2a/hgd/agxt2/pah/thnsl2/pipox/nos1/tat/gcshb/bhmt/ctps1a/amt/got2a/got1/mtr/enoph1,47
BP,GO:0170039,proteinogenic amino acid metabolic process,46/3314,138/18773,0.333333333,1.888251861,4.848995676,6.17E-06,0.000735193,0.000644698,agxtb/zgc:92040/glud1b/kmo/qdpra/agxta/tha1/aspg/gcat/cbsb/th2/hpda/fah/asrgl1/prodha/gfpt1/ftcd/glulb/si:ch211-217a12.1/ido1/psph/kynu/dglucy/ggh/sephs3/aldh4a1/aldh18a1/gfpt2/mthfr/cth/gls2a/hgd/agxt2/pah/thnsl2/pipox/nos1/tat/gcshb/bhmt/ctps1a/amt/got2a/got1/mtr/enoph1,46
BP,GO:0046394,carboxylic acid biosynthetic process,52/3314,163/18773,0.319018405,1.80716129,4.79205471,6.75E-06,0.000773869,0.000678613,lipg/agxtb/kmo/prkag2b/agxta/abhd3/tha1/fasn2/mthfd1l/cbsb/aclya/ptgs2b/fgfr4/abhd2a/elovl6/elovl6l/acsbg2/glulb/upb1/ptges/psph/kynu/sephs3/cyp7a1/aldh18a1/mthfr/olah/hsd17b12a/cth/gls2a/dcaf5/pah/thnsl2/mlycd/ugdh/mcat/prxl2b/rpp14/bhmt/hacd3/acacb/nanp/fasn/ccdc57/asl/lipca/gatm/scdb/fads2/got1/mtr/enoph1,52
CC,GO:0000314,organellar small ribosomal subunit,13/3396,21/19331,0.619047619,3.523795502,5.341908026,7.37E-06,0.000198543,0.00017144,mrps7/dap3/mrps17/mrps16/mrps11/mrps35/mrps14/mrps31/mrps24/mrps6/mrps22/mrps9/mrps15,13
CC,GO:0005763,mitochondrial small ribosomal subunit,13/3396,21/19331,0.619047619,3.523795502,5.341908026,7.37E-06,0.000198543,0.00017144,mrps7/dap3/mrps17/mrps16/mrps11/mrps35/mrps14/mrps31/mrps24/mrps6/mrps22/mrps9/mrps15,13
MF,GO:0019842,vitamin binding,38/3228,108/18430,0.351851852,2.008869154,4.845376918,7.84E-06,0.003533837,0.003113604,rbp4/cyp27c1/gcat/ttpa/p4ha1b/alas1/csad/ogdha/hacl1/ftcd/sptlc2b/si:ch211-217a12.1/aadat/ogfod3/plod1a/ogfod1/mmut/kynu/kyat3.2/cth/agxt2/pdxdc1/tcn2/thnsl2/p4ha1a/mmachc/marc1/tat/ftcdnl1/tpk1/fasn/alas2/got2a/dhtkd1/got1/p4ha2/ogdhb/mtr,38
BP,GO:0140053,mitochondrial gene expression,26/3314,63/18773,0.412698413,2.337835637,4.924668115,9.52E-06,0.001053402,0.000923738,kansl3/wars2/mrpl43/ptcd3/gfm1/supv3l1/fastk/mrps7/tfb1m/fastkd3/fastkd1/tbrg4/mrpl44/mrps35/gfm2/mrps24/tfam/trnt1/qrsl1/trmt10c/coa3a/mrpl52/elac2/mrpl58/mtif3/gatb,26
BP,GO:0000154,rRNA modification,14/3314,25/18773,0.56,3.172263126,5.032059739,1.75E-05,0.001843971,0.001616996,emg1/mettl5/ftsj3/dimt1l/rpusd2/nsun4/tfb1m/nop10/bud23/mrm1/nop2/fbl/nat10/tsr3,14
BP,GO:0016042,lipid catabolic process,59/3314,198/18773,0.297979798,1.687982724,4.505951812,1.79E-05,0.001843971,0.001616996,lipg/acadl/abhd12/abhd3/faah/asah1b/plcxd3/cpt1ab/prdx6/fitm2/acad11/plce1/cyp46a1.5/pck1/abhd2a/abhd6a/enpp6/rab7a/neu1/oxct1a/cpt2/hadhab/pnpla2/hacl1/hsd17b14/srd5a3/acox3/pla1a/hexa/acaa2/crot/plcd3a/pla2g12a/cyp46a1.1/plcg1/cyp7a1/phyh/pcca/decr2/si:ch73-55i23.1/cpt1b/eci1/acaa1/dagla/bco2l/smpd1/zgc:85777/plpp6/acot7/echdc2/lpin2/abcd1/bco1l/lipca/gcdha/acat1/tysnd1/bco1/pla2g4f.1,59
BP,GO:0015695,organic cation transport,22/3314,51/18773,0.431372549,2.443620055,4.779722692,1.98E-05,0.001979497,0.00173584,slc3a2a/slc25a29/slc25a42/slc38a5b/sfxn1/slc7a3a/slc22a2/slc38a9/slc25a20/slc25a15a/slc6a7/slc47a2.1/mfsd12a/slc38a2/slc25a17/slc6a2/slc6a9/slc6a15/slc6a17/sfxn2/slc32a1/slc1a4,22
BP,GO:0030490,maturation of SSU-rRNA,19/3314,41/18773,0.463414634,2.625130636,4.823129884,2.11E-05,0.002046519,0.001794612,tsr1/rrp36/utp3/wdr3/tsr2/utp6/wdr46/dcaf13/nol10/utp25/utp4/riok2/tbl3/pwp2h/wdr43/nat10/rrs1/dhx37/tsr3,19
BP,GO:0006511,ubiquitin-dependent protein catabolic process,106/3314,414/18773,0.256038647,1.450396357,4.290534069,2.70E-05,0.002523066,0.002212501,zfand2a/rnf144aa/cdc20/znrf2b/psmb6/si:ch1073-228j22.2/spsb3a/psmb7/psmb5/tnfaip3/ube2s/rnf5/uhrf1/klhl11/psmb12/n4bp1/spsb1/tnfaip1/psmd13/psmb13a/zranb1b/psmb4/ubxn1/ltn1/rnf19b/fem1c/spsb4a/ivns1abpa/edn1/stam/psma6l/gid8b/ubr1/axin1/psma6b/cul2/si:ch211-59o9.10/psma2a/fbxw5/ubqln4/prkn/ube2h/ubr3/mdm2/psmd7/ube2b/fzr1a/sh3rf1/psmc3/csnk1e/psmb10/herc56.1/ccdc22/trim2a/hecw2a/psma5/herc3/ccnf/herpud1/hectd3/psmd6/nsfl1c/fbxl15/keap1b/rnf139/asb2a.1/fbxl3a/psmc2/smurf1/vps37a/fbxl2/psmb9a/rnf111/tollip/psmd8/rnf7/wdr81/psma3/psmb8a/rnf144b/psma8/kremen1/cul1a/arih2/ube2d3/rnf128a/wdr26b/rnf167/psmc1a/psmb2/fbxo38/znrf3/psma4/fbxo48/prmt6/nedd4a/fbxl7/ube4b/syvn1/rmnd5b/psma1/fbxl14b/vps37d/elocb/fbxo6.3/zgc:136908,106
BP,GO:0044242,cellular lipid catabolic process,44/3314,137/18773,0.321167883,1.819337559,4.456435475,2.77E-05,0.002523066,0.002212501,lipg/acadl/abhd12/abhd3/faah/asah1b/cpt1ab/acad11/pck1/abhd2a/abhd6a/neu1/cpt2/hadhab/pnpla2/hacl1/srd5a3/acox3/hexa/acaa2/crot/plcg1/phyh/decr2/si:ch73-55i23.1/cpt1b/eci1/acaa1/dagla/bco2l/smpd1/zgc:85777/plpp6/acot7/echdc2/lpin2/abcd1/bco1l/lipca/gcdha/acat1/tysnd1/bco1/pla2g4f.1,44
CC,GO:0019773,"proteasome core complex, alpha-subunit complex",8/3396,10/19331,0.8,4.553828033,5.189258943,2.89E-05,0.000739984,0.000638966,psma6l/psma6b/psma2a/psma5/psma3/psma8/psma4/psma1,8
BP,GO:1901606,alpha-amino acid catabolic process,31/3314,86/18773,0.360465116,2.04194678,4.484001981,3.56E-05,0.003148566,0.002761008,zgc:92040/glud1b/kmo/qdpra/tha1/gcat/aldh6a1/hpda/fah/asrgl1/prodha/tdo2a/ftcd/si:ch211-217a12.1/ido1/kynu/aldh4a1/kyat3.2/gls2a/hgd/agxt2/sardh/pah/thnsl2/pipox/nos1/tat/gcshb/zgc:162816/amt/got2a,31
MF,GO:0015101,organic cation transmembrane transporter activity,22/3228,53/18430,0.41509434,2.369946927,4.602265335,3.60E-05,0.010837909,0.009549097,slc3a2a/slc25a29/slc25a42/slc38a3b/slc38a5b/slc7a3a/slc22a2/slc38a9/flvcr2a/slc25a20/slc38a7/slc25a15a/slc47a2.1/slc22a21/mfsd12a/slc38a2/slc25a17/slc6a2/slc6a9/slc16a10/slc32a1/slc1a4,22
BP,GO:0006753,nucleoside phosphate metabolic process,100/3314,389/18773,0.257069409,1.456235368,4.210023992,3.79E-05,0.003260806,0.002859433,ampd2b/enpp1/kmo/pde4ca/prkag2b/adka/aprt/pde4bb/gpd1b/fitm2/aclya/gucy1a2/pank1b/gart/pdk2a/papss2b/hk1/rrm1/entpd1/prps1b/atp5mea/elovl6/kars1/g6pd/nnt/nadk2/slc38a9/atp6v1ba/tdo2a/tyms/nudt2/acot22/prpsap2/aspdh/ugp2b/atpsckmt/gfpt1/atp6v1ab/pkma/umps/ido1/exosc2/impdh1b/nadkb/nt5c2b/nudt5/atp5pf/dlat/rfk/kynu/eno1a/adcy6a/pdk4/gfpt2/ak2/hkdc1/hk2/nudt15/nudt3b/adcy5/uap1/paics/npr1a/uck1/mlycd/gpia/rrm2/gnpnat1/mdh1aa/ugdh/npr1b/acot7/gfus.1/pipox/acot20/pfkpa/pmm2/pdk1/dhodh/atp5pd/h6pd/acss2/entpd6/pgk1/acacb/hprt1/si:dkey-219c10.4/aldoaa/hmgcra/ctps1a/dhtkd1/gcdha/impdh1a/rpia/sucla2/nudt4a/itpa/ampd3a/gpd1c/acsl3b,100
BP,GO:0000460,maturation of 5.8S rRNA,15/3314,30/18773,0.5,2.832377791,4.650470785,5.19E-05,0.004311539,0.00378083,las1l/c1d/ftsj3/mak16/rpf1/urb1/exosc2/eri1/exosc8/exosc7/gnl3/wdr12/eif6/rrs1/gnl2,15
BP,GO:0031123,RNA 3'-end processing,24/3314,61/18773,0.393442623,2.228756295,4.450526538,5.29E-05,0.004311539,0.00378083,pcf11/supv3l1/cpsf4/exosc2/tent2/mtpap/nudt21/slbp/eri1/wdr33/tent4a/toe1/papolg/ints6l/exosc8/exosc7/gnl3/lsm11/cpsf3/fbl/trnt1/elac2/ints1/rexo1,24
CC,GO:0005819,spindle,47/3396,154/19331,0.305194805,1.737255824,4.24045025,5.65E-05,0.001377702,0.001189628,mapre2/hspb1/plk3/numa1/ndel1b/incenp/kif11/plk1/spout1/shcbp1/wdr62/espl1/kifc1/nusap1/unc119a2/tpx2/cdca8/firrm/aurka/kif2c/aurkb/mzt2b/prc1b/rmdn1/nin/dlgap5/ppp2caa/ckap5/clasp1a/aspm/ckap2l/lats2/arl8ba/katnb1/sac3d1/plk2a/odf2a/dvl2/eml1/haus2/mapre3b/kif2a/tubgcp4/haus1/ska1/rae1/rps3,47
BP,GO:0043632,modification-dependent macromolecule catabolic process,107/3314,426/18773,0.251173709,1.42283767,4.08730236,5.79E-05,0.004596065,0.004030335,zfand2a/rnf144aa/cdc20/znrf2b/psmb6/si:ch1073-228j22.2/spsb3a/psmb7/psmb5/tnfaip3/ube2s/rnf5/uhrf1/klhl11/psmb12/n4bp1/spsb1/tnfaip1/psmd13/psmb13a/zranb1b/psmb4/ubxn1/ltn1/rnf19b/fem1c/spsb4a/ivns1abpa/edn1/stam/psma6l/gid8b/ubr1/axin1/psma6b/cul2/si:ch211-59o9.10/psma2a/fbxw5/ubqln4/prkn/ube2h/ubr3/mdm2/psmd7/ube2b/fzr1a/sh3rf1/psmc3/csnk1e/psmb10/herc56.1/ccdc22/trim2a/hecw2a/psma5/herc3/tent4a/ccnf/herpud1/hectd3/psmd6/nsfl1c/fbxl15/keap1b/rnf139/asb2a.1/fbxl3a/psmc2/smurf1/vps37a/fbxl2/psmb9a/rnf111/tollip/psmd8/rnf7/wdr81/psma3/psmb8a/rnf144b/psma8/kremen1/cul1a/arih2/ube2d3/rnf128a/wdr26b/rnf167/psmc1a/psmb2/fbxo38/znrf3/psma4/fbxo48/prmt6/nedd4a/fbxl7/ube4b/syvn1/rmnd5b/psma1/fbxl14b/vps37d/elocb/fbxo6.3/zgc:136908,107
BP,GO:0048871,multicellular organismal-level homeostasis,77/3314,287/18773,0.268292683,1.519812473,4.108724264,6.41E-05,0.004963765,0.004352774,hamp/klf6a/abcc6a/nr4a3/pgrmc1/tet2/dram2b/tjp3/rps27.1/aqp1a.1/pdcd2/tfr1a/alas1/ift74/sfxn1/uhrf1/adnp2b/p2ry12/hsf4/stat5a/mrap2a/tp53/ppargc1a/kif2c/ttk/sulf2b/melk/ftcd/mcoln1b/rps19/tjp1b/sae1/nrf1/tjp2b/adora2aa/ptbp1a/ift88/tsku/epg5/prdm15/glrx3/slc40a1/sulf1/acp5b/cdc42/usp45/hif1al/cpt1b/slc4a1a/trim33/ufl1/bdh2/exoc5/lrp5/rplp1/ift172/gfi1b/gpr137ba/cdin1/nxnl2/cicb/zrsr2/ift57/kif3a/alas2/spi1b/hemgn/gfi1aa/klf9/ctnna1/ezh2/syne2a/tert/rps3/hcrt/polr3k/dctn2,77
BP,GO:0019941,modification-dependent protein catabolic process,106/3314,424/18773,0.25,1.416188896,4.013359306,7.64E-05,0.005768055,0.005058064,zfand2a/rnf144aa/cdc20/znrf2b/psmb6/si:ch1073-228j22.2/spsb3a/psmb7/psmb5/tnfaip3/ube2s/rnf5/uhrf1/klhl11/psmb12/n4bp1/spsb1/tnfaip1/psmd13/psmb13a/zranb1b/psmb4/ubxn1/ltn1/rnf19b/fem1c/spsb4a/ivns1abpa/edn1/stam/psma6l/gid8b/ubr1/axin1/psma6b/cul2/si:ch211-59o9.10/psma2a/fbxw5/ubqln4/prkn/ube2h/ubr3/mdm2/psmd7/ube2b/fzr1a/sh3rf1/psmc3/csnk1e/psmb10/herc56.1/ccdc22/trim2a/hecw2a/psma5/herc3/ccnf/herpud1/hectd3/psmd6/nsfl1c/fbxl15/keap1b/rnf139/asb2a.1/fbxl3a/psmc2/smurf1/vps37a/fbxl2/psmb9a/rnf111/tollip/psmd8/rnf7/wdr81/psma3/psmb8a/rnf144b/psma8/kremen1/cul1a/arih2/ube2d3/rnf128a/wdr26b/rnf167/psmc1a/psmb2/fbxo38/znrf3/psma4/fbxo48/prmt6/nedd4a/fbxl7/ube4b/syvn1/rmnd5b/psma1/fbxl14b/vps37d/elocb/fbxo6.3/zgc:136908,106
CC,GO:0031966,mitochondrial membrane,106/3396,426/19331,0.248826291,1.416390175,4.011812855,7.69E-05,0.001790686,0.001546234,slc25a33/coq10b/slc25a47a/cox4i2/kmo/ckmt1/samm50/slc25a42/fpgs/pgrmc1/tmem14a/yme1l1a/acad11/tomm22/alas1/coq3/sfxn1/hk1/cox6a2/acadvl/ppox/atp5mea/etfdh/aifm2/oxa1l/tomm40/cibar1/slc25a25a/cpt2/slc25a55a/hccsb/zgc:73226/endog/mrs2/flvcr2a/atpsckmt/ndufa1/slc25a40/slc25a35/ttc19/cox7a2l/bcl2l10/ndufa2/atp5pf/mffa/si:ch73-141c7.1/tmx2b/smdt1b/si:dkey-88p24.11/myoc/chdh/hk2/ndufb10/letm2/fundc1/plekhn1/boka/cpt1b/slc25a5/maip1/cox16/mfn1b/slc39a9/slc44a2/timm50/adck1/rpl37/mtx3/zgc:172295/tomm6/chchd3a/mpc2b/ndufb2/spg7/rnf144b/slc25a18/grpel1/ubiad1/baxb/timm8a/qtrt2/afg3l1/marc1/slc25a46/abcb8/dhodh/phb/atp5pd/rps6kb1b/abcb7/micu1/ndufb4/marchf5/sh3glb1a/cox20/sfxn2/coa3a/alas2/mtfr1l/gatm/bida/tomm70a/mcur1/rps3/timm10b/tomm20b,106
BP,GO:0031167,rRNA methylation,10/3314,16/18773,0.625,3.540472239,4.706884938,8.21E-05,0.006052607,0.00530759,emg1/mettl5/ftsj3/dimt1l/nsun4/tfb1m/bud23/mrm1/nop2/fbl,10
MF,GO:0016791,phosphatase activity,81/3228,311/18430,0.260450161,1.487018731,3.991407146,9.51E-05,0.01787291,0.015747517,pfkfb3/dusp5/dusp2/dusp22a/pptc7b/dusp8a/ptprb/tns3.2/ppm1la/si:ch211-15p9.2/pptc7a/dusp1/ssh2a/pdp1/dusp13a/dusp4/ppm1db/ssh1a/acp2/minpp1b/ctdsp1/fig4a/bpnt1/cdc25b/ptpn22/ssh2b/ppm1ka/ppp1cc/mtmr7b/hddc2/bpnt2/ctdspl2a/ppp1r1b/fbp2/nt5c2b/tns2a/tns1b/nt5c2l1/psph/pfkfb1/inpp5e/phlpp1/ctdsp2/ssu72/ppp2caa/ctdspl3/ptprea/acp5b/pip4p1b/minpp1a/mtmr1b/timm50/inpp5l/ptpn2b/g6pc1a.1/plpp6/mtmr3/ptprz1b/ppap2d/ptprk/ptprt/dusp16/lpin2/ppp1r2/ptprfb/dusp11/pxylp1/alpl/si:dkey-51e6.1/synj1/nanp/ptpn11b/tab1/plpp7a/ptprc/dusp19b/ppm1bb/tns1a/fbp1a/enoph1/pip4p2,81
BP,GO:0006575,cellular modified amino acid metabolic process,34/3314,102/18773,0.333333333,1.888251861,4.164791348,9.54E-05,0.006768705,0.005935543,mthfd1b/acadl/ckmt1/abhd12/gstk1/fpgs/cpt1ab/tmlhe/mthfd1l/mthfd1a/dhfr/gclm/aldh1l2/ptdss2/gstt1a/ggh/chdh/gstt2/mthfr/zgc:154046/crata/cpt1b/aldh1l1/sardh/chac1/bbox1/ptdss1a/hagh/bhmt/gpx1a/gsta.1/gatm/ggt1a/gss,34
CC,GO:0005740,mitochondrial envelope,112/3396,457/19331,0.245076586,1.395045787,3.945456805,9.55E-05,0.002124923,0.001834843,slc25a33/coq10b/slc25a47a/cox4i2/kmo/ckmt1/samm50/slc25a42/fpgs/prelid3b/pgrmc1/tmem14a/yme1l1a/acad11/tomm22/alas1/coq3/sfxn1/hk1/cox6a2/acadvl/ppox/atp5mea/etfdh/aifm2/oxa1l/tomm40/cibar1/slc25a25a/cpt2/slc25a55a/hccsb/zgc:73226/endog/mrs2/flvcr2a/slc25a20/atpsckmt/ndufa1/slc25a40/mix23/slc25a35/ttc19/cox7a2l/bcl2l10/ndufa2/atp5pf/mffa/si:ch73-141c7.1/tmx2b/smdt1b/si:dkey-88p24.11/myoc/chdh/ak2/hk2/ndufb10/letm2/fundc1/plekhn1/boka/cpt1b/slc25a5/maip1/cox16/mfn1b/slc39a9/slc44a2/timm50/prelid1a/adck1/rpl37/mtx3/zgc:172295/tomm6/chchd3a/mpc2b/ndufb2/spg7/rnf144b/slc25a18/grpel1/ubiad1/baxb/timm8a/qtrt2/afg3l1/marc1/slc25a46/abcb8/dhodh/phb/atp5pd/rps6kb1b/abcb7/micu1/ndufb4/marchf5/sh3glb1a/cox20/sfxn2/coa3a/alas2/mtfr1l/gatm/coa7/bida/tomm70a/mcur1/rps3/timm10b/tomm20b,112
BP,GO:0060249,anatomical structure homeostasis,33/3314,98/18773,0.336734694,1.907519737,4.170418493,9.62E-05,0.006768705,0.005935543,abcc6a/pgrmc1/dram2b/tjp3/ift74/uhrf1/hsf4/tp53/ttk/sulf2b/mcoln1b/tjp1b/nrf1/tjp2b/adora2aa/ptbp1a/ift88/sulf1/acp5b/cdc42/usp45/exoc5/lrp5/ift172/gpr137ba/nxnl2/ift57/kif3a/ctnna1/ezh2/syne2a/tert/dctn2,33
MF,GO:0051213,dioxygenase activity,35/3228,107/18430,0.327102804,1.867566503,4.147282867,9.91E-05,0.01787291,0.015747517,kdm6ba/tmlhe/tet2/p4ha1b/ptgs2b/hpda/si:dkey-10o6.2/kdm7ab/phyhd1/tdo2a/jmjd7/alkbh6/kdm2aa/ido1/ogfod3/kdm5a/plod1a/ogfod1/phyh/kdm5c/asph/rpe65a/riox1/unm_hu7910/hgd/tet3/bbox1/bco2l/kdm2ba/adob/alkbh1/p4ha1a/bco1l/p4ha2/bco1,35
BP,GO:0006633,fatty acid biosynthetic process,26/3314,71/18773,0.366197183,2.074417537,4.199514284,0.000109332,0.007524455,0.006598268,lipg/prkag2b/abhd3/fasn2/aclya/ptgs2b/abhd2a/elovl6/elovl6l/acsbg2/ptges/olah/hsd17b12a/dcaf5/thnsl2/mlycd/mcat/prxl2b/rpp14/hacd3/acacb/fasn/ccdc57/lipca/scdb/fads2,26
BP,GO:0072330,monocarboxylic acid biosynthetic process,30/3314,87/18773,0.344827586,1.953363994,4.126682212,0.000120755,0.007973522,0.006992059,lipg/agxtb/prkag2b/abhd3/fasn2/aclya/ptgs2b/fgfr4/abhd2a/elovl6/elovl6l/acsbg2/ptges/cyp7a1/olah/hsd17b12a/dcaf5/thnsl2/mlycd/mcat/prxl2b/rpp14/hacd3/acacb/fasn/ccdc57/lipca/gatm/scdb/fads2,30
BP,GO:0001894,tissue homeostasis,32/3314,95/18773,0.336842105,1.908128196,4.108512413,0.000121006,0.007973522,0.006992059,abcc6a/pgrmc1/dram2b/tjp3/ift74/uhrf1/hsf4/tp53/sulf2b/mcoln1b/tjp1b/nrf1/tjp2b/adora2aa/ptbp1a/ift88/sulf1/acp5b/cdc42/usp45/exoc5/lrp5/ift172/gpr137ba/nxnl2/ift57/kif3a/ctnna1/ezh2/syne2a/tert/dctn2,32
BP,GO:0051276,chromosome organization,68/3314,252/18773,0.26984127,1.52858484,3.911322117,0.000138311,0.008665391,0.007598766,rad50/zw10/mcm5/h1-0/mcm2/smc2/top2a/ccnb1/kif11/nasp/si:ch211-103n10.5/ncapd2/mcm7/mcm6/mad2l1/kifc1/supv3l1/ncaph/ncapd3/nusap1/esco2/histh1l2/si:dkey-108k21.10/cdca8/aurkb/zgc:110425/nop10/ttk/kif23/prc1b/ncapg/bub1bb/cenph/bub3/mau2/rmi2/nipblb/prdm9/dlgap5/si:ch211-13c6.2/rpa1/msh2/mcm3/setdb1a/mlh1/rif1/ndc80/clasp1a/nuf2/pcid2/zwilch/ufl1/zgc:113263/dclre1b/cenpt/cenpi/si:dkey-261m9.12/cenpn/terfa/cenpk/pif1/nup155/ska1/recql5/si:ch211-269e2.1/rae1/tert/mcm8,68
BP,GO:0006577,amino-acid betaine metabolic process,9/3314,14/18773,0.642857143,3.641628589,4.57795752,0.000139869,0.008665391,0.007598766,acadl/cpt1ab/tmlhe/chdh/zgc:154046/crata/cpt1b/bbox1/bhmt,9
BP,GO:0015849,organic acid transport,51/3314,176/18773,0.289772727,1.641491674,3.958828963,0.0001399,0.008665391,0.007598766,slc3a2a/slc16a12a/mfsd2ab/slc25a29/lrrc8db/slc1a6/slc1a5/fabp3/slc10a4/slc38a3b/slc38a5b/slc16a1a/slc6a6a/sfxn1/rbp5/slc7a3a/fabp4a/slco3a1a/slc38a9/slc27a2a/slc25a55a/slc38a7/slc25a32b/slc25a15a/slc6a7/slc16a1b/pla2g12a/abcc4/ctns/fabp1b.1/mfsd12a/slc38a2/slc16a6b/cpt1b/slc13a5a/slc51a/slc6a9/slc6a15/pla2g3/mpc2b/slc6a17/slc25a18/slc25a44a/slc16a10/abcd1/slco1d1/sfxn2/rbp2b/slc25a44b/slc32a1/slc1a4,51
BP,GO:1902850,microtubule cytoskeleton organization involved in mitosis,30/3314,88/18773,0.340909091,1.931166676,4.053806703,0.000152616,0.009267692,0.008126929,plk3/ndel1b/kif4/kif11/plk1/vangl2/kifc1/nusap1/tpx2/aurka/aurkb/kif23/prc1b/cenph/dlgap5/ift88/ckap5/ndc80/clasp1a/nuf2/rhoab/ptpa/plk2a/tacc2/tacc1/diaph2/rae1/wtip/dctn2/zgc:136908,30
BP,GO:0009953,dorsal/ventral pattern formation,46/3314,155/18773,0.296774194,1.68115327,3.942620792,0.000158152,0.009419165,0.008259758,ddit4/bmp1a/tsc22d3/b4galt5/bmper/lzts2a/il17rd/cdk5rap3/acvr1ba/zmiz2/edn1/gid8b/axin1/jag1b/map2k4a/hdac1/smo/bmpr1ba/boc/smad5/ptbp1a/kmt5aa/her6/mapk8b/mgaa/lft1/ctnnb1/fbxl15/hdac3/acvr1l/skia/fcho1/pou5f3/gpr161b/bambia/dnaaf11/eomesa/bmpr1aa/rbm14a/ctsba/acvrl1/mib1/igfals/caprin2/zmat2/chrd,46
BP,GO:0000463,"maturation of LSU-rRNA from tricistronic rRNA transcript (SSU-rRNA, 5.8S rRNA, LSU-rRNA)",10/3314,17/18773,0.588235294,3.332209166,4.454127789,0.000167747,0.009802141,0.008595593,znhit6/ftsj3/pak1ip1/urb1/rpf2/rpl7l1/ddx18/wdr12/gnl2/ppan,10
MF,GO:0016810,"hydrolase activity, acting on carbon-nitrogen (but not peptide) bonds",40/3228,131/18430,0.305343511,1.743333617,3.934350319,0.000179653,0.023966476,0.021116454,ampd2b/mthfd1b/urahb/faah/asah1b/aspg/padi2/apmap/tgm2b/asrgl1/mthfd1a/hdac4/zgc:103586/aspa/apobec2a/hdac1/pglyrp6/upb1/agmat/sirt5/adat1/adprs/sirt3/dpys/gls2a/allc/acer2/zgc:103559/hdac3/acy1/cdab/dctd/adar/acy3.2/dclre1b/adat3/sirt1/ngly1/si:dkey-103i16.6/ampd3a,40
BP,GO:0043161,proteasome-mediated ubiquitin-dependent protein catabolic process,71/3314,268/18773,0.264925373,1.500737486,3.822731396,0.000183068,0.010499314,0.009206951,zfand2a/cdc20/znrf2b/psmb6/si:ch1073-228j22.2/spsb3a/psmb7/psmb5/ube2s/klhl11/psmb12/n4bp1/spsb1/tnfaip1/psmb13a/psmb4/ubxn1/ltn1/fem1c/spsb4a/ivns1abpa/edn1/psma6l/gid8b/ubr1/axin1/psma6b/cul2/psma2a/fbxw5/ubr3/psmd7/ube2b/fzr1a/sh3rf1/psmc3/csnk1e/psmb10/trim2a/psma5/ccnf/hectd3/psmd6/nsfl1c/fbxl15/keap1b/rnf139/asb2a.1/fbxl3a/psmc2/smurf1/fbxl2/psmb9a/psmd8/psma3/psmb8a/psma8/cul1a/wdr26b/psmc1a/psmb2/fbxo38/psma4/fbxo48/fbxl7/syvn1/rmnd5b/psma1/fbxl14b/fbxo6.3/zgc:136908,71
MF,GO:0016645,"oxidoreductase activity, acting on the CH-NH group of donors",15/3228,33/18430,0.454545455,2.595189816,4.226327213,0.000185993,0.023966476,0.021116454,mthfd1b/zgc:92040/qdpra/smox/mthfd1l/mthfd1a/dhfr/etfdh/prodha/aldh1l2/mthfr/aldh1l1/sardh/pipox/blvrb,15
BP,GO:0046942,carboxylic acid transport,50/3314,174/18773,0.287356322,1.627803328,3.852070855,0.000202283,0.011390394,0.009988348,slc3a2a/slc16a12a/mfsd2ab/slc25a29/lrrc8db/slc1a6/slc1a5/fabp3/slc10a4/slc38a3b/slc38a5b/slc16a1a/sfxn1/rbp5/slc7a3a/fabp4a/slco3a1a/slc38a9/slc27a2a/slc25a55a/slc38a7/slc25a32b/slc25a15a/slc6a7/slc16a1b/pla2g12a/abcc4/ctns/fabp1b.1/mfsd12a/slc38a2/slc16a6b/cpt1b/slc13a5a/slc51a/slc6a9/slc6a15/pla2g3/mpc2b/slc6a17/slc25a18/slc25a44a/slc16a10/abcd1/slco1d1/sfxn2/rbp2b/slc25a44b/slc32a1/slc1a4,50
BP,GO:0016071,mRNA metabolic process,114/3314,474/18773,0.240506329,1.36240957,3.700121426,0.000225497,0.012470784,0.010935752,ddx17/prmt7/zgc:162730/ybx1/zfp36l1a/slu7/pcf11/tent5c/pum2/rsrp1/rbfox3b/supv3l1/rbm15/fastk/rbfox2/srsf5b/snrpa1/gpatch1/csdc2a/cpsf4/qkia/fastkd3/cnot9/tfip11/cwc25/rbfox1/exosc2/rsrc1/ppwd1/sart1/ythdf1/tent2/fastkd1/ptbp1a/zc3h12ab/srsf1a/srpk1a/aar2/etf1b/nudt21/tbrg4/rbm25a/u2af1/smg6/tent5ab/ssu72/scnm1/slbp/wdr33/dis3/plekhn1/polr2g/srrm1/mrto4/zmat5/papolg/zcrb1/cirbpb/ddx39ab/rpusd4/dbr1/cdc40/khdc4/sf3b1/txnl4a/snrnp25/rbm5/exosc8/smn1/exosc7/upf2/syncripl/sf3a3/hnrnpa3/wbp4/hnrpkl/lsm11/pnrc2/prkrip1/cwf19l1/syf2/cpsf3/prpf18/fxr2/gemin5/clns1a/pqbp1/yju2/upf3b/si:ch211-107m4.1/lsm7/dnajc17/zrsr2/cfap410/prpf39/snrnp27/pus3/eftud2/rbm17/rbm8a/ythdf2/dhx37/cwc15/igf2bp3/mettl14/celf2/gemin6/zmat2/virma/hnrnpua/ilf3b/aqr/tent5ba/pus7l,114
BP,GO:0055088,lipid homeostasis,25/3314,70/18773,0.357142857,2.023126994,3.970669614,0.000232148,0.012613382,0.011060797,lipg/zgc:162608/dgat2/tm6sf2b/ormdl3/angptl4/fitm2/abcg5/apoba/kdsr/cetp/tlcd3bb/lamtor1/nfkb2/cln8/cyp7a1/apoeb/adck1/stab2/npc1/wnt5b/nr1h3/ormdl1/apobb.1/lipca,25
BP,GO:0006261,DNA-templated DNA replication,30/3314,90/18773,0.333333333,1.888251861,3.910883688,0.000239676,0.012797854,0.011222563,pold1/mcm5/pcna/mcm2/gins1/mcm7/mcm6/wdhd1/dbf4/twnk/orc3/mgme1/etaa1b/cdc45/mms22l/tonsl/rfc2/mcm3/rfc4/orc5/pold2/tipin/atrx/e2f7/prim2/gins4/topbp1/mcm10/recql5/pola1,30
BP,GO:0008610,lipid biosynthetic process,97/3314,394/18773,0.246192893,1.394622567,3.665303283,0.00027084,0.014216829,0.012466876,lipg/zgc:77375/thrsp/dgat2/sgms2a/pik3c2g/scap/ormdl3/prkag2b/cyp27b1/abhd3/b4galt5/fasn2/mogat2/rdh5/fitm2/aclya/ptgs2b/fgfr4/st6galnac5a/chka/pck1/abhd2a/fgf1a/dhdds/elovl6/ip6k2a/lbr/ddit3/bpnt1/elovl6l/chkb/acsbg2/srd5a3/bpnt2/sc5d/ptdss2/cyp27a3/sptlc2b/kdsr/pdss1/pcyt1bb/tlcd3bb/nsdhl/ptges/cers2b/ggps1/gnpat/cyp7a1/pip4k2ca/st3gal8/olah/sgms1b/agpat9l/hsd17b12a/st3gal1l3/rpe65a/dcaf5/dgkaa/ptdss1a/gpat3/smpd1/dgat1a/mid1ip1b/thnsl2/gbgt1l1/mlycd/sdr42e1/hycc2/mcat/prxl2b/lpin2/pmt/b3galt1a/tm7sf2/rpp14/hacd3/acacb/ormdl1/pik3ca/cds2/fasn/ccdc57/cers1/b4galt6/cers5/hmgcra/lipca/pi4k2b/pgap4/gcdha/dolk/pik3c2b/scdb/etnk1/fads2/mid1ip1l,97
BP,GO:0007052,mitotic spindle organization,23/3314,63/18773,0.365079365,2.068085371,3.931698204,0.000281439,0.014226666,0.012475502,plk3/kif4/kif11/plk1/kifc1/tpx2/aurka/aurkb/kif23/prc1b/cenph/dlgap5/ckap5/ndc80/clasp1a/nuf2/ptpa/plk2a/tacc2/tacc1/rae1/dctn2/zgc:136908,23
BP,GO:0019395,fatty acid oxidation,19/3314,48/18773,0.395833333,2.242299085,3.990034924,0.000283515,0.014226666,0.012475502,acadl/cpt1ab/acad11/cpt2/hadhab/hacl1/acox3/acaa2/crot/phyh/cpt1b/eci1/acaa1/zgc:85777/echdc2/abcd1/gcdha/acat1/tysnd1,19
BP,GO:0009451,RNA modification,37/3314,120/18773,0.308333333,1.746632971,3.798956044,0.000291802,0.014226666,0.012475502,emg1/mettl5/ftsj3/dimt1l/qng1/rpusd2/nsun4/thumpd3/tfb1m/nop10/bud23/apobec2a/thg1l/mrm1/thumpd1/trmt1l/elp1/rpusd4/nsun2/elp3/nop2/wdr6/kti12/trmt6/alkbh1/qtrt2/adar/fbl/tprkb/tarbp1/nat10/pus3/mettl14/virma/tsr3/mepcea/pus7l,37
BP,GO:0007051,spindle organization,31/3314,95/18773,0.326315789,1.84849919,3.838741567,0.000292451,0.014226666,0.012475502,mapre2/plk3/kif4/kif11/plk1/kifc1/lzts2a/tpx2/aurka/aurkb/kif23/prc1b/cenph/dlgap5/ckap5/ndc80/clasp1a/aspm/nuf2/sac3d1/ptpa/plk2a/tacc2/haus2/mapre3b/tubgcp4/haus1/tacc1/rae1/dctn2/zgc:136908,31
BP,GO:0010498,proteasomal protein catabolic process,84/3314,333/18773,0.252252252,1.428947354,3.656675971,0.000296144,0.014226666,0.012475502,zfand2a/cdc20/znrf2b/man1a2/psmb6/si:ch1073-228j22.2/spsb3a/psmb7/psmb5/ube2s/derl1/klhl11/psmb12/n4bp1/spsb1/tnfaip1/psmb13a/psmb4/ubxn1/ltn1/fem1c/spsb4a/ivns1abpa/edn1/psma6l/gid8b/ubr1/edem3/axin1/psma6b/cul2/psma2a/fbxw5/ubr3/psmd7/ube2b/aup1/fzr1a/sh3rf1/psmc3/csnk1e/psmb10/trim2a/psma5/ccnf/ankzf1/herpud1/hectd3/psmd6/nsfl1c/fbxl15/edem2/keap1b/rnf139/asb2a.1/fbxl3a/psmc2/smurf1/fbxl2/derl2/psmb9a/man1a1/psmd8/psma3/psmb8a/psma8/cul1a/wdr26b/psmc1a/psmb2/fbxo38/psma4/fbxo48/fbxl7/ube4b/syvn1/psme3/psme2/rmnd5b/man1b1a/psma1/fbxl14b/fbxo6.3/zgc:136908,84
CC,GO:0030686,90S preribosome,11/3396,21/19331,0.523809524,2.981673117,4.194442664,0.00030081,0.006417284,0.00554124,rrp36/wdr3/rrp7a/utp6/nol6/mphosph10/noc2l/noc4l/tbl3/pwp2h/wdr12,11
BP,GO:0060218,hematopoietic stem cell differentiation,29/3314,87/18773,0.333333333,1.888251861,3.844841191,0.000301992,0.014226666,0.012475502,csf3a/csf3b/f2r/pdcd2/fgfr4/cdca7a/cxcl8a/tgfb3/irf7/hdac1/nop14/supt5h/plcg1/dlc/rap1b/ak2/mettl22/f11r.1/sf3b1/ufl1/sf3a3/notch1b/tgfbr2b/nos1/wdr43/hif1ab/gpr182/mib1/ythdf2,29
BP,GO:0042180,cellular ketone metabolic process,26/3314,75/18773,0.346666667,1.963781935,3.872154362,0.000303184,0.014226666,0.012475502,kmo/pptc7b/cpt1ab/cbsb/pptc7a/pdk2a/coq3/fgfr4/tdo2a/kdsr/ido1/pdss1/acaa2/kynu/sirt5/pdk4/kyat3.2/dcaf5/coq8aa/hagh/ubiad1/pdk1/vkorc1l1/fh/ndufa9a/tysnd1,26
BP,GO:0072521,purine-containing compound metabolic process,84/3314,334/18773,0.251497006,1.424669069,3.625734568,0.000328327,0.015176557,0.01330847,ampd2b/enpp1/kmo/urahb/pde4ca/prkag2b/adka/aprt/pde4bb/gpd1b/fitm2/aclya/gucy1a2/pank1b/gart/pdk2a/macrod1/papss2b/hk1/prps1b/atp5mea/elovl6/g6pd/nnt/nadk2/slc38a9/atp6v1ba/tdo2a/nudt2/acot22/prpsap2/aspdh/atpsckmt/atp6v1ab/oard1/pkma/ido1/impdh1b/nadkb/nt5c2b/atp5pf/dlat/kynu/eno1a/adcy6a/pdk4/ak2/hkdc1/hk2/nudt15/allc/nudt3b/adcy5/paics/zgc:103559/npr1a/mlycd/gpia/mdh1aa/npr1b/acot7/pipox/acot20/pfkpa/pdk1/atp5pd/h6pd/acss2/pgk1/acacb/hprt1/si:dkey-219c10.4/pgm2/aldoaa/hmgcra/dhtkd1/gcdha/impdh1a/rpia/sucla2/nudt4a/ampd3a/gpd1c/acsl3b,84
CC,GO:1904949,ATPase complex,31/3396,96/19331,0.322916667,1.838133711,3.800375977,0.000330028,0.006758979,0.005836289,smarcc1b/atp6v0b/ino80b/atp6v1f/gatad2ab/dpf3/atp6v1ba/ccdc115/bicral/gatad2b/atp6v1ab/cfdp1/hdac1/atp6ap1a/phf10/atp6v0cb/smarce1/atp6v1c1a/cecr2/pbrm1/mcrs1/smarcd1/actr5/ino80c/atp6v1g1/actr8/smarcb1a/ino80/rsf1b.1/bptf/anp32e,31
MF,GO:0016747,"acyltransferase activity, transferring groups other than amino-acyl groups",58/3228,215/18430,0.269767442,1.540214979,3.671457865,0.000336637,0.032785043,0.028886343,dgat2/fasn2/mogat2/cpt1ab/prdx6/gpat4/lrata/gcat/si:ch73-106k19.2/alas1/kat6a/soat2/zdhhc14/elovl6/esco2/nat8l2/cpt2/elovl6l/ep300b/soat1/crebbpa/aanat1/zdhhc20a/aldh7a1/sptlc2b/hdac1/acaa2/crot/tlcd3bb/dlat/cers2b/lratb.1/gnpat/sirt5/zgc:154046/agpat9l/crata/cpt1b/nmt1a/acaa1/elp3/gpat3/dgat1a/porcnl/gnpnat1/mcat/pafah1b3/zdhhc15b/scp2a/nat10/fasn/ccdc57/cers1/cers5/alas2/acat1/naa40/si:dkey-76k16.6,58
MF,GO:0016829,lyase activity,56/3228,206/18430,0.27184466,1.552074686,3.671781887,0.000342484,0.032785043,0.028886343,cfh/acod1/tha1/polb/cbsb/aclya/gucy1a2/csad/odc1/aco1/aco2/hpda/pck1/cry5/hadhab/hccsb/hacl1/cahz/azin1b/pcbd1/ftcd/umps/hoga1/ca4c/rnaset2l/eno1a/adcy6a/dglucy/enosf1/tkfc/kyat3.2/cth/apex1/pdxdc1/chac1/adcy5/paics/apex2/npr1a/ca8/thnsl2/mlycd/npr1b/alkbh1/amd1/rpp14/hacd3/fh/aldoaa/fasn/zgc:162816/npl/asl/pam/ogg1/rps3,56
MF,GO:0016741,"transferase activity, transferring one-carbon groups",62/3228,234/18430,0.264957265,1.512751671,3.63742739,0.000363471,0.032785043,0.028886343,prmt7/si:ch211-93g23.2/gart/spout1/coq3/tmt1a.1/emg1/eef1akmt2/mettl5/ftsj3/dimt1l/nsun4/thumpd3/tyms/mettl17/tfb1m/smyd5/atpsckmt/ftcd/prdm14/rrp8/bud23/sftpbb/carm1l/nsd1a/mettl13/setd1a/prdm9/mrm1/prdm15/smyd3/ehmt2/trmt1l/mettl22/kmt5aa/kmt2ca/setdb1a/nsun2/mettl25/setd7/nop2/as3mt/zgc:109986/pmt/fbl/prmt6/tarbp1/bhmt/prdm5/kmt2bb/trmt10c/mgmt/zgc:113054/bcdin3d/amt/gatm/setbp1/mettl14/ezh2/zgc:153372/mtr/mepcea,62
BP,GO:0170035,L-amino acid catabolic process,25/3314,72/18773,0.347222222,1.966929022,3.806004126,0.000381996,0.017376198,0.015237358,zgc:92040/glud1b/qdpra/tha1/gcat/hpda/fah/asrgl1/prodha/ftcd/si:ch211-217a12.1/kynu/aldh4a1/kyat3.2/gls2a/hgd/agxt2/pah/thnsl2/pipox/nos1/tat/gcshb/amt/got2a,25
BP,GO:0043648,dicarboxylic acid metabolic process,19/3314,49/18773,0.387755102,2.196537879,3.882987582,0.000387135,0.017376198,0.015237358,zgc:92040/glud1b/kmo/me1/mthfd1l/pck1/dhfr/prodha/aldh1l2/ftcd/kynu/dglucy/aldh4a1/aldh1l1/gls2a/mdh1aa/fh/got2a/got1,19
CC,GO:0005764,lysosome,70/3396,271/19331,0.258302583,1.470331929,3.599576385,0.000388082,0.007642234,0.006598969,ctsd/marchf2/znrf2b/tmem175/asah1b/sar1ab/ctsf/dram2b/psap/atp6ap2/trip10a/acp2/napsa/rab7a/neu1/slc38a9/ccdc115/abcb9/rab9b/ppt2b/slc38a7/hyal1/slc49a4/mcoln1b/rab9a/lamtor3/sftpbb/cln3/hexa/plekhm1/itm2cb/snx14/ctns/hspa8/lamtor1/sppl2/vps33b/laptm4b/dram1/epdl1/slc39a14/pip4p1b/gnsb/vamp8/ctsk/tbc1d7/smpd1/tmem9b/arrdc3a/arl8ba/kics2/wdr81/ctsla/tpcn2/cln5/spns1/gpr137ba/mhc2dgb/ctsba/sar1b/pld3/ifi30b/kcmf1/npc2.1/si:dkey-5g14.1/ifi30a/lamtor5/si:ch211-157c3.4/si:ch211-202h22.8/pip4p2,70
BP,GO:0042558,pteridine-containing compound metabolic process,13/3314,28/18773,0.464285714,2.630065092,3.996520698,0.000417669,0.018218593,0.015976062,mthfd1b/sprb/qdpra/fpgs/mthfd1l/mthfd1a/dhfr/aldh1l2/pcbd1/ggh/mthfr/aldh1l1/mtr,13
BP,GO:1902017,regulation of cilium assembly,13/3314,28/18773,0.464285714,2.630065092,3.996520698,0.000417669,0.018218593,0.015976062,man1a2/mcm2/ezrb/ift74/mcm7/atp6v1f/appa/abcc4/inpp5e/entr1/appb/odf2a/crb3a,13
BP,GO:0006635,fatty acid beta-oxidation,17/3314,42/18773,0.404761905,2.29287726,3.883669695,0.000429949,0.018240433,0.015995213,acadl/cpt1ab/acad11/cpt2/hadhab/acox3/acaa2/crot/cpt1b/eci1/acaa1/zgc:85777/echdc2/abcd1/gcdha/acat1/tysnd1,17
BP,GO:0015804,neutral amino acid transport,17/3314,42/18773,0.404761905,2.29287726,3.883669695,0.000429949,0.018240433,0.015995213,slc3a2a/slc38a3b/slc38a5b/sfxn1/slc38a9/slc38a7/slc6a7/ctns/mfsd12a/slc38a2/slc43a2b/slc6a9/slc6a15/slc6a17/sfxn2/slc32a1/slc1a4,17
CC,GO:0000323,lytic vacuole,70/3396,272/19331,0.257352941,1.464926297,3.56485806,0.000434303,0.008235668,0.007111391,ctsd/marchf2/znrf2b/tmem175/asah1b/sar1ab/ctsf/dram2b/psap/atp6ap2/trip10a/acp2/napsa/rab7a/neu1/slc38a9/ccdc115/abcb9/rab9b/ppt2b/slc38a7/hyal1/slc49a4/mcoln1b/rab9a/lamtor3/sftpbb/cln3/hexa/plekhm1/itm2cb/snx14/ctns/hspa8/lamtor1/sppl2/vps33b/laptm4b/dram1/epdl1/slc39a14/pip4p1b/gnsb/vamp8/ctsk/tbc1d7/smpd1/tmem9b/arrdc3a/arl8ba/kics2/wdr81/ctsla/tpcn2/cln5/spns1/gpr137ba/mhc2dgb/ctsba/sar1b/pld3/ifi30b/kcmf1/npc2.1/si:dkey-5g14.1/ifi30a/lamtor5/si:ch211-157c3.4/si:ch211-202h22.8/pip4p2,70
MF,GO:0042578,phosphoric ester hydrolase activity,99/3228,413/18430,0.239709443,1.368601312,3.491065102,0.000480742,0.035415634,0.031204112,pfkfb3/dusp5/dusp2/enpp1/pde4ca/plcxd1/dusp22a/pptc7b/pde4bb/dusp8a/plcxd3/ptprb/tns3.2/ppm1la/plce1/si:ch211-15p9.2/pptc7a/dusp1/ssh2a/pdp1/dusp13a/dusp4/ppm1db/ssh1a/acp2/minpp1b/enpp6/ctdsp1/fig4a/bpnt1/cdc25b/ptpn22/ssh2b/ppm1ka/ppp1cc/mtmr7b/hddc2/bpnt2/ctdspl2a/ppp1r1b/fbp2/nt5c2b/tns2a/pde6ha/tns1b/plcd3a/nt5c2l1/psph/pfkfb1/plcg1/inpp5e/phlpp1/ctdsp2/ssu72/ppp2caa/ctdspl3/ptprea/acp5b/apex1/pip4p1b/pde5ab/minpp1a/mtmr1b/timm50/inpp5l/dbr1/apex2/ptpn2b/g6pc1a.1/smpd1/plpp6/mtmr3/ptprz1b/ppap2d/ptprk/ptprt/dusp16/lpin2/ppp1r2/ptprfb/si:dkey-66a8.7/dusp11/pxylp1/alpl/si:dkey-51e6.1/synj1/nanp/ptpn11b/si:dkey-219c10.4/pde1a/tab1/plpp7a/ptprc/dusp19b/ppm1bb/tns1a/fbp1a/enoph1/pip4p2,99
CC,GO:0005657,replication fork,16/3396,39/19331,0.41025641,2.335296427,3.853408915,0.000498499,0.008813722,0.007610533,pold1/uhrf1/wdhd1/etaa1b/mms22l/tonsl/rpa1/rfc2/rfc4/pold2/tex264a/tipin/prim2/mcm10/pif1/pola1,16
CC,GO:0042555,MCM complex,8/3396,13/19331,0.615384615,3.502944641,4.167403703,0.000499215,0.008813722,0.007610533,mcm5/mcm2/mcm7/mcm6/mms22l/tonsl/mcm3/mcm8,8
MF,GO:0004386,helicase activity,40/3228,137/18430,0.291970803,1.66698324,3.610771627,0.000500363,0.035415634,0.031204112,ddx17/mcm5/mcm2/mcm7/hells/mcm6/supv3l1/dhx35/twnk/ercc6l/ddx24/ddx27/znfx1/ddx54/ddx19b/ddx10/ddx49/eif4a1a/ddx28/ercc6/dhx30/mcm3/ercc6l2/mov10a/ddx39ab/helz2a/ddx61/chd2/ddx59/ddx18/ino80/ddx47/dhx32b/dhx29/pif1/dhx37/recql5/aqr/ddx3xb/mcm8,40
BP,GO:0000727,double-strand break repair via break-induced replication,8/3314,13/18773,0.615384615,3.486003435,4.151430864,0.000516596,0.021620251,0.018959009,mcm5/mcm2/mcm7/mcm6/cdc45/mcm3/cdc7/gins4,8
MF,GO:0140102,"catalytic activity, acting on a rRNA",9/3228,16/18430,0.5625,3.211547398,4.078020996,0.000534795,0.035415634,0.031204112,emg1/mettl5/ftsj3/dimt1l/tfb1m/bud23/nop2/fbl/tsr3,9
BP,GO:0008380,RNA splicing,80/3314,320/18773,0.25,1.416188896,3.476744794,0.000544838,0.022498183,0.019728876,ddx17/prmt7/ybx1/slu7/rsrp1/rbfox3b/rbm15/rbfox2/srsf5b/snrpa1/qkia/mbnl3/tfip11/cwc25/rbfox1/zbtb8os/rsrc1/ppwd1/sart1/rbm12bb/ptbp1a/hmga1a/srsf1a/srpk1a/aar2/hnrnph3/rbm25a/u2af1/scnm1/trpt1/srrm1/grsf1/zmat5/zcrb1/cirbpb/ddx39ab/rpusd4/dbr1/cdc40/khdc4/sf3b1/txnl4a/snrnp25/rbm5/smn1/sf3a3/ahnak/hnrnph1/hnrnpa3/wbp4/hnrpkl/zgc:103482/prkrip1/cwf19l1/syf2/prpf18/gemin5/clns1a/pqbp1/yju2/si:ch211-107m4.1/lsm7/dnajc17/zrsr2/cfap410/prpf39/snrnp27/eftud2/rbm17/rbm8a/dhx37/cwc15/mettl14/celf2/gemin6/zmat2/virma/hnrnpua/ilf3b/aqr,80
BP,GO:0006639,acylglycerol metabolic process,20/3314,54/18773,0.37037037,2.098057623,3.741291225,0.000555045,0.022618068,0.019834004,lipg/dgat2/abhd12/mogat2/pck1/slc7a3a/abhd2a/abhd6a/pnpla2/apoba/cetp/agpat9l/dgkaa/dagla/gpat3/dgat1a/zgc:172295/lpin2/apobb.1/lipca,20
MF,GO:0016887,ATP hydrolysis activity,79/3228,318/18430,0.248427673,1.418377327,3.467893729,0.000564028,0.035415634,0.031204112,hsp70.3/hsp90aa1.1/abcc6a/wu:fb13g09/atp13a2/rad50/abcc12/yme1l1a/smc2/dnah5l/mcm7/kif20a/kifc1/supv3l1/atp8a2/tor3a/afg1lb/hspa13/kif2c/ercc6l/abcb9/kif23/tap2a/atp6v1ab/abcg5/zgc:86811/atad3/cct6a/znfx1/smc5/atp2b1a/abca3b/abcc4/abcg2a/hspa8/tor1/psmc3/dnah10/kif22/kif13bb/rfc2/nsfa/atp1a3a/abca4b/mcm3/atp7b/rfc4/mlh1/lonp2/helz2a/psmc2/vps4b/srp54/atp10d/kif14/afg2a/spg7/chd2/atad5a/atp6v1g1/afg3l1/psmc1a/abcb8/ino80/kif15/cct4/abcd1/abcb7/cct8/abce1/pms2/kif3a/kif2a/pif1/dhx37/atp7a/fign/mcm8/zgc:136908,79
BP,GO:0002244,hematopoietic progenitor cell differentiation,41/3314,142/18773,0.288732394,1.635598443,3.520057357,0.000649298,0.02611527,0.022900735,jun/atf3/csf3a/csf3b/f2r/tet2/mbd3b/pdcd2/fgfr4/cdca7a/cxcl8a/tgfb3/hlx1/crebbpa/irf7/hdac1/nop14/supt5h/plcg1/nudt21/dlc/rap1b/ak2/cecr2/mettl22/smarcd1/f11r.1/sf3b1/ufl1/sf3a3/notch1b/tgfbr2b/nfkbiaa/nos1/wdr43/hif1ab/gpr182/mib1/angptl2b/ptger4a/ythdf2,41
MF,GO:0016616,"oxidoreductase activity, acting on the CH-OH group of donors, NAD or NADP as acceptor",38/3228,130/18430,0.292307692,1.668906682,3.526784712,0.000665302,0.035415634,0.031204112,sprb/akr1a1a/dcxr/me1/gpd1b/rdh5/zgc:56622/zgc:136493/dhrs9/g6pd/hadhab/hsd17b10/hsd17b14/cryl1/hpgd/adhfe1/kdsr/ldhba/impdh1b/akr1b1.1/nsdhl/zgc:56585/akr7a3/hsd17b12a/rdh14b/sdr42e1/bdh2/mdh1aa/ugdh/gfus.1/prxl2b/h6pd/fasn/zgc:113054/hmgcra/impdh1a/mcur1/gpd1c,38
MF,GO:0046332,SMAD binding,16/3228,40/18430,0.4,2.283767038,3.74535196,0.000672641,0.035415634,0.031204112,skila/axin1/bmpr1ba/smad5/hipk2/smurf1/rnf111/acvr1l/ldlrad4a/smad6b/skia/tgfbr2b/tgfbr2l/bmpr1aa/acvrl1/smad2,16
MF,GO:0016614,"oxidoreductase activity, acting on CH-OH group of donors",40/3228,139/18430,0.287769784,1.642997869,3.506432581,0.000687325,0.035415634,0.031204112,sprb/l2hgdh/akr1a1a/dcxr/me1/gpd1b/rdh5/zgc:56622/zgc:136493/dhrs9/g6pd/hadhab/hsd17b10/hsd17b14/cryl1/hpgd/adhfe1/kdsr/ldhba/impdh1b/akr1b1.1/nsdhl/zgc:56585/akr7a3/chdh/hsd17b12a/rdh14b/sdr42e1/bdh2/mdh1aa/ugdh/gfus.1/prxl2b/h6pd/fasn/zgc:113054/hmgcra/impdh1a/mcur1/gpd1c,40
BP,GO:0000375,"RNA splicing, via transesterification reactions",62/3314,238/18773,0.260504202,1.475692631,3.419475001,0.000724131,0.027723363,0.024310887,ddx17/prmt7/ybx1/slu7/rsrp1/rbfox3b/rbm15/rbfox2/srsf5b/snrpa1/qkia/tfip11/cwc25/rbfox1/rsrc1/sart1/srsf1a/srpk1a/aar2/rbm25a/u2af1/scnm1/srrm1/zcrb1/cirbpb/ddx39ab/dbr1/cdc40/khdc4/sf3b1/txnl4a/snrnp25/smn1/sf3a3/hnrnpa3/wbp4/hnrpkl/cwf19l1/syf2/prpf18/gemin5/clns1a/pqbp1/yju2/si:ch211-107m4.1/lsm7/dnajc17/zrsr2/cfap410/prpf39/eftud2/rbm17/rbm8a/dhx37/cwc15/mettl14/celf2/gemin6/zmat2/hnrnpua/ilf3b/aqr,62
BP,GO:0000377,"RNA splicing, via transesterification reactions with bulged adenosine as nucleophile",62/3314,238/18773,0.260504202,1.475692631,3.419475001,0.000724131,0.027723363,0.024310887,ddx17/prmt7/ybx1/slu7/rsrp1/rbfox3b/rbm15/rbfox2/srsf5b/snrpa1/qkia/tfip11/cwc25/rbfox1/rsrc1/sart1/srsf1a/srpk1a/aar2/rbm25a/u2af1/scnm1/srrm1/zcrb1/cirbpb/ddx39ab/dbr1/cdc40/khdc4/sf3b1/txnl4a/snrnp25/smn1/sf3a3/hnrnpa3/wbp4/hnrpkl/cwf19l1/syf2/prpf18/gemin5/clns1a/pqbp1/yju2/si:ch211-107m4.1/lsm7/dnajc17/zrsr2/cfap410/prpf39/eftud2/rbm17/rbm8a/dhx37/cwc15/mettl14/celf2/gemin6/zmat2/hnrnpua/ilf3b/aqr,62
BP,GO:0000398,"mRNA splicing, via spliceosome",62/3314,238/18773,0.260504202,1.475692631,3.419475001,0.000724131,0.027723363,0.024310887,ddx17/prmt7/ybx1/slu7/rsrp1/rbfox3b/rbm15/rbfox2/srsf5b/snrpa1/qkia/tfip11/cwc25/rbfox1/rsrc1/sart1/srsf1a/srpk1a/aar2/rbm25a/u2af1/scnm1/srrm1/zcrb1/cirbpb/ddx39ab/dbr1/cdc40/khdc4/sf3b1/txnl4a/snrnp25/smn1/sf3a3/hnrnpa3/wbp4/hnrpkl/cwf19l1/syf2/prpf18/gemin5/clns1a/pqbp1/yju2/si:ch211-107m4.1/lsm7/dnajc17/zrsr2/cfap410/prpf39/eftud2/rbm17/rbm8a/dhx37/cwc15/mettl14/celf2/gemin6/zmat2/hnrnpua/ilf3b/aqr,62
BP,GO:0006638,neutral lipid metabolic process,20/3314,55/18773,0.363636364,2.059911121,3.644700937,0.000729124,0.027723363,0.024310887,lipg/dgat2/abhd12/mogat2/pck1/slc7a3a/abhd2a/abhd6a/pnpla2/apoba/cetp/agpat9l/dgkaa/dagla/gpat3/dgat1a/zgc:172295/lpin2/apobb.1/lipca,20
MF,GO:0008168,methyltransferase activity,59/3228,226/18430,0.261061947,1.490511673,3.41890818,0.000742143,0.035415634,0.031204112,prmt7/si:ch211-93g23.2/spout1/coq3/tmt1a.1/emg1/eef1akmt2/mettl5/ftsj3/dimt1l/nsun4/thumpd3/tyms/mettl17/tfb1m/smyd5/atpsckmt/prdm14/rrp8/bud23/sftpbb/carm1l/nsd1a/mettl13/setd1a/prdm9/mrm1/prdm15/smyd3/ehmt2/trmt1l/mettl22/kmt5aa/kmt2ca/setdb1a/nsun2/mettl25/setd7/nop2/as3mt/zgc:109986/pmt/fbl/prmt6/tarbp1/bhmt/prdm5/kmt2bb/trmt10c/mgmt/zgc:113054/bcdin3d/amt/setbp1/mettl14/ezh2/zgc:153372/mtr/mepcea,59
BP,GO:0006270,DNA replication initiation,12/3314,26/18773,0.461538462,2.614502576,3.814172696,0.00074299,0.027723363,0.024310887,mcm5/mcm2/mcm7/mcm6/orc3/cdc45/mcm3/orc5/prim2/topbp1/mcm10/pola1,12
BP,GO:0022600,digestive system process,12/3314,26/18773,0.461538462,2.614502576,3.814172696,0.00074299,0.027723363,0.024310887,uhrf1/myo5b/tp53/ptbp1a/flna/f11r.1/npc1/shank3b/ptger3/nr1h3/sar1b/tert,12
BP,GO:0001666,response to hypoxia,26/3314,79/18773,0.329113924,1.864349939,3.564452717,0.000753286,0.027772945,0.024354366,ddit4/igfbp1a/g0s2/ppiab/hmox1a/foxo4/vegfab/ddit3/slc38a9/vegfaa/tp53/dap3/sdcbp2/crtc3/smyd3/fundc1/plekhn1/hif1al/npc1/arnt/cct4/pgk1/hif1ab/alas2/ndufa9a/camk2g2,26
CC,GO:0005773,vacuole,84/3396,344/19331,0.244186047,1.38997658,3.36909538,0.000754109,0.012870122,0.011113181,ulk2/ctsd/marchf2/znrf2b/tmem175/asah1b/sar1ab/ctsf/dram2b/psap/si:ch211-260e23.9/atp6ap2/trip10a/acp2/napsa/rab7a/neu1/slc38a9/ccdc115/tbc1d25/abcb9/rab9b/atg9a/ppt2b/slc38a7/hyal1/slc49a4/mcoln1b/rab9a/lamtor3/sftpbb/cln3/hexa/plekhm1/atp6v0cb/itm2cb/atg16l1/sqstm1/snx14/ctns/hspa8/lamtor1/sppl2/vmp1/ggh/vps33b/laptm4b/atp6v1c1a/dram1/epdl1/slc39a14/glb1l/pip4p1b/gnsb/vamp8/ctsk/tex264a/tbc1d7/smpd1/tmem9b/arrdc3a/arl8ba/kics2/wdr81/ctsla/tpcn2/atp6v1g1/cln5/spns1/gpr137ba/zgc:92606/mhc2dgb/ctsba/sar1b/pld3/ifi30b/kcmf1/npc2.1/si:dkey-5g14.1/ifi30a/lamtor5/si:ch211-157c3.4/si:ch211-202h22.8/pip4p2,84
MF,GO:0008374,O-acyltransferase activity,18/3228,48/18430,0.375,2.141031599,3.647448707,0.000792299,0.035415634,0.031204112,dgat2/mogat2/cpt1ab/prdx6/gpat4/lrata/soat2/cpt2/soat1/crot/lratb.1/gnpat/zgc:154046/agpat9l/crata/cpt1b/gpat3/dgat1a,18
CC,GO:0043596,nuclear replication fork,11/3396,23/19331,0.47826087,2.722397194,3.815507539,0.000817236,0.013497568,0.011654973,pold1/wdhd1/etaa1b/mms22l/tonsl/rpa1/pold2/tipin/prim2/mcm10/pola1,11
BP,GO:0006397,mRNA processing,82/3314,334/18773,0.245508982,1.390748377,3.336126883,0.000842342,0.030690963,0.026913205,ddx17/prmt7/ybx1/slu7/pcf11/rsrp1/rbfox3b/rbm15/rbfox2/srsf5b/snrpa1/gpatch1/cpsf4/qkia/tfip11/cwc25/rbfox1/rsrc1/ppwd1/sart1/tent2/ptbp1a/srsf1a/srpk1a/aar2/nudt21/rbm25a/u2af1/ssu72/scnm1/slbp/wdr33/srrm1/zmat5/papolg/zcrb1/cirbpb/ddx39ab/rpusd4/dbr1/cdc40/khdc4/sf3b1/txnl4a/snrnp25/rbm5/smn1/sf3a3/hnrnpa3/wbp4/hnrpkl/lsm11/prkrip1/cwf19l1/syf2/cpsf3/prpf18/gemin5/clns1a/pqbp1/yju2/si:ch211-107m4.1/lsm7/dnajc17/zrsr2/cfap410/prpf39/snrnp27/eftud2/rbm17/rbm8a/dhx37/cwc15/mettl14/celf2/gemin6/zmat2/virma/hnrnpua/ilf3b/aqr/pus7l,82
BP,GO:0009074,aromatic amino acid family catabolic process,11/3314,23/18773,0.47826087,2.709230931,3.797561812,0.000852455,0.030698292,0.026919631,kmo/qdpra/hpda/fah/tdo2a/ftcd/ido1/kynu/hgd/pah/tat,11
CC,GO:0019866,organelle inner membrane,71/3396,283/19331,0.250883392,1.428099781,3.349170566,0.000853604,0.01365766,0.01179321,slc25a33/coq10b/slc25a47a/cox4i2/ckmt1/slc25a42/fpgs/yme1l1a/alas1/coq3/sfxn1/cox6a2/acadvl/ppox/atp5mea/etfdh/oxa1l/lbr/cibar1/slc25a25a/cpt2/slc25a55a/hccsb/endog/mrs2/ndufa1/slc25a40/slc25a35/ttc19/cox7a2l/ndufa2/atp5pf/si:ch73-141c7.1/smdt1b/si:dkey-88p24.11/myoc/chdh/ndufb10/letm2/slc25a5/maip1/cox16/timm50/adck1/rpl37/plpp6/chchd3a/mpc2b/ndufb2/spg7/slc25a18/grpel1/timm8a/afg3l1/abcb8/tm7sf2/dhodh/phb/atp5pd/abcb7/micu1/ndufb4/sirt1/cox20/sfxn2/coa3a/alas2/gatm/mcur1/rps3/timm10b,71
MF,GO:1990817,poly(A) RNA polymerase activity,7/3228,11/18430,0.636363636,3.633265743,4.025550618,0.000856968,0.035415634,0.031204112,tent5c/tent2/mtpap/tent5ab/tent4a/papolg/tent5ba,7
MF,GO:0016706,2-oxoglutarate-dependent dioxygenase activity,23/3228,68/18430,0.338235294,1.93112654,3.54462629,0.000871336,0.035415634,0.031204112,kdm6ba/tmlhe/tet2/p4ha1b/kdm7ab/phyhd1/jmjd7/alkbh6/kdm2aa/kdm5a/plod1a/ogfod1/phyh/kdm5c/asph/riox1/unm_hu7910/tet3/bbox1/kdm2ba/alkbh1/p4ha1a/p4ha2,23
MF,GO:0070003,threonine-type peptidase activity,10/3228,20/18430,0.5,2.854708798,3.824116546,0.000892512,0.035415634,0.031204112,psmb6/psmb7/psmb5/psmb12/asrgl1/psmb13a/psmb10/psmb9a/psmb8a/ggt1a,10
BP,GO:0006641,triglyceride metabolic process,15/3314,37/18773,0.405405405,2.296522533,3.654965808,0.000906974,0.032286201,0.028312084,lipg/dgat2/mogat2/pck1/slc7a3a/pnpla2/apoba/cetp/agpat9l/gpat3/dgat1a/zgc:172295/lpin2/apobb.1/lipca,15
MF,GO:0045296,cadherin binding,16/3228,41/18430,0.390243902,2.228065403,3.627451818,0.000925575,0.035415634,0.031204112,pkp3a/ptprb/cdh30/pkp4/pkp2/cdh1/cdh2/ctnnb1/cdh12a/ctnnal1/ctnnd1/cdh13/dchs1b/cdh6/ctnna1/cdh5,16
BP,GO:0036293,response to decreased oxygen levels,26/3314,80/18773,0.325,1.841045564,3.490324786,0.000931196,0.032771733,0.028737852,ddit4/igfbp1a/g0s2/ppiab/hmox1a/foxo4/vegfab/ddit3/slc38a9/vegfaa/tp53/dap3/sdcbp2/crtc3/smyd3/fundc1/plekhn1/hif1al/npc1/arnt/cct4/pgk1/hif1ab/alas2/ndufa9a/camk2g2,26
MF,GO:0042393,histone binding,42/3228,150/18430,0.28,1.598636927,3.392253666,0.000942323,0.035415634,0.031204112,anp32b/ptmaa/nasp/uhrf1/cks1b/ncapd2/smarcc1b/spty2d1/ncapd3/samd1b/dpf3/brd3b/anp32a/cks2/rrp8/cbx1a/noc2l/scml2/setd5/samd7/tonsl/sbno2a/npm3/dnajc2/atrx/brd3a/hpf1/tp53bp1/chd2/wdr5/scmh1/phc1/ino80/rsf1b.1/prmt6/bptf/anp32e/mllt3/phf1/phf6/npm1a/phc2a,42
BP,GO:0070050,neuron cellular homeostasis,10/3314,20/18773,0.5,2.832377791,3.796080964,0.000951599,0.033113512,0.029037561,atp13a2/tmem175/asah1b/nipblb/auts2a/toe1/dmxl2/smn1/scgn/atp6v1g1,10
BP,GO:0055123,digestive system development,44/3314,158/18773,0.278481013,1.577526871,3.375281859,0.000966826,0.033162651,0.029080651,klf6a/lnx2a/rbm19/vangl2/utp3/dhrs9/myo5b/ppdpfa/selenoh/hnf1ba/met/myod1/jag1b/mphosph10/hdac1/urb1/smo/nipblb/utp25/epg5/ap1m2/ehmt2/furina/cldn15a/flna/mgaa/srp54/dhps/rab11fip5a/hand2/ikzf5/mapk7/pctp/pwp2h/bhmt/slc12a3/gata6/mib1/fgfrl1a/ptger4a/ezh2/wnt3/wtip/sdc2,44
BP,GO:0170040,proteinogenic amino acid catabolic process,23/3314,68/18773,0.338235294,1.916020271,3.503656414,0.000974427,0.033162651,0.029080651,zgc:92040/glud1b/qdpra/tha1/gcat/hpda/fah/asrgl1/prodha/ftcd/si:ch211-217a12.1/aldh4a1/gls2a/hgd/agxt2/pah/thnsl2/pipox/nos1/tat/gcshb/amt/got2a,23
CC,GO:0030687,"preribosome, large subunit precursor",9/3396,17/19331,0.529411765,3.013562669,3.834221798,0.000982484,0.015243387,0.013162464,ftsj3/mak16/rpf1/noc2l/mrto4/wdr12/znf622/rrs1/ppan,9
BP,GO:0032543,mitochondrial translation,16/3314,41/18773,0.390243902,2.210636325,3.592976533,0.001010918,0.033930461,0.029753951,wars2/mrpl43/ptcd3/gfm1/mrps7/mrpl44/mrps35/gfm2/mrps24/qrsl1/trmt10c/coa3a/mrpl52/mrpl58/mtif3/gatb,16
BP,GO:0000963,mitochondrial RNA processing,8/3314,14/18773,0.571428571,3.23700319,3.876739379,0.0010189,0.033930461,0.029753951,supv3l1/fastk/fastkd3/fastkd1/tbrg4/trnt1/trmt10c/elac2,8
CC,GO:0005743,mitochondrial inner membrane,67/3396,266/19331,0.251879699,1.433771044,3.288567082,0.001050328,0.015737001,0.013588693,slc25a33/coq10b/slc25a47a/cox4i2/ckmt1/slc25a42/fpgs/yme1l1a/alas1/coq3/sfxn1/cox6a2/acadvl/ppox/atp5mea/etfdh/oxa1l/cibar1/slc25a25a/cpt2/slc25a55a/hccsb/endog/mrs2/ndufa1/slc25a40/slc25a35/ttc19/cox7a2l/ndufa2/atp5pf/si:ch73-141c7.1/smdt1b/si:dkey-88p24.11/myoc/chdh/ndufb10/letm2/slc25a5/maip1/cox16/timm50/adck1/rpl37/chchd3a/mpc2b/ndufb2/spg7/slc25a18/grpel1/timm8a/afg3l1/abcb8/dhodh/phb/atp5pd/abcb7/micu1/ndufb4/cox20/sfxn2/coa3a/alas2/gatm/mcur1/rps3/timm10b,67
CC,GO:0005681,spliceosomal complex,41/3396,146/19331,0.280821918,1.598518402,3.351172378,0.001075772,0.015737001,0.013588693,slu7/snrpa1/snrnp48/tfip11/cwc25/ppwd1/cwc27/u2af1/scnm1/srrm1/zmat5/zcrb1/cirbpb/cdc40/khdc4/sf3b1/txnl4a/snrnp25/rbm5/smn1/sf3a3/hnrnpa3/hnrpkl/prkrip1/ess2/cwf19l1/syf2/prpf18/dhx32b/clns1a/yju2/lsm7/dnajc17/zrsr2/prpf39/eftud2/rbm17/rbm8a/cwc15/zmat2/aqr,41
MF,GO:0003697,single-stranded DNA binding,22/3228,65/18430,0.338461538,1.932418263,3.470078243,0.001106684,0.03992916,0.035180903,rad50/mcm5/zgc:110158/mcm2/mcm7/mcm6/twnk/cnbpa/cdc45/tsn/nucks1a/smc5/mms22l/rpa1/polr2g/mcm3/rad51ap1/terfa/mcm10/pcbp2/pola1/mcm8,22
BP,GO:1901293,nucleoside phosphate biosynthetic process,56/3314,214/18773,0.261682243,1.482365947,3.28584496,0.00113423,0.037369255,0.032769464,ampd2b/kmo/adka/aprt/aclya/gucy1a2/pank1b/gart/pdk2a/papss2b/rrm1/prps1b/atp5mea/elovl6/kars1/nadk2/tyms/nudt2/prpsap2/aspdh/atpsckmt/gfpt1/umps/ido1/impdh1b/nadkb/atp5pf/dlat/rfk/kynu/adcy6a/pdk4/gfpt2/ak2/adcy5/uap1/paics/npr1a/uck1/mlycd/rrm2/gnpnat1/ugdh/npr1b/gfus.1/pmm2/pdk1/dhodh/atp5pd/acss2/acacb/hprt1/ctps1a/gcdha/impdh1a/ampd3a,56
BP,GO:0000070,mitotic sister chromatid segregation,25/3314,77/18773,0.324675325,1.839206358,3.416493545,0.001175652,0.03832625,0.033608662,zw10/smc2/ccnb1/kif11/ncapd2/mad2l1/kifc1/ncaph/ncapd3/nusap1/cdca8/aurkb/ttk/kif23/prc1b/ncapg/bub1bb/bub3/ndc80/clasp1a/nuf2/zwilch/cenpi/cenpk/ska1,25
BP,GO:0090407,organophosphate biosynthetic process,90/3314,377/18773,0.23872679,1.352328919,3.199617711,0.001244269,0.040140643,0.035199721,zgc:77375/ampd2b/sgms2a/itpkcb/pik3c2g/kmo/ckmt1/adka/itpkb/aprt/fitm2/aclya/gucy1a2/pank1b/gart/pdk2a/papss2b/chka/rrm1/prps1b/atp5mea/elovl6/ip6k2a/kars1/nadk2/bpnt1/tyms/nudt2/chkb/prpsap2/aspdh/atpsckmt/gfpt1/bpnt2/ptdss2/umps/kdsr/ido1/impdh1b/nadkb/pcyt1bb/atp5pf/dlat/rfk/kynu/adcy6a/pdxkb/pip4k2ca/pdk4/gfpt2/ak2/sgms1b/agpat9l/dgkaa/adcy5/uap1/paics/ptdss1a/npr1a/uck1/gpat3/zgc:172295/mlycd/rrm2/gnpnat1/ugdh/npr1b/hycc2/gfus.1/pmm2/pmt/pdk1/dhodh/atp5pd/tpk1/itpkca/acss2/acacb/hprt1/pik3ca/cds2/ctps1a/pi4k2b/pgap4/gcdha/impdh1a/dolk/pik3c2b/etnk1/ampd3a,90
BP,GO:0007219,Notch signaling pathway,37/3314,129/18773,0.286821705,1.624774857,3.296777807,0.001322762,0.042232935,0.037034473,tcima/fbxw7/maml3/tet2/dtx3lb.2/llgl1/prss23/si:ch211-194k22.8/jag1b/nlk1/plvapb/ptbp1a/ift88/dlc/notchl/her6/tet3/her15.1/chac1/dtx3/mfng/notch1b/appb/zmp:0000001236/nedd4a/hif1ab/kif3a/mib1/dtx3lb.3/angptl2b/maml1/ythdf2/nepro/hey1/nle1/dtx2/rfng,37
BP,GO:0000819,sister chromatid segregation,27/3314,86/18773,0.313953488,1.778469776,3.350132737,0.001349063,0.042599189,0.037355644,zw10/smc2/top2a/ccnb1/kif11/ncapd2/mad2l1/kifc1/ncaph/ncapd3/nusap1/cdca8/aurkb/ttk/kif23/prc1b/ncapg/bub1bb/bub3/rmi2/ndc80/clasp1a/nuf2/zwilch/cenpi/cenpk/ska1,27
BP,GO:0030261,chromosome condensation,13/3314,31/18773,0.419354839,2.375542664,3.548851046,0.001361744,0.042599189,0.037355644,h1-0/smc2/top2a/si:ch211-103n10.5/ncapd2/ncaph/ncapd3/nusap1/histh1l2/si:dkey-108k21.10/zgc:110425/ncapg/si:dkey-261m9.12,13
BP,GO:0009117,nucleotide metabolic process,69/3314,277/18773,0.249097473,1.4110763,3.191275085,0.001390823,0.043073779,0.037771817,ampd2b/enpp1/kmo/pde4ca/prkag2b/adka/aprt/pde4bb/gpd1b/gucy1a2/gart/papss2b/hk1/rrm1/prps1b/atp5mea/kars1/g6pd/nnt/nadk2/slc38a9/atp6v1ba/tyms/nudt2/prpsap2/aspdh/atpsckmt/atp6v1ab/pkma/umps/ido1/exosc2/impdh1b/nadkb/nt5c2b/atp5pf/rfk/kynu/eno1a/adcy6a/ak2/hkdc1/hk2/nudt15/nudt3b/adcy5/paics/npr1a/uck1/gpia/rrm2/mdh1aa/npr1b/pfkpa/dhodh/atp5pd/h6pd/pgk1/hprt1/si:dkey-219c10.4/aldoaa/ctps1a/dhtkd1/impdh1a/rpia/nudt4a/itpa/ampd3a/gpd1c,69
BP,GO:0000466,"maturation of 5.8S rRNA from tricistronic rRNA transcript (SSU-rRNA, 5.8S rRNA, LSU-rRNA)",10/3314,21/18773,0.476190476,2.697502658,3.603604657,0.001530935,0.045589485,0.039977864,ftsj3/urb1/exosc2/eri1/exosc8/exosc7/gnl3/wdr12/rrs1/gnl2,10
BP,GO:0032392,DNA geometric change,10/3314,21/18773,0.476190476,2.697502658,3.603604657,0.001530935,0.045589485,0.039977864,rad50/mcm5/mcm2/mcm7/mcm6/supv3l1/mcm3/pif1/recql5/mcm8,10
BP,GO:0032508,DNA duplex unwinding,10/3314,21/18773,0.476190476,2.697502658,3.603604657,0.001530935,0.045589485,0.039977864,rad50/mcm5/mcm2/mcm7/mcm6/supv3l1/mcm3/pif1/recql5/mcm8,10
BP,GO:1902221,erythrose 4-phosphate/phosphoenolpyruvate family amino acid metabolic process,10/3314,21/18773,0.476190476,2.697502658,3.603604657,0.001530935,0.045589485,0.039977864,kmo/qdpra/th2/hpda/fah/ido1/kynu/hgd/pah/tat,10
BP,GO:0033013,tetrapyrrole metabolic process,14/3314,35/18773,0.4,2.265902233,3.470670601,0.001558155,0.045958139,0.04030114,tmem14a/alas1/hmox1a/ppox/mmadhcb/mmadhca/blvra/bdh2/mmachc/rsad1/abcb7/hmbsb/alas2/isca1,14
BP,GO:0042398,cellular modified amino acid biosynthetic process,12/3314,28/18773,0.428571429,2.427752392,3.500499469,0.001653875,0.04786964,0.041977354,ckmt1/fpgs/tmlhe/mthfd1l/dhfr/gclm/ptdss2/chdh/bbox1/ptdss1a/gatm/gss,12
BP,GO:0072089,stem cell proliferation,12/3314,28/18773,0.428571429,2.427752392,3.500499469,0.001653875,0.04786964,0.041977354,klf6a/csf3a/csf3b/cyp27b1/tet2/tp53/tpd52/cyp2r1/tgif1/znrf3/ythdf2/ifi30a,12
BP,GO:0070482,response to oxygen levels,26/3314,83/18773,0.313253012,1.774501749,3.274142856,0.001700026,0.048749828,0.042749199,ddit4/igfbp1a/g0s2/ppiab/hmox1a/foxo4/vegfab/ddit3/slc38a9/vegfaa/tp53/dap3/sdcbp2/crtc3/smyd3/fundc1/plekhn1/hif1al/npc1/arnt/cct4/pgk1/hif1ab/alas2/ndufa9a/camk2g2,26
BP,GO:0006760,folic acid-containing compound metabolic process,9/3314,18/18773,0.5,2.832377791,3.601086587,0.001719954,0.04886878,0.042853509,mthfd1b/fpgs/mthfd1l/mthfd1a/dhfr/aldh1l2/ggh/mthfr/aldh1l1,9
MF,GO:0008649,rRNA methyltransferase activity,8/3228,15/18430,0.533333333,3.045022718,3.651112281,0.001751193,0.060752937,0.053528379,emg1/mettl5/ftsj3/dimt1l/tfb1m/bud23/nop2/fbl,8
BP,GO:0009437,carnitine metabolic process,7/3314,12/18773,0.583333333,3.304440756,3.697166465,0.001831739,0.051107163,0.044816369,acadl/cpt1ab/tmlhe/zgc:154046/crata/cpt1b/bbox1,7
BP,GO:0042537,benzene-containing compound metabolic process,7/3314,12/18773,0.583333333,3.304440756,3.697166465,0.001831739,0.051107163,0.044816369,kmo/fah/tdo2a/ido1/kynu/kyat3.2/acaa1,7
BP,GO:0051640,organelle localization,69/3314,280/18773,0.246428571,1.395957626,3.090757049,0.001869555,0.051696538,0.045333198,sar1ab/ndel1b/zgc:154077/ccnb1/pard3ab/spout1/vangl2/cluha/f8a/si:ch211-200p22.4/nusap1/stx8/myo5b/llgl1/borcs6/cadpsa/aurkb/kif23/stx12/copb2/knl1/rab11a/stx4/ift88/inpp5e/syn2a/dtnbp1a/nmd3/tmed9/sdad1/kif13bb/nsfa/cdc42/cdk5/dnm1b/mlh1/ndc80/mfn1b/clasp1a/aspm/vapb/nuf2/spire1a/adcy5/rhoab/stx16/arl8ba/stx11a/lsg1/arfgap2/stxbp3/exoc5/stard3/synj1/bicdl1/sar1b/eif6/esyt2a/pam/npm1a/tacc1/ska1/syne2a/diaph2/trak2/wtip/stxbp2/actr10/dctn2,69
BP,GO:0015807,L-amino acid transport,18/3314,51/18773,0.352941176,1.9993255,3.308695214,0.001952839,0.052704256,0.046216876,slc3a2a/slc25a29/slc1a6/slc1a5/slc38a5b/slc7a3a/slc38a9/slc25a55a/slc25a15a/slc6a7/ctns/slc38a2/slc6a9/slc6a15/slc6a17/slc25a18/slc32a1/slc1a4,18
BP,GO:0048701,embryonic cranial skeleton morphogenesis,47/3314,177/18773,0.265536723,1.504200635,3.120477668,0.001967067,0.052704256,0.046216876,mapre2/egr1/crispld2/pard3ab/kat6a/cacna1c/spns2/dhrs9/nolc1/hdac4/irf6/ep300b/gfpt1/cnbpa/rnf2/polr1d/edn1/disc1/smo/bcl9/nipblb/pbx4/hspg2/auts2a/rap1b/furina/vdrb/caspa/aldh1l1/polr1a/wnt11/hand2/pygo2/wnt5b/tp73/pmm2/lrp5/mmachc/nr1h3/fam20b/mia3/wdr43/prdm5/ptpn11b/sar1b/itga5/xylt1,47
BP,GO:0000082,G1/S transition of mitotic cell cycle,19/3314,55/18773,0.345454545,1.956915565,3.290531618,0.00197407,0.052704256,0.046216876,plk3/ccni2/ccnb1/cdkn1a/ccne1/ccnb2/ccna2/dlg1b/lats1/waca/ccnf/ccnb3/e2f7/lats2/ccnd2a/psme3/ccne2/psme2/rb1,19
BP,GO:0034440,lipid oxidation,19/3314,55/18773,0.345454545,1.956915565,3.290531618,0.00197407,0.052704256,0.046216876,acadl/cpt1ab/acad11/cpt2/hadhab/hacl1/acox3/acaa2/crot/phyh/cpt1b/eci1/acaa1/zgc:85777/echdc2/abcd1/gcdha/acat1/tysnd1,19
MF,GO:0016705,"oxidoreductase activity, acting on paired donors, with incorporation or reduction of molecular oxygen",56/3228,221/18430,0.253393665,1.446730251,3.078688396,0.002078145,0.068127745,0.060026196,cyp2k21/cyp27c1/cyp2y3/kmo/kdm6ba/cyp27b1/tmlhe/tet2/p4ha1b/ptgs2b/th2/cyp46a1.5/hmox1a/si:dkey-239i20.2/mical2b/mical3a/kdm7ab/phyhd1/dbh/jmjd7/cyp2ad2/sc5d/cyp27a3/alkbh6/kdm2aa/ogfod3/kdm5a/plod1a/ogfod1/cyp2x9/cyp46a1.1/cyp3a65/cyp7a1/phyh/kdm5c/cyp2r1/asph/riox1/unm_hu7910/tet3/bbox1/pah/kdm2ba/alkbh1/ubiad1/p4ha1a/nos1/cyp3c3/zgc:92275/cyp4f3/cyp2n13/pam/scdb/fads2/p4ha2/cyp2p10,56
BP,GO:0090504,epiboly,25/3314,80/18773,0.3125,1.770236119,3.196466795,0.002143254,0.0563541,0.049417459,epcam/ezrb/cyth1a/g6pd/sdc3/arhgap24/gdf3/megf8/cdk5rap3/cldne/sdcbp2/bcl2l10/ltb4r/cdh1/npc1/rhoab/rnf111/apoa2/pou5f3/arhgef7b/eomesa/ctsba/rhov/diaph2/sdc2,25
BP,GO:0015711,organic anion transport,62/3314,248/18773,0.25,1.416188896,3.054766694,0.002147169,0.0563541,0.049417459,slc3a2a/slc16a12a/mfsd2ab/slc2a1b/slc25a29/lrrc8db/slc1a6/slc25a42/slc1a5/slc37a4a/fabp3/slc10a4/slc38a3b/slc38a5b/slc16a1a/slc6a6a/sfxn1/rbp5/slc7a3a/fabp4a/slco3a1a/slc25a25a/slc38a9/slc27a2a/slc25a55a/slc4a2b/slc38a7/slc25a32b/slc25a15a/slc6a7/slc16a1b/slc17a9b/pla2g12a/abcc4/ctns/fabp1b.1/mfsd12a/slc38a2/slc16a6b/cpt1b/slc25a5/slc13a5a/slc2a2/slc25a17/slc4a1a/slc51a/slc6a9/slc6a15/pla2g3/mpc2b/slc6a17/slc25a18/slc25a44a/slc16a10/abcd1/slco1d1/slc35b2/sfxn2/rbp2b/slc25a44b/slc32a1/slc1a4,62
BP,GO:0140014,mitotic nuclear division,34/3314,119/18773,0.285714286,1.618501595,3.133784619,0.002174841,0.056600696,0.049633702,zw10/mki67/ndel1b/smc2/pdcd2/ccnb1/kif11/ube2s/ncapd2/mad2l1/kifc1/ncaph/ncapd3/nusap1/cdca8/aurka/aurkb/ttk/kif23/prc1b/ncapg/bub1bb/bub3/ndc80/clasp1a/nuf2/zwilch/gcna/ankle2/gnl3/cenpi/cenpk/gnl2/ska1,34
MF,GO:0008483,transaminase activity,12/3228,29/18430,0.413793103,2.362517626,3.383667651,0.00221381,0.068127745,0.060026196,agxtb/agxta/gfpt1/si:ch211-217a12.1/aadat/gfpt2/kyat3.2/agxt2/tat/amt/got2a/got1,12
BP,GO:0007369,gastrulation,68/3314,277/18773,0.245487365,1.390625919,3.03251431,0.002222078,0.057348131,0.050289135,dusp5/dusp2/epcam/ezrb/tbx2b/ift74/dusp1/vangl2/cyth1a/dusp4/lzts2a/lbr/gpc4/lurap1/sdc3/hnf1ba/gdf3/megf8/cdk5rap3/cldne/acvr1ba/lats1/etv5a/disc1/sdcbp2/smad5/bcl2l10/snrkb/ptges/csk/ltb4r/ift88/desi2/rap1b/cdh1/ptprea/cdc42/aldh1l1/cdh2/mapk9/wnt11/lats2/npc1/rhoab/rnf111/acvr1l/iqgap3/apoa2/wnt5b/pou5f3/dnaaf11/tab2/ctnnd1/arhgef7b/eomesa/dyrk1b/lpp/rhov/itga5/tnika/sox17/gfi1aa/ptger4a/esrra/etsrp/chrd/diaph2/sdc2,68
MF,GO:0050997,quaternary ammonium group binding,10/3228,22/18430,0.454545455,2.595189816,3.44975053,0.002225581,0.068127745,0.060026196,pitpnbl/ogdha/hacl1/pcyt1bb/cetp/pitpnab/pctp/esyt2a/dhtkd1/ogdhb,10
CC,GO:0070603,SWI/SNF superfamily-type complex,22/3396,68/19331,0.323529412,1.841621631,3.209468495,0.00223073,0.03172594,0.027394932,smarcc1b/ino80b/gatad2ab/dpf3/bicral/gatad2b/cfdp1/hdac1/phf10/smarce1/cecr2/pbrm1/mcrs1/smarcd1/actr5/ino80c/actr8/smarcb1a/ino80/rsf1b.1/bptf/anp32e,22
MF,GO:0106310,protein serine kinase activity,17/3228,48/18430,0.354166667,2.022085399,3.267222459,0.00226589,0.068127745,0.060026196,pim1/pim3/map2k6/camk2d1/pbk/mapk14a/aurkb/ttk/melk/cdkl1/mapk14b/rps6kal/mapk8b/mapk9/stk3/tlk1b/plk4,17
BP,GO:0019725,cellular homeostasis,76/3314,316/18773,0.240506329,1.36240957,3.008177575,0.002305053,0.058997918,0.051735849,hamp/atp13a2/ormdl3/atp1b1b/tmem175/asah1b/zgc:153039/prdx6/plce1/ube2s/tfr1a/slc9a1b/hk1/selenon/foxo4/pck1/bag3/gclm/atp6v1ba/ccdc115/selenoh/slc12a7b/slc4a2b/slc35g1/hpxa/atp1b1a/edn1/kdsr/cln3/atp6ap1a/fth1a/bcl2l10/atp2b1a/atp1b3b/zgc:56095/nipblb/txn2/plcg1/auts2a/flnca/ryr1a/smdt1b/cyp7a1/clic2/glrx3/hkdc1/hk2/slc40a1/atp1a3a/toe1/asph/herpud1/slc39a14/atp7b/slc39a9/slc4a1a/dmxl2/txnrd2.2/npc1/smn1/anxa6/bdh2/wnt5b/scgn/fthl27/atp6v1g1/itpr1b/abcb7/micu1/slc12a3/clns1a/ormdl1/slc30a7/si:ch73-390b10.2/ifi30a/mcur1,76
BP,GO:0032259,methylation,54/3314,211/18773,0.255924171,1.449747874,3.041856967,0.002333518,0.059236935,0.051945446,prmt7/si:ch211-93g23.2/spout1/coq3/tmt1a.1/emg1/eef1akmt2/mettl5/ftsj3/dimt1l/nsun4/thumpd3/tyms/mettl17/tfb1m/smyd5/atpsckmt/prdm14/rrp8/bud23/carm1l/mettl13/setd1a/prdm9/mrm1/prdm15/trmt1l/mettl22/kmt5aa/kmt2ca/setdb1a/nsun2/mettl25/setd7/nop2/as3mt/wdr6/trmt6/pmt/fbl/prmt6/tarbp1/bhmt/prdm5/kmt2bb/trmt10c/mgmt/zgc:113054/bcdin3d/amt/mettl14/ezh2/mtr/mepcea,54
BP,GO:0006766,vitamin metabolic process,16/3314,44/18773,0.363636364,2.059911121,3.258962165,0.002406445,0.06010291,0.052704828,cyp27b1/rdh5/lrata/ttpa/dhfr/cyp27a3/mmadhcb/rfk/lratb.1/mmadhca/pdxkb/cyp2r1/ubiad1/mmachc/vkorc1l1/tpk1,16
BP,GO:0009124,nucleoside monophosphate biosynthetic process,16/3314,44/18773,0.363636364,2.059911121,3.258962165,0.002406445,0.06010291,0.052704828,ampd2b/adka/aprt/gart/prps1b/tyms/nudt2/umps/impdh1b/rfk/paics/uck1/dhodh/hprt1/impdh1a/ampd3a,16
BP,GO:0009123,nucleoside monophosphate metabolic process,18/3314,52/18773,0.346153846,1.960876932,3.212519288,0.00250114,0.061968253,0.054340565,ampd2b/adka/aprt/gart/prps1b/tyms/nudt2/umps/impdh1b/nt5c2b/rfk/ak2/paics/uck1/dhodh/hprt1/impdh1a/ampd3a,18
MF,GO:0043021,ribonucleoprotein complex binding,23/3228,73/18430,0.315068493,1.798857599,3.151354285,0.002534129,0.072549026,0.063921712,ddx17/nopchap1/derl1/ptcd3/ltn1/tma16/mtrfr/dap1b/eif5a/secisbp2/nmd3/letm2/maip1/dnajc2/derl2/zgc:103482/rplp1/eif1/pqbp1/wdr12/abce1/eif6/mtif3,23
BP,GO:0009968,negative regulation of signal transduction,107/3314,470/18773,0.227659574,1.289635845,2.944292309,0.002535858,0.06232977,0.054657582,tcima/ddit4/dusp5/dusp2/socs3b/bcl9l/deptor/fbxw7/dusp8a/tegt/tnfaip3/tmem88b/rerea/dusp1/vangl2/socs1a/pik3ip1/dusp13a/uacab/dusp4/si:ch211-284o19.8/lzts2a/tnfaip1/il17rd/mrap2a/stambpa/pak1ip1/arhgap24/sesn1/tank/otud5b/si:ch211-194k22.8/arrb2b/spry4/gatad2b/socs7/tle3b/sulf2b/cnot9/skila/rnf2/cdk5rap3/amer1/bcor/nck2a/axin1/nlk1/socs1b/grb10a/tns2a/scube2/gpatch3/ptbp1a/crtc3/supt5h/arhgap45b/mdm2/grem1b/trabd2a/ldb2a/dlc/akap12b/sulf1/herpud1/socs2/slc25a5/hhip/sufu/strn3/chac1/smurf1/tbc1d7/cblc/bco2l/ptpn2b/mapkbp1/ufl1/tollip/stk3/kics2/ldlrad4a/arnt/grb10b/skia/kremen1/gpr161b/bambia/nfkbiaa/gpr155b/dusp16/znrf3/nedd4a/arhgap29b/apc2/yju2/sh3bp4a/castor2/tnfaip8l1/sox17/plekha1b/lgr4/ythdf2/tp53bp2b/sox4a/chrd/ppm1bb/nlrx1,107
BP,GO:0006163,purine nucleotide metabolic process,58/3314,231/18773,0.251082251,1.422319583,2.990265488,0.002633628,0.064223196,0.056317947,ampd2b/enpp1/kmo/pde4ca/prkag2b/adka/aprt/pde4bb/gpd1b/gucy1a2/gart/papss2b/hk1/prps1b/atp5mea/g6pd/nnt/nadk2/slc38a9/atp6v1ba/nudt2/prpsap2/aspdh/atpsckmt/atp6v1ab/pkma/ido1/impdh1b/nadkb/nt5c2b/atp5pf/kynu/eno1a/adcy6a/ak2/hkdc1/hk2/nudt15/nudt3b/adcy5/paics/npr1a/gpia/mdh1aa/npr1b/pfkpa/atp5pd/h6pd/pgk1/hprt1/si:dkey-219c10.4/aldoaa/dhtkd1/impdh1a/rpia/nudt4a/ampd3a/gpd1c,58
MF,GO:0140993,histone modifying activity,39/3228,144/18430,0.270833333,1.546300599,3.03263993,0.002706799,0.072549026,0.063921712,kdm6ba/prmt7/padi2/kat6a/eef1akmt2/kdm7ab/hdac4/ep300b/crebbpa/smyd5/rnf2/kdm2aa/hdac1/carm1l/kdm5a/nsd1a/setd1a/prdm9/sirt5/smyd3/ehmt2/sirt3/kdm5c/kmt5aa/kmt2ca/riox1/cdk5/setdb1a/setd7/kdm2ba/hdac3/fbl/prmt6/kmt2bb/sirt1/si:dkey-103i16.6/setbp1/ezh2/naa40,39
CC,GO:0005774,vacuolar membrane,49/3396,190/19331,0.257894737,1.468010353,2.99277235,0.002770409,0.038336464,0.033103032,marchf2/znrf2b/tmem175/sar1ab/atp6ap2/acp2/neu1/slc38a9/ccdc115/abcb9/atg9a/slc38a7/slc49a4/mcoln1b/lamtor3/cln3/atp6v0cb/itm2cb/atg16l1/snx14/ctns/hspa8/lamtor1/sppl2/vmp1/vps33b/laptm4b/atp6v1c1a/slc39a14/vamp8/tex264a/tbc1d7/tmem9b/arl8ba/kics2/wdr81/tpcn2/atp6v1g1/cln5/spns1/gpr137ba/zgc:92606/mhc2dgb/sar1b/si:dkey-5g14.1/lamtor5/si:ch211-157c3.4/si:ch211-202h22.8/pip4p2,49
MF,GO:0004722,protein serine/threonine phosphatase activity,28/3228,95/18430,0.294736842,1.682775713,3.074444755,0.002800761,0.072549026,0.063921712,dusp5/dusp2/dusp22a/pptc7b/dusp8a/ppm1la/si:ch211-15p9.2/pptc7a/dusp1/ssh2a/pdp1/dusp13a/dusp4/ppm1db/ctdsp1/ssh2b/ppm1ka/ppp1cc/ppp1r1b/phlpp1/ctdsp2/ssu72/ppp2caa/timm50/dusp16/ppp1r2/tab1/ppm1bb,28
MF,GO:0016538,cyclin-dependent protein serine/threonine kinase regulator activity,16/3228,45/18430,0.355555556,2.030015145,3.187757927,0.002883771,0.072549026,0.063921712,ccni2/ccnb1/ccnl1a/cdkn1a/ccne1/cks1b/ccnb2/ccna2/ccnt2a/cks2/ccnf/ccnb3/cdkn1ca/ccnd2a/ccne2/cdkn1d,16
BP,GO:2000045,regulation of G1/S transition of mitotic cell cycle,11/3314,26/18773,0.423076923,2.396627362,3.299454598,0.00290592,0.070309636,0.061655204,plk3/cdkn1a/ccne1/dlg1b/waca/e2f7/ccnd2a/psme3/ccne2/psme2/rb1,11
MF,GO:0008013,beta-catenin binding,17/3228,49/18430,0.346938776,1.98081835,3.167884498,0.002911986,0.072549026,0.063921712,jun/bcl9l/cdh30/lzts2a/amer1/axin1/bcl9/cdh1/hif1al/cdh2/cdh12a/cdh13/apc2/dchs1b/cdh6/ctnna1/cdh5,17
BP,GO:0006260,DNA replication,38/3314,139/18773,0.273381295,1.548638217,3.005946432,0.002936432,0.07049713,0.06181962,pold1/mcm5/polb/pcna/mcm2/gins1/mcm7/mcm6/wdhd1/dbf4/esco2/twnk/orc3/sulf2b/mgme1/etaa1b/cdc45/mms22l/tonsl/rpa1/rfc2/obi1/mcm3/rfc4/orc5/pold2/tipin/atrx/e2f7/prim2/nfic/gins4/topbp1/mcm10/pif1/recql5/pola1/mcm8,38
MF,GO:1990841,promoter-specific chromatin binding,8/3228,16/18430,0.5,2.854708798,3.420022301,0.002967591,0.072549026,0.063921712,egr1/tp53/myod1/setdb1a/taf10/ezh2/sp7/hnrnpua,8
BP,GO:0140694,non-membrane-bounded organelle assembly,64/3314,261/18773,0.245210728,1.38905884,2.930553787,0.003018244,0.071903859,0.063053194,hsp90aa1.1/mapre2/neb/fitm2/rps27.1/c2cd3/ppp2r3a/dnajb6b/kif11/myom2a/myot/prox1a/wdr62/rpl5a/tpm4a/cp110/kifc1/rrp7a/chchd10/lzts2a/itga3b/mrps7/aurkb/qkia/kif23/prc1b/rnf2/bin2a/rps19/cenph/smo/aup1/dlgap5/ddx28/ttn.2/mrto4/rpf2/clasp1a/unc45b/ddx61/rab11fip5a/bxdc2/sac3d1/cenpj/plecb/tpcn2/tfpi2/pwp2h/tnnt2e/c1qbp/cenpt/cenpk/eif6/haus2/mapre3b/lsm14aa/plk4/ythdf2/tubgcp4/haus1/tnnt3b/mef2ca/mef2aa/mybpc1,64
BP,GO:0060030,dorsal convergence,8/3314,16/18773,0.5,2.832377791,3.394955982,0.00312466,0.0733189,0.064294057,vangl2/gpc4/smad5/cdh2/acvr1l/wnt5b/lpp/chrd,8
BP,GO:0044843,cell cycle G1/S phase transition,19/3314,57/18773,0.333333333,1.888251861,3.109623873,0.003140446,0.0733189,0.064294057,plk3/ccni2/ccnb1/cdkn1a/ccne1/ccnb2/ccna2/dlg1b/lats1/waca/ccnf/ccnb3/e2f7/lats2/ccnd2a/psme3/ccne2/psme2/rb1,19
MF,GO:0003688,DNA replication origin binding,6/3228,10/18430,0.6,3.425650558,3.535498905,0.003166568,0.072549026,0.063921712,mcm5/orc3/cdc45/orc5/mcm10/pola1,6
MF,GO:1901681,sulfur compound binding,31/3228,109/18430,0.28440367,1.623779316,3.009794994,0.003169791,0.072549026,0.063921712,lipg/soat2/acadvl/fgf1a/mettl5/vegfab/col5a1/lancl1/vegfaa/ogdha/hacl1/soat1/ccn4a/vegfba/appa/thbs1b/apoeb/ntd5/lrrc17/appb/ptprfb/tpk1/slit3/lipca/dhtkd1/gcdha/mdkb/ccn2a/ogdhb/tsr3/gss,31
BP,GO:0009161,ribonucleoside monophosphate metabolic process,17/3314,49/18773,0.346938776,1.965323365,3.132653555,0.003171955,0.0733189,0.064294057,ampd2b/adka/aprt/gart/prps1b/nudt2/umps/impdh1b/nt5c2b/rfk/ak2/paics/uck1/dhodh/hprt1/impdh1a/ampd3a,17
BP,GO:0001510,RNA methylation,18/3314,53/18773,0.339622642,1.923879254,3.118466292,0.003172339,0.0733189,0.064294057,emg1/mettl5/ftsj3/dimt1l/nsun4/thumpd3/tfb1m/bud23/mrm1/trmt1l/nsun2/nop2/wdr6/trmt6/fbl/tarbp1/mettl14/mepcea,18
MF,GO:0003724,RNA helicase activity,22/3228,70/18430,0.314285714,1.794388387,3.068406205,0.003217252,0.072549026,0.063921712,ddx17/supv3l1/dhx35/ddx24/ddx27/ddx54/ddx19b/ddx10/ddx49/eif4a1a/ddx28/dhx30/mov10a/ddx39ab/helz2a/ddx61/ddx59/ddx18/ddx47/dhx29/dhx37/ddx3xb,22
MF,GO:0008186,"ATP-dependent activity, acting on RNA",22/3228,70/18430,0.314285714,1.794388387,3.068406205,0.003217252,0.072549026,0.063921712,ddx17/supv3l1/dhx35/ddx24/ddx27/ddx54/ddx19b/ddx10/ddx49/eif4a1a/ddx28/dhx30/mov10a/ddx39ab/helz2a/ddx61/ddx59/ddx18/ddx47/dhx29/dhx37/ddx3xb,22
CC,GO:0009295,nucleoid,6/3396,10/19331,0.6,3.415371025,3.526897074,0.003217888,0.041868335,0.036152757,supv3l1/atad3/dhx30/poldip2/tfam/elac2,6
CC,GO:0042645,mitochondrial nucleoid,6/3396,10/19331,0.6,3.415371025,3.526897074,0.003217888,0.041868335,0.036152757,supv3l1/atad3/dhx30/poldip2/tfam/elac2,6
CC,GO:0045239,tricarboxylic acid cycle heteromeric enzyme complex,7/3396,13/19331,0.538461538,3.065076561,3.438353197,0.003270964,0.041868335,0.036152757,abhd11/ogdha/bckdha/fh/bckdhb/sucla2/ogdhb,7
BP,GO:0006558,L-phenylalanine metabolic process,6/3314,10/18773,0.6,3.398853349,3.513123245,0.003301426,0.0746315,0.06544509,qdpra/hpda/fah/hgd/pah/tat,6
BP,GO:0006559,L-phenylalanine catabolic process,6/3314,10/18773,0.6,3.398853349,3.513123245,0.003301426,0.0746315,0.06544509,qdpra/hpda/fah/hgd/pah/tat,6
BP,GO:0150105,protein localization to cell-cell junction,6/3314,10/18773,0.6,3.398853349,3.513123245,0.003301426,0.0746315,0.06544509,tjp3/tjp1b/tjp2b/cgnl1/arhgef7b/rhov,6
BP,GO:0042255,ribosome assembly,12/3314,30/18773,0.4,2.265902233,3.212787985,0.00332697,0.074663961,0.065473555,rps27.1/rpl5a/rrp7a/mrps7/rps19/ddx28/mrto4/rpf2/bxdc2/pwp2h/c1qbp/eif6,12
BP,GO:0048898,anterior lateral line system development,7/3314,13/18773,0.538461538,3.050253006,3.423761805,0.003366072,0.074791048,0.065584998,abhd12/edn1/nsfa/kremen1/lrp5/erbb3b/mib1,7
BP,GO:0030099,myeloid cell differentiation,60/3314,243/18773,0.24691358,1.398705082,2.896396572,0.003380932,0.074791048,0.065584998,klf6a/csf3a/csf3b/ncoa2/asxl1/tet2/rps27.1/pdcd2/tfr1a/alas1/sfxn1/adnp2b/mturn/p2ry12/stat5a/tp53/qkia/smyd5/tle3b/melk/rps19/kdsr/irf2bp2b/mafbb/nlrc3l/plcg1/prdm15/trim2a/slc40a1/cebpa/hif1al/slc4a1a/trim33/brd3a/npc1/sf3b1/ufl1/srp54/bdh2/wnt5b/rplp1/ddx18/sumf1/gfi1b/gpr137ba/cdin1/gata6/csf1ra/cicb/flt3/alas2/spi1b/hemgn/gfi1aa/klf9/cfap251/etsrp/tert/rps3/pak4,60
CC,GO:0005815,microtubule organizing center,77/3396,327/19331,0.235474006,1.340385163,2.865798957,0.003436349,0.042276281,0.036505012,mapre2/plk3/ndel1b/c2cd3/ccnb1/plk1/spout1/tent5c/ccne1/cp110/espl1/kifc1/lzts2a/si:ch73-95l15.5/unc119a2/cibar1/ccnb2/ccna2/aurka/kif2c/aurkb/mzt2b/bbof1a/cep43/ftcd/disc1/nin/rab44/specc1/dlgap5/ift88/cep350/snx10a/ccdc22/ccnf/si:ch211-185a18.2/ttn.2/ckap5/pde4dip/nsfl1c/smtnl/ccnb3/clasp1a/ckap2l/hook1/entr1/katnb1/sac3d1/cenpj/ift172/plk2a/ccnd2a/nek2/dclre1b/tubd1/odf2a/ttll11/zfyve26/sclt1/fbxl7/bicdl1/ift57/haus2/mapre3b/kif2a/mib1/plk4/tubgcp4/npm1a/cep135/cep162/tekt2/ccne2/glg1a/wtip/fign/dctn2,77
BP,GO:0071425,hematopoietic stem cell proliferation,10/3314,23/18773,0.434782609,2.46293721,3.250347499,0.003530514,0.077414744,0.067885744,klf6a/csf3a/csf3b/cyp27b1/tet2/tp53/tpd52/cyp2r1/ythdf2/ifi30a,10
BP,GO:0000226,microtubule cytoskeleton organization,89/3314,385/18773,0.231168831,1.309514927,2.8410936,0.00354953,0.077414744,0.067885744,mapre2/zgc:92429/tuba8l3/plk3/ndel1b/kif4/c2cd3/kif11/pard3ab/plk1/dnah5l/wdr62/vangl2/spag1a/odad4/cp110/kifc1/nusap1/lzts2a/si:ch73-95l15.5/tpx2/llgl1/aurka/aurkb/ttll3/kif23/prc1b/stmn1b/lrriq1/cep43/cenph/mid1/fbxw5/nin/slain2/tubb5/dlgap5/tubb2b/ift88/tuba1c/cep350/ccnf/ckap5/pde4dip/pard6b/ndc80/clasp1a/si:ch211-266i6.3/aspm/tuba5/nuf2/spire1a/hook1/rhoab/dnaaf10/tubb2/katnb1/sac3d1/cenpj/dnai3/ptpa/plk2a/dnaaf11/tacc2/tubd1/ttll11/stmn2a/stmn4l/apc2/eml1/haus2/mapre3b/dchs1b/dnai1.2/plk4/tubgcp4/map1sb/npm1a/dnaaf2/haus1/tacc1/ska1/map7d1a/diaph2/rae1/wtip/tbc1d32/dctn2/zgc:136908,89
MF,GO:0019843,rRNA binding,14/3228,38/18430,0.368421053,2.103469641,3.137653577,0.003568787,0.075548835,0.066564792,emg1/rpl5a/ptcd3/mrps7/rpf1/utp25/nol12/mrpl20/rpf2/rpl37/mrpl18/bxdc2/mrps6/ppan,14
MF,GO:0016627,"oxidoreductase activity, acting on the CH-CH group of donors",19/3228,58/18430,0.327586207,1.870326454,3.059040639,0.003572767,0.075548835,0.066564792,acadl/acad11/acadvl/ppox/ptgr2/lbr/srd5a3/acox3/dus1l/decr2/blvra/zgc:85777/bdh2/tm7sf2/dhodh/rsad1/fasn/gcdha/blvrb,19
MF,GO:0019207,kinase regulator activity,37/3228,137/18430,0.270072993,1.541959497,2.933944749,0.003601552,0.075548835,0.066564792,prkag2b/ccni2/ccnb1/kidins220a/ccnl1a/cdkn1a/ccne1/cks1b/bcl10/sh3bp5a/pik3r5/dbf4/prkar2aa/igf2b/ccnb2/pik3r1/ccna2/pak1ip1/ccnt2a/pik3r6b/cks2/etaa1b/mob2a/ccnf/ccnb3/elp3/cdkn1ca/wdr81/prkrip1/camk2n1a/rplp1/ccnd2a/si:dkey-112a7.4/ccne2/inka1b/gskip/cdkn1d,37
BP,GO:0010565,regulation of cellular ketone metabolic process,13/3314,34/18773,0.382352941,2.165935958,3.150516623,0.003635366,0.078732378,0.069041189,pptc7b/cpt1ab/cbsb/pptc7a/pdk2a/fgfr4/acaa2/sirt5/pdk4/dcaf5/pdk1/fh/tysnd1,13
CC,GO:0098533,ATPase dependent transmembrane transport complex,14/3396,38/19331,0.368421053,2.097157647,3.125249428,0.00367344,0.042276281,0.036505012,atp1b1b/atp6v0b/atp6v1f/atp6v1ba/ccdc115/atp6v1ab/atp1b1a/abcg5/atp6ap1a/atp6v0cb/atp1b3b/abcg2a/atp6v1c1a/atp6v1g1,14
CC,GO:0000228,nuclear chromosome,27/3396,92/19331,0.293478261,1.670561914,2.976221732,0.003679732,0.042276281,0.036505012,pold1/rad50/gins1/wdhd1/ino80b/orc3/etaa1b/cfdp1/setd5/mms22l/tonsl/rpa1/orc5/mcrs1/pold2/tipin/prim2/gins4/actr5/ino80c/actr8/smarcb1a/ino80/anp32e/mcm10/pola1/rad9a,27
CC,GO:0005765,lysosomal membrane,39/3396,146/19331,0.267123288,1.520541895,2.914573074,0.003715689,0.042276281,0.036505012,marchf2/znrf2b/tmem175/sar1ab/atp6ap2/acp2/neu1/slc38a9/abcb9/slc38a7/slc49a4/mcoln1b/lamtor3/cln3/itm2cb/snx14/ctns/hspa8/lamtor1/sppl2/vps33b/laptm4b/slc39a14/vamp8/tbc1d7/tmem9b/arl8ba/kics2/wdr81/tpcn2/cln5/spns1/gpr137ba/mhc2dgb/sar1b/si:dkey-5g14.1/si:ch211-157c3.4/si:ch211-202h22.8/pip4p2,39
CC,GO:0098852,lytic vacuole membrane,39/3396,146/19331,0.267123288,1.520541895,2.914573074,0.003715689,0.042276281,0.036505012,marchf2/znrf2b/tmem175/sar1ab/atp6ap2/acp2/neu1/slc38a9/abcb9/slc38a7/slc49a4/mcoln1b/lamtor3/cln3/itm2cb/snx14/ctns/hspa8/lamtor1/sppl2/vps33b/laptm4b/slc39a14/vamp8/tbc1d7/tmem9b/arl8ba/kics2/wdr81/tpcn2/cln5/spns1/gpr137ba/mhc2dgb/sar1b/si:dkey-5g14.1/si:ch211-157c3.4/si:ch211-202h22.8/pip4p2,39
BP,GO:0048589,developmental growth,88/3314,381/18773,0.230971129,1.30839499,2.815763333,0.00381817,0.082117173,0.072009349,junbb/klf6a/ulk2/asah1b/dclk1b/cbsb/col1a1a/ppp2r3a/hbegfa/pard3ab/cdkn2aip/vangl2/cacna1c/foxm1/fgf1a/esco2/ntn1a/stat5a/atp6v1e1b/itga3b/gpc4/igf2b/myo5b/mrap2a/cebpd/mapk14a/hmmr/dcaf13/ttk/acvr1ba/lats1/apoda.2/axin1/apobec2a/jag1b/hdac1/sdcbp2/cldn3d/nipblb/tnfrsf1a/tubb5/hspa8/plcg1/utp25/tsku/acanb/akap12b/rap1b/cdh2/tgif1/lats2/npr1a/impact/smn1/serpinh1b/notch1b/wnt5b/fcho1/ist1/pou5f3/appb/lrp5/l1cama/nos1/kif15/lgmn/ctnnd1/dspb/slit3/dvl2/gemin5/dcc/clns1a/sirt1/erbb3b/pik3ca/ctsba/myo10l1/sar1b/ret/itga5/tax1bp3/plk4/myo10l3/ezh2/doc2a/smad2/cdh5,88
BP,GO:0009967,positive regulation of signal transduction,106/3314,471/18773,0.225053079,1.274870683,2.797244483,0.003857853,0.082398427,0.072255983,avpi1/sp8b/tsc22d3/b4galt5/sall1a/tnfaip3/pim1/cd4-1/cdkn2aip/traf3ip2l/ripk1l/map2k6/vangl2/fgfr4/bcl10/ikbkg/ticam1/atp6ap2/trim62.1/fgf1a/f2rl1.2/ip6k2a/pik3r5/lzts2a/adrb1/cibar1/arhgef3l/slc38a9/igf2b/zranb1b/tmem198ab/vegfaa/lurap1/fgf19/cd226/otud5b/arrb2b/sulf2b/bcar3/amer1/nck2a/map3k7/gid8b/axin1/nlk1/lamtor3/smo/pde6ha/si:dkey-6n21.12/supt5h/waca/sh3rf1/csnk1e/adrb2b/ift88/lamtor1/cemip2/akap12b/lims1/sulf1/slc39a14/mapk8b/mgaa/ndc80/ctsk/fbxl15/ghra/tnfsf11/dmxl2/mapkbp1/rnf111/arnt/ddr2l/ugdh/wnt5b/ctsla/il11b/bambia/si:ch211-243a20.4/adcyap1b/csnk1g2a/tab2/taok1b/gpr137ba/dvl2/tnfsf10/dicp3.3/ngly1/cds2/mib1/angptl2b/il11a/gpr37b/tifa/lgr4/crkl/cpne1/ripk2/dicp1.3-4/nepro/caprin2/bida/ppm1bb/lamtor5/rps3/adrb2a,106
BP,GO:0009156,ribonucleoside monophosphate biosynthetic process,15/3314,42/18773,0.357142857,2.023126994,3.07336777,0.003970112,0.08398788,0.073649791,ampd2b/adka/aprt/gart/prps1b/nudt2/umps/impdh1b/rfk/paics/uck1/dhodh/hprt1/impdh1a/ampd3a,15
BP,GO:0055113,epiboly involved in gastrulation with mouth forming second,18/3314,54/18773,0.333333333,1.888251861,3.026443078,0.003986509,0.08398788,0.073649791,epcam/cyth1a/sdc3/gdf3/megf8/cdk5rap3/cldne/sdcbp2/ltb4r/cdh1/npc1/rnf111/apoa2/pou5f3/arhgef7b/rhov/diaph2/sdc2,18
MF,GO:0004707,MAP kinase activity,9/3228,20/18430,0.45,2.569237918,3.235520689,0.004011893,0.082243802,0.072463614,mapk6/mapk14a/nlk1/mapk14b/mapk8b/mapk9/mapk7/mapk12b/mapk13,9
BP,GO:0035622,intrahepatic bile duct development,9/3314,20/18773,0.45,2.549140012,3.20930593,0.004238828,0.088700331,0.077782185,man1a2/atp6ap2/hnf1ba/jag1b/cldn15lb/vps33b/nckap1l/onecut1/snapc2,9
MF,GO:0016779,nucleotidyltransferase activity,33/3228,120/18430,0.275,1.570089839,2.887068147,0.004256133,0.085311823,0.075166795,pold1/polb/tent5c/papss2b/polr1h/kars1/parp2/ugp2b/sulf2b/polr1d/tent2/pcyt1bb/mtpap/polr2d/thg1l/tent5ab/tent4a/polr2a/polr1a/papolg/uap1/poli/polm/galt/trnt1/terfa/cds2/polr3d/pola1/tert/tent5ba/polk/polr3k,33
BP,GO:0048565,digestive tract development,32/3314,115/18773,0.27826087,1.576279814,2.870057578,0.004495284,0.092815534,0.081390846,klf6a/rbm19/vangl2/dhrs9/myo5b/selenoh/hnf1ba/myod1/hdac1/urb1/smo/nipblb/utp25/epg5/ap1m2/furina/cldn15a/flna/mgaa/rab11fip5a/hand2/ikzf5/mapk7/pctp/slc12a3/gata6/mib1/fgfrl1a/ezh2/wnt3/wtip/sdc2,32
BP,GO:0030177,positive regulation of Wnt signaling pathway,21/3314,67/18773,0.313432836,1.775520406,2.94429277,0.004495425,0.092815534,0.081390846,tnfaip3/cdkn2aip/vangl2/atp6ap2/zranb1b/tmem198ab/sulf2b/amer1/gid8b/nlk1/csnk1e/sulf1/dmxl2/ugdh/wnt5b/bambia/csnk1g2a/dvl2/lgr4/caprin2/ppm1bb,21
BP,GO:0007586,digestion,12/3314,31/18773,0.387096774,2.192808613,3.077403707,0.004568166,0.093692782,0.082160113,uhrf1/myo5b/tp53/ptbp1a/flna/f11r.1/npc1/shank3b/ptger3/nr1h3/sar1b/tert,12
CC,GO:0000307,cyclin-dependent protein kinase holoenzyme complex,13/3396,35/19331,0.371428571,2.114277301,3.045912298,0.004659544,0.051862753,0.044782805,ccni2/ccnb1/cdkn1a/ccne1/cks1b/ccnb2/ccna2/ccnt2a/cks2/ccnf/ccnb3/ccnd2a/ccne2,13
BP,GO:1904888,cranial skeletal system development,62/3314,256/18773,0.2421875,1.371932993,2.77421554,0.004663371,0.094665177,0.083012816,mapre2/egr1/crispld2/usp18/tnfaip3/pard3ab/kat6a/cacna1c/spns2/dhrs9/nolc1/hdac4/irf6/pheta1/ep300b/gfpt1/cnbpa/rnf2/polr1d/edn1/disc1/jag1b/cfdp1/smo/gpatch3/bcl9/nipblb/psmd7/pbx4/hspg2/auts2a/rap1b/furina/mosmoa/vdrb/her6/caspa/aldh1l1/polr1a/wnt11/masp1/hand2/pygo2/wnt5b/tp73/usp36/pmm2/lrp5/mmachc/sumf1/itpr1b/nr1h3/fam20b/mia3/bptf/wdr43/prdm5/ptpn11b/sar1b/itga5/xylt1/sp7,62
MF,GO:0030170,pyridoxal phosphate binding,17/3228,51/18430,0.333333333,1.903139199,2.976090444,0.004664694,0.08952243,0.078876689,gcat/alas1/csad/sptlc2b/si:ch211-217a12.1/aadat/kynu/kyat3.2/cth/agxt2/pdxdc1/thnsl2/marc1/tat/alas2/got2a/got1,17
MF,GO:0070279,vitamin B6 binding,17/3228,51/18430,0.333333333,1.903139199,2.976090444,0.004664694,0.08952243,0.078876689,gcat/alas1/csad/sptlc2b/si:ch211-217a12.1/aadat/kynu/kyat3.2/cth/agxt2/pdxdc1/thnsl2/marc1/tat/alas2/got2a/got1,17
BP,GO:0043414,macromolecule methylation,24/3314,80/18773,0.3,1.699426675,2.902608804,0.00467671,0.094665177,0.083012816,prmt7/emg1/eef1akmt2/mettl5/ftsj3/dimt1l/nsun4/thumpd3/tfb1m/bud23/carm1l/mrm1/trmt1l/mettl22/nsun2/setd7/nop2/wdr6/trmt6/fbl/prmt6/tarbp1/mettl14/mepcea,24
BP,GO:0034655,nucleobase-containing compound catabolic process,70/3314,295/18773,0.237288136,1.344179291,2.758729304,0.004711658,0.094753278,0.083090073,enpp1/pde4ca/prkag2b/pde4bb/fitm2/zgc:162730/ybx1/zfp36l1a/tent5c/hk1/pum2/entpd1/supv3l1/fastk/slc38a9/endog/csdc2a/qkia/fastkd3/zgc:103586/cnot9/pkma/exosc2/rnaset2l/ythdf1/tent2/fastkd1/zc3h12ab/etf1b/eno1a/tbrg4/smg6/tent5ab/hkdc1/hk2/dis3/tent4a/plekhn1/polr2g/mrto4/nudt15/nudt3b/exosc8/exosc7/upf2/syncripl/mlycd/gpia/cdab/pnrc2/dctd/pfkpa/dffb/fxr2/entpd6/pgk1/upf3b/si:dkey-219c10.4/lsm7/aldoaa/rbm8a/ythdf2/dhtkd1/igf2bp3/mettl14/nudt4a/dffa/tent5ba/itpa/wdr82,70
BP,GO:0005996,monosaccharide metabolic process,29/3314,102/18773,0.284313725,1.610567764,2.862799901,0.0047631,0.095057096,0.083356493,nr4a1/pfkfb3/prkag2b/dcxr/pdk2a/hk1/pck1/g6pd/fggy/slc38a9/fbp2/pfkfb1/pdk4/hkdc1/hk2/cyp2r1/glb1l/g6pc1a.1/gpia/pfkpa/pmm2/galt/pdk1/h6pd/pgk1/khk/man2a2/rpia/fbp1a,29
BP,GO:0048705,skeletal system morphogenesis,58/3314,237/18773,0.244725738,1.386311493,2.771051629,0.004788152,0.095057096,0.083356493,mapre2/egr1/crispld2/pard3ab/kat6a/cacna1c/spns2/dhrs9/nolc1/gpc4/hdac4/irf6/ep300b/gfpt1/cnbpa/rnf2/polr1d/edn1/disc1/jag1b/smo/bcl9/atp2b1a/nipblb/pbx4/hspg2/auts2a/tsku/rap1b/furina/vdrb/caspa/bmp6/aldh1l1/polr1a/cdh2/ctsk/wnt11/hand2/pygo2/wnt5b/tp73/pmm2/lrp5/mmachc/nr1h3/fam20b/mia3/wdr43/prdm5/ptpn11b/bmp7b/ccdc57/sar1b/itga5/xylt1/sp7/mef2ca,58
BP,GO:0048863,stem cell differentiation,65/3314,271/18773,0.239852399,1.358705213,2.753935866,0.004862294,0.095317229,0.083584607,atf3/csf3a/csf3b/fosl2/f2r/si:dkey-49n23.1/sema3aa/pdcd2/pard3ab/kat6a/fgfr4/cdca7a/pum2/cxcl8a/tgfb3/mettl5/dhrs9/nusap1/hdac4/irf7/smyd5/cnbpa/rnf2/edn1/disc1/hdac1/smo/nop14/kctd15a/supt5h/rtf1/pbx4/hspg2/plcg1/nudt21/dlc/sema4ga/rap1b/ak2/mettl22/aldh1l1/polr1a/cdh2/dmxl2/f11r.1/sf3b1/ufl1/masp1/hand2/sf3a3/sh3pxd2aa/notch1b/tgfbr2b/lrp5/mych/nos1/wdr43/erbb3b/hif1ab/ret/gpr182/mib1/ythdf2/etsrp/wtip,65
BP,GO:0045494,photoreceptor cell maintenance,13/3314,35/18773,0.371428571,2.104052073,3.026932865,0.00486281,0.095317229,0.083584607,dram2b/ift74/nrf1/ift88/cdc42/usp45/exoc5/ift172/nxnl2/ift57/kif3a/syne2a/dctn2,13
BP,GO:0032868,response to insulin,18/3314,55/18773,0.327272727,1.853920009,2.936362299,0.004965534,0.096718601,0.084813483,slc2a1b/irs2b/socs1a/pck1/igf2b/pik3r1/irs4a/socs7/bcar3/grb10a/tns2a/pdk4/slc39a14/grb10b/lpin2/znf106a/rps6kb1b/khk,18
BP,GO:0009069,serine family amino acid metabolic process,10/3314,24/18773,0.416666667,2.360314826,3.087427897,0.005106335,0.098767279,0.086609989,agxtb/agxta/tha1/cbsb/psph/sephs3/cth/thnsl2/gcshb/amt,10
BP,GO:0048878,chemical homeostasis,95/3314,420/18773,0.226190476,1.281313763,2.699621752,0.005156236,0.098767279,0.086609989,hamp/lipg/zgc:162608/cnnm2b/dgat2/enpp1/atp13a2/tm6sf2b/ormdl3/atp1b1b/tmem175/akr1a1a/zgc:153039/angptl4/fitm2/tjp3/plce1/aqp1a.1/arl15b/tfr1a/slc9a1b/hk1/selenon/foxo4/pck1/atp6v1ba/ccdc115/hnf1ba/cahz/slc12a7b/slc4a2b/slc35g1/hpxa/atp1b1a/abcg5/edn1/apoba/kdsr/cln3/wnk2/atp6ap1a/fth1a/bcl2l10/atp2b1a/atp1b3b/zgc:56095/cetp/tlcd3bb/plcg1/lamtor1/nfkb2/cln8/ryr1a/smdt1b/cyp7a1/clic2/glrx3/hkdc1/hk2/slc40a1/atp1a3a/rhag/asph/herpud1/slc39a14/apoeb/atp7b/slc39a9/slc4a1a/dmxl2/adck1/stab2/aspscr1/npc1/anxa6/bdh2/wnt5b/slc41a1/scgn/fthl27/itpr1b/nr1h3/abcb7/micu1/slc12a3/fhl1b/slc4a11/ormdl1/apobb.1/slc30a7/lipca/si:ch73-390b10.2/atp7a/mcur1/wnk1b,95
BP,GO:0044272,sulfur compound biosynthetic process,30/3314,107/18773,0.280373832,1.588249229,2.82532525,0.005166387,0.098767279,0.086609989,hs6st2/chst7/cbsb/aclya/pank1b/csad/pdk2a/papss2b/elovl6/gclm/chpfa/dlat/pdk4/mthfr/mat2ab/cth/xylt2/mlycd/ndst2a/pdk1/pxylp1/tpk1/bhmt/acss2/acacb/gcdha/xylt1/mtr/gss/enoph1,30
CC,GO:0005840,ribosome,45/3396,177/19331,0.254237288,1.447191112,2.759140328,0.005320481,0.057959282,0.050047078,rps27.1/mrpl49/rpl5a/mrpl43/ptcd3/mrps27/nsun4/mrpl39/mrps7/dap3/mrpl27/mrpl30/rps19/mrpl10/mrps17/mrps16/mrps11/mrpl33/mrpl44/mrpl1/mrpl20/mrps35/mrpl22/mrpl40/rpl7l1/rpl37/mrpl18/mrps14/mrps30/mrps31/rps26/rplp1/mrps24/mrps6/mrps22/rps6/mrpl53/mrpl51/mrps9/mrpl52/mrpl58/mrps15/mrpl34/rpl34/rps3,45
BP,GO:0019318,hexose metabolic process,27/3314,94/18773,0.287234043,1.627110646,2.82209816,0.005432543,0.102626054,0.089993787,nr4a1/pfkfb3/prkag2b/dcxr/pdk2a/hk1/pck1/g6pd/slc38a9/fbp2/pfkfb1/pdk4/hkdc1/hk2/cyp2r1/glb1l/g6pc1a.1/gpia/pfkpa/pmm2/galt/pdk1/h6pd/pgk1/khk/man2a2/fbp1a,27
BP,GO:0006399,tRNA metabolic process,43/3314,167/18773,0.25748503,1.458589761,2.756112287,0.005434509,0.102626054,0.089993787,wars2/kars1/ssb/qng1/thumpd3/nars2/zbtb8os/exosc2/aarsd1/thg1l/adat1/trpt1/thumpd1/trmt1l/yars2/elp1/rpusd4/nsun2/elp3/exosc8/exosc7/wdr6/kti12/pop5/trmt6/qtrt2/pars2/rpp38/mars2/tprkb/rpp14/trnt1/qrsl1/adat3/tarbp1/nat10/trmt10c/polr3d/pus3/tars1/elac2/zgc:171971/gatb,43
MF,GO:0016722,"oxidoreductase activity, acting on metal ions",7/3228,14/18430,0.5,2.854708798,3.198964206,0.005460181,0.096054022,0.084631563,cp/cyb561d2/steap3/steap4/steap2/mmachc/hephl1b,7
BP,GO:0040007,growth,92/3314,406/18773,0.226600985,1.283639196,2.675167476,0.005542054,0.103635132,0.090878657,junbb/klf6a/ulk2/asah1b/osgn1/dclk1b/cbsb/col1a1a/ppp2r3a/hbegfa/pard3ab/cdkn2aip/vangl2/cacna1c/foxm1/fgf1a/supv3l1/esco2/ntn1a/stat5a/atp6v1e1b/itga3b/gpc4/igf2b/myo5b/mrap2a/cebpd/mapk14a/hmmr/dcaf13/ttk/acvr1ba/lats1/apoda.2/axin1/apobec2a/jag1b/hdac1/sdcbp2/cldn3d/nipblb/tnfrsf1a/tubb5/hspa8/plcg1/utp25/tsku/acanb/akap12b/rap1b/cdh2/tgif1/lats2/npr1a/impact/smn1/serpinh1b/lrrc17/notch1b/wnt5b/fcho1/ist1/pou5f3/appb/lrp5/l1cama/nos1/kif15/lgmn/ctnnd1/dspb/slit3/dvl2/gemin5/dcc/clns1a/sh3bp4a/sirt1/erbb3b/pik3ca/ctsba/myo10l1/sar1b/ret/itga5/tax1bp3/plk4/myo10l3/ezh2/doc2a/smad2/cdh5,92
BP,GO:0019693,ribose phosphate metabolic process,51/3314,205/18773,0.248780488,1.409280657,2.728075674,0.00555487,0.103635132,0.090878657,ampd2b/enpp1/pde4ca/prkag2b/adka/aprt/pde4bb/gucy1a2/gart/papss2b/hk1/prps1b/atp5mea/slc38a9/atp6v1ba/nudt2/prpsap2/atpsckmt/atp6v1ab/pkma/umps/exosc2/impdh1b/nt5c2b/nudt5/atp5pf/rfk/eno1a/adcy6a/ak2/hkdc1/hk2/nudt3b/adcy5/paics/npr1a/uck1/gpia/npr1b/pfkpa/dhodh/atp5pd/pgk1/hprt1/si:dkey-219c10.4/aldoaa/ctps1a/dhtkd1/impdh1a/nudt4a/ampd3a,51
MF,GO:0004721,phosphoprotein phosphatase activity,49/3228,197/18430,0.248730964,1.420108945,2.731701618,0.005570272,0.096054022,0.084631563,dusp5/dusp2/dusp22a/pptc7b/dusp8a/ptprb/tns3.2/ppm1la/si:ch211-15p9.2/pptc7a/dusp1/ssh2a/pdp1/dusp13a/dusp4/ppm1db/ssh1a/ctdsp1/cdc25b/ptpn22/ssh2b/ppm1ka/ppp1cc/ctdspl2a/ppp1r1b/tns2a/tns1b/phlpp1/ctdsp2/ssu72/ppp2caa/ptprea/timm50/ptpn2b/mtmr3/ptprz1b/ptprk/ptprt/dusp16/ppp1r2/ptprfb/dusp11/si:dkey-51e6.1/ptpn11b/tab1/ptprc/dusp19b/ppm1bb/tns1a,49
BP,GO:0001702,gastrulation with mouth forming second,20/3314,64/18773,0.3125,1.770236119,2.857784039,0.005689305,0.104455364,0.091597926,epcam/cyth1a/gpc4/sdc3/gdf3/megf8/cdk5rap3/cldne/sdcbp2/ltb4r/cdh1/npc1/rnf111/apoa2/pou5f3/arhgef7b/eomesa/rhov/diaph2/sdc2,20
CC,GO:0061695,"transferase complex, transferring phosphorus-containing groups",52/3396,211/19331,0.246445498,1.40283802,2.716135738,0.005702203,0.060823504,0.052520295,pold1/prkacab/las1l/prkag2b/prkacbb/ccni2/ccnb1/cdkn1a/ccne1/cks1b/polr1h/ikbkg/polr1e/pik3r5/dbf4/prkar2aa/polr3glb/polr3f/ccnb2/pik3r1/ccna2/ccnt2a/pik3r6b/acvr1ba/polr1d/cks2/si:dkey-219c3.2/znfx1/rtf1/polr2d/pfkfb1/ccnf/polr2g/polr2a/atg101/polr1a/ccnb3/pold2/taf5l/prim2/pfkpa/ccnd2a/taf3/si:ch211-140b10.6/polr3d/taf4a/taf10/zgc:171971/ccne2/pola1/tert/polr3k,52
BP,GO:0009070,serine family amino acid biosynthetic process,7/3314,14/18773,0.5,2.832377791,3.175521239,0.005713244,0.104455364,0.091597926,agxtb/agxta/tha1/cbsb/psph/sephs3/cth,7
BP,GO:0120305,regulation of pigmentation,7/3314,14/18773,0.5,2.832377791,3.175521239,0.005713244,0.104455364,0.091597926,ednrba/nnt/ctns/sulf1/csf1ra/bmp7b/h2az2a,7
BP,GO:1902806,regulation of cell cycle G1/S phase transition,11/3314,28/18773,0.392857143,2.225439693,3.00447824,0.005733746,0.104455364,0.091597926,plk3/cdkn1a/ccne1/dlg1b/waca/e2f7/ccnd2a/psme3/ccne2/psme2/rb1,11
MF,GO:0016769,"transferase activity, transferring nitrogenous groups",12/3228,32/18430,0.375,2.141031599,2.976834137,0.005765496,0.096054022,0.084631563,agxtb/agxta/gfpt1/si:ch211-217a12.1/aadat/gfpt2/kyat3.2/agxt2/tat/amt/got2a/got1,12
MF,GO:0002039,p53 binding,6/3228,11/18430,0.545454545,3.11422778,3.232082051,0.005938088,0.096054022,0.084631563,ppp1r13bb/ehmt2/taf3/sirt1/tp53bp2b/ppp1r13ba,6
MF,GO:0003906,DNA-(apurinic or apyrimidinic site) endonuclease activity,6/3228,11/18430,0.545454545,3.11422778,3.232082051,0.005938088,0.096054022,0.084631563,polb/apex1/apex2/alkbh1/ogg1/rps3,6
MF,GO:0008330,protein tyrosine/threonine phosphatase activity,6/3228,11/18430,0.545454545,3.11422778,3.232082051,0.005938088,0.096054022,0.084631563,dusp5/dusp2/dusp8a/dusp1/dusp4/dusp16,6
MF,GO:0033550,MAP kinase tyrosine phosphatase activity,6/3228,11/18430,0.545454545,3.11422778,3.232082051,0.005938088,0.096054022,0.084631563,dusp5/dusp2/dusp8a/dusp1/dusp4/dusp16,6
MF,GO:0016646,"oxidoreductase activity, acting on the CH-NH group of donors, NAD or NADP as acceptor",9/3228,21/18430,0.428571429,2.446893255,3.057020314,0.005942359,0.096054022,0.084631563,mthfd1b/qdpra/mthfd1l/mthfd1a/dhfr/aldh1l2/mthfr/aldh1l1/blvrb,9
BP,GO:0006865,amino acid transport,32/3314,117/18773,0.273504274,1.54933486,2.759698581,0.005947173,0.107083694,0.093902735,slc3a2a/slc25a29/lrrc8db/slc1a6/slc1a5/slc38a3b/slc6a22.1/slc38a5b/slc6a6a/sfxn1/slc7a3a/slc6a4a/slc38a9/slc25a55a/slc38a7/slc25a15a/slc6a7/slc6a18/slc3a1/ctns/mfsd12a/slc38a2/slc43a2b/slc6a2/slc6a9/slc6a15/slc6a17/si:ch211-132b12.1/slc25a18/sfxn2/slc32a1/slc1a4,32
BP,GO:0098813,nuclear chromosome segregation,32/3314,117/18773,0.273504274,1.54933486,2.759698581,0.005947173,0.107083694,0.093902735,zw10/kif4/smc2/top2a/ccnb1/kif11/ncapd2/mad2l1/espl1/kifc1/ncaph/ncapd3/nusap1/cdca8/aurkb/ttk/kif23/prc1b/knl1/ncapg/bub1bb/bub3/rmi2/prdm9/mlh1/ndc80/clasp1a/nuf2/zwilch/cenpi/cenpk/ska1,32
MF,GO:0032934,sterol binding,16/3228,48/18430,0.333333333,1.903139199,2.886996212,0.005963443,0.096054022,0.084631563,scap/soat2/slc38a9/soat1/osbpl10b/osbpl3b/smo/crp7/cetp/osbpl9/npc1/osbpl2b/stard3/osbp/npc2.1/gramd1c,16
BP,GO:0030111,regulation of Wnt signaling pathway,46/3314,182/18773,0.252747253,1.431751411,2.709935226,0.005995771,0.107334693,0.094122838,tnfaip3/tmem88b/ppp2r3a/cdkn2aip/id4/vangl2/atp6ap2/lzts2a/zranb1b/tmem198ab/otud5b/tle3b/sulf2b/cdk5rap3/amer1/gid8b/axin1/nlk1/grb10a/bcl9/nipblb/trabd2a/csnk1e/cemip2/sulf1/dmxl2/tollip/stk3/pygo2/ugdh/wnt5b/grb10b/rab8b/kremen1/bambia/lrp5/csnk1g2a/znrf3/dvl2/apc2/prdm5/sox17/lgr4/caprin2/ppm1bb/gskip,46
CC,GO:0031011,Ino80 complex,6/3396,11/19331,0.545454545,3.10488275,3.223624326,0.006031172,0.062944452,0.054351706,ino80b/mcrs1/actr5/ino80c/actr8/ino80,6
BP,GO:0048545,response to steroid hormone,18/3314,56/18773,0.321428571,1.820814294,2.84814195,0.006133026,0.108051334,0.094751268,hamp/jun/junbb/junba/slc37a4a/pgrmc1/esr2b/pck1/abhd2a/bcl3/cnot9/jund/ar/strn3/arnt/cnn2/esrra/esrrga,18
CC,GO:0005793,endoplasmic reticulum-Golgi intermediate compartment,16/3396,48/19331,0.333333333,1.897428347,2.873801952,0.006146919,0.062944452,0.054351706,tm6sf2b/nucb1/nucb2a/ccdc115/zdhhc20a/mgat4b/lman2/vmp1/tmed9/sec22bb/tmed1b/golgb1/erp44/vma21/yif1b/tmed7,16
BP,GO:0006879,intracellular iron ion homeostasis,12/3314,32/18773,0.375,2.124283343,2.947102301,0.006153071,0.108051334,0.094751268,hamp/tfr1a/ccdc115/hpxa/fth1a/zgc:56095/glrx3/slc40a1/slc39a14/bdh2/fthl27/abcb7,12
BP,GO:0009072,aromatic amino acid metabolic process,12/3314,32/18773,0.375,2.124283343,2.947102301,0.006153071,0.108051334,0.094751268,kmo/qdpra/th2/hpda/fah/tdo2a/ftcd/ido1/kynu/hgd/pah/tat,12
BP,GO:1902222,erythrose 4-phosphate/phosphoenolpyruvate family amino acid catabolic process,6/3314,11/18773,0.545454545,3.089866681,3.210082434,0.006182649,0.108051334,0.094751268,qdpra/hpda/fah/hgd/pah/tat,6
BP,GO:2001251,negative regulation of chromosome organization,9/3314,21/18773,0.428571429,2.427752392,3.030955589,0.006269747,0.108051334,0.094751268,zw10/mcm2/mad2l1/ttk/bub1bb/bub3/ndc80/zwilch/terfa,9
BP,GO:0051656,establishment of organelle localization,52/3314,211/18773,0.246445498,1.396053508,2.67869665,0.006276871,0.108051334,0.094751268,sar1ab/ndel1b/zgc:154077/ccnb1/pard3ab/vangl2/f8a/si:ch211-200p22.4/nusap1/myo5b/llgl1/cadpsa/aurkb/kif23/knl1/rab11a/ift88/inpp5e/dtnbp1a/nmd3/tmed9/sdad1/kif13bb/cdc42/cdk5/dnm1b/mlh1/ndc80/clasp1a/aspm/nuf2/spire1a/rhoab/lsg1/arfgap2/stxbp3/exoc5/stard3/synj1/bicdl1/sar1b/eif6/npm1a/tacc1/ska1/syne2a/diaph2/trak2/wtip/stxbp2/actr10/dctn2,52
BP,GO:0043604,amide biosynthetic process,31/3314,113/18773,0.274336283,1.554047992,2.735089947,0.006395947,0.108051334,0.094751268,sgms2a/ormdl3/b4galt5/aclya/pank1b/pdk2a/st6galnac5a/elovl6/gclm/aanat1/sptlc2b/kdsr/tlcd3bb/dlat/cers2b/pdk4/st3gal8/sgms1b/st3gal1l3/smpd1/mlycd/pdk1/acss2/acacb/nanp/fh/ormdl1/cers1/cers5/gcdha/gss,31
BP,GO:0071396,cellular response to lipid,29/3314,104/18773,0.278846154,1.579595307,2.744238343,0.006407551,0.108051334,0.094751268,hamp/nfe2l2a/si:ch211-241b2.5/esr2b/hhla2b.2/cxcl8a/pck1/abhd2a/ptger4b/cnot9/myod1/zgc:123297/zgc:153911/ar/cers2b/cd276/cyp2r1/tet3/slc39a9/strn3/keap1b/psmb9a/hhla2b.1/arnt/si:dkey-22i16.9/ptger4a/esrra/shpk/esrrga,29
BP,GO:0010648,negative regulation of cell communication,107/3314,484/18773,0.22107438,1.252332329,2.60400266,0.006505522,0.108051334,0.094751268,tcima/ddit4/dusp5/dusp2/socs3b/bcl9l/deptor/fbxw7/dusp8a/tegt/tnfaip3/tmem88b/rerea/dusp1/vangl2/socs1a/pik3ip1/dusp13a/uacab/dusp4/si:ch211-284o19.8/lzts2a/tnfaip1/il17rd/mrap2a/stambpa/pak1ip1/arhgap24/sesn1/tank/otud5b/si:ch211-194k22.8/arrb2b/spry4/gatad2b/socs7/tle3b/sulf2b/cnot9/skila/rnf2/cdk5rap3/amer1/bcor/nck2a/axin1/nlk1/socs1b/grb10a/tns2a/scube2/gpatch3/ptbp1a/crtc3/supt5h/arhgap45b/mdm2/grem1b/trabd2a/ldb2a/dlc/akap12b/sulf1/herpud1/socs2/slc25a5/hhip/sufu/strn3/chac1/smurf1/tbc1d7/cblc/bco2l/ptpn2b/mapkbp1/ufl1/tollip/stk3/kics2/ldlrad4a/arnt/grb10b/skia/kremen1/gpr161b/bambia/nfkbiaa/gpr155b/dusp16/znrf3/nedd4a/arhgap29b/apc2/yju2/sh3bp4a/castor2/tnfaip8l1/sox17/plekha1b/lgr4/ythdf2/tp53bp2b/sox4a/chrd/ppm1bb/nlrx1,107
BP,GO:0023057,negative regulation of signaling,107/3314,484/18773,0.22107438,1.252332329,2.60400266,0.006505522,0.108051334,0.094751268,tcima/ddit4/dusp5/dusp2/socs3b/bcl9l/deptor/fbxw7/dusp8a/tegt/tnfaip3/tmem88b/rerea/dusp1/vangl2/socs1a/pik3ip1/dusp13a/uacab/dusp4/si:ch211-284o19.8/lzts2a/tnfaip1/il17rd/mrap2a/stambpa/pak1ip1/arhgap24/sesn1/tank/otud5b/si:ch211-194k22.8/arrb2b/spry4/gatad2b/socs7/tle3b/sulf2b/cnot9/skila/rnf2/cdk5rap3/amer1/bcor/nck2a/axin1/nlk1/socs1b/grb10a/tns2a/scube2/gpatch3/ptbp1a/crtc3/supt5h/arhgap45b/mdm2/grem1b/trabd2a/ldb2a/dlc/akap12b/sulf1/herpud1/socs2/slc25a5/hhip/sufu/strn3/chac1/smurf1/tbc1d7/cblc/bco2l/ptpn2b/mapkbp1/ufl1/tollip/stk3/kics2/ldlrad4a/arnt/grb10b/skia/kremen1/gpr161b/bambia/nfkbiaa/gpr155b/dusp16/znrf3/nedd4a/arhgap29b/apc2/yju2/sh3bp4a/castor2/tnfaip8l1/sox17/plekha1b/lgr4/ythdf2/tp53bp2b/sox4a/chrd/ppm1bb/nlrx1,107
BP,GO:0006826,iron ion transport,14/3314,40/18773,0.35,1.982664454,2.880529994,0.006514264,0.108051334,0.094751268,tfr1a/flvcr2a/cp/hpxa/fth1a/zgc:56095/steap3/slc40a1/slc39a14/steap4/steap2/fthl27/abcb7/hephl1b,14
BP,GO:0030301,cholesterol transport,14/3314,40/18773,0.35,1.982664454,2.880529994,0.006514264,0.108051334,0.094751268,zgc:162608/soat2/soat1/abcg5/apoba/cetp/apoeb/npc1l1/stab2/npc1/stard3/abcd1/apobb.1/npc2.1,14
BP,GO:0015918,sterol transport,15/3314,44/18773,0.340909091,1.931166676,2.863105128,0.006521121,0.108051334,0.094751268,zgc:162608/soat2/soat1/abcg5/apoba/cetp/apoeb/npc1l1/stab2/npc1/stard3/abcd1/apobb.1/npc2.1/gramd1c,15
BP,GO:0007005,mitochondrion organization,54/3314,221/18773,0.244343891,1.384148423,2.659748972,0.006524249,0.108051334,0.094751268,slc25a33/atp13a2/samm50/slc25a42/yme1l1a/ppifb/cluha/sco1/supv3l1/chchd10/oxa1l/cibar1/tmem126a/twnk/zgc:73226/mgme1/ttc19/cox7a2l/lyrm2/prkn/bcl2l10/mffa/si:dkey-88p24.11/rab5if/letm2/slc25a5/maip1/cox16/mfn1b/timm50/adck1/rpl37/mtx3/chchd3a/ndufb2/baxb/slc25a46/dnaja3a/tfam/phb/micu1/ndufaf4/marchf5/cox20/coa3a/si:dkey-98f17.5/ndufs7/mtfr1l/pif1/ndufaf1/bida/tomm70a/trak2/higd1a,54
BP,GO:0010628,positive regulation of gene expression,42/3314,164/18773,0.256097561,1.450730088,2.684217988,0.00657541,0.108319388,0.094986327,ybx1/tent5c/ticam1/mettl5/ssb/lurap1/cd226/qkia/zbtb16a/sulf2b/cnbpa/nck2a/prdm14/eif5a/zbtb16b/tent5ab/sulf1/kmt5aa/polr2g/caspa/apex1/cirbpb/zgc:153759/syncripl/prr16/zgc:103482/si:ch211-243a20.4/fxr2/dhx29/upf3b/med23/trmt10c/coa3a/lgals9l3/tlr9/spi1b/bcdin3d/dhx37/igf2bp3/sp7/mef2aa/tent5ba,42
CC,GO:0022624,proteasome accessory complex,10/3396,25/19331,0.4,2.276914016,2.949234064,0.006936546,0.069637484,0.060131051,psmd13/psmd7/psmc3/psmd6/psmc2/psmd8/adrm1/psmc1a/psme3/psme2,10
BP,GO:0061515,myeloid cell development,23/3314,78/18773,0.294871795,1.670376646,2.74690898,0.006977015,0.114327068,0.10025452,klf6a/csf3a/csf3b/alas1/sfxn1/adnp2b/stat5a/tp53/melk/rps19/nlrc3l/slc40a1/hif1al/npc1/sf3b1/bdh2/sumf1/csf1ra/flt3/alas2/spi1b/klf9/tert,23
BP,GO:0010001,glial cell differentiation,41/3314,160/18773,0.25625,1.451593618,2.656075554,0.007108063,0.11557647,0.101350132,fzd8a/egr1/tuba8l3/itga6b/pard3ab/egr2b/m17/cntf/fgf19/ncanb/qkia/fmnl2a/f8/disc1/hdac1/smo/nlrc3l/cux2b/adcy6a/acanb/sox9a/nsfa/nfat5b/cdh2/kirrel1a/snx19a/sptbn5/cdkn1ca/ptprz1b/znf16l/sumf1/abcd1/erbb3b/csf1ra/itga5/mib1/itgb1a/gpm6ba/mettl14/actr10/dctn2,41
MF,GO:0016811,"hydrolase activity, acting on carbon-nitrogen (but not peptide) bonds, in linear amides",21/3228,70/18430,0.3,1.712825279,2.753360376,0.007152364,0.113183027,0.099723638,faah/asah1b/aspg/tgm2b/asrgl1/hdac4/aspa/hdac1/pglyrp6/upb1/sirt5/adprs/sirt3/gls2a/acer2/hdac3/acy1/acy3.2/sirt1/ngly1/si:dkey-103i16.6,21
BP,GO:0042063,gliogenesis,45/3314,179/18773,0.251396648,1.424100565,2.63967087,0.007210898,0.11557647,0.101350132,fzd8a/egr1/tuba8l3/itga6b/pard3ab/egr2b/m17/cntf/fgf19/ncanb/qkia/met/fmnl2a/f8/disc1/hdac1/smo/nlrc3l/cux2b/adcy6a/acanb/sox9a/nsfa/nfat5b/cdc42/cdh2/kirrel1a/snx19a/sptbn5/cdkn1ca/ptprz1b/znf16l/sumf1/abcd1/sirt1/erbb3b/csf1ra/itga5/mib1/itgb1a/gpm6ba/mettl14/cdc42l/actr10/dctn2,45
BP,GO:0015850,organic hydroxy compound transport,25/3314,87/18773,0.287356322,1.627803328,2.717477106,0.007239856,0.11557647,0.101350132,zgc:162608/aqp7/rbp4/slc10a4/slc16a1a/soat2/slc6a4a/soat1/abcg5/apoba/slc16a1b/cetp/apoeb/npc1l1/slc51a/slc6a2/slc2a13b/stab2/npc1/stard3/abcd1/slco1d1/apobb.1/npc2.1/gramd1c,25
BP,GO:0019362,pyridine nucleotide metabolic process,25/3314,87/18773,0.287356322,1.627803328,2.717477106,0.007239856,0.11557647,0.101350132,kmo/prkag2b/gpd1b/hk1/g6pd/nnt/nadk2/slc38a9/aspdh/pkma/ido1/nadkb/kynu/eno1a/hkdc1/hk2/gpia/mdh1aa/pfkpa/h6pd/pgk1/aldoaa/dhtkd1/rpia/gpd1c,25
BP,GO:0046496,nicotinamide nucleotide metabolic process,25/3314,87/18773,0.287356322,1.627803328,2.717477106,0.007239856,0.11557647,0.101350132,kmo/prkag2b/gpd1b/hk1/g6pd/nnt/nadk2/slc38a9/aspdh/pkma/ido1/nadkb/kynu/eno1a/hkdc1/hk2/gpia/mdh1aa/pfkpa/h6pd/pgk1/aldoaa/dhtkd1/rpia/gpd1c,25
CC,GO:0097346,INO80-type complex,8/3396,18/19331,0.444444444,2.529904463,2.997777721,0.007392867,0.072499977,0.062602776,ino80b/cfdp1/mcrs1/actr5/ino80c/actr8/ino80/anp32e,8
CC,GO:0016342,catenin complex,11/3396,29/19331,0.379310345,2.159142602,2.88375556,0.00750488,0.072499977,0.062602776,cdh30/cdh1/cdh2/ctnnb1/cdh12a/cdh13/apc2/dchs1b/cdh6/ctnna1/cdh5,11
BP,GO:0061008,hepaticobiliary system development,43/3314,170/18773,0.252941176,1.432849941,2.624890294,0.007578648,0.120364476,0.105548782,klf6a/rbp4/samm50/epcam/man1a2/smc2/tomm22/tbx2b/a2ml/uhrf1/pck1/atp6ap2/supv3l1/rbm15/selenoh/hnf1ba/met/jag1b/hdac1/add3a/cldn15lb/vps33b/nckap1l/cebpa/slc2a2/mgaa/onecut1/ctnnb1/snapc2/e2f7/zfyve9a/hdac3/acvr1l/rcl1/kremen1/lrp5/enc3/pctp/nos1/fhl1b/gata6/vipas39/fads2,43
BP,GO:0033047,regulation of mitotic sister chromatid segregation,8/3314,18/18773,0.444444444,2.517669148,2.982604372,0.007617743,0.120368112,0.10555197,zw10/mad2l1/aurkb/ttk/bub1bb/bub3/ndc80/zwilch,8
MF,GO:0015485,cholesterol binding,12/3228,33/18430,0.363636364,2.076151853,2.851177844,0.007640537,0.118823528,0.104693387,soat2/slc38a9/soat1/osbpl10b/osbpl3b/crp7/cetp/npc1/osbpl2b/stard3/npc2.1/gramd1c,12
BP,GO:0008286,insulin receptor signaling pathway,11/3314,29/18773,0.379310345,2.148700393,2.86625917,0.007787672,0.122428525,0.107358767,irs2b/igf2b/pik3r1/irs4a/socs7/bcar3/grb10a/tns2a/pdk4/grb10b/znf106a,11
CC,GO:0072686,mitotic spindle,15/3396,45/19331,0.333333333,1.897428347,2.78233035,0.007855508,0.072867094,0.062919777,kif11/spout1/wdr62/espl1/kifc1/nusap1/prc1b/rmdn1/nin/clasp1a/ckap2l/eml1/haus2/ska1/rae1,15
BP,GO:0031101,fin regeneration,26/3314,92/18773,0.282608696,1.600909186,2.675121569,0.007895865,0.122881874,0.107756312,junbb/col1a1a/esco2/atp6v1e1b/igf2b/ttk/acvr1ba/axin1/jag1b/hdac1/cldn3d/tnfrsf1a/tubb5/hspa8/plcg1/acanb/serpinh1b/notch1b/wnt5b/pou5f3/lrp5/dspb/sirt1/erbb3b/ctsba/ezh2,26
BP,GO:0072524,pyridine-containing compound metabolic process,26/3314,92/18773,0.282608696,1.600909186,2.675121569,0.007895865,0.122881874,0.107756312,kmo/prkag2b/gpd1b/hk1/g6pd/nnt/nadk2/slc38a9/aspdh/pkma/ido1/nadkb/kynu/eno1a/pdxkb/hkdc1/hk2/gpia/mdh1aa/pfkpa/h6pd/pgk1/aldoaa/dhtkd1/rpia/gpd1c,26
BP,GO:0022411,cellular component disassembly,41/3314,161/18773,0.254658385,1.442577509,2.61123875,0.007946612,0.123053284,0.107906624,plk3/pcf11/mical2b/mical3a/endog/tbc1d25/ltn1/rubcn/stmn1b/tfip11/mtrfr/eif5a/ogfod1/snx14/etf1b/add3a/eef2k/cfl1l/nsfa/scinlb/sptbn2/si:ch211-266i6.3/dnajc6/ufl1/sptbn5/gfm2/katnb1/spns1/add2/dffb/zgc:92606/stmn2a/stmn4l/apc2/abce1/dnajc17/map1sb/mrpl58/mtif3/dffa/zgc:136908,41
CC,GO:0000315,organellar large ribosomal subunit,13/3396,37/19331,0.351351351,1.999992042,2.810670934,0.007969838,0.072867094,0.062919777,mrpl43/nsun4/mrpl27/mrpl10/mrpl44/mrpl22/mrpl40/mrps30/mrpl53/mrpl51/mrpl52/mrpl58/mrpl34,13
CC,GO:0005762,mitochondrial large ribosomal subunit,13/3396,37/19331,0.351351351,1.999992042,2.810670934,0.007969838,0.072867094,0.062919777,mrpl43/nsun4/mrpl27/mrpl10/mrpl44/mrpl22/mrpl40/mrps30/mrpl53/mrpl51/mrpl52/mrpl58/mrpl34,13
BP,GO:0051247,positive regulation of protein metabolic process,38/3314,147/18773,0.258503401,1.464358586,2.616936438,0.008011291,0.123437645,0.108243674,cdc20/adam8a/oaz1b/ube2s/pycard/mettl5/asb5b/ssb/esco2/tpx2/vegfaa/tp53/cnbpa/nck2a/axin1/eif5a/fzr1a/sh3rf1/csnk1e/ccdc22/polr2g/birc5a/caspa/hip1rb/prr16/zgc:103482/baxb/pxylp1/fxr2/dhx29/upf3b/aurkaip1/trmt10c/coa3a/mib1/psme3/psme2/rb1,38
MF,GO:0003712,transcription coregulator activity,69/3228,299/18430,0.230769231,1.317557907,2.551026263,0.008131063,0.123399625,0.108725308,nr0b2a/bcl9l/mrtfbb/maml3/thrap3a/ncoa2/rerea/si:dkey-177p2.6/id4/kat6a/bcl10/fhl3a/cdca4/kdm7ab/ppargc1a/ep300b/crebbpa/si:ch211-194k22.8/tle3b/cnot9/zmiz2/bcor/nab1b/kdm2aa/hdac1/noc2l/irf2bp2b/npat/kctd15a/bcl9/crtc3/hmga1a/hcfc1a/med6/mrtfab/si:ch211-13c6.2/kmt2ca/hmga2/hipk2/taf5l/ctnnb1/cdyl/smarcd1/hdac3/zgc:114119/gps2/med18/med1/cbfa2t2/pias2/lpin2/med19a/smarcb1a/yaf2/zmp:0000001236/med13a/dnajb1b/tada3l/dyrk1b/sirt1/ss18l2/maml1/med8/znf653/ezh2/sap18/si:dkey-19b23.10/wtip/cbfa2t3,69
BP,GO:0006360,transcription by RNA polymerase I,12/3314,33/18773,0.363636364,2.059911121,2.821515574,0.008142647,0.12362919,0.108411641,polr1h/polr1e/spty2d1/polr1g/polr1d/ubtfl/ubtf/utp15/wdr75/taf1b/taf1c/rasl11a,12
BP,GO:0009112,nucleobase metabolic process,12/3314,33/18773,0.363636364,2.059911121,2.821515574,0.008142647,0.12362919,0.108411641,urahb/adka/aprt/gart/aldh6a1/umps/dpys/allc/zgc:103559/dhodh/hprt1/ctps1a,12
BP,GO:0060026,convergent extension,42/3314,166/18773,0.253012048,1.433251412,2.595952124,0.008196534,0.12362919,0.108411641,ier2a/vangl2/lzts2a/gpc4/vegfaa/lurap1/gdf3/lats1/disc1/hdac1/smad5/appa/csk/desi2/akap12b/rap1b/cdh1/ptprea/cdh2/hipk2/ctnnb1/mapk9/lats2/acvr1l/iqgap3/wnt5b/fcho1/appb/dnaaf11/tab2/dvl2/gata6/marchf5/ephb4a/robo1/lpp/ctsba/tax1bp3/tnika/chrd/smad2/diaph2,42
MF,GO:0004540,RNA nuclease activity,24/3228,84/18430,0.285714286,1.63126217,2.672058712,0.008208401,0.123399625,0.108725308,rnasel2/n4bp1/endog/gng2/rnaset2l/zc3h12ab/mrpl44/isg20l2/eri1/dis3/zc3h12b/toe1/drosha/helz2a/dbr1/nocta/noctb/rnasekb/pop5/rcl1/cpsf3/rpp38/rpp14/elac2,24
BP,GO:0019216,regulation of lipid metabolic process,23/3314,79/18773,0.291139241,1.649232638,2.677340435,0.008233941,0.12362919,0.108411641,thrsp/tm6sf2b/scap/ormdl3/cpt1ab/ncoa2/psap/pdk2a/fgfr4/fgf1a/stat5a/ddit3/pnpla2/acaa2/tlcd3bb/pdk4/dcaf5/mid1ip1b/opa3/pdk1/ormdl1/tysnd1/mid1ip1l,23
BP,GO:0006006,glucose metabolic process,20/3314,66/18773,0.303030303,1.716592601,2.700119842,0.008269941,0.12362919,0.108411641,nr4a1/prkag2b/dcxr/pdk2a/hk1/pck1/g6pd/slc38a9/fbp2/pdk4/hkdc1/hk2/cyp2r1/g6pc1a.1/gpia/pfkpa/pdk1/h6pd/pgk1/fbp1a,20
BP,GO:0062012,regulation of small molecule metabolic process,20/3314,66/18773,0.303030303,1.716592601,2.700119842,0.008269941,0.12362919,0.108411641,nr4a1/scap/prkag2b/pptc7b/cpt1ab/cbsb/pptc7a/pdk2a/fgfr4/fgf1a/slc38a9/atpsckmt/acaa2/sirt5/pdk4/cyp2r1/dcaf5/pdk1/fh/tysnd1,20
BP,GO:0048262,determination of dorsal/ventral asymmetry,13/3314,37/18773,0.351351351,1.990319529,2.791763293,0.008303155,0.12362919,0.108411641,bmp1a/gid8b/map2k4a/hdac1/bmpr1ba/smad5/mapk8b/mgaa/ctnnb1/acvr1l/eomesa/acvrl1/chrd,13
BP,GO:0043434,response to peptide hormone,25/3314,88/18773,0.284090909,1.609305563,2.652593827,0.008454636,0.125062222,0.109668281,nr4a1/slc2a1b/nr4a3/irs2b/socs1a/pck1/stat5a/igf2b/pik3r1/irs4a/tyk2/socs7/bcar3/grb10a/tns2a/stat1b/pdk4/slc39a14/ghra/grb10b/lpin2/znf106a/stat4/rps6kb1b/khk,25
BP,GO:0006412,translation,104/3314,473/18773,0.21987315,1.245527654,2.504068856,0.008480164,0.125062222,0.109668281,eif4g2a/eef1a1l1/rps27.1/wars2/ybx1/gtpbp1l/mrpl49/rpl5a/mrpl43/ptcd3/mettl5/gfm1/kars1/ssb/cnot11/cpeb4b/mrps7/ltn1/eif4e3/mettl17/qkia/ell2/cnot9/cnbpa/mrpl27/nck2a/nars2/mrpl30/rps19/mtrfr/dap1b/mrpl10/eif5a/ogfod1/mrps17/aarsd1/mrps16/supt5h/mrps11/etf1b/eif4a1a/gspt1l/secisbp2/eef2k/mrpl33/mrpl44/trim2a/eif4e2/eif1ad/mrpl20/polr2g/mrps35/yars2/bzw1a/mrpl22/eif2ak2/gtpbp2b/rpl37/mknk1/mrpl18/elof1/ufl1/ddx61/gfm2/impact/prr16/eefsec/mrps14/mrps30/zgc:103482/pars2/rps26/rplp1/eif1/tcea3/mrps24/mrps6/mars2/qrsl1/fxr2/dhx29/mif4gdb/upf3b/rps6/trmt10c/abce1/coa3a/eif6/mrpl51/tars1/mrps9/mrpl52/msi2b/rbm8a/mrpl58/mrps15/mtif3/mrpl34/igf2bp3/rpl34/caprin2/gatb/rps3/elocb,104
MF,GO:0016835,carbon-oxygen lyase activity,21/3228,71/18430,0.295774648,1.688700979,2.679184659,0.008516421,0.125931337,0.110955957,cfh/polb/cbsb/aco1/aco2/hadhab/cahz/pcbd1/ca4c/eno1a/dglucy/enosf1/ca8/thnsl2/alkbh1/rpp14/hacd3/fh/fasn/ogg1/rps3,21
BP,GO:0006338,chromatin remodeling,64/3314,273/18773,0.234432234,1.328001309,2.527620459,0.008760551,0.128584955,0.1127574,h1-0/prmt7/mbd3b/kat6a/nasp/uhrf1/hells/spty2d1/mbd3a/ppm1db/ino80b/histh1l2/kdm7ab/dpf3/si:dkey-108k21.10/zgc:110425/znf644a/smyd5/brd3b/rnf2/bend3/prdm14/rrp8/jarid2a/cbx1a/kdm2aa/cfdp1/hdac1/carm1l/znfx1/nsd1a/supt5h/waca/hcfc1a/ehmt2/si:ch211-13c6.2/kdm5c/cecr2/pbrm1/npm3/apex1/setdb1a/tet3/ddx39ab/atrx/brd3a/hpf1/hdac3/ino80c/chd2/pou5f3/smarcb1a/ino80/prmt6/cenpi/si:dkey-261m9.12/cenpn/sirt1/h2az2a/phf1/npm1a/si:ch1073-153i20.5/ezh2/pphln1,64
BP,GO:0036342,post-anal tail morphogenesis,9/3314,22/18773,0.409090909,2.317400011,2.862579867,0.008972243,0.130385154,0.114336012,bcl9l/vangl2/gpc4/smad5/rtf1/cdh2/rhoab/wnt5b/dvl2,9
BP,GO:0048703,embryonic viscerocranium morphogenesis,30/3314,111/18773,0.27027027,1.531015022,2.597945466,0.009032874,0.130385154,0.114336012,egr1/crispld2/kat6a/spns2/dhrs9/gfpt1/cnbpa/polr1d/edn1/smo/bcl9/nipblb/hspg2/auts2a/furina/caspa/aldh1l1/polr1a/wnt11/hand2/pygo2/wnt5b/lrp5/mmachc/nr1h3/wdr43/prdm5/ptpn11b/sar1b/itga5,30
BP,GO:0006767,water-soluble vitamin metabolic process,7/3314,15/18773,0.466666667,2.643552605,2.948334803,0.00909668,0.130385154,0.114336012,dhfr/mmadhcb/rfk/mmadhca/pdxkb/mmachc/tpk1,7
BP,GO:0009110,vitamin biosynthetic process,7/3314,15/18773,0.466666667,2.643552605,2.948334803,0.00909668,0.130385154,0.114336012,cyp27b1/rdh5/cyp27a3/rfk/pdxkb/ubiad1/tpk1,7
BP,GO:0046653,tetrahydrofolate metabolic process,7/3314,15/18773,0.466666667,2.643552605,2.948334803,0.00909668,0.130385154,0.114336012,mthfd1b/mthfd1l/mthfd1a/dhfr/aldh1l2/mthfr/aldh1l1,7
BP,GO:0007098,centrosome cycle,18/3314,58/18773,0.310344828,1.758027595,2.676978744,0.009135802,0.130385154,0.114336012,zgc:92429/ndel1b/c2cd3/wdr62/cp110/si:ch73-95l15.5/aurka/fbxw5/ccnf/ckap5/pde4dip/pard6b/sac3d1/cenpj/haus2/plk4/npm1a/haus1,18
BP,GO:0030258,lipid modification,33/3314,125/18773,0.264,1.495495474,2.573471684,0.009291847,0.132003893,0.1157555,acadl/cpt1ab/acad11/fig4a/cpt2/hadhab/hacl1/acox3/mtmr7b/acaa2/crot/inpp5e/phyh/cpt1b/pip4p1b/mtmr1b/eci1/acaa1/inpp5l/zgc:85777/porcnl/gbgt1l1/plpp6/mtmr3/ppap2d/echdc2/b3galt1a/abcd1/synj1/gcdha/acat1/tysnd1/pip4p2,33
BP,GO:0031099,regeneration,54/3314,225/18773,0.24,1.35954134,2.512073685,0.009457166,0.133739016,0.117277046,junbb/dusp2/igfbp1a/fitm2/col1a1a/top2a/hbegfa/adamts9/uhrf1/m17/foxm1/cntf/esco2/atp6v1e1b/igf2b/cebpd/hmmr/cntfr/hnf1ba/ttk/acvr1ba/apoda.2/axin1/apobec2a/jag1b/hdac1/sdcbp2/cldn3d/smad5/tnfrsf1a/tubb5/hspa8/plcg1/acanb/cdh2/tgif1/smn1/serpinh1b/notch1b/wnt5b/c2cd4a/pou5f3/lrp5/lgmn/dspb/fhl1b/gemin5/dcc/sirt1/erbb3b/ctsba/il6st/ezh2/ccn2a,54
CC,GO:0048471,perinuclear region of cytoplasm,36/3396,140/19331,0.257142857,1.463730439,2.542169786,0.009765407,0.086316986,0.074533582,hsp90aa1.1/dgat2/dnaja1/epcam/pde4ca/prkcdb/pde4bb/pdlim4/th2/zftraf1/zdhhc20a/anp32a/osbpl3b/rangap1a/ptges/sh3rf1/dlc/pick1/akap12b/ccnf/ap1s1/cdh2/slc39a9/unc45b/spire1a/dnajc6/prkra/plecb/osbpl2b/ndor1/ehd1b/osbp/mib1/trappc2l/prkcda/hcrt,36
BP,GO:0033993,response to lipid,45/3314,182/18773,0.247252747,1.40062638,2.514575547,0.009822839,0.137884232,0.120912026,hamp/jun/junbb/junba/rbp4/nfe2l2a/slc37a4a/si:ch211-241b2.5/pgrmc1/esr2b/nr6a1a/hhla2b.2/cxcl8a/pck1/abhd2a/bcl3/ptger4b/cnot9/myod1/zgc:123297/zgc:153911/jund/ly97.3/ar/fabp1b.1/cers2b/cd276/cyp2r1/cd248b/tet3/slc39a9/strn3/keap1b/psmb9a/hhla2b.1/arnt/si:dkey-22i16.9/nos1/cnn2/vtg2/ptger4a/esrra/scdb/shpk/esrrga,45
BP,GO:0045944,positive regulation of transcription by RNA polymerase II,78/3314,344/18773,0.226744186,1.284450394,2.465333639,0.009839333,0.137884232,0.120912026,jun/junbb/egr1/junba/bcl9l/mrtfbb/maml3/zgc:110158/thrap3a/ncoa2/asxl1/kansl3/tet2/nr1h5/ptmaa/top2a/hells/fgf1a/mical2b/relb/stat5a/igf2b/tp53/ppargc1a/ep300b/ccnt2a/crebbpa/mdc1/ell2/cnbpa/si:dkey-154p10.3/myod1/jund/bcl9/crtc3/supt5h/ar/pbx4/ldb2a/nfkb2/znf451/rela/mrtfab/nr1i2/nfat5b/kmt2ca/vdrb/tet3/rxraa/mcrs1/hipk2/ctnnb1/mybl1/e2f7/tp53bp1/rel/znf827/med18/med1/lpin2/med19a/zmp:0000001236/taf3/med13a/nr1d4a/nr1h3/gata6/nfatc2ip/sox17/maml1/npm1a/etsrp/sox4a/hnrnpua/smad2/mef2ca/mef2aa/mepcea,78
CC,GO:0000922,spindle pole,19/3396,63/19331,0.301587302,1.716720885,2.630423949,0.009932357,0.086316986,0.074533582,plk3/kif11/plk1/spout1/unc119a2/aurka/aurkb/rmdn1/nin/dlgap5/ppp2caa/ckap5/aspm/lats2/katnb1/plk2a/odf2a/tubgcp4/rae1,19
MF,GO:0070530,K63-linked polyubiquitin modification-dependent protein binding,6/3228,12/18430,0.5,2.854708798,2.961504554,0.010130377,0.143324927,0.126281153,tnip2/tnfaip3/ikbkg/zranb1b/sqstm1/tab2,6
MF,GO:0008173,RNA methyltransferase activity,18/3228,59/18430,0.305084746,1.741856216,2.629944787,0.010178107,0.143324927,0.126281153,emg1/mettl5/ftsj3/dimt1l/nsun4/thumpd3/tfb1m/bud23/mrm1/trmt1l/nsun2/nop2/fbl/tarbp1/trmt10c/bcdin3d/mettl14/mepcea,18
BP,GO:0006790,sulfur compound metabolic process,53/3314,221/18773,0.239819005,1.358516045,2.482276705,0.010217745,0.140909029,0.1235645,tstd1/sult1st3/suox/gstk1/hs6st2/chst7/fitm2/cbsb/aclya/pank1b/csad/pdk2a/papss2b/sult3st1/elovl6/gclm/tdo2a/acot22/chpfa/gstt1a/mmut/dlat/pdk4/gstt2/mthfr/mat2ab/cth/chac1/xylt2/mlycd/hagh/ndst2a/acot7/pipox/acot20/sumf1/pdk1/pxylp1/tpk1/bhmt/acss2/gpx1a/acacb/gsta.1/hmgcra/gcdha/xylt1/sucla2/ggt1a/mtr/gss/enoph1/acsl3b,53
BP,GO:0006081,cellular aldehyde metabolic process,15/3314,46/18773,0.326086957,1.847202907,2.66362495,0.010243074,0.140909029,0.1235645,agxtb/akr1a1a/dhrs9/hoga1/pdxkb/hyi/rpe65a/esd/agxt2/ugl/bco2l/hagh/bco1l/rpia/bco1,15
CC,GO:0030894,replisome,6/3396,12/19331,0.5,2.846142521,2.953161928,0.01028386,0.086316986,0.074533582,pold1/tonsl/rpa1/pold2/prim2/pola1,6
CC,GO:0043601,nuclear replisome,6/3396,12/19331,0.5,2.846142521,2.953161928,0.01028386,0.086316986,0.074533582,pold1/tonsl/rpa1/pold2/prim2/pola1,6
CC,GO:0045240,alpha-ketoacid dehydrogenase complex,6/3396,12/19331,0.5,2.846142521,2.953161928,0.01028386,0.086316986,0.074533582,abhd11/ogdha/dlat/bckdha/bckdhb/ogdhb,6
MF,GO:0017018,myosin phosphatase activity,23/3228,81/18430,0.283950617,1.621192651,2.581843431,0.01030093,0.143324927,0.126281153,dusp5/dusp2/dusp22a/pptc7b/dusp8a/ppm1la/pptc7a/dusp1/ssh2a/dusp13a/dusp4/ppm1db/ctdsp1/ssh2b/ppm1ka/ppp1cc/ppp1r1b/ctdsp2/ssu72/ppp2caa/dusp16/ppp1r2/ppm1bb,23
MF,GO:0003730,mRNA 3'-UTR binding,25/3228,90/18430,0.277777778,1.585949332,2.567727525,0.010328293,0.143324927,0.126281153,ddx17/zgc:162730/zfp36l1a/pum2/cpeb4b/csdc2a/qkia/cnbpa/pabpc4/ythdf1/zc3h12ab/nudt21/secisbp2/zc3h12b/exosc8/exosc7/hnrnpa3/fubp1/fxr2/gemin5/pcbp2/igf2bp3/celf2/ilf3b/khsrp,25
BP,GO:0002687,positive regulation of leukocyte migration,11/3314,30/18773,0.366666667,2.077077047,2.733560384,0.010370183,0.140909029,0.1235645,adam8a/socs1a/vegfab/vegfaa/plvapb/zgc:153759/gnb1a/plvapa/c3a.1/asap1b/csf1ra,11
BP,GO:0042632,cholesterol homeostasis,11/3314,30/18773,0.366666667,2.077077047,2.733560384,0.010370183,0.140909029,0.1235645,lipg/abcg5/apoba/cetp/lamtor1/nfkb2/cyp7a1/stab2/npc1/apobb.1/lipca,11
BP,GO:0055092,sterol homeostasis,11/3314,30/18773,0.366666667,2.077077047,2.733560384,0.010370183,0.140909029,0.1235645,lipg/abcg5/apoba/cetp/lamtor1/nfkb2/cyp7a1/stab2/npc1/apobb.1/lipca,11
BP,GO:0071103,DNA conformation change,11/3314,30/18773,0.366666667,2.077077047,2.733560384,0.010370183,0.140909029,0.1235645,rad50/mcm5/mcm2/top2a/mcm7/mcm6/supv3l1/mcm3/pif1/recql5/mcm8,11
BP,GO:0006570,tyrosine metabolic process,6/3314,12/18773,0.5,2.832377791,2.93980468,0.010533559,0.140909029,0.1235645,th2/hpda/fah/hgd/pah/tat,6
BP,GO:0031125,rRNA 3'-end processing,6/3314,12/18773,0.5,2.832377791,2.93980468,0.010533559,0.140909029,0.1235645,exosc2/eri1/exosc8/exosc7/gnl3/rexo1,6
BP,GO:0048070,regulation of developmental pigmentation,6/3314,12/18773,0.5,2.832377791,2.93980468,0.010533559,0.140909029,0.1235645,ednrba/ctns/sulf1/csf1ra/bmp7b/h2az2a,6
BP,GO:0072014,proximal tubule development,6/3314,12/18773,0.5,2.832377791,2.93980468,0.010533559,0.140909029,0.1235645,tbx2b/ift74/ppargc1a/ctns/ift88/tbx2a,6
BP,GO:0009126,purine nucleoside monophosphate metabolic process,12/3314,34/18773,0.352941176,1.9993255,2.700312635,0.010601164,0.140909029,0.1235645,ampd2b/adka/aprt/gart/nudt2/impdh1b/nt5c2b/ak2/paics/hprt1/impdh1a/ampd3a,12
BP,GO:0009167,purine ribonucleoside monophosphate metabolic process,12/3314,34/18773,0.352941176,1.9993255,2.700312635,0.010601164,0.140909029,0.1235645,ampd2b/adka/aprt/gart/nudt2/impdh1b/nt5c2b/ak2/paics/hprt1/impdh1a/ampd3a,12
CC,GO:0044391,ribosomal subunit,36/3396,141/19331,0.255319149,1.453349372,2.49418591,0.010948814,0.090416016,0.07807304,rps27.1/rpl5a/mrpl43/nsun4/mrps7/dap3/mrpl27/mrpl30/rps19/mrpl10/mrps17/mrps16/mrps11/mrpl44/mrps35/mrpl22/mrpl40/rpl7l1/rpl37/mrps14/mrps30/mrps31/rps26/rplp1/mrps24/mrps6/mrps22/mrpl53/mrpl51/mrps9/mrpl52/mrpl58/mrps15/mrpl34/rpl34/rps3,36
BP,GO:0006869,lipid transport,61/3314,261/18773,0.233716475,1.323946707,2.440101987,0.010985792,0.14539743,0.127500423,zgc:162608/mfsd2ab/rbp4/prelid3b/fabp3/slc10a4/soat2/rbp5/spns2/fabp4a/atp8a2/pitpnbl/slco3a1a/pitpnm3/slc27a2a/apol/cert1a/soat1/atg9a/osbpl10b/abcg5/apoda.2/apoba/osbpl3b/stard14/cetp/pla2g12a/abca3b/abcc4/fabp1b.1/stard13a/vmp1/apoeb/abca4b/cpt1b/npc1l1/osbpl9/slc51a/prelid1a/stab2/pitpnab/tmem30aa/npc1/atp10d/pla2g3/stard13b/osbpl2b/pctp/spns1/stard3/abcd1/slco1d1/osbp/scp2a/apobb.1/apol1/rbp2b/vtg2/npc2.1/esyt2a/gramd1c,61
BP,GO:0020027,hemoglobin metabolic process,8/3314,19/18773,0.421052632,2.385160245,2.796859753,0.011150956,0.146332675,0.128320549,tfr1a/alas1/sfxn1/rps19/glrx3/slc40a1/bdh2/alas2,8
BP,GO:0044786,cell cycle DNA replication,8/3314,19/18773,0.421052632,2.385160245,2.796859753,0.011150956,0.146332675,0.128320549,mcm2/gins1/mcm6/dbf4/cdc45/mcm3/e2f7/pola1,8
BP,GO:0016055,Wnt signaling pathway,67/3314,291/18773,0.23024055,1.30425644,2.421879979,0.011272414,0.146593403,0.128549184,jun/fzd8a/bcl9l/tnfaip3/ndrg2/tmem88b/tet2/ppp2r3a/cdkn2aip/id4/vangl2/ndp/atp6ap2/lzts2a/ddit3/zranb1b/tmem198ab/fzd9b/otud5b/tle3b/sulf2b/cdk5rap3/amer1/gid8b/axin1/nlk1/hdac1/grb10a/kctd15a/bcl9/nipblb/trabd2a/csnk1e/cemip2/sulf1/dixdc1a/strn/tet3/ctnnb1/dmxl2/wnt11/rhoab/tollip/stk3/pygo2/ugdh/wnt5b/grb10b/rab8b/kremen1/bambia/lrp5/csnk1g2a/znrf3/dub/dvl2/apc2/prdm5/lpxn/tax1bp3/sox17/fzd3a/lgr4/caprin2/ppm1bb/wnt3/gskip,67
BP,GO:1990542,mitochondrial transmembrane transport,23/3314,81/18773,0.283950617,1.608510844,2.541111793,0.011300582,0.146593403,0.128549184,slc25a33/slc25a29/ucp1/sfxn1/tomm40/slc25a55a/slc25a51a/slc25a40/slc25a32b/slc25a15a/smdt1b/letm2/slc25a5/timm50/mpc2b/slc25a18/grpel1/abcb7/micu1/sfxn2/tomm70a/mcur1/tomm20b,23
BP,GO:0009799,specification of symmetry,76/3314,336/18773,0.226190476,1.281313763,2.40910826,0.01136016,0.146593403,0.128549184,bmp1a/ier2a/man1a2/fabp3/ppp2r3a/mbd3b/tbx2b/dnah5l/cacna1c/dhfr/mical2b/odad4/mbd3a/dhrs9/atp6v1f/ntn1a/slc22a2/llgl1/ep300b/ube2ia/sesn1/gdf3/pkp2/megf8/gid8b/axin1/ttc17/apobec2a/map2k4a/hdac1/smo/bmpr1ba/smad5/nipblb/ift88/snx10a/cemip2/dnah10/furina/vdrb/flna/apex1/mapk8b/mgaa/lft1/ctnnb1/rnf115a/cep104/wnt11/acvr1l/adap2/hand2/ugdh/rfx3/ikzf5/skia/exoc5/gpr161b/carmil3/enc3/dnaaf11/itpr1b/dub/mia3/nudc/eomesa/ttc4/bmpr1aa/ift57/acvrl1/sox17/mib1/jazf1b/cep162/chrd/wtip,76
BP,GO:0009855,determination of bilateral symmetry,76/3314,336/18773,0.226190476,1.281313763,2.40910826,0.01136016,0.146593403,0.128549184,bmp1a/ier2a/man1a2/fabp3/ppp2r3a/mbd3b/tbx2b/dnah5l/cacna1c/dhfr/mical2b/odad4/mbd3a/dhrs9/atp6v1f/ntn1a/slc22a2/llgl1/ep300b/ube2ia/sesn1/gdf3/pkp2/megf8/gid8b/axin1/ttc17/apobec2a/map2k4a/hdac1/smo/bmpr1ba/smad5/nipblb/ift88/snx10a/cemip2/dnah10/furina/vdrb/flna/apex1/mapk8b/mgaa/lft1/ctnnb1/rnf115a/cep104/wnt11/acvr1l/adap2/hand2/ugdh/rfx3/ikzf5/skia/exoc5/gpr161b/carmil3/enc3/dnaaf11/itpr1b/dub/mia3/nudc/eomesa/ttc4/bmpr1aa/ift57/acvrl1/sox17/mib1/jazf1b/cep162/chrd/wtip,76
BP,GO:0045934,negative regulation of nucleobase-containing compound metabolic process,94/3314,427/18773,0.220140515,1.247042213,2.390866007,0.011461283,0.147284618,0.129155317,cbx7a/nr0b2a/zc3h4/nr2f6a/h1-0/bhlhe40/lhx9/tegt/nr1h5/ybx1/mbd3b/id4/tent5c/znf503/uhrf1/si:ch211-103n10.5/mbd3a/zbtb1/histh1l2/samd1b/ddit3/gatad2ab/hdac4/si:dkey-108k21.10/aurkb/zgc:110425/qkia/zbtb16a/gatad2b/cnbpa/skila/rnf2/bcor/bend3/cry3a/nab1b/hdac1/noc2l/scml2/smarce1/tent2/kctd15a/rmi2/supt5h/ldb2a/zbtb34/samd7/nr2f6b/sox9a/tent5ab/cbx4/nr1i2/vdrb/riox1/tgif1/hinfp/maf1b/tipin/e2f7/hdac3/impact/syncripl/zbtb20/skia/cbfa2t2/scmh1/phc1/rsf1b.1/nr1d4a/dnajb1b/nr1h3/prmt6/si:ch211-132b12.7/zbtb38/gata6/prdm5/si:dkey-261m9.12/terfa/sirt1/hif1ab/cipcb/dr1/igf2bp3/phc2a/sox4a/ciarta/sap18/si:dkey-19b23.10/smad2/recql5/tent5ba/wdr82/pphln1/cbfa2t3,94
BP,GO:0009308,amine metabolic process,17/3314,55/18773,0.309090909,1.750924453,2.582192981,0.011593716,0.148370816,0.130107814,sult1st3/kmo/oaz1b/smox/cbsb/odc1/th2/tdo2a/dbh/aoc2/azin1b/ido1/agmat/kynu/dhps/amd1/fh,17
CC,GO:0005874,microtubule,63/3396,273/19331,0.230769231,1.31360424,2.409063914,0.011773494,0.095682995,0.082621007,mapre2/tuba8l3/ndel1b/incenp/kif11/dnah5l/kif20a/kifc1/nusap1/lzts2a/tpx2/aurka/kif2c/aurkb/ttll3/kif23/stmn1b/disc1/si:ch211-257p13.3/rmdn1/mid1/slain2/tubb5/tubb2b/tuba1c/dnah10/kif22/kif13bb/reep2/dnm1b/ckap5/clasp1a/tuba5/hook1/mid1ip1b/kif14/stau2/tubb2/katnb1/plecb/dynll1/klc3/kif15/tubd1/shroom2b/nudc/apc2/gtse1/klc1a/enkd1/kif3a/haus2/mapre3b/kif2a/tubgcp4/map1sb/haus1/cep162/tekt2/ska1/mid1ip1l/fign/dctn2,63
BP,GO:0043603,amide metabolic process,59/3314,252/18773,0.234126984,1.32627214,2.414286871,0.01177546,0.149502596,0.131100283,sgms2a/ormdl3/gstk1/b4galt5/asah1b/fitm2/aclya/pank1b/pdk2a/st6galnac5a/dhfr/elovl6/neu1/gclm/tdo2a/acot22/aanat1/ftcd/sptlc2b/kdsr/hexa/hoga1/gstt1a/tlcd3bb/dlat/cers2b/pdk4/gstt2/st3gal8/furina/sgms1b/st3gal1l3/allc/acer2/chac1/zgc:103559/smpd1/mlycd/hagh/acot7/pipox/acot20/pdk1/acss2/gpx1a/acacb/nanp/fh/ormdl1/cers1/npl/gsta.1/cers5/hmgcra/gcdha/sucla2/ggt1a/gss/acsl3b,59
BP,GO:0001947,heart looping,36/3314,141/18773,0.255319149,1.446320574,2.463017808,0.0117787,0.149502596,0.131100283,fabp3/ppp2r3a/tbx2b/cacna1c/dhfr/mical2b/dhrs9/atp6v1f/ntn1a/llgl1/ep300b/ube2ia/gdf3/pkp2/apobec2a/smo/smad5/snx10a/cemip2/furina/vdrb/apex1/mgaa/cep104/wnt11/acvr1l/adap2/hand2/skia/dnaaf11/dub/mia3/bmpr1aa/cep162/chrd/wtip,36
MF,GO:0048029,monosaccharide binding,15/3228,47/18430,0.319148936,1.822154552,2.600527705,0.011782706,0.161030315,0.141881069,p4ha1b/hk1/asgr1a/igf2r/dcsignlg/m6pr/ogfod3/plod1a/ogfod1/lman2/hkdc1/hk2/gpia/p4ha1a/p4ha2,15
BP,GO:1903706,regulation of hemopoiesis,22/3314,77/18773,0.285714286,1.618501595,2.517982243,0.012101719,0.151210253,0.132597744,csf3a/csf3b/asxl1/cdkn2aip/mturn/p2ry12/stat5a/qkia/irf7/smyd5/rps19/irf2bp2b/mafbb/nipblb/sh3rf1/tfpi2/si:ch211-243a20.4/gpr137ba/csf1ra/spi1b/phf6/ezh2,22
BP,GO:0170034,L-amino acid biosynthetic process,16/3314,51/18773,0.31372549,1.777178222,2.573181475,0.012139438,0.151210253,0.132597744,agxtb/agxta/tha1/cbsb/glulb/psph/sephs3/aldh18a1/mthfr/cth/gls2a/pah/bhmt/got1/mtr/enoph1,16
BP,GO:0170038,proteinogenic amino acid biosynthetic process,16/3314,51/18773,0.31372549,1.777178222,2.573181475,0.012139438,0.151210253,0.132597744,agxtb/agxta/tha1/cbsb/glulb/psph/sephs3/aldh18a1/mthfr/cth/gls2a/pah/bhmt/got1/mtr/enoph1,16
BP,GO:1903825,organic acid transmembrane transport,26/3314,95/18773,0.273684211,1.550354159,2.489887337,0.012186543,0.151210253,0.132597744,slc3a2a/slc16a12a/slc25a29/lrrc8db/slc1a6/slc1a5/slc38a5b/slc16a1a/slc6a6a/sfxn1/slc7a3a/slc38a9/slc25a55a/slc25a32b/slc25a15a/slc6a7/slc16a1b/mfsd12a/slc38a2/slc16a6b/slc6a9/mpc2b/slc25a18/abcd1/sfxn2/slc1a4,26
BP,GO:0006066,alcohol metabolic process,42/3314,170/18773,0.247058824,1.39952785,2.422818336,0.012445937,0.151210253,0.132597744,zgc:162608/dgat2/itpkcb/sprb/scap/qdpra/cyp27b1/itpkb/lrata/soat2/cyp46a1.5/pck1/fgf1a/dhdds/dhrs9/ip6k2a/lbr/dbh/srd5a3/soat1/bpnt2/pcbd1/sc5d/cyp27a3/sptlc2b/nfe2l1b/cetp/nsdhl/cyp46a1.1/lratb.1/cyp7a1/cyp2r1/tkfc/apoeb/nudt3b/zgc:172295/tm7sf2/tpk1/itpkca/zgc:92275/npc2.1/nudt4a,42
BP,GO:0006775,fat-soluble vitamin metabolic process,9/3314,23/18773,0.391304348,2.216643489,2.703133186,0.012470498,0.151210253,0.132597744,cyp27b1/rdh5/lrata/ttpa/cyp27a3/lratb.1/cyp2r1/ubiad1/vkorc1l1,9
BP,GO:0061009,common bile duct development,9/3314,23/18773,0.391304348,2.216643489,2.703133186,0.012470498,0.151210253,0.132597744,man1a2/atp6ap2/hnf1ba/jag1b/cldn15lb/vps33b/nckap1l/onecut1/snapc2,9
BP,GO:0006974,DNA damage response,100/3314,459/18773,0.217864924,1.234151543,2.351541178,0.01250349,0.151210253,0.132597744,pold1/gadd45ab/gadd45aa/rad50/mcm5/plk3/polb/pcna/cdk1/mcm2/smc2/chek2/txndc12/cdkn1a/macrod1/ikbkg/mcm7/mcm6/wdhd1/uacab/cry5/parp2/tp53/firrm/ercc6l/oard1/mgme1/etaa1b/ddb2/cdc45/hdac1/nucks1a/smc5/bcl2l10/rmi2/nipblb/mms22l/ube2b/waca/prdm9/si:dkey-9i23.15/tonsl/adprs/ercc6/rpa1/msh2/rfc2/fancc/rps6kal/kmt5aa/mcm3/apex1/rfc4/mlh1/paxx/ercc6l2/cdc7/hipk2/nsmce4a/tex264a/tipin/spire1a/atrx/e2f7/apex2/gins4/hpf1/tp53bp1/ufl1/usp1/poli/lig4/palb2/alkbh1/baxb/actr8/topbp1/poldip2/polm/ino80/dclre1b/prmt6/zfyve26/rad51ap1/yju2/fh/terfa/mcm10/pms2/mgmt/zgc:112496/pif1/tdg.2/ogg1/recql5/rps3/polk/pin1/mcm8/rad9a,100
BP,GO:0032869,cellular response to insulin stimulus,15/3314,47/18773,0.319148936,1.807900718,2.567587423,0.012643584,0.151210253,0.132597744,irs2b/pck1/igf2b/pik3r1/irs4a/socs7/bcar3/grb10a/tns2a/pdk4/slc39a14/grb10b/lpin2/znf106a/rps6kb1b,15
BP,GO:0048511,rhythmic process,32/3314,123/18773,0.260162602,1.47375755,2.440675872,0.012817725,0.151210253,0.132597744,egr1/nr0b2a/bhlhe40/ncoa2/top2a/cry5/ppargc1a/ep300b/crebbpa/aanat1/nfil3-6/cry3a/ahr1b/dhx30/nr1d2a/mapk8b/usp2a/mapk9/nocta/fbxl3a/noctb/gna11b/hdac3/egfra/pspc1/si:ch211-132b12.7/cipcb/lgr4/ezh2/ciarta/nfil3-5/hcrt,32
BP,GO:0006457,protein folding,39/3314,156/18773,0.25,1.416188896,2.416789161,0.012856044,0.151210253,0.132597744,hsp70.3/hsp90aa1.1/dnaja1/hspb1/hspa4a/pfdn2/dnajb6b/ppifb/ppiab/hspa13/hspa4l/cct6a/ahsa1b/ppwd1/cwc27/hspa8/tor1/tbcc/zgc:136472/dnajc3a/dnajc2/unc45b/telo2/ero1b/grpel1/erp44/pfdn6/dnaja3a/dnajb1b/cct4/nudc/ppig/ttc4/cct8/dnajc18/dnajb12a/nudcd3/hspb6/hspe1,39
BP,GO:0050817,coagulation,21/3314,73/18773,0.287671233,1.629587222,2.49538384,0.012947034,0.151210253,0.132597744,f2r/f3b/p2ry12/f2rl1.2/prrg4/f9b/f8/f7/sppl2/fgb/f9a/f13a1b/thbd/tfpia/f10/f3a/lrrc32/tfpi2/bambia/serpinc1/p2ry1,21
BP,GO:0008589,regulation of smoothened signaling pathway,14/3314,43/18773,0.325581395,1.844339027,2.566392213,0.013079949,0.151210253,0.132597744,rerea/ip6k2a/cibar1/qkia/arrb2b/gatad2b/smo/boc/ift88/hhip/sufu/ugdh/gpr161b/sox4a,14
BP,GO:0072331,signal transduction by p53 class mediator,14/3314,43/18773,0.325581395,1.844339027,2.566392213,0.013079949,0.151210253,0.132597744,cdkn1a/tp53/rnf2/bcor/rps19/mdm2/si:dkey-9i23.15/rps6kal/kmt5aa/hipk2/e2f7/topbp1/yju2/cdkn1d,14
CC,GO:0090533,cation-transporting ATPase complex,12/3396,35/19331,0.342857143,1.951640586,2.601339685,0.013097489,0.104779914,0.090476077,atp1b1b/atp6v0b/atp6v1f/atp6v1ba/ccdc115/atp6v1ab/atp1b1a/atp6ap1a/atp6v0cb/atp1b3b/atp6v1c1a/atp6v1g1,12
BP,GO:0042074,cell migration involved in gastrulation,23/3314,82/18773,0.280487805,1.588894858,2.474396235,0.013145815,0.151210253,0.132597744,ezrb/tbx2b/vangl2/lzts2a/lbr/gpc4/megf8/smad5/ptges/cdh1/cdc42/cdh2/wnt11/rhoab/acvr1l/wnt5b/ctnnd1/eomesa/lpp/ptger4a/esrra/chrd/diaph2,23
MF,GO:0004869,cysteine-type endopeptidase inhibitor activity,7/3228,16/18430,0.4375,2.497870198,2.762023606,0.013168399,0.174674937,0.153903113,ctsf/cast/cst3/cst14b.2/cst14a.1/cst14a.2/fetub,7
MF,GO:0035925,mRNA 3'-UTR AU-rich region binding,7/3228,16/18430,0.4375,2.497870198,2.762023606,0.013168399,0.174674937,0.153903113,zgc:162730/zfp36l1a/nudt21/exosc8/exosc7/ilf3b/khsrp,7
BP,GO:0061371,determination of heart left/right asymmetry,52/3314,219/18773,0.237442922,1.34505612,2.37812042,0.013179114,0.151210253,0.132597744,man1a2/fabp3/ppp2r3a/mbd3b/tbx2b/dnah5l/cacna1c/dhfr/mical2b/odad4/mbd3a/dhrs9/atp6v1f/ntn1a/slc22a2/llgl1/ep300b/ube2ia/gdf3/pkp2/ttc17/apobec2a/smo/smad5/nipblb/snx10a/cemip2/furina/vdrb/flna/apex1/mgaa/lft1/cep104/wnt11/acvr1l/adap2/hand2/skia/carmil3/enc3/dnaaf11/itpr1b/dub/mia3/nudc/ttc4/bmpr1aa/sox17/cep162/chrd/wtip,52
BP,GO:0006099,tricarboxylic acid cycle,10/3314,27/18773,0.37037037,2.098057623,2.643586548,0.013224829,0.151210253,0.132597744,aco1/cs/aco2/ogdha/ugl/mdh1aa/fh/sdhc/sucla2/ogdhb,10
BP,GO:0009127,purine nucleoside monophosphate biosynthetic process,10/3314,27/18773,0.37037037,2.098057623,2.643586548,0.013224829,0.151210253,0.132597744,ampd2b/adka/aprt/gart/nudt2/impdh1b/paics/hprt1/impdh1a/ampd3a,10
BP,GO:0009168,purine ribonucleoside monophosphate biosynthetic process,10/3314,27/18773,0.37037037,2.098057623,2.643586548,0.013224829,0.151210253,0.132597744,ampd2b/adka/aprt/gart/nudt2/impdh1b/paics/hprt1/impdh1a/ampd3a,10
BP,GO:0030225,macrophage differentiation,10/3314,27/18773,0.37037037,2.098057623,2.643586548,0.013224829,0.151210253,0.132597744,csf3a/csf3b/qkia/irf2bp2b/mafbb/nlrc3l/sumf1/csf1ra/flt3/spi1b,10
CC,GO:0015935,small ribosomal subunit,17/3396,56/19331,0.303571429,1.728015102,2.51861011,0.013344035,0.105109935,0.090761046,rps27.1/mrps7/dap3/rps19/mrps17/mrps16/mrps11/mrps35/mrps14/mrps31/rps26/mrps24/mrps6/mrps22/mrps9/mrps15/rps3,17
BP,GO:0007259,cell surface receptor signaling pathway via JAK-STAT,13/3314,39/18773,0.333333333,1.888251861,2.570952174,0.013413087,0.151210253,0.132597744,socs3b/socs1a/m17/cntf/stat5a/mst1/socs1b/supt5h/stat1b/socs2/ghra/ptpn2b/stat4,13
BP,GO:0045727,positive regulation of translation,13/3314,39/18773,0.333333333,1.888251861,2.570952174,0.013413087,0.151210253,0.132597744,mettl5/ssb/cnbpa/nck2a/eif5a/polr2g/prr16/zgc:103482/fxr2/dhx29/upf3b/trmt10c/coa3a,13
BP,GO:0071897,DNA biosynthetic process,13/3314,39/18773,0.333333333,1.888251861,2.570952174,0.013413087,0.151210253,0.132597744,pold1/rad50/polb/pcna/nop10/rpa1/poli/lig4/poldip2/terfa/ccn2a/tert/polk,13
BP,GO:0097696,cell surface receptor signaling pathway via STAT,13/3314,39/18773,0.333333333,1.888251861,2.570952174,0.013413087,0.151210253,0.132597744,socs3b/socs1a/m17/cntf/stat5a/mst1/socs1b/supt5h/stat1b/socs2/ghra/ptpn2b/stat4,13
BP,GO:0170041,non-proteinogenic amino acid metabolic process,13/3314,39/18773,0.333333333,1.888251861,2.570952174,0.013413087,0.151210253,0.132597744,kmo/cbsb/odc1/tdo2a/azin1b/ido1/upb1/kynu/kyat3.2/cth/sardh/zgc:162816/asl,13
BP,GO:2000736,regulation of stem cell differentiation,13/3314,39/18773,0.333333333,1.888251861,2.570952174,0.013413087,0.151210253,0.132597744,fosl2/f2r/fgfr4/cdca7a/pum2/irf7/smyd5/rnf2/supt5h/nudt21/f11r.1/gpr182/ythdf2,13
BP,GO:0001889,liver development,41/3314,166/18773,0.246987952,1.399126379,2.391482038,0.013472443,0.151210253,0.132597744,klf6a/rbp4/samm50/epcam/man1a2/smc2/tomm22/tbx2b/a2ml/uhrf1/pck1/atp6ap2/supv3l1/rbm15/selenoh/hnf1ba/met/jag1b/hdac1/cldn15lb/vps33b/nckap1l/cebpa/slc2a2/mgaa/onecut1/ctnnb1/snapc2/e2f7/zfyve9a/hdac3/acvr1l/rcl1/kremen1/lrp5/enc3/pctp/nos1/fhl1b/gata6/fads2,41
BP,GO:0006778,porphyrin-containing compound metabolic process,11/3314,31/18773,0.35483871,2.010074561,2.605956368,0.013561293,0.151210253,0.132597744,tmem14a/alas1/hmox1a/ppox/blvra/bdh2/rsad1/abcb7/hmbsb/alas2/isca1,11
MF,GO:0016879,"ligase activity, forming carbon-nitrogen bonds",16/3228,52/18430,0.307692308,1.756743876,2.518075498,0.01370221,0.178473885,0.157250301,mthfd1b/fpgs/mthfd1l/gart/mthfd1a/ttll3/glulb/paics/rnf111/rnf128a/qrsl1/ttll11/ctps1a/hlcs/gatb/gss,16
BP,GO:0007094,mitotic spindle assembly checkpoint signaling,7/3314,16/18773,0.4375,2.478330567,2.738991504,0.013741584,0.151210253,0.132597744,zw10/mad2l1/ttk/bub1bb/bub3/ndc80/zwilch,7
BP,GO:0022616,DNA strand elongation,7/3314,16/18773,0.4375,2.478330567,2.738991504,0.013741584,0.151210253,0.132597744,pcna/gins1/mcm7/mcm3/pold2/dclre1b/pola1,7
BP,GO:0031577,spindle checkpoint signaling,7/3314,16/18773,0.4375,2.478330567,2.738991504,0.013741584,0.151210253,0.132597744,zw10/mad2l1/ttk/bub1bb/bub3/ndc80/zwilch,7
BP,GO:0033046,negative regulation of sister chromatid segregation,7/3314,16/18773,0.4375,2.478330567,2.738991504,0.013741584,0.151210253,0.132597744,zw10/mad2l1/ttk/bub1bb/bub3/ndc80/zwilch,7
BP,GO:0033048,negative regulation of mitotic sister chromatid segregation,7/3314,16/18773,0.4375,2.478330567,2.738991504,0.013741584,0.151210253,0.132597744,zw10/mad2l1/ttk/bub1bb/bub3/ndc80/zwilch,7
BP,GO:0045841,negative regulation of mitotic metaphase/anaphase transition,7/3314,16/18773,0.4375,2.478330567,2.738991504,0.013741584,0.151210253,0.132597744,zw10/mad2l1/ttk/bub1bb/bub3/ndc80/zwilch,7
BP,GO:0071173,spindle assembly checkpoint signaling,7/3314,16/18773,0.4375,2.478330567,2.738991504,0.013741584,0.151210253,0.132597744,zw10/mad2l1/ttk/bub1bb/bub3/ndc80/zwilch,7
BP,GO:0071174,mitotic spindle checkpoint signaling,7/3314,16/18773,0.4375,2.478330567,2.738991504,0.013741584,0.151210253,0.132597744,zw10/mad2l1/ttk/bub1bb/bub3/ndc80/zwilch,7
BP,GO:2000816,negative regulation of mitotic sister chromatid separation,7/3314,16/18773,0.4375,2.478330567,2.738991504,0.013741584,0.151210253,0.132597744,zw10/mad2l1/ttk/bub1bb/bub3/ndc80/zwilch,7
BP,GO:0009259,ribonucleotide metabolic process,48/3314,200/18773,0.24,1.35954134,2.366811262,0.01376858,0.151210253,0.132597744,ampd2b/enpp1/pde4ca/prkag2b/adka/aprt/pde4bb/gucy1a2/gart/papss2b/hk1/atp5mea/slc38a9/atp6v1ba/nudt2/atpsckmt/atp6v1ab/pkma/umps/exosc2/impdh1b/nt5c2b/atp5pf/rfk/eno1a/adcy6a/ak2/hkdc1/hk2/nudt3b/adcy5/paics/npr1a/uck1/gpia/npr1b/pfkpa/dhodh/atp5pd/pgk1/hprt1/si:dkey-219c10.4/aldoaa/ctps1a/dhtkd1/impdh1a/nudt4a/ampd3a,48
MF,GO:0016407,acetyltransferase activity,21/3228,74/18430,0.283783784,1.620240129,2.463508019,0.013910489,0.178473885,0.157250301,gcat/kat6a/esco2/nat8l2/ep300b/crebbpa/aanat1/aldh7a1/hdac1/acaa2/dlat/gnpat/zgc:154046/crata/elp3/gnpnat1/pafah1b3/nat10/fasn/acat1/naa40,21
BP,GO:1901607,alpha-amino acid biosynthetic process,17/3314,56/18773,0.303571429,1.719657945,2.497139726,0.013974016,0.15292413,0.13410066,agxtb/agxta/tha1/cbsb/glulb/psph/sephs3/aldh18a1/mthfr/cth/gls2a/pah/bhmt/asl/got1/mtr/enoph1,17
MF,GO:0005539,glycosaminoglycan binding,28/3228,106/18430,0.264150943,1.508148044,2.417688437,0.014048388,0.178473885,0.157250301,hamp/lipg/layna/fgf1a/vegfab/col5a1/vegfaa/hmmr/ncanb/sulf2b/ccn4a/vegfba/pglyrp6/appa/thbs1b/acanb/sulf1/apoeb/gnsb/ntd5/stab2/lrrc17/appb/ptprfb/slit3/lipca/mdkb/ccn2a,28
CC,GO:0019005,SCF ubiquitin ligase complex,19/3396,65/19331,0.292307692,1.663898704,2.475064125,0.014056991,0.109048176,0.094161665,fbxw7/si:ch1073-228j22.2/spsb3a/cks1b/spsb1/spsb4a/cks2/cul2/fbxw5/ccnf/fbxl15/fbxl3a/fbxl2/cul1a/fbxo48/fbxl7/fbxl14b/tmem183a/fbxo6.3,19
BP,GO:0010876,lipid localization,64/3314,279/18773,0.229390681,1.299442141,2.333137963,0.014074244,0.153478642,0.134586917,zgc:162608/mfsd2ab/rbp4/scap/prelid3b/fabp3/slc10a4/fitm2/soat2/rbp5/spns2/fabp4a/atp8a2/pitpnbl/slco3a1a/pitpnm3/slc27a2a/apol/cert1a/soat1/atg9a/osbpl10b/abcg5/apoda.2/apoba/osbpl3b/stard14/cetp/pla2g12a/abca3b/abcc4/fabp1b.1/aup1/stard13a/vmp1/apoeb/abca4b/cpt1b/npc1l1/osbpl9/slc51a/prelid1a/stab2/pitpnab/tmem30aa/npc1/atp10d/pla2g3/stard13b/osbpl2b/pctp/spns1/stard3/abcd1/slco1d1/osbp/scp2a/apobb.1/apol1/rbp2b/vtg2/npc2.1/esyt2a/gramd1c,64
BP,GO:0044772,mitotic cell cycle phase transition,35/3314,138/18773,0.253623188,1.436713372,2.384032444,0.014255305,0.154907642,0.135840021,zw10/plk3/ccni2/cdk1/ccnb1/ube2s/cdkn1a/ccne1/foxm1/mad2l1/ccnb2/ccna2/cdc25b/aurkb/ttk/dlg1b/lats1/bub1bb/bub3/waca/ccnf/ndc80/ccnb3/fbxl15/zwilch/e2f7/lats2/gnl3/topbp1/ccnd2a/gnl2/psme3/ccne2/psme2/rb1,35
MF,GO:0004518,nuclease activity,41/3228,168/18430,0.244047619,1.39336977,2.36019963,0.014493961,0.181577119,0.159984508,pold1/enpp1/las1l/rnasel2/dnase2b/n4bp1/endog/gng2/aste1a/mgme1/rnaset2l/zc3h12ab/smg6/mrpl44/isg20l2/eri1/dis3/zc3h12b/toe1/ankzf1/apex1/drosha/helz2a/dbr1/nocta/apex2/noctb/rnasekb/pop5/rcl1/cpsf3/dffb/rpp38/dclre1b/rpp14/harbi1/pms2/pld3/si:dkey-243k1.3/elac2/rexo1,41
BP,GO:0006839,mitochondrial transport,27/3314,101/18773,0.267326733,1.514340601,2.399699726,0.014778208,0.160028357,0.140330425,slc25a33/samm50/slc25a29/ucp1/ppifb/sfxn1/tomm40/slc25a55a/zgc:73226/slc25a20/slc25a51a/slc25a40/slc25a32b/slc25a15a/smdt1b/letm2/slc25a5/timm50/mpc2b/slc25a18/grpel1/abcb7/micu1/sfxn2/tomm70a/mcur1/tomm20b,27
BP,GO:0005975,carbohydrate metabolic process,78/3314,350/18773,0.222857143,1.262431244,2.294617025,0.014904691,0.160835634,0.141038334,slc3a2a/nr4a1/pfkfb3/dgat2/ppp1r3cb/gyg1b/si/prkag2b/gyg2/b4galt5/man1a2/dcxr/gpd1b/chst7/pdk2a/hk1/st8sia2/cs/st6galnac5a/pck1/st8sia6/g6pd/neu1/fggy/slc38a9/lancl1/ugp2b/hyal1/ppp1cc/pkma/edem3/lancl2/fbp2/hexa/slc3a1/pfkfb1/eno1a/pdk4/enosf1/hkdc1/hk2/cyp2r1/tkfc/hyal2a/kl/glb1l/edem2/ugl/chst10/gaa2/g6pc1a.1/man1a1/zgc:172295/chst14/gbgt1l1/gpia/ndst2a/mgat2/b4galt4/pfkpa/pmm2/galt/pdk1/h6pd/amy2a/pgk1/pgm2/aldoaa/b4galt6/khk/myorg/man2a2/dhtkd1/rpia/shpk/man1b1a/gpd1c/fbp1a,78
MF,GO:0015215,nucleotide transmembrane transporter activity,8/3228,20/18430,0.4,2.283767038,2.646924832,0.015049125,0.183436638,0.161622898,slc25a33/slc25a42/slc25a25a/slc25a51a/slc25a32b/slc25a5/slc25a17/slc35b2,8
MF,GO:0030515,snoRNA binding,8/3228,20/18430,0.4,2.283767038,2.646924832,0.015049125,0.183436638,0.161622898,tsr1/wdr3/utp6/nop10/utp25/tbl3/rrp9/nop58,8
BP,GO:0044770,cell cycle phase transition,44/3314,182/18773,0.241758242,1.36950135,2.319215868,0.015670299,0.16714299,0.146569316,zw10/plk3/ccni2/cdk1/chek2/ccnb1/ube2s/cdkn1a/ccne1/foxm1/mad2l1/dbf4/ccnb2/tp53/ccna2/cdc25b/aurkb/ttk/dlg1b/lats1/etaa1b/bub1bb/bub3/waca/ccnf/cdk5/ndc80/ccnb3/fbxl15/tipin/zwilch/e2f7/lats2/tp53bp1/ufl1/gnl3/topbp1/ccnd2a/gnl2/psme3/ccne2/psme2/rb1/rad9a,44
BP,GO:0031124,mRNA 3'-end processing,8/3314,20/18773,0.4,2.265902233,2.622530895,0.015759042,0.16714299,0.146569316,pcf11/cpsf4/tent2/nudt21/slbp/wdr33/lsm11/cpsf3,8
BP,GO:0051156,glucose 6-phosphate metabolic process,8/3314,20/18773,0.4,2.265902233,2.622530895,0.015759042,0.16714299,0.146569316,hk1/g6pd/hkdc1/hk2/g6pc1a.1/gpia/h6pd/rpia,8
BP,GO:0071229,cellular response to acid chemical,8/3314,20/18773,0.4,2.265902233,2.622530895,0.015759042,0.16714299,0.146569316,slc38a9/sesn1/lamtor3/lamtor1/sh3bp4a/castor2/lamtor5/glra1,8
BP,GO:0071230,cellular response to amino acid stimulus,8/3314,20/18773,0.4,2.265902233,2.622530895,0.015759042,0.16714299,0.146569316,slc38a9/sesn1/lamtor3/lamtor1/sh3bp4a/castor2/lamtor5/glra1,8
CC,GO:0005741,mitochondrial outer membrane,30/3396,116/19331,0.25862069,1.472142683,2.354538509,0.015880619,0.12091298,0.104406767,kmo/samm50/pgrmc1/tomm22/hk1/tomm40/zgc:73226/bcl2l10/mffa/myoc/hk2/fundc1/boka/cpt1b/mfn1b/slc44a2/mtx3/zgc:172295/tomm6/baxb/qtrt2/marc1/slc25a46/rps6kb1b/marchf5/sh3glb1a/mtfr1l/bida/tomm70a/tomm20b,30
MF,GO:0000774,adenyl-nucleotide exchange factor activity,6/3228,13/18430,0.461538462,2.635115814,2.717553075,0.01605992,0.192261259,0.169398122,hspa4a/bag2/bag3/hspbp1/hspa4l/grpel1,6
CC,GO:0016604,nuclear body,34/3396,135/19331,0.251851852,1.433612529,2.333925934,0.016100723,0.12091298,0.104406767,rbm19/maml3/ccnl1a/srsf3b/slu7/si:ch211-260e23.9/n4bp1/fam76b/srsf5b/hipk3b/ppp1cc/rnf2/zgc:86811/lrch4/rmi2/srsf1a/nudt21/scnm1/rpa1/toe1/apex1/hipk2/srp54/rnf111/smn1/lsg1/zgc:103482/pspc1/prpf18/zmp:0000001236/fbl/pqbp1/maml1/rbm8a,34
MF,GO:0060590,ATPase regulator activity,12/3228,36/18430,0.333333333,1.903139199,2.499396374,0.016199397,0.192261259,0.169398122,atp1b1b/hspa4a/bag2/bag3/hspbp1/atp1b1a/hspa4l/atp6ap1a/ahsa1b/atp1b3b/dnajc24/grpel1,12
BP,GO:0007596,blood coagulation,20/3314,70/18773,0.285714286,1.618501595,2.400352551,0.016236521,0.171619468,0.150494783,f2r/f3b/p2ry12/f2rl1.2/prrg4/f9b/f8/f7/fgb/f9a/f13a1b/thbd/tfpia/f10/f3a/lrrc32/tfpi2/bambia/serpinc1/p2ry1,20
CC,GO:0005689,U12-type spliceosomal complex,6/3396,13/19331,0.461538462,2.627208481,2.70930269,0.016294913,0.12091298,0.104406767,snrnp48/zmat5/zcrb1/sf3b1/snrnp25/lsm7,6
MF,GO:0016830,carbon-carbon lyase activity,16/3228,53/18430,0.301886792,1.723597765,2.430888996,0.016514907,0.193460337,0.170454609,acod1/tha1/csad/odc1/pck1/cry5/hacl1/azin1b/umps/hoga1/pdxdc1/paics/mlycd/amd1/aldoaa/npl,16
BP,GO:0051253,negative regulation of RNA metabolic process,84/3314,382/18773,0.219895288,1.24565306,2.245908267,0.016528457,0.173318924,0.151985053,cbx7a/nr0b2a/zc3h4/nr2f6a/bhlhe40/lhx9/tegt/nr1h5/ybx1/mbd3b/id4/tent5c/znf503/uhrf1/mbd3a/zbtb1/samd1b/ddit3/gatad2ab/hdac4/aurkb/qkia/zbtb16a/gatad2b/cnbpa/skila/rnf2/bcor/bend3/cry3a/nab1b/hdac1/noc2l/scml2/smarce1/tent2/kctd15a/supt5h/ldb2a/zbtb34/samd7/nr2f6b/sox9a/tent5ab/cbx4/nr1i2/vdrb/riox1/tgif1/hinfp/maf1b/e2f7/hdac3/impact/syncripl/zbtb20/skia/cbfa2t2/scmh1/phc1/rsf1b.1/nr1d4a/dnajb1b/nr1h3/prmt6/si:ch211-132b12.7/zbtb38/gata6/prdm5/sirt1/hif1ab/cipcb/dr1/igf2bp3/phc2a/sox4a/ciarta/sap18/si:dkey-19b23.10/smad2/tent5ba/wdr82/pphln1/cbfa2t3,84
BP,GO:0006415,translational termination,6/3314,13/18773,0.461538462,2.614502576,2.696092745,0.01667712,0.173318924,0.151985053,mtrfr/eif5a/ogfod1/etf1b/abce1/mrpl58,6
BP,GO:0038066,p38MAPK cascade,6/3314,13/18773,0.461538462,2.614502576,2.696092745,0.01667712,0.173318924,0.151985053,dusp1/map2k6/mapk14a/si:ch211-1i11.3/mapk14b/map3k5,6
BP,GO:0061842,microtubule organizing center localization,6/3314,13/18773,0.461538462,2.614502576,2.696092745,0.01667712,0.173318924,0.151985053,ndel1b/pard3ab/spout1/nin/dlgap5/mid1ip1b,6
BP,GO:1902969,mitotic DNA replication,6/3314,13/18773,0.461538462,2.614502576,2.696092745,0.01667712,0.173318924,0.151985053,mcm2/gins1/mcm6/cdc45/mcm3/pola1,6
MF,GO:0016874,ligase activity,47/3228,199/18430,0.236180905,1.348455412,2.277381513,0.017013803,0.19482329,0.171655484,mthfd1b/fpgs/mthfd1l/gcat/wars2/gart/mthfd1a/kars1/pccb/acsf2/gclm/slc27a2a/acss3/ftr23/ttll3/acsbg2/slc27a2b/atp6v1ab/glulb/nars2/sae1/aarsd1/znf451/cbx4/pcca/yars2/rtca/paics/rnf111/mccc1/lig4/rnf128a/pias2/pars2/mars2/qrsl1/atp5pd/ttll11/acss2/acacb/tars1/ctps1a/hlcs/sucla2/gatb/gss/acsl3b,47
BP,GO:0140115,export across plasma membrane,12/3314,36/18773,0.333333333,1.888251861,2.469893198,0.017191827,0.178070534,0.156151786,atp1b1b/aqp1a.1/slc47a1/slc35g1/atp1b1a/slc47a2.1/atp1b3b/slc22a18/slc47a4/atp1a3a/mlnl/fxyd5,12
BP,GO:1905039,carboxylic acid transmembrane transport,25/3314,93/18773,0.268817204,1.522783759,2.340000507,0.017257173,0.178151552,0.156222832,slc3a2a/slc16a12a/slc25a29/lrrc8db/slc1a6/slc1a5/slc38a5b/slc16a1a/sfxn1/slc7a3a/slc38a9/slc25a55a/slc25a32b/slc25a15a/slc6a7/slc16a1b/mfsd12a/slc38a2/slc16a6b/slc6a9/mpc2b/slc25a18/abcd1/sfxn2/slc1a4,25
BP,GO:1902532,negative regulation of intracellular signal transduction,45/3314,188/18773,0.239361702,1.355925538,2.270897952,0.017414741,0.17918091,0.157125486,ddit4/dusp5/dusp2/deptor/dusp8a/tnfaip3/dusp1/pik3ip1/dusp13a/uacab/dusp4/tnfaip1/il17rd/stambpa/arhgap24/sesn1/tank/spry4/cnot9/rnf2/bcor/nck2a/gpatch3/arhgap45b/mdm2/akap12b/herpud1/strn3/tbc1d7/bco2l/ptpn2b/mapkbp1/ufl1/kics2/arnt/nfkbiaa/dusp16/arhgap29b/yju2/sh3bp4a/castor2/tnfaip8l1/plekha1b/tp53bp2b/nlrx1,45
MF,GO:0003729,mRNA binding,63/3228,279/18430,0.225806452,1.289223328,2.243119581,0.017422933,0.19482329,0.171655484,ddx17/eif4g2a/zgc:162730/zfp36l1a/pcf11/stau1/aco1/cluha/pum2/n4bp1/a1cf/rbfox3b/ssb/rbm15/alyref/cpeb4b/mrps7/csdc2a/qkia/cnbpa/rbfox1/pabpc4/ddx19b/ythdf1/ptbp1a/zc3h12ab/supt5h/srsf1a/etf1b/nudt21/rbm25a/secisbp2/slbp/larp6a/zc3h12b/ddx39ab/cdc40/sf3b1/ddx61/exosc8/exosc7/syncripl/stau2/hnrnpa3/hnrpkl/rps26/ddx59/fubp1/fxr2/gemin5/upf3b/lsm14aa/msi2b/rbm8a/ythdf2/pcbp2/igf2bp3/mettl14/celf2/ilf3b/aqr/ddx3xb/khsrp,63
MF,GO:0005496,steroid binding,20/3228,71/18430,0.281690141,1.608286647,2.366356811,0.017485672,0.19482329,0.171655484,scap/pgrmc1/esr2b/soat2/slc38a9/soat1/osbpl10b/osbpl3b/smo/crp7/cetp/osbpl9/npc1/osbpl2b/stard3/osbp/npc2.1/gramd1c/esrra/esrrga,20
MF,GO:0008757,S-adenosylmethionine-dependent methyltransferase activity,41/3228,170/18430,0.241176471,1.376977185,2.275393039,0.017589208,0.19482329,0.171655484,prmt7/si:ch211-93g23.2/coq3/tmt1a.1/emg1/eef1akmt2/mettl5/ftsj3/dimt1l/thumpd3/tfb1m/smyd5/atpsckmt/bud23/carm1l/nsd1a/mettl13/setd1a/prdm9/smyd3/ehmt2/trmt1l/kmt5aa/kmt2ca/setdb1a/nsun2/setd7/nop2/as3mt/zgc:109986/pmt/fbl/prmt6/tarbp1/kmt2bb/trmt10c/setbp1/mettl14/ezh2/zgc:153372/mepcea,41
BP,GO:0042060,wound healing,28/3314,107/18773,0.261682243,1.482365947,2.31677429,0.017590367,0.180164237,0.157987775,f2r/lgals2a/f3b/p2ry12/f2rl1.2/myof/prrg4/arhgap24/f9b/f8/f7/fgb/f9a/f13a1b/serpine1/thbd/evpla/tfpia/rhoab/f10/anxa6/f3a/plecb/lrrc32/tfpi2/bambia/serpinc1/p2ry1,28
BP,GO:0007224,smoothened signaling pathway,21/3314,75/18773,0.28,1.586131563,2.354881126,0.017626659,0.180164237,0.157987775,rerea/ip6k2a/cibar1/zgc:112294/qkia/arrb2b/gatad2b/smo/boc/scube2/ift88/ryr1a/sulf1/si:ch211-185a18.2/hipk2/hhip/sufu/cdk11b/ugdh/gpr161b/sox4a,21
MF,GO:0005319,lipid transporter activity,31/3228,122/18430,0.254098361,1.450753651,2.3017916,0.017711208,0.19482329,0.171655484,zgc:162608/mfsd2ab/rbp4/prelid3b/slc10a4/ttpa/spns2/atp8a2/pitpnbl/pitpnm3/slc27a2a/cert1a/apoba/cetp/abca3b/abcc4/vmp1/apoeb/abca4b/npc1l1/prelid1a/pitpnab/npc1/atp10d/pctp/stard3/abcd1/slco1d1/apobb.1/vtg2/gramd1c,31
BP,GO:0048704,embryonic skeletal system morphogenesis,47/3314,198/18773,0.237373737,1.344664204,2.257382693,0.017798802,0.181325294,0.159005917,mapre2/egr1/crispld2/pard3ab/kat6a/cacna1c/spns2/dhrs9/nolc1/hdac4/irf6/ep300b/gfpt1/cnbpa/rnf2/polr1d/edn1/disc1/smo/bcl9/nipblb/pbx4/hspg2/auts2a/rap1b/furina/vdrb/caspa/aldh1l1/polr1a/wnt11/hand2/pygo2/wnt5b/tp73/pmm2/lrp5/mmachc/nr1h3/fam20b/mia3/wdr43/prdm5/ptpn11b/sar1b/itga5/xylt1,47
MF,GO:0008170,N-methyltransferase activity,25/3228,94/18430,0.265957447,1.518462127,2.322180359,0.017953231,0.195106197,0.171904748,prmt7/eef1akmt2/mettl5/dimt1l/tfb1m/smyd5/atpsckmt/carm1l/nsd1a/mettl13/setd1a/prdm9/smyd3/ehmt2/trmt1l/kmt5aa/kmt2ca/setdb1a/setd7/pmt/fbl/prmt6/kmt2bb/setbp1/ezh2,25
BP,GO:0048882,lateral line development,32/3314,126/18773,0.253968254,1.438668084,2.287481822,0.01812743,0.184067711,0.161410769,abhd12/epcam/cldn3c/prox1a/vangl2/gpr156/anos1a/cldnb/gpc4/rtn4a/llgl1/irf7/edn1/mcoln1b/smad5/atp2b1a/sulf1/aldh1l1/wnt11/f11r.1/hdac3/gnb1a/sh3pxd2aa/wnt5b/kremen1/lrp5/ap1b1/kif15/ctnnd1/erbb3b/mib1/wnk1b,32
BP,GO:0008593,regulation of Notch signaling pathway,18/3314,62/18773,0.290322581,1.644606459,2.353871902,0.018599582,0.186419347,0.163472942,tcima/fbxw7/llgl1/prss23/si:ch211-194k22.8/nlk1/ptbp1a/dlc/chac1/mfng/appb/nedd4a/mib1/angptl2b/ythdf2/nepro/nle1/rfng,18
MF,GO:0003682,chromatin binding,63/3228,280/18430,0.225,1.284618959,2.211422943,0.018736016,0.201189119,0.177264307,klf6a/egr1/h1-0/asxl1/rerea/mcm2/smc2/kat6a/si:ch211-103n10.5/hells/wdhd1/ncaph/histh1l2/samd1b/si:dkey-108k21.10/tox/tp53/ctcf/ep300b/zgc:110425/crebbpa/cnbpa/myod1/rnf2/cdc45/cbx1a/scml2/nipblb/hmgn3/waca/ldb2a/samd7/sox9a/sbno2a/mcm3/pbrm1/npm3/setdb1a/dnajc2/tox3/atrx/hpf1/hdac3/ikzf5/chd2/pou5f3/tox4a/scmh1/phc1/si:dkey-261m9.12/mllt3/hif1ab/phf1/taf10/npm1a/ezh2/sp7/phc2a/hnrnpua/tox2/si:ch211-269e2.1/pola1/wdr82,63
BP,GO:0009165,nucleotide biosynthetic process,38/3314,155/18773,0.24516129,1.388778788,2.250311936,0.01891039,0.186419347,0.163472942,ampd2b/kmo/adka/aprt/gucy1a2/gart/papss2b/rrm1/prps1b/atp5mea/kars1/nadk2/tyms/nudt2/prpsap2/aspdh/atpsckmt/umps/ido1/impdh1b/nadkb/atp5pf/rfk/kynu/adcy6a/ak2/adcy5/paics/npr1a/uck1/rrm2/npr1b/dhodh/atp5pd/hprt1/ctps1a/impdh1a/ampd3a,38
BP,GO:0048732,gland development,61/3314,268/18773,0.22761194,1.289366009,2.209078727,0.018933318,0.186419347,0.163472942,klf6a/rbp4/lnx2a/samm50/epcam/man1a2/mcm2/smc2/tomm22/tbx2b/a2ml/uhrf1/cdca7a/pck1/atp6ap2/dhrs9/supv3l1/rbm15/ntn1a/vegfaa/ppdpfa/selenoh/hnf1ba/met/jag1b/hdac1/smo/utp25/cldn15lb/vps33b/ehmt2/nckap1l/cebpa/tbl3/slc2a2/mgaa/onecut1/ctnnb1/snapc2/e2f7/srp54/zfyve9a/hdac3/dhps/acvr1l/hand2/rcl1/foxa3/kremen1/lrp5/enc3/pctp/nos1/abcd1/fhl1b/gata6/itga5/ptger4a/etsrp/fads2/hey1,61
BP,GO:0007599,hemostasis,20/3314,71/18773,0.281690141,1.595705798,2.328401129,0.018951892,0.186419347,0.163472942,f2r/f3b/p2ry12/f2rl1.2/prrg4/f9b/f8/f7/fgb/f9a/f13a1b/thbd/tfpia/f10/f3a/lrrc32/tfpi2/bambia/serpinc1/p2ry1,20
MF,GO:0140939,histone H4 methyltransferase activity,5/3228,10/18430,0.5,2.854708798,2.703324641,0.019006281,0.20169018,0.177705784,prmt7/smyd5/prdm9/kmt5aa/prmt6,5
CC,GO:0033180,"proton-transporting V-type ATPase, V1 domain",5/3396,10/19331,0.5,2.846142521,2.695716139,0.019247214,0.138796811,0.11984922,atp6v1f/atp6v1ba/atp6v1ab/atp6v1c1a/atp6v1g1,5
CC,GO:0044545,NSL complex,5/3396,10/19331,0.5,2.846142521,2.695716139,0.019247214,0.138796811,0.11984922,kansl3/kansl1l/kansl1a/mcrs1/phf20b,5
BP,GO:0006544,glycine metabolic process,5/3314,10/18773,0.5,2.832377791,2.683519196,0.019638806,0.186419347,0.163472942,agxtb/agxta/tha1/gcshb/amt,5
BP,GO:0008300,isoprenoid catabolic process,5/3314,10/18773,0.5,2.832377791,2.683519196,0.019638806,0.186419347,0.163472942,srd5a3/bco2l/plpp6/bco1l/bco1,5
BP,GO:0042574,retinal metabolic process,5/3314,10/18773,0.5,2.832377791,2.683519196,0.019638806,0.186419347,0.163472942,dhrs9/rpe65a/bco2l/bco1l/bco1,5
BP,GO:1902475,L-alpha-amino acid transmembrane transport,14/3314,45/18773,0.311111111,1.762368403,2.370643621,0.019719616,0.186419347,0.163472942,slc3a2a/slc25a29/slc1a6/slc1a5/slc38a5b/slc7a3a/slc38a9/slc25a55a/slc25a15a/slc6a7/slc38a2/slc6a9/slc25a18/slc1a4,14
BP,GO:0002011,morphogenesis of an epithelial sheet,28/3314,108/18773,0.259259259,1.468640336,2.261405128,0.019855175,0.186419347,0.163472942,epcam/rerea/ezrb/cyth1a/g6pd/ntn1a/sdc3/arhgap24/gdf3/megf8/cdk5rap3/cldne/sdcbp2/bcl2l10/ltb4r/cdh1/npc1/rhoab/rnf111/apoa2/pou5f3/arhgef7b/eomesa/ctsba/rhov/sox4a/diaph2/sdc2,28
BP,GO:0006595,polyamine metabolic process,7/3314,17/18773,0.411764706,2.332546416,2.54493984,0.019863141,0.186419347,0.163472942,oaz1b/smox/odc1/azin1b/agmat/dhps/amd1,7
BP,GO:0006743,ubiquinone metabolic process,7/3314,17/18773,0.411764706,2.332546416,2.54493984,0.019863141,0.186419347,0.163472942,pptc7b/pptc7a/coq3/pdss1/coq8aa/ubiad1/ndufa9a,7
BP,GO:0006744,ubiquinone biosynthetic process,7/3314,17/18773,0.411764706,2.332546416,2.54493984,0.019863141,0.186419347,0.163472942,pptc7b/pptc7a/coq3/pdss1/coq8aa/ubiad1/ndufa9a,7
BP,GO:0009226,nucleotide-sugar biosynthetic process,7/3314,17/18773,0.411764706,2.332546416,2.54493984,0.019863141,0.186419347,0.163472942,gfpt1/gfpt2/uap1/gnpnat1/ugdh/gfus.1/pmm2,7
BP,GO:0009309,amine biosynthetic process,7/3314,17/18773,0.411764706,2.332546416,2.54493984,0.019863141,0.186419347,0.163472942,oaz1b/odc1/th2/dbh/azin1b/agmat/amd1,7
BP,GO:0033260,nuclear DNA replication,7/3314,17/18773,0.411764706,2.332546416,2.54493984,0.019863141,0.186419347,0.163472942,mcm2/gins1/mcm6/dbf4/cdc45/mcm3/pola1,7
BP,GO:0042401,biogenic amine biosynthetic process,7/3314,17/18773,0.411764706,2.332546416,2.54493984,0.019863141,0.186419347,0.163472942,oaz1b/odc1/th2/dbh/azin1b/agmat/amd1,7
BP,GO:0051985,negative regulation of chromosome segregation,7/3314,17/18773,0.411764706,2.332546416,2.54493984,0.019863141,0.186419347,0.163472942,zw10/mad2l1/ttk/bub1bb/bub3/ndc80/zwilch,7
BP,GO:0060232,delamination,7/3314,17/18773,0.411764706,2.332546416,2.54493984,0.019863141,0.186419347,0.163472942,f2r/tet2/cxcl8a/tet3/nedd4a/ythdf2/cdh5,7
BP,GO:1901661,quinone metabolic process,7/3314,17/18773,0.411764706,2.332546416,2.54493984,0.019863141,0.186419347,0.163472942,pptc7b/pptc7a/coq3/pdss1/coq8aa/ubiad1/ndufa9a,7
BP,GO:1901663,quinone biosynthetic process,7/3314,17/18773,0.411764706,2.332546416,2.54493984,0.019863141,0.186419347,0.163472942,pptc7b/pptc7a/coq3/pdss1/coq8aa/ubiad1/ndufa9a,7
BP,GO:1902100,negative regulation of metaphase/anaphase transition of cell cycle,7/3314,17/18773,0.411764706,2.332546416,2.54493984,0.019863141,0.186419347,0.163472942,zw10/mad2l1/ttk/bub1bb/bub3/ndc80/zwilch,7
BP,GO:1905819,negative regulation of chromosome separation,7/3314,17/18773,0.411764706,2.332546416,2.54493984,0.019863141,0.186419347,0.163472942,zw10/mad2l1/ttk/bub1bb/bub3/ndc80/zwilch,7
BP,GO:0007179,transforming growth factor beta receptor signaling pathway,17/3314,58/18773,0.293103448,1.660359395,2.332062944,0.019863863,0.186419347,0.163472942,bcl9l/tgfb3/tp53/skila/smad5/tgif1/rnf111/acvr1l/ldlrad4a/skia/bambia/tgfbr2b/tgfbr2l/lpxn/acvrl1/ppm1bb/smad2,17
BP,GO:0071559,response to transforming growth factor beta,17/3314,58/18773,0.293103448,1.660359395,2.332062944,0.019863863,0.186419347,0.163472942,bcl9l/tgfb3/tp53/skila/smad5/tgif1/rnf111/acvr1l/ldlrad4a/skia/bambia/tgfbr2b/tgfbr2l/lpxn/acvrl1/ppm1bb/smad2,17
BP,GO:0071560,cellular response to transforming growth factor beta stimulus,17/3314,58/18773,0.293103448,1.660359395,2.332062944,0.019863863,0.186419347,0.163472942,bcl9l/tgfb3/tp53/skila/smad5/tgif1/rnf111/acvr1l/ldlrad4a/skia/bambia/tgfbr2b/tgfbr2l/lpxn/acvrl1/ppm1bb/smad2,17
BP,GO:0006325,chromatin organization,82/3314,375/18773,0.218666667,1.238693221,2.161778719,0.020149798,0.18853149,0.1653251,h1-0/prmt7/kansl3/mbd3b/kat6a/nasp/uhrf1/hells/spty2d1/mbd3a/epc1b/ppm1db/ino80b/histh1l2/kdm7ab/dpf3/hdac4/si:dkey-108k21.10/zgc:110425/znf644a/smyd5/brd3b/rnf2/bend3/prdm14/rrp8/jarid2a/cbx1a/kdm2aa/cfdp1/hdac1/carm1l/znfx1/kdm5a/nsd1a/supt5h/mms22l/hmgn3/setd1a/waca/prdm9/hcfc1a/tonsl/ehmt2/si:ch211-13c6.2/kdm5c/epc1a/cecr2/kmt5aa/kmt2ca/riox1/pbrm1/npm3/apex1/setdb1a/dnajc2/tet3/ddx39ab/atrx/brd3a/hpf1/setd7/hdac3/ino80c/chd2/pou5f3/smarcb1a/ino80/prmt6/anp32e/cenpi/si:dkey-261m9.12/cenpn/kmt2bb/sirt1/h2az2a/phf1/kmt2e/npm1a/si:ch1073-153i20.5/ezh2/pphln1,82
MF,GO:0042054,histone methyltransferase activity,18/3228,63/18430,0.285714286,1.63126217,2.312747445,0.020293674,0.212847599,0.187536395,prmt7/eef1akmt2/smyd5/carm1l/nsd1a/setd1a/prdm9/smyd3/ehmt2/kmt5aa/kmt2ca/setdb1a/setd7/fbl/prmt6/kmt2bb/setbp1/ezh2,18
BP,GO:0001525,angiogenesis,79/3314,360/18773,0.219444444,1.243099142,2.156320072,0.02050923,0.191316518,0.167767319,slc2a1b/fbxw7/rnasel2/akr1a1a/lgals2a/hs6st2/ptprb/wars2/bmper/kif11/spns2/cxcl8a/fgf1a/hlx1/vegfab/arhgap18/ntn1a/igf2b/rtn4a/vegfaa/tp53/gng2/sdf4/itgb8/bcar1/ppp1cc/plekhh1/pkma/rab11a/lpar4/scube2/hspg2/plcg1/ldb2a/nfkb2/thbs1b/jcada/cemip2/eif4e2/serpinf1/birc5a/cdc42/serpine1/hmga2/mtbl/srpx2/drosha/git1/e2f7/hdac3/ephb3a/utp15/notch1b/wnt5b/kremen1/f3a/ptger3/shc1/arhgef7b/wdr43/ephb4a/sirt1/hif1ab/cds2/itga5/acvrl1/sox17/mib1/itgb1a/tars1/angptl2b/tie1/etsrp/psme3/hspa12b/myh9a/cdh5/sdc2/wnk1b,79
BP,GO:0042246,tissue regeneration,38/3314,156/18773,0.243589744,1.37987636,2.20592399,0.020860094,0.194005141,0.170124998,junbb/col1a1a/hbegfa/foxm1/esco2/atp6v1e1b/igf2b/cebpd/hmmr/ttk/acvr1ba/apoda.2/axin1/apobec2a/jag1b/hdac1/sdcbp2/cldn3d/tnfrsf1a/tubb5/hspa8/plcg1/acanb/cdh2/tgif1/smn1/serpinh1b/notch1b/wnt5b/pou5f3/lrp5/lgmn/dspb/gemin5/sirt1/erbb3b/ctsba/ezh2,38
CC,GO:0051233,spindle midzone,8/3396,21/19331,0.380952381,2.16848954,2.473244621,0.021013013,0.149425871,0.129027273,mapre2/unc119a2/cdca8/firrm/aurka/aurkb/prc1b/mapre3b,8
MF,GO:0016709,"oxidoreductase activity, acting on paired donors, with incorporation or reduction of molecular oxygen, NAD(P)H as one donor, and incorporation of one atom of oxygen",10/3228,29/18430,0.344827586,1.968764688,2.405824097,0.021312006,0.220958954,0.194683173,kmo/cyp27b1/cyp46a1.5/si:dkey-239i20.2/mical2b/mical3a/cyp46a1.1/cyp7a1/ubiad1/nos1,10
BP,GO:0048514,blood vessel morphogenesis,96/3314,448/18773,0.214285714,1.213876196,2.121388905,0.021633918,0.199701783,0.175120439,slc2a1b/fbxw7/rnasel2/akr1a1a/lgals2a/hs6st2/angptl4/ptprb/wars2/bmper/sema3aa/kif11/pard3ab/spns2/cxcl8a/fgf1a/marcksl1a/hlx1/vegfab/adrb1/arhgap18/ntn1a/igf2b/rtn4a/vegfaa/tp53/gng2/sdf4/itgb8/bcar1/ppp1cc/plekhh1/pkma/map3k7/rab11a/egfl7/smo/ntn4/lpar4/smad5/scube2/fbn2b/hspg2/plcg1/ldb2a/dlc/nfkb2/thbs1b/jcada/cemip2/fktn/eif4e2/serpinf1/sulf1/birc5a/cdc42/serpine1/hmga2/mtbl/srpx2/drosha/git1/e2f7/hdac3/ephb3a/utp15/notch1b/wnt5b/egfra/kremen1/f3a/ptger3/shc1/stat4/cdh13/arhgef7b/wdr43/ephb4a/sirt1/hif1ab/cds2/itga5/acvrl1/sox17/mib1/itgb1a/tars1/angptl2b/tie1/etsrp/psme3/hspa12b/myh9a/cdh5/sdc2/wnk1b,96
CC,GO:0000781,"chromosome, telomeric region",10/3396,29/19331,0.344827586,1.962856911,2.395429144,0.021740465,0.152481073,0.1316654,rad50/smc5/smg6/rif1/nsmce4a/atrx/zgc:113263/dclre1b/terfa/tert,10
BP,GO:0048925,lateral line system development,35/3314,142/18773,0.246478873,1.396242573,2.194461928,0.021772485,0.199701783,0.175120439,abhd12/epcam/cldn3c/egr2b/prox1a/vangl2/gpr156/anos1a/cldnb/gpc4/rtn4a/llgl1/irf7/edn1/mcoln1b/smad5/atp2b1a/nsfa/sulf1/aldh1l1/wnt11/f11r.1/hdac3/gnb1a/sh3pxd2aa/wnt5b/kremen1/lrp5/ap1b1/kif15/ctnnd1/erbb3b/mib1/cdh6/wnk1b,35
BP,GO:0006414,translational elongation,18/3314,63/18773,0.285714286,1.618501595,2.276748353,0.021859511,0.199701783,0.175120439,eef1a1l1/gtpbp1l/gfm1/ltn1/ell2/mtrfr/eif5a/supt5h/secisbp2/eef2k/mrpl44/gtpbp2b/elof1/ufl1/eefsec/rplp1/tcea3/elocb,18
BP,GO:0008652,amino acid biosynthetic process,18/3314,63/18773,0.285714286,1.618501595,2.276748353,0.021859511,0.199701783,0.175120439,agxtb/agxta/tha1/cbsb/glulb/upb1/psph/sephs3/aldh18a1/mthfr/cth/gls2a/pah/bhmt/asl/got1/mtr/enoph1,18
BP,GO:0031109,microtubule polymerization or depolymerization,18/3314,63/18773,0.285714286,1.618501595,2.276748353,0.021859511,0.199701783,0.175120439,mapre2/ndel1b/stmn1b/nin/slain2/ckap5/clasp1a/si:ch211-266i6.3/katnb1/stmn2a/stmn4l/apc2/haus2/mapre3b/dchs1b/tubgcp4/map1sb/ska1,18
BP,GO:0052548,regulation of endopeptidase activity,18/3314,63/18773,0.285714286,1.618501595,2.276748353,0.021859511,0.199701783,0.175120439,pycard/esco2/tp53/cast/casp8/cenph/serpinf1/serpine1/hip1rb/serpini1/serpine2/serpinh1b/baxb/serpina7/psme3/psme2/lamtor5/rb1,18
MF,GO:0004519,endonuclease activity,27/3228,105/18430,0.257142857,1.468135953,2.216725608,0.022075005,0.224504321,0.197806935,las1l/rnasel2/dnase2b/endog/gng2/aste1a/rnaset2l/zc3h12ab/smg6/mrpl44/dis3/zc3h12b/ankzf1/apex1/drosha/dbr1/apex2/rnasekb/pop5/rcl1/cpsf3/dffb/rpp38/rpp14/pms2/si:dkey-243k1.3/elac2,27
MF,GO:0140097,"catalytic activity, acting on DNA",50/3228,217/18430,0.230414747,1.315534008,2.154530178,0.022151757,0.224504321,0.197806935,pold1/mcm5/polb/dnase2b/tet2/mcm2/top2a/mcm7/hells/mcm6/supv3l1/cry5/twnk/endog/ercc6l/aste1a/sulf2b/mgme1/ercc6/msh2/rfc2/mcm3/apex1/rfc4/mlh1/ercc6l2/helz2a/atrx/apex2/poli/lig4/chd2/alkbh1/atad5a/polm/dffb/ino80/dclre1b/bptf/terfa/pms2/pif1/tdg.2/ogg1/recql5/pola1/tert/rps3/polk/mcm8,50
BP,GO:0008033,tRNA processing,28/3314,109/18773,0.256880734,1.455166572,2.206592163,0.022343288,0.202970918,0.177987175,ssb/qng1/thumpd3/zbtb8os/thg1l/adat1/trpt1/thumpd1/trmt1l/elp1/rpusd4/nsun2/elp3/wdr6/kti12/pop5/trmt6/qtrt2/rpp38/tprkb/rpp14/trnt1/adat3/tarbp1/nat10/trmt10c/pus3/elac2,28
BP,GO:0045746,negative regulation of Notch signaling pathway,9/3314,25/18773,0.36,2.03931201,2.407572111,0.022348428,0.202970918,0.177987175,tcima/fbxw7/si:ch211-194k22.8/nlk1/ptbp1a/dlc/chac1/nedd4a/ythdf2,9
BP,GO:2000116,regulation of cysteine-type endopeptidase activity,10/3314,29/18773,0.344827586,1.953363994,2.378852054,0.022438578,0.203193791,0.178182615,pycard/esco2/tp53/cast/casp8/cenph/hip1rb/baxb/lamtor5/rb1,10
BP,GO:0051302,regulation of cell division,15/3314,50/18773,0.3,1.699426675,2.292874589,0.022514067,0.203282986,0.178260831,kdf1b/fgf1a/tgfb3/cp110/vegfaa/tp53/klhl13/aurka/aurkb/gdf3/smyd5/e2f7/zfyve26/birc6/mdkb,15
MF,GO:0005543,phospholipid binding,67/3228,303/18430,0.221122112,1.262478478,2.122850109,0.022655286,0.227056308,0.200055447,si:ch211-195b13.1/zgc:162608/si:rp71-46j2.7/pik3c2g/phlda2/arhgap32a/ttpa/pard3ab/pcf11/nup35/dennd1a/pacsin1b/si:ch211-200p22.4/pitpnbl/plekhf2/cert1a/rubcn/syt15/bin2a/amer1/stam/anxa13/psd2/syt12/dapp1/snx14/pcyt1bb/cetp/cpne3/snx10a/pick1/plekhn1/scinlb/apoeb/sptbn2/hip1rb/pxdc1b/c2cd5/snx19a/pitpnab/plekha5/sptbn5/adap2/anxa6/sh3pxd2aa/zcchc14/snx11/tpcn2/pctp/gga3b/zgc:92606/zfyve26/snx12/syt9b/sgip1b/mtss1la/plekha1b/epn1b/snx18a/havcr1/esyt2a/cpne1/myo10/hgs/pik3c2b/stam2/pla2g4f.1,67
CC,GO:0005777,peroxisome,24/3396,91/19331,0.263736264,1.501261989,2.212619162,0.02296128,0.156749007,0.135350705,agxtb/agxta/gstk1/pxmp2/hacl1/acox3/pex14/crot/mffa/gnpat/zgc:154046/decr2/crata/lonp2/slc25a17/acaa1/pex11a/mlycd/pipox/abcd1/scp2a/hmgcra/pex12/tysnd1,24
CC,GO:0042579,microbody,24/3396,91/19331,0.263736264,1.501261989,2.212619162,0.02296128,0.156749007,0.135350705,agxtb/agxta/gstk1/pxmp2/hacl1/acox3/pex14/crot/mffa/gnpat/zgc:154046/decr2/crata/lonp2/slc25a17/acaa1/pex11a/mlycd/pipox/abcd1/scp2a/hmgcra/pex12/tysnd1,24
BP,GO:0050878,regulation of body fluid levels,23/3314,86/18773,0.26744186,1.514992772,2.216263493,0.023043461,0.207458135,0.18192206,f2r/tjp3/aqp1a.1/f3b/p2ry12/f2rl1.2/prrg4/f9b/f8/f7/fgb/f9a/f13a1b/thbd/vamp8/tfpia/f10/f3a/lrrc32/tfpi2/bambia/serpinc1/p2ry1,23
BP,GO:0060041,retina development in camera-type eye,67/3314,301/18773,0.222591362,1.260925661,2.112924149,0.023156024,0.207867268,0.182280833,egr1/ctsd/abhd12/cldn3c/cdk1/rdh5/mcm2/hbegfa/itga6b/tbx2b/plk1/toporsa/socs1a/ndp/atp6v0b/marcksl1a/atp6v1f/atp6v1e1b/polr3f/fgf19/tyms/llgl1/ccna2/znf644a/f8/rnf2/bcor/cfdp1/hdac1/exosc2/smo/nrf1/cux2b/pbx4/cacna2d4b/crk/inpp5e/slbp/ehmt2/nfat5b/cdc42/usp45/cdk5/mcm3/rfc4/cdh2/mcrs1/kirrel1a/snx19a/paics/sptbn5/gnl3/exoc5/ift172/nek2/rcbtb1/ttll11/synj1/csf1ra/bmp7b/itga5/mib1/itgb1a/cdh6/crkl/tubgcp4/gnl2,67
BP,GO:0006029,proteoglycan metabolic process,17/3314,59/18773,0.288135593,1.63221771,2.251905579,0.023441194,0.209214345,0.183462098,b4galt5/hs6st2/chst7/cant1a/gpc4/cog4/chpfa/sulf2b/sulf1/chst10/xylt2/chst14/ndst2a/fam20b/pxylp1/slc35b2/xylt1,17
BP,GO:0045862,positive regulation of proteolysis,17/3314,59/18773,0.288135593,1.63221771,2.251905579,0.023441194,0.209214345,0.183462098,cdc20/adam8a/pycard/esco2/tp53/axin1/fzr1a/sh3rf1/csnk1e/ccdc22/caspa/hip1rb/baxb/aurkaip1/psme3/psme2/rb1,17
MF,GO:0120013,lipid transfer activity,13/3228,42/18430,0.30952381,1.767200684,2.293684413,0.023730567,0.227966019,0.200856978,zgc:162608/prelid3b/ttpa/pitpnbl/cert1a/apoba/cetp/apoeb/prelid1a/pitpnab/stard3/apobb.1/gramd1c,13
BP,GO:0001895,retina homeostasis,14/3314,46/18773,0.304347826,1.724056047,2.276448458,0.023865603,0.212390148,0.18624699,dram2b/ift74/mcoln1b/nrf1/ift88/cdc42/usp45/exoc5/ift172/nxnl2/ift57/kif3a/syne2a/dctn2,14
MF,GO:0016408,C-acyltransferase activity,6/3228,14/18430,0.428571429,2.446893255,2.49557221,0.024009725,0.227966019,0.200856978,gcat/sptlc2b/acaa2/acaa1/scp2a/acat1,6
MF,GO:0017116,single-stranded DNA helicase activity,6/3228,14/18430,0.428571429,2.446893255,2.49557221,0.024009725,0.227966019,0.200856978,mcm5/mcm2/mcm7/mcm6/mcm3/mcm8,6
MF,GO:0031210,phosphatidylcholine binding,6/3228,14/18430,0.428571429,2.446893255,2.49557221,0.024009725,0.227966019,0.200856978,pitpnbl/pcyt1bb/cetp/pitpnab/pctp/esyt2a,6
MF,GO:0070403,NAD+ binding,6/3228,14/18430,0.428571429,2.446893255,2.49557221,0.024009725,0.227966019,0.200856978,hadhab/cryl1/sirt5/sirt3/sirt1/si:dkey-103i16.6,6
BP,GO:0060027,convergent extension involved in gastrulation,24/3314,91/18773,0.263736264,1.494001472,2.187147546,0.024214942,0.214806077,0.188365542,vangl2/gpc4/lurap1/gdf3/lats1/disc1/smad5/csk/desi2/rap1b/cdh1/ptprea/cdh2/mapk9/lats2/acvr1l/iqgap3/wnt5b/dnaaf11/tab2/lpp/tnika/chrd/diaph2,24
BP,GO:1901136,carbohydrate derivative catabolic process,37/3314,153/18773,0.241830065,1.369908213,2.127113564,0.024884421,0.214806077,0.188365542,zgc:162941/pde4ca/prkag2b/pde4bb/asah1b/gpd1b/hk1/neu1/slc38a9/hyal1/zgc:103586/pkma/edem3/hexa/hoga1/pglyrp6/eno1a/cemip2/hkdc1/hk2/hyal2a/nudt15/nudt3b/edem2/gpia/cdab/dctd/pfkpa/pgk1/si:dkey-219c10.4/ngly1/aldoaa/npl/dhtkd1/nudt4a/gpd1c/fbxo6.3,37
BP,GO:0000097,sulfur amino acid biosynthetic process,6/3314,14/18773,0.428571429,2.427752392,2.474303098,0.024900026,0.214806077,0.188365542,cbsb/mthfr/cth/bhmt/mtr/enoph1,6
BP,GO:0001678,intracellular glucose homeostasis,6/3314,14/18773,0.428571429,2.427752392,2.474303098,0.024900026,0.214806077,0.188365542,hk1/pck1/cyp7a1/hkdc1/hk2/slc39a14,6
BP,GO:0006271,DNA strand elongation involved in DNA replication,6/3314,14/18773,0.428571429,2.427752392,2.474303098,0.024900026,0.214806077,0.188365542,pcna/gins1/mcm7/mcm3/pold2/pola1,6
BP,GO:0040037,negative regulation of fibroblast growth factor receptor signaling pathway,6/3314,14/18773,0.428571429,2.427752392,2.474303098,0.024900026,0.214806077,0.188365542,dusp4/il17rd/spry4/sulf2b/supt5h/sulf1,6
BP,GO:0042953,lipoprotein transport,6/3314,14/18773,0.428571429,2.427752392,2.474303098,0.024900026,0.214806077,0.188365542,unc119a2/apoba/unc119b/vmp1/mia3/apobb.1,6
BP,GO:0044872,lipoprotein localization,6/3314,14/18773,0.428571429,2.427752392,2.474303098,0.024900026,0.214806077,0.188365542,unc119a2/apoba/unc119b/vmp1/mia3/apobb.1,6
BP,GO:0046164,alcohol catabolic process,6/3314,14/18773,0.428571429,2.427752392,2.474303098,0.024900026,0.214806077,0.188365542,cyp46a1.5/srd5a3/cyp46a1.1/cyp7a1/tkfc/zgc:172295,6
BP,GO:0071025,RNA surveillance,6/3314,14/18773,0.428571429,2.427752392,2.474303098,0.024900026,0.214806077,0.188365542,supv3l1/exosc2/dis3/exosc8/exosc7/wdr82,6
BP,GO:0098508,endothelial to hematopoietic transition,6/3314,14/18773,0.428571429,2.427752392,2.474303098,0.024900026,0.214806077,0.188365542,f2r/tet2/cxcl8a/tet3/nedd4a/ythdf2,6
BP,GO:0003143,embryonic heart tube morphogenesis,38/3314,158/18773,0.240506329,1.36240957,2.118056336,0.025236887,0.217107333,0.190383535,fabp3/ppp2r3a/tbx2b/cacna1c/spns2/dhfr/mical2b/dhrs9/atp6v1f/ntn1a/llgl1/ep300b/ube2ia/gdf3/pkp2/apobec2a/smo/smad5/nipblb/snx10a/cemip2/furina/vdrb/apex1/mgaa/cep104/wnt11/acvr1l/adap2/hand2/skia/dnaaf11/dub/mia3/bmpr1aa/cep162/chrd/wtip,38
BP,GO:0006090,pyruvate metabolic process,20/3314,73/18773,0.273972603,1.551987831,2.187816817,0.025425041,0.218120087,0.19127163,agxtb/prkag2b/me1/pdk2a/hk1/pck1/slc38a9/pkma/ldhba/dlat/eno1a/pdk4/hkdc1/hk2/gpia/pfkpa/pdk1/pgk1/aldoaa/dhtkd1,20
MF,GO:0015179,L-amino acid transmembrane transporter activity,19/3228,69/18430,0.275362319,1.572158468,2.194118071,0.025490929,0.239508524,0.211026883,slc3a2a/slc25a29/slc1a6/slc1a5/slc38a3b/slc38a5b/slc7a3a/slc38a9/slc25a55a/slc38a7/slc25a15a/ctns/slc38a2/slc43a2b/slc6a9/slc25a18/slc16a10/slc32a1/slc1a4,19
BP,GO:0022408,negative regulation of cell-cell adhesion,18/3314,64/18773,0.28125,1.593212508,2.200978626,0.025537686,0.218481251,0.191588337,f2r/si:ch211-241b2.5/tet2/hhla2b.2/cxcl8a/ptpn22/zgc:123297/zgc:153911/cd276/tet3/zgc:153759/acvr1l/hhla2b.1/si:dkey-22i16.9/nedd4a/lgals9l3/ythdf2/cdh5,18
BP,GO:0048562,embryonic organ morphogenesis,101/3314,477/18773,0.211740042,1.199455585,2.042998936,0.02563838,0.218738467,0.191813893,mapre2/fzd8a/egr1/epcam/crispld2/cldn3c/fabp3/hs6st2/bmper/rerea/ppp2r3a/mfap5/pard3ab/tbx2b/kat6a/znf503/vangl2/cacna1c/spns2/pacsin1b/dhfr/mical2b/odad4/dhrs9/atp6v1f/nolc1/ntn1a/hdac4/irf6/llgl1/ep300b/ube2ia/hnf1ba/gdf3/pkp2/gfpt1/cnbpa/rnf2/polr1d/edn1/disc1/axin1/apobec2a/jag1b/smo/smad5/bcl9/fbn2b/nipblb/pbx4/hspg2/psmc3/auts2a/snx10a/cemip2/sox9a/rap1b/furina/vdrb/caspa/apex1/aldh1l1/polr1a/cdh2/mgaa/cep104/wnt11/npc1/acvr1l/adap2/hand2/pygo2/wnt5b/tp73/skia/pmm2/lrp5/col27a1b/mmachc/dnaaf11/lum/nr1h3/dub/fam20b/mia3/ttll11/wdr43/ttc4/bmpr1aa/prdm5/ptpn11b/ccdc57/sar1b/itga5/mib1/npc2.1/xylt1/cep162/sox4a/chrd/wtip,101
BP,GO:0048872,homeostasis of number of cells,40/3314,168/18773,0.238095238,1.348751329,2.102308767,0.025843495,0.219882701,0.192817283,klf6a/nr4a3/tet2/rps27.1/pdcd2/tfr1a/alas1/sfxn1/adnp2b/p2ry12/stat5a/tp53/kif2c/melk/ftcd/rps19/sae1/adora2aa/ift88/epg5/prdm15/slc40a1/hif1al/slc4a1a/trim33/ufl1/bdh2/rplp1/gfi1b/cdin1/cicb/zrsr2/alas2/spi1b/hemgn/gfi1aa/klf9/tert/rps3/polr3k,40
MF,GO:0016701,"oxidoreductase activity, acting on single donors with incorporation of molecular oxygen",11/3228,34/18430,0.323529412,1.847164516,2.278309909,0.026150702,0.240693195,0.212070676,ptgs2b/hpda/tdo2a/ido1/rpe65a/hgd/bco2l/adob/sumf1/bco1l/bco1,11
MF,GO:0050661,NADP binding,11/3228,34/18430,0.323529412,1.847164516,2.278309909,0.026150702,0.240693195,0.212070676,qdpra/si:dkey-239i20.2/dhfr/g6pd/nnt/aspdh/kdsr/ndor1/nos1/h6pd/hmgcra,11
CC,GO:0005814,centriole,17/3396,60/19331,0.283333333,1.612814095,2.194704121,0.026335275,0.177416588,0.15319689,c2cd3/cp110/cibar1/ftcd/nin/rab44/ift88/ccnf/si:ch211-185a18.2/ttn.2/cenpj/tubd1/odf2a/sclt1/plk4/cep135/cep162,17
BP,GO:1902414,protein localization to cell junction,12/3314,38/18773,0.315789474,1.788870184,2.253778946,0.026459981,0.224511124,0.196875992,tjp3/pard3ab/stau1/dlg1b/rab11a/tjp1b/tjp2b/rab44/cgnl1/stau2/arhgef7b/rhov,12
BP,GO:0040029,epigenetic regulation of gene expression,30/3314,120/18773,0.25,1.416188896,2.117617867,0.026541062,0.224583792,0.196939715,prmt7/mbd3b/uhrf1/hells/spty2d1/mbd3a/ppm1db/znf644a/smyd5/rnf2/bend3/prdm14/rrp8/cbx1a/hdac1/znfx1/nsd1a/ehmt2/si:ch211-13c6.2/apex1/setdb1a/tet3/ddx39ab/hdac3/sirt1/h2az2a/phf1/si:ch1073-153i20.5/ezh2/pphln1,30
BP,GO:0048821,erythrocyte development,15/3314,51/18773,0.294117647,1.666104583,2.205424605,0.026836829,0.225988391,0.198171422,klf6a/alas1/sfxn1/adnp2b/stat5a/tp53/melk/rps19/slc40a1/hif1al/bdh2/alas2/spi1b/klf9/tert,15
MF,GO:0016831,carboxy-lyase activity,10/3228,30/18430,0.333333333,1.903139199,2.281254256,0.027079756,0.246726666,0.217386664,acod1/csad/odc1/pck1/azin1b/umps/pdxdc1/paics/mlycd/amd1,10
BP,GO:0021782,glial cell development,27/3314,106/18773,0.254716981,1.442909441,2.117246544,0.027206249,0.225988391,0.198171422,egr1/tuba8l3/itga6b/pard3ab/egr2b/m17/cntf/fmnl2a/f8/smo/nlrc3l/cux2b/adcy6a/nsfa/nfat5b/kirrel1a/snx19a/sptbn5/znf16l/sumf1/abcd1/erbb3b/csf1ra/itga5/itgb1a/gpm6ba/actr10,27
BP,GO:0048706,embryonic skeletal system development,50/3314,218/18773,0.229357798,1.299255868,2.057696259,0.027337045,0.225988391,0.198171422,mapre2/egr1/crispld2/pard3ab/kat6a/cacna1c/spns2/dhrs9/nolc1/hdac4/irf6/ep300b/gfpt1/sulf2b/cnbpa/rnf2/polr1d/edn1/disc1/hdac1/smo/bcl9/nipblb/pbx4/hspg2/cmn/auts2a/rap1b/furina/vdrb/caspa/aldh1l1/polr1a/wnt11/hand2/pygo2/wnt5b/tp73/pmm2/lrp5/mmachc/nr1h3/fam20b/mia3/wdr43/prdm5/ptpn11b/sar1b/itga5/xylt1,50
BP,GO:0007249,canonical NF-kappaB signal transduction,24/3314,92/18773,0.260869565,1.477762326,2.126897594,0.027438778,0.225988391,0.198171422,traf3ip2l/ripk1l/ikbkg/ticam1/trim62.1/relb/lurap1/tank/map3k7/nfkb2/rela/tnfsf11/mapkbp1/rel/ufl1/nfkbiaa/tab2/tnfsf10/tlr9/tifa/cpne1/ripk2/ppm1bb/nlrx1,24
BP,GO:0009066,aspartate family amino acid metabolic process,11/3314,34/18773,0.323529412,1.832715041,2.250108647,0.027586673,0.225988391,0.198171422,tha1/aspg/gcat/asrgl1/mthfr/pipox/bhmt/got2a/got1/mtr/enoph1,11
BP,GO:0051293,establishment of spindle localization,11/3314,34/18773,0.323529412,1.832715041,2.250108647,0.027586673,0.225988391,0.198171422,ndel1b/vangl2/nusap1/llgl1/ift88/clasp1a/aspm/spire1a/rhoab/diaph2/wtip,11
BP,GO:0051653,spindle localization,11/3314,34/18773,0.323529412,1.832715041,2.250108647,0.027586673,0.225988391,0.198171422,ndel1b/vangl2/nusap1/llgl1/ift88/clasp1a/aspm/spire1a/rhoab/diaph2/wtip,11
MF,GO:0034061,DNA polymerase activity,9/3228,26/18430,0.346153846,1.97633686,2.295606953,0.027636895,0.2467723,0.217426872,pold1/polb/sulf2b/poli/polm/terfa/pola1/tert/polk,9
MF,GO:0043178,alcohol binding,16/3228,56/18430,0.285714286,1.63126217,2.18006381,0.027648093,0.2467723,0.217426872,rbp4/cyp27c1/soat2/slc38a9/soat1/osbpl10b/osbpl3b/crp7/cetp/npc1/osbpl2b/itpr1b/tpk1/stard3/npc2.1/gramd1c,16
BP,GO:0006085,acetyl-CoA biosynthetic process,7/3314,18/18773,0.388888889,2.202960504,2.364122157,0.027655667,0.225988391,0.198171422,aclya/pdk2a/dlat/pdk4/mlycd/pdk1/acss2,7
BP,GO:0034508,centromere complex assembly,7/3314,18/18773,0.388888889,2.202960504,2.364122157,0.027655667,0.225988391,0.198171422,nasp/cenph/dlgap5/cenpt/cenpi/cenpn/cenpk,7
BP,GO:0035904,aorta development,7/3314,18/18773,0.388888889,2.202960504,2.364122157,0.027655667,0.225988391,0.198171422,pard3ab/cdkn1a/ntn1a/vegfaa/smo/dlc/notch1b,7
BP,GO:0042541,hemoglobin biosynthetic process,7/3314,18/18773,0.388888889,2.202960504,2.364122157,0.027655667,0.225988391,0.198171422,tfr1a/alas1/sfxn1/rps19/slc40a1/bdh2/alas2,7
BP,GO:0046461,neutral lipid catabolic process,7/3314,18/18773,0.388888889,2.202960504,2.364122157,0.027655667,0.225988391,0.198171422,lipg/abhd12/abhd2a/abhd6a/pnpla2/dagla/lipca,7
BP,GO:0046464,acylglycerol catabolic process,7/3314,18/18773,0.388888889,2.202960504,2.364122157,0.027655667,0.225988391,0.198171422,lipg/abhd12/abhd2a/abhd6a/pnpla2/dagla/lipca,7
MF,GO:0019901,protein kinase binding,43/3228,185/18430,0.232432432,1.32705382,2.060157577,0.027905515,0.2467723,0.217426872,prkag2b/cd4-1/cks1b/bcl10/ppm1db/prkar2aa/ywhag2/firrm/mapk8ip2/rnd3a/rhogd/dlg1b/mst1/nck2a/cks2/axin1/smo/sqstm1/rhogb/cpne3/crk/pick1/cdc42/atg101/cblc/ptpn2b/rhoab/prkrip1/shc1/camk2n1a/cavin2b/sh2b1/dnaja3a/si:dkey-112a7.4/dicp3.3/sla2b/rhov/itgb1a/crkl/rhoua/dicp1.3-4/inka1b/cdc42l,43
CC,GO:0005838,proteasome regulatory particle,8/3396,22/19331,0.363636364,2.069921833,2.317966916,0.028055204,0.184157234,0.159017348,psmd13/psmd7/psmc3/psmd6/psmc2/psmd8/adrm1/psmc1a,8
CC,GO:0005876,spindle microtubule,8/3396,22/19331,0.363636364,2.069921833,2.317966916,0.028055204,0.184157234,0.159017348,kif11/nusap1/aurka/aurkb/rmdn1/clasp1a/haus2/ska1,8
BP,GO:0042168,heme metabolic process,10/3314,30/18773,0.333333333,1.888251861,2.254332784,0.028472776,0.230583844,0.20220122,tmem14a/alas1/hmox1a/ppox/blvra/bdh2/abcb7/hmbsb/alas2/isca1,10
CC,GO:0010008,endosome membrane,59/3396,265/19331,0.222641509,1.267338934,2.022921769,0.028712434,0.186085646,0.160682507,marchf2/znrf2b/tmem175/pdlim4/spns2/slc38a9/plekhf2/atg9a/vta1/stam/rab11a/mcoln1b/lamtor3/acap3b/mvb12ba/snx14/abcc4/rab44/scamp3/tbc1d5/lamtor1/sppl2/snx10a/dtnbp1a/vps33b/steap3/laptm4b/slc39a14/steap4/mcoln3b/vamp8/itm2ba/steap2/vps37a/vps4b/zfyve9a/arl8ba/ldlrad4a/wdr81/wash1/tpcn2/rap2b/gga3b/ehd1b/stard3/snx12/chmp5b/zgc:162872/chmp2ba/mhc2dgb/pld3/chmp1a/pi4k2b/hgs/stam2/si:ch211-157c3.4/si:ch211-202h22.8/vps37d/pip4p2,59
MF,GO:0015605,organophosphate ester transmembrane transporter activity,13/3228,43/18430,0.302325581,1.726102994,2.196566224,0.028714839,0.251463926,0.221560584,slc25a33/mfsd2ab/slc25a42/slc37a4a/slc35a4/slc35e3/slc25a25a/slc25a51a/slc25a32b/slc25a5/slc25a17/slc35d1a/slc35b2,13
BP,GO:0000959,mitochondrial RNA metabolic process,8/3314,22/18773,0.363636364,2.059911121,2.303081987,0.028813674,0.230583844,0.20220122,kansl3/wars2/supv3l1/tfb1m/tfam/trnt1/trmt10c/elac2,8
BP,GO:0001101,response to acid chemical,8/3314,22/18773,0.363636364,2.059911121,2.303081987,0.028813674,0.230583844,0.20220122,slc38a9/sesn1/lamtor3/lamtor1/sh3bp4a/castor2/lamtor5/glra1,8
BP,GO:0010950,positive regulation of endopeptidase activity,8/3314,22/18773,0.363636364,2.059911121,2.303081987,0.028813674,0.230583844,0.20220122,pycard/esco2/tp53/hip1rb/baxb/psme3/psme2/rb1,8
BP,GO:0010952,positive regulation of peptidase activity,8/3314,22/18773,0.363636364,2.059911121,2.303081987,0.028813674,0.230583844,0.20220122,pycard/esco2/tp53/hip1rb/baxb/psme3/psme2/rb1,8
BP,GO:0016339,calcium-dependent cell-cell adhesion via plasma membrane cell adhesion molecules,8/3314,22/18773,0.363636364,2.059911121,2.303081987,0.028813674,0.230583844,0.20220122,cdh30/cdh1/cdh2/cdh12a/acvr1l/cdh13/cdh6/cdh5,8
BP,GO:0043200,response to amino acid,8/3314,22/18773,0.363636364,2.059911121,2.303081987,0.028813674,0.230583844,0.20220122,slc38a9/sesn1/lamtor3/lamtor1/sh3bp4a/castor2/lamtor5/glra1,8
BP,GO:1901890,positive regulation of cell junction assembly,8/3314,22/18773,0.363636364,2.059911121,2.303081987,0.028813674,0.230583844,0.20220122,vegfaa/amigo3/flot1b/srpx2/ephb3a/flot1a/clstn2a/clstn3,8
BP,GO:0071375,cellular response to peptide hormone stimulus,20/3314,74/18773,0.27027027,1.531015022,2.119113912,0.029232452,0.233332225,0.204611301,nr4a1/nr4a3/irs2b/pck1/stat5a/igf2b/pik3r1/irs4a/tyk2/socs7/bcar3/grb10a/tns2a/pdk4/slc39a14/ghra/grb10b/lpin2/znf106a/rps6kb1b,20
BP,GO:0010564,regulation of cell cycle process,52/3314,229/18773,0.227074236,1.286320045,2.018406386,0.029539978,0.234189902,0.205363407,zw10/plk3/mki67/pgrmc1/cdk1/chek2/pdcd2/cdkn1a/ccne1/cp110/mad2l1/dbf4/tpx2/tp53/ect2/klhl13/cdc25b/aurka/aurkb/ttk/dlg1b/etaa1b/bub1bb/bub3/fbxw5/rmi2/waca/ccnf/cdk5/tbl3/ndc80/tipin/zwilch/gcna/e2f7/tp53bp1/ufl1/gnl3/topbp1/ccnd2a/zfyve26/birc6/plk4/ythdf2/npm1a/gnl2/psme3/ccne2/psme2/rae1/rb1/rad9a,52
BP,GO:0031023,microtubule organizing center organization,18/3314,65/18773,0.276923077,1.568701546,2.126513934,0.029663894,0.234189902,0.205363407,zgc:92429/ndel1b/c2cd3/wdr62/cp110/si:ch73-95l15.5/aurka/fbxw5/ccnf/ckap5/pde4dip/pard6b/sac3d1/cenpj/haus2/plk4/npm1a/haus1,18
MF,GO:0003713,transcription coactivator activity,30/3228,122/18430,0.245901639,1.403955147,2.062813158,0.029752635,0.258046891,0.227360722,bcl9l/mrtfbb/maml3/ncoa2/si:dkey-177p2.6/bcl10/cdca4/ppargc1a/ep300b/crebbpa/cnot9/zmiz2/bcl9/crtc3/hcfc1a/med6/mrtfab/kmt2ca/hipk2/taf5l/ctnnb1/lpin2/smarcb1a/zmp:0000001236/med13a/tada3l/dyrk1b/ss18l2/maml1/ezh2,30
BP,GO:0043085,positive regulation of catalytic activity,23/3314,88/18773,0.261363636,1.480561118,2.092108677,0.029772009,0.234189902,0.205363407,cdc20/rap1gds1/ube2s/tiam2a/pycard/esco2/hsf4/tpx2/tp53/ect2/axin1/fzr1a/hip1rb/tbc1d7/adap2/wnt5b/baxb/rab3gap1/chn2/asap1b/psme3/psme2/rb1,23
BP,GO:0048884,neuromast development,23/3314,88/18773,0.261363636,1.480561118,2.092108677,0.029772009,0.234189902,0.205363407,abhd12/cldn3c/prox1a/vangl2/gpr156/anos1a/cldnb/gpc4/rtn4a/llgl1/irf7/edn1/mcoln1b/smad5/atp2b1a/sulf1/aldh1l1/wnt11/wnt5b/kremen1/lrp5/ap1b1/wnk1b,23
BP,GO:0030218,erythrocyte differentiation,31/3314,126/18773,0.246031746,1.393709707,2.053041535,0.030142079,0.234189902,0.205363407,klf6a/tet2/rps27.1/pdcd2/tfr1a/alas1/sfxn1/adnp2b/p2ry12/stat5a/tp53/melk/rps19/prdm15/slc40a1/hif1al/slc4a1a/trim33/ufl1/bdh2/rplp1/gfi1b/cdin1/cicb/alas2/spi1b/hemgn/gfi1aa/klf9/tert/rps3,31
CC,GO:0000940,outer kinetochore,5/3396,11/19331,0.454545455,2.587402291,2.43110389,0.030260583,0.19366773,0.167229537,spc25/spc24/ndc80/nuf2/ska1,5
MF,GO:0019887,protein kinase regulator activity,31/3228,127/18430,0.244094488,1.393637366,2.05118259,0.030266253,0.259720068,0.22883493,prkag2b/ccni2/ccnb1/kidins220a/ccnl1a/cdkn1a/ccne1/cks1b/sh3bp5a/dbf4/prkar2aa/igf2b/ccnb2/ccna2/pak1ip1/ccnt2a/cks2/etaa1b/mob2a/ccnf/ccnb3/elp3/cdkn1ca/prkrip1/camk2n1a/rplp1/ccnd2a/si:dkey-112a7.4/ccne2/inka1b/cdkn1d,31
BP,GO:0045892,negative regulation of DNA-templated transcription,75/3314,346/18773,0.216763006,1.227909447,1.981134154,0.030394676,0.234189902,0.205363407,cbx7a/nr0b2a/zc3h4/nr2f6a/bhlhe40/lhx9/nr1h5/mbd3b/id4/znf503/uhrf1/mbd3a/zbtb1/samd1b/ddit3/gatad2ab/hdac4/aurkb/zbtb16a/gatad2b/cnbpa/skila/rnf2/bcor/bend3/cry3a/nab1b/hdac1/noc2l/scml2/smarce1/kctd15a/supt5h/ldb2a/zbtb34/samd7/nr2f6b/sox9a/cbx4/nr1i2/vdrb/riox1/tgif1/hinfp/maf1b/e2f7/hdac3/impact/zbtb20/skia/cbfa2t2/scmh1/phc1/rsf1b.1/nr1d4a/dnajb1b/nr1h3/prmt6/si:ch211-132b12.7/zbtb38/gata6/prdm5/sirt1/hif1ab/cipcb/dr1/phc2a/sox4a/ciarta/sap18/si:dkey-19b23.10/smad2/wdr82/pphln1/cbfa2t3,75
BP,GO:1902679,negative regulation of RNA biosynthetic process,75/3314,346/18773,0.216763006,1.227909447,1.981134154,0.030394676,0.234189902,0.205363407,cbx7a/nr0b2a/zc3h4/nr2f6a/bhlhe40/lhx9/nr1h5/mbd3b/id4/znf503/uhrf1/mbd3a/zbtb1/samd1b/ddit3/gatad2ab/hdac4/aurkb/zbtb16a/gatad2b/cnbpa/skila/rnf2/bcor/bend3/cry3a/nab1b/hdac1/noc2l/scml2/smarce1/kctd15a/supt5h/ldb2a/zbtb34/samd7/nr2f6b/sox9a/cbx4/nr1i2/vdrb/riox1/tgif1/hinfp/maf1b/e2f7/hdac3/impact/zbtb20/skia/cbfa2t2/scmh1/phc1/rsf1b.1/nr1d4a/dnajb1b/nr1h3/prmt6/si:ch211-132b12.7/zbtb38/gata6/prdm5/sirt1/hif1ab/cipcb/dr1/phc2a/sox4a/ciarta/sap18/si:dkey-19b23.10/smad2/wdr82/pphln1/cbfa2t3,75
BP,GO:0042440,pigment metabolic process,13/3314,43/18773,0.302325581,1.712600525,2.165969332,0.030446967,0.234189902,0.205363407,qdpra/tmem14a/alas1/hmox1a/ppox/mfsd12a/rpe65a/blvra/bdh2/abcb7/hmbsb/alas2/isca1,13
BP,GO:0060349,bone morphogenesis,13/3314,43/18773,0.302325581,1.712600525,2.165969332,0.030446967,0.234189902,0.205363407,gpc4/edn1/disc1/jag1b/atp2b1a/tsku/rap1b/bmp6/ctsk/wnt5b/bmp7b/sp7/mef2ca,13
BP,GO:0170036,import into the mitochondrion,13/3314,43/18773,0.302325581,1.712600525,2.165969332,0.030446967,0.234189902,0.205363407,slc25a33/sfxn1/tomm40/slc25a40/slc25a32b/smdt1b/timm50/grpel1/micu1/sfxn2/tomm70a/mcur1/tomm20b,13
MF,GO:0016903,"oxidoreductase activity, acting on the aldehyde or oxo group of donors",12/3228,39/18430,0.307692308,1.756743876,2.179946474,0.030521427,0.259720068,0.22883493,aldh6a1/ogdha/aldh1l2/aldh7a1/dlat/aldh4a1/aldh18a1/aldh1l1/bckdha/bckdhb/dhtkd1/ogdhb,12
BP,GO:0006000,fructose metabolic process,5/3314,11/18773,0.454545455,2.574888901,2.41906493,0.03085227,0.234189902,0.205363407,pfkfb3/fbp2/pfkfb1/khk/fbp1a,5
BP,GO:0006002,fructose 6-phosphate metabolic process,5/3314,11/18773,0.454545455,2.574888901,2.41906493,0.03085227,0.234189902,0.205363407,gfpt1/fbp2/gfpt2/pfkpa/fbp1a,5
BP,GO:0015816,glycine transport,5/3314,11/18773,0.454545455,2.574888901,2.41906493,0.03085227,0.234189902,0.205363407,slc38a5b/slc6a7/slc6a9/slc6a17/slc32a1,5
BP,GO:0021535,cell migration in hindbrain,5/3314,11/18773,0.454545455,2.574888901,2.41906493,0.03085227,0.234189902,0.205363407,mcm5/pard3ab/vangl2/cdh2/dvl2,5
BP,GO:0036089,cleavage furrow formation,5/3314,11/18773,0.454545455,2.574888901,2.41906493,0.03085227,0.234189902,0.205363407,aurkb/kif23/spire1a/dchs1b/snx18a,5
BP,GO:0045638,negative regulation of myeloid cell differentiation,5/3314,11/18773,0.454545455,2.574888901,2.41906493,0.03085227,0.234189902,0.205363407,qkia/smyd5/irf2bp2b/gpr137ba/spi1b,5
BP,GO:0045880,positive regulation of smoothened signaling pathway,5/3314,11/18773,0.454545455,2.574888901,2.41906493,0.03085227,0.234189902,0.205363407,ip6k2a/cibar1/smo/ift88/ugdh,5
BP,GO:0046349,amino sugar biosynthetic process,5/3314,11/18773,0.454545455,2.574888901,2.41906493,0.03085227,0.234189902,0.205363407,gfpt1/gfpt2/uap1/gnpnat1/nanp,5
BP,GO:0051231,spindle elongation,5/3314,11/18773,0.454545455,2.574888901,2.41906493,0.03085227,0.234189902,0.205363407,kif4/kif11/aurkb/kif23/prc1b,5
BP,GO:0051383,kinetochore organization,5/3314,11/18773,0.454545455,2.574888901,2.41906493,0.03085227,0.234189902,0.205363407,cenph/dlgap5/nuf2/cenpt/cenpk,5
MF,GO:0032182,ubiquitin-like protein binding,20/3228,75/18430,0.266666667,1.522511359,2.089375305,0.03103838,0.261650642,0.230535925,usp18/pcf11/cks1b/n4bp1/stam/cks2/bub3/aup1/cbx4/ascc2/ilrun/nsfl1c/rnf111/tollip/dnaaf10/gga3b/tab2/hgs/stam2/rae1,20
BP,GO:0009150,purine ribonucleotide metabolic process,42/3314,180/18773,0.233333333,1.321776303,2.008428619,0.031230141,0.2364786,0.207370388,ampd2b/enpp1/pde4ca/prkag2b/adka/aprt/pde4bb/gucy1a2/gart/papss2b/hk1/atp5mea/slc38a9/atp6v1ba/nudt2/atpsckmt/atp6v1ab/pkma/impdh1b/nt5c2b/atp5pf/eno1a/adcy6a/ak2/hkdc1/hk2/nudt3b/adcy5/paics/npr1a/gpia/npr1b/pfkpa/atp5pd/pgk1/hprt1/si:dkey-219c10.4/aldoaa/dhtkd1/impdh1a/nudt4a/ampd3a,42
BP,GO:0016567,protein ubiquitination,91/3314,429/18773,0.212121212,1.201614821,1.955892156,0.031362503,0.236901639,0.207741355,si:ch73-335l21.4/rnf144aa/cdc20/socs3b/marchf2/cand2/fbxw7/znrf2b/spsb3a/ube2s/rnf5/toporsa/uhrf1/socs1a/n4bp1/mkrn4/asb5b/tiparp/spsb1/dtx3lb.2/tnfaip1/parp2/tmem129/klhl13/zgc:101783/ubxn1/ltn1/rnf19b/rnf19a/dcaf13/zbtb16a/fem1c/spsb4a/socs7/rnf2/bard1/ubr1/dcaf17/ddb2/socs1b/cul2/ube2e2/si:ch211-59o9.10/fbxw5/mkrn1/prkn/ube2h/ubr3/ube2b/fzr1a/sh3rf1/herc56.1/trim2a/hecw2a/herc3/ccnf/obi1/birc5a/socs2/fbxl15/trim33/keap1b/rnf115a/asb2a.1/smurf1/cblc/asb6/dtx3/rnf7/asb14a/rnf144b/cul1a/rnf41/arih2/ube2d3/ubox5/znrf3/enc2/fbxo48/nedd4a/fbxl7/marchf5/mib1/dtx3lb.3/kcmf1/ube4b/syvn1/med8/pex12/fbxl14b/dtx2,91
BP,GO:0035050,embryonic heart tube development,44/3314,190/18773,0.231578947,1.311838135,2.000271455,0.031518407,0.237500019,0.20826608,fabp3/ppp2r3a/tbx2b/vangl2/cacna1c/spns2/dhfr/mical2b/dhrs9/atp6v1f/ntn1a/vegfaa/llgl1/ep300b/ube2ia/gdf3/pkp2/apobec2a/smo/smad5/nipblb/snx10a/cemip2/furina/vdrb/apex1/mgaa/tbx2a/lft1/cep104/wnt11/acvr1l/adap2/hand2/tbx3a/skia/dnaaf11/dub/mia3/bmpr1aa/cep162/chrd/ogg1/wtip,44
BP,GO:0000041,transition metal ion transport,19/3314,70/18773,0.271428571,1.537576515,2.086289138,0.031649448,0.23790859,0.208624361,tfr1a/flvcr2a/cp/hpxa/fth1a/zgc:56095/steap3/slc40a1/slc39a14/steap4/atp7b/slc39a9/steap2/tcn2/fthl27/abcb7/hephl1b/slc30a7/atp7a,19
BP,GO:0038202,TORC1 signaling,15/3314,52/18773,0.288461538,1.63406411,2.119879368,0.031745301,0.238051328,0.208749529,deptor/pim1/slc38a9/sesn1/otud5b/lamtor3/waca/rps6kal/rps6ka4/tbc1d7/kics2/gpr137ba/rps6kb1b/castor2/lamtor5,15
MF,GO:0031072,heat shock protein binding,14/3228,48/18430,0.291666667,1.665246799,2.126543716,0.032052404,0.267068109,0.235309164,hsp70.3/dnaja1/dnajb6b/hspa13/hspa8/dnajc2/unc45b/telo2/dnajc9/dnaja3a/dnajb1b/ttc4/dnajc18/dnajb12a,14
MF,GO:1901682,sulfur compound transmembrane transporter activity,11/3228,35/18430,0.314285714,1.794388387,2.167625727,0.032273197,0.267068109,0.235309164,abcc6a/slc25a42/slc26a10/slc6a6a/slc26a6l2/slc25a40/ctns/mfsd12a/slc26a11/slc25a17/slc35b2,11
BP,GO:0007623,circadian rhythm,22/3314,84/18773,0.261904762,1.483626462,2.056825713,0.032314286,0.241732711,0.21197777,egr1/nr0b2a/bhlhe40/cry5/aanat1/nfil3-6/cry3a/dhx30/nr1d2a/nocta/fbxl3a/noctb/gna11b/hdac3/egfra/pspc1/si:ch211-132b12.7/cipcb/ezh2/ciarta/nfil3-5/hcrt,22
BP,GO:0051094,positive regulation of developmental process,60/3314,271/18773,0.221402214,1.254189428,1.951522743,0.033311954,0.248595475,0.217995794,csf3a/csf3b/lgals2a/wdfy2/cdkn2aip/tiam2a/m17/pacsin1b/mturn/fgf1a/cntf/stat5a/itga3b/vegfaa/fgf19/amigo3/mapk14a/sox5/ncanb/cntfr/si:ch211-194k22.8/myod1/ccn4a/edn1/nlk1/hdac1/ppp1r13l/supt5h/mffa/mapk14b/nudt21/acanb/sox9a/serpinf1/birc5a/srpx2/stab2/impact/ephb3a/utp15/wnt5b/ptger3/l1cama/znf16l/fxr2/sirt1/csf1ra/h2az2a/itgb1a/tie1/il6st/plxna4/sox6/ezh2/caprin2/smad2/mdkb/clstn2a/ccn2a/clstn3,60
BP,GO:0003333,amino acid transmembrane transport,20/3314,75/18773,0.266666667,1.510601489,2.051426479,0.03345274,0.249046,0.218390863,slc3a2a/slc25a29/lrrc8db/slc1a6/slc1a5/slc38a3b/slc38a5b/sfxn1/slc7a3a/slc38a9/slc25a55a/slc38a7/slc25a15a/slc6a7/mfsd12a/slc38a2/slc6a9/slc25a18/sfxn2/slc1a4,20
BP,GO:0046434,organophosphate catabolic process,32/3314,132/18773,0.242424242,1.373274081,1.992604116,0.033892668,0.251716049,0.220732256,enpp1/abhd12/pde4ca/prkag2b/pde4bb/gpd1b/fitm2/hk1/entpd1/slc38a9/pkma/plcg1/eno1a/hkdc1/hk2/si:ch73-55i23.1/nudt15/nudt3b/smpd1/mlycd/plpp6/gpia/pfkpa/entpd6/pgk1/si:dkey-219c10.4/aldoaa/dhtkd1/nudt4a/itpa/pla2g4f.1/gpd1c,32
BP,GO:0046486,glycerolipid metabolic process,52/3314,231/18773,0.225108225,1.275183075,1.948454402,0.034205112,0.252078447,0.221050046,lipg/zgc:77375/dgat2/pik3c2g/abhd12/abhd3/mogat2/plce1/chka/pck1/slc7a3a/abhd2a/abhd6a/ip6k2a/fig4a/bpnt1/chkb/pnpla2/mtmr7b/bpnt2/ptdss2/apoba/pcyt1bb/cetp/plcg1/inpp5e/pip4k2ca/agpat9l/pip4p1b/dgkaa/mtmr1b/dagla/inpp5l/ptdss1a/gpat3/dgat1a/zgc:172295/mtmr3/hycc2/lpin2/pmt/synj1/apobb.1/pik3ca/cds2/lipca/pi4k2b/pgap4/pik3c2b/etnk1/pla2g4f.1/pip4p2,52
MF,GO:0000295,adenine nucleotide transmembrane transporter activity,6/3228,15/18430,0.4,2.283767038,2.291992924,0.034212511,0.273094558,0.240618965,slc25a42/slc25a25a/slc25a51a/slc25a5/slc25a17/slc35b2,6
MF,GO:0004559,alpha-mannosidase activity,6/3228,15/18430,0.4,2.283767038,2.291992924,0.034212511,0.273094558,0.240618965,man1a2/edem3/edem2/man1a1/man2a2/man1b1a,6
MF,GO:0005024,transforming growth factor beta receptor activity,6/3228,15/18430,0.4,2.283767038,2.291992924,0.034212511,0.273094558,0.240618965,bmpr1ba/acvr1l/tgfbr2b/tgfbr2l/bmpr1aa/acvrl1,6
MF,GO:0015216,purine nucleotide transmembrane transporter activity,6/3228,15/18430,0.4,2.283767038,2.291992924,0.034212511,0.273094558,0.240618965,slc25a42/slc25a25a/slc25a51a/slc25a5/slc25a17/slc35b2,6
BP,GO:0048285,organelle fission,45/3314,196/18773,0.229591837,1.300581639,1.958589939,0.034236733,0.252078447,0.221050046,zw10/mki67/ndel1b/smc2/pdcd2/top2a/ccnb1/kif11/ube2s/ncapd2/mad2l1/espl1/kifc1/ncaph/ncapd3/nusap1/cdca8/aurka/aurkb/ttk/kif23/prc1b/ncapg/bub1bb/bub3/mffa/prdm9/mlh1/ndc80/clasp1a/nuf2/spire1a/zwilch/gcna/pex11a/apoa2/ankle2/gnl3/slc25a46/cenpi/cenpk/marchf5/mtfr1l/gnl2/ska1,45
BP,GO:0006637,acyl-CoA metabolic process,18/3314,66/18773,0.272727273,1.544933341,2.053308008,0.034267041,0.252078447,0.221050046,fitm2/aclya/pdk2a/elovl6/tdo2a/acot22/dlat/pdk4/mlycd/acot7/pipox/acot20/pdk1/acss2/acacb/gcdha/sucla2/acsl3b,18
BP,GO:0035383,thioester metabolic process,18/3314,66/18773,0.272727273,1.544933341,2.053308008,0.034267041,0.252078447,0.221050046,fitm2/aclya/pdk2a/elovl6/tdo2a/acot22/dlat/pdk4/mlycd/acot7/pipox/acot20/pdk1/acss2/acacb/gcdha/sucla2/acsl3b,18
BP,GO:0032984,protein-containing complex disassembly,33/3314,137/18773,0.240875912,1.364503169,1.98255876,0.034388404,0.252371769,0.221307263,pcf11/mical2b/mical3a/tbc1d25/rubcn/stmn1b/tfip11/mtrfr/eif5a/ogfod1/snx14/etf1b/add3a/eef2k/cfl1l/nsfa/scinlb/sptbn2/si:ch211-266i6.3/dnajc6/sptbn5/katnb1/spns1/add2/zgc:92606/stmn2a/stmn4l/apc2/abce1/dnajc17/map1sb/mrpl58/zgc:136908,33
BP,GO:0030203,glycosaminoglycan metabolic process,16/3314,57/18773,0.280701754,1.59010683,2.06586709,0.034563939,0.253060328,0.221911067,zgc:162941/chst7/chpfa/hyal1/hexa/pglyrp6/cemip2/hyal2a/gnsb/xylt2/ndst2a/ugdh/sumf1/pxylp1/slc35b2/xylt1,16
CC,GO:0030880,RNA polymerase complex,22/3396,85/19331,0.258823529,1.473297305,2.018817159,0.034854423,0.220314379,0.190238567,polr1h/polr1e/polr3glb/polr3f/polr1d/si:dkey-219c3.2/znfx1/rtf1/polr2d/polr2g/polr2a/polr1a/taf5l/prim2/taf3/si:ch211-140b10.6/polr3d/taf4a/taf10/zgc:171971/pola1/polr3k,22
MF,GO:0070566,adenylyltransferase activity,9/3228,27/18430,0.333333333,1.903139199,2.164011405,0.035192045,0.278449335,0.245336968,tent5c/papss2b/kars1/tent2/mtpap/tent5ab/tent4a/papolg/tent5ba,9
BP,GO:0006692,prostanoid metabolic process,6/3314,15/18773,0.4,2.265902233,2.270875663,0.035435591,0.253850398,0.222603887,ptgs2b/ptgr2/hpgd/ptges/zgc:56585/prxl2b,6
BP,GO:0006693,prostaglandin metabolic process,6/3314,15/18773,0.4,2.265902233,2.270875663,0.035435591,0.253850398,0.222603887,ptgs2b/ptgr2/hpgd/ptges/zgc:56585/prxl2b,6
BP,GO:0030512,negative regulation of transforming growth factor beta receptor signaling pathway,6/3314,15/18773,0.4,2.265902233,2.270875663,0.035435591,0.253850398,0.222603887,bcl9l/skila/ldlrad4a/skia/bambia/ppm1bb,6
BP,GO:0042559,pteridine-containing compound biosynthetic process,6/3314,15/18773,0.4,2.265902233,2.270875663,0.035435591,0.253850398,0.222603887,sprb/qdpra/fpgs/mthfd1l/dhfr/pcbd1,6
BP,GO:0046112,nucleobase biosynthetic process,6/3314,15/18773,0.4,2.265902233,2.270875663,0.035435591,0.253850398,0.222603887,aprt/gart/umps/dhodh/hprt1/ctps1a,6
BP,GO:0060896,neural plate pattern specification,6/3314,15/18773,0.4,2.265902233,2.270875663,0.035435591,0.253850398,0.222603887,fzd8a/axin1/smo/foxa3/bptf/smad2,6
BP,GO:1903036,positive regulation of response to wounding,6/3314,15/18773,0.4,2.265902233,2.270875663,0.035435591,0.253850398,0.222603887,f2r/lgals2a/m17/cntf/cntfr/il6st,6
BP,GO:0006458,'de novo' protein folding,10/3314,31/18773,0.322580645,1.82734051,2.134509029,0.035573482,0.253850398,0.222603887,hsp70.3/hspa13/hspa8/tor1/dnajc2/telo2/dnajb1b/dnajc18/dnajb12a/hspe1,10
BP,GO:0038061,non-canonical NF-kappaB signal transduction,10/3314,31/18773,0.322580645,1.82734051,2.134509029,0.035573482,0.253850398,0.222603887,tnfaip3/uacab/akip1/relb/ptpn22/nfkb2/rela/rel/cul1a/tab1,10
BP,GO:0071383,cellular response to steroid hormone stimulus,10/3314,31/18773,0.322580645,1.82734051,2.134509029,0.035573482,0.253850398,0.222603887,hamp/esr2b/pck1/abhd2a/cnot9/ar/strn3/arnt/esrra/esrrga,10
BP,GO:2001242,regulation of intrinsic apoptotic signaling pathway,10/3314,31/18773,0.322580645,1.82734051,2.134509029,0.035573482,0.253850398,0.222603887,tp53/rnf2/bcor/nck2a/mdm2/herpud1/bco2l/topbp1/bida/pin1,10
MF,GO:0042800,histone H3K4 methyltransferase activity,8/3228,23/18430,0.347826087,1.985884381,2.180046124,0.03598234,0.2822267,0.24866514,setd1a/prdm9/smyd3/kmt2ca/setdb1a/setd7/kmt2bb/setbp1,8
BP,GO:0061061,muscle structure development,92/3314,437/18773,0.210526316,1.192580123,1.885995723,0.036320488,0.258089008,0.226320766,hsp90aa1.1/atf3/pdlim1/ctsd/neb/tm4sf5/fosl2/mrtfbb/lgals2a/itga6a/hs6st2/pdlim5b/ppp2r3a/dnajb6b/pdlim4/myom2a/myot/cdkn1a/prox1a/icam3/vangl2/selenon/tpm4a/col6a2/arhgef28a/chchd10/bag3/neu1/myof/rbfox2/itga3b/gpc4/dpf3/igf2b/myo5b/lurap1/ctcf/ppargc1a/mapk14a/cert1a/qkia/gfpt1/arrb2b/spry4/myod1/rnf2/axin1/apobec2a/rbfox1/smo/jam3b/ilk/scube2/mapk14b/pbx4/hspg2/spegb/crk/ryr1a/cemip2/fktn/smyd3/akap12b/mrtfab/ttn.2/hhip/ddx39ab/unc45b/nexn/hand2/fhl1a/wnt5b/plecb/tpcn2/tfpi2/taf3/tnnt2e/dub/fhl1b/ngly1/ret/itgb1a/myorg/hmgcra/crkl/sox6/tnnt3b/ogg1/mef2ca/mef2aa/tomm70a/mybpc1,92
BP,GO:0007368,determination of left/right symmetry,67/3314,308/18773,0.217532468,1.23226826,1.902967603,0.036334132,0.258089008,0.226320766,ier2a/man1a2/fabp3/ppp2r3a/mbd3b/tbx2b/dnah5l/cacna1c/dhfr/mical2b/odad4/mbd3a/dhrs9/atp6v1f/ntn1a/slc22a2/llgl1/ep300b/ube2ia/sesn1/gdf3/pkp2/megf8/axin1/ttc17/apobec2a/smo/smad5/nipblb/ift88/snx10a/cemip2/dnah10/furina/vdrb/flna/apex1/mgaa/lft1/rnf115a/cep104/wnt11/acvr1l/adap2/hand2/ugdh/rfx3/ikzf5/skia/exoc5/gpr161b/carmil3/enc3/dnaaf11/itpr1b/dub/mia3/nudc/ttc4/bmpr1aa/ift57/sox17/mib1/jazf1b/cep162/chrd/wtip,67
CC,GO:1905354,exoribonuclease complex,7/3396,19/19331,0.368421053,2.097157647,2.208797705,0.036407825,0.227326908,0.196293794,las1l/c1d/supv3l1/exosc2/dis3/exosc8/exosc7,7
BP,GO:0072522,purine-containing compound biosynthetic process,41/3314,177/18773,0.231638418,1.312175022,1.93203879,0.036685668,0.258290036,0.226497049,ampd2b/kmo/adka/aprt/aclya/gucy1a2/pank1b/gart/pdk2a/papss2b/prps1b/atp5mea/elovl6/nadk2/nudt2/prpsap2/aspdh/atpsckmt/ido1/impdh1b/nadkb/atp5pf/dlat/kynu/adcy6a/pdk4/ak2/adcy5/paics/npr1a/mlycd/npr1b/pdk1/atp5pd/acss2/acacb/hprt1/pgm2/gcdha/impdh1a/ampd3a,41
BP,GO:1901615,organic hydroxy compound metabolic process,52/3314,232/18773,0.224137931,1.269686596,1.913716509,0.036742494,0.258290036,0.226497049,zgc:162608/dgat2/itpkcb/sult1st3/sprb/scap/qdpra/cyp27b1/itpkb/lrata/ttpa/soat2/th2/cyp46a1.5/fgfr4/fah/pck1/fgf1a/dhdds/dhrs9/ip6k2a/lbr/dbh/srd5a3/soat1/bpnt2/pcbd1/sc5d/cyp27a3/sptlc2b/ldhba/nfe2l1b/cetp/nsdhl/cyp46a1.1/lratb.1/pdxkb/cyp7a1/mfsd12a/cyp2r1/tkfc/apoeb/nudt3b/zgc:172295/hagh/tm7sf2/tpk1/itpkca/zgc:92275/hmgcra/npc2.1/nudt4a,52
BP,GO:0006084,acetyl-CoA metabolic process,9/3314,27/18773,0.333333333,1.888251861,2.138476726,0.036830113,0.258290036,0.226497049,aclya/pdk2a/tdo2a/dlat/pdk4/mlycd/pipox/pdk1/acss2,9
MF,GO:1990782,protein tyrosine kinase binding,12/3228,40/18430,0.3,1.712825279,2.079646443,0.036865904,0.286664183,0.252574931,cd4-1/mst1/nck2a/cpne3/crk/cblc/shc1/sh2b1/dicp3.3/sla2b/crkl/dicp1.3-4,12
BP,GO:0070848,response to growth factor,64/3314,293/18773,0.218430034,1.237352755,1.89591093,0.037077117,0.258290036,0.226497049,bcl9l/mcm5/sp8b/tsc22d3/b4galt5/sall1a/bmper/rerea/kidins220a/tbx2b/shcbp1/fgfr4/fgf1a/tgfb3/vegfab/dusp4/lzts2a/il17rd/vegfaa/fgf19/tp53/gdf3/spry4/sulf2b/skila/acvr1ba/lats1/bmpr1ba/smad5/scube2/supt5h/grem1b/hspa8/ldb2a/cemip2/rgmd/sulf1/kl/bmp6/tgif1/mgaa/fbxl15/smurf1/tbc1d7/lats2/rnf111/acvr1l/ldlrad4a/skia/fcho1/bambia/tgfbr2b/gpr155b/tgfbr2l/bmpr1aa/ngly1/lpxn/rbm14a/bmp7b/cds2/acvrl1/chrd/ppm1bb/smad2,64
BP,GO:0035966,response to topologically incorrect protein,17/3314,62/18773,0.274193548,1.553239434,2.020232251,0.037100197,0.258290036,0.226497049,tegt/derl1/tmem129/nck2a/herpud1/dnajc3a/herpud2/vapb/edem2/chac1/derl2/ufl1/serp2/tbl2/tmbim4/dnajc18/dnajb12a,17
BP,GO:0051345,positive regulation of hydrolase activity,17/3314,62/18773,0.274193548,1.553239434,2.020232251,0.037100197,0.258290036,0.226497049,rap1gds1/tiam2a/pycard/esco2/hsf4/tp53/ect2/hip1rb/tbc1d7/adap2/baxb/rab3gap1/chn2/asap1b/psme3/psme2/rb1,17
CC,GO:0005875,microtubule associated complex,29/3396,119/19331,0.243697479,1.387195514,1.955875663,0.037197247,0.229457719,0.198133721,ndel1b/kif4/dnah5l/kif20a/kifc1/cdca8/aurka/kif2c/aurkb/kif23/dnah10/kif22/kif13bb/kif14/katnb1/dnai3/dynll1/klc3/kif15/actr1b/klc1a/kif3a/haus2/kif2a/dnai1.2/map1sb/haus1/actr10/dctn2,29
BP,GO:0019432,triglyceride biosynthetic process,7/3314,19/18773,0.368421053,2.087015215,2.194857321,0.037283415,0.258290036,0.226497049,dgat2/mogat2/pck1/agpat9l/gpat3/dgat1a/lpin2,7
BP,GO:0046460,neutral lipid biosynthetic process,7/3314,19/18773,0.368421053,2.087015215,2.194857321,0.037283415,0.258290036,0.226497049,dgat2/mogat2/pck1/agpat9l/gpat3/dgat1a/lpin2,7
BP,GO:0046463,acylglycerol biosynthetic process,7/3314,19/18773,0.368421053,2.087015215,2.194857321,0.037283415,0.258290036,0.226497049,dgat2/mogat2/pck1/agpat9l/gpat3/dgat1a/lpin2,7
BP,GO:0051246,regulation of protein metabolic process,94/3314,448/18773,0.209821429,1.188587109,1.870552251,0.037427847,0.258290036,0.226497049,cdc20/adam8a/oaz1b/ybx1/ube2s/ppp1r15b/a2ml/socs1a/pycard/n4bp1/ptcd3/mettl5/asb5b/ssb/esco2/prkar2aa/cnot11/tpx2/vegfaa/tp53/cpeb4b/cast/ubxn1/eif4e3/qkia/azin1b/casp8/cnot9/cnbpa/nck2a/edn1/axin1/cenph/smo/itm2cb/dap1b/eif5a/ogfod1/appa/fzr1a/sh3rf1/csnk1e/secisbp2/ccdc22/fktn/trim2a/serpinf1/polr2g/birc5a/herpud1/caspa/serpine1/bzw1a/itm2ba/hip1rb/chac1/eif2ak2/adcy5/mknk1/serpini1/tfpia/ddx61/impact/serpine2/prr16/eefsec/serpinh1b/zgc:103482/klhl31/baxb/tfpi2/camk2n1a/appb/serpina7/prmt6/pxylp1/fxr2/dhx29/mif4gdb/upf3b/aurkaip1/trmt10c/coa3a/mib1/pi15a/msi2b/rbm8a/igf2bp3/psme3/caprin2/psme2/lamtor5/rps3/rb1,94
BP,GO:0030537,larval behavior,8/3314,23/18773,0.347826087,1.970349768,2.155918873,0.037530034,0.258290036,0.226497049,nfe2l2a/sncb/ugp2b/psd2/setd5/pogza/keap1b/thnsl2,8
BP,GO:0034502,protein localization to chromosome,8/3314,23/18773,0.347826087,1.970349768,2.155918873,0.037530034,0.258290036,0.226497049,aurkb/ttk/knl1/nipblb/rpa1/zwilch/terfa/pphln1,8
BP,GO:0043401,steroid hormone receptor signaling pathway,8/3314,23/18773,0.347826087,1.970349768,2.155918873,0.037530034,0.258290036,0.226497049,esr2b/abhd2a/cnot9/ar/strn3/arnt/esrra/esrrga,8
BP,GO:1901616,organic hydroxy compound catabolic process,8/3314,23/18773,0.347826087,1.970349768,2.155918873,0.037530034,0.258290036,0.226497049,cyp46a1.5/fah/dbh/srd5a3/cyp46a1.1/cyp7a1/tkfc/zgc:172295,8
MF,GO:0016836,hydro-lyase activity,16/3228,58/18430,0.275862069,1.575011751,2.021062678,0.03767587,0.289547352,0.255115242,cfh/cbsb/aco1/aco2/hadhab/cahz/pcbd1/ca4c/eno1a/dglucy/enosf1/ca8/rpp14/hacd3/fh/fasn,16
MF,GO:0050660,flavin adenine dinucleotide binding,22/3228,86/18430,0.255813953,1.460548687,1.972627292,0.038160398,0.289547352,0.255115242,zgc:92040/kmo/acadl/acad11/acadvl/si:dkey-239i20.2/mical2b/mical3a/cry5/prodha/acox3/cry3a/chdh/mthfr/txnrd2.2/ero1b/zgc:85777/pipox/mmachc/ndor1/nos1/gcdha,22
BP,GO:0002682,regulation of immune system process,87/3314,412/18773,0.211165049,1.196198388,1.864389733,0.038210739,0.262391707,0.230093844,fadd/csf3a/csf3b/adam8a/si:ch211-241b2.5/c7a/asxl1/zgc:154077/c4b/nlrc5/cdkn2aip/hhla2b.2/socs1a/cd40/hmox1a/spns2/pycard/cxcl8a/n4bp1/ticam1/mturn/p2ry12/vegfab/kars1/zbtb1/stat5a/igf2b/vegfaa/cd226/mavs/ptpn22/qkia/irf7/zbtb16a/smyd5/otud5b/pik3r6b/zgc:123297/rps19/irf2bp2b/zgc:153911/mafbb/plvapb/tlr22/gpatch3/supt5h/nipblb/tnfrsf1a/csk/sh3rf1/cd276/zbtb34/tec/mapk8b/cd248b/st14b/zgc:153759/tlr5b/masp1/gnb1a/hhla2b.1/c1qc/plvapa/zbtb20/tfpi2/si:ch211-243a20.4/si:dkey-22i16.9/c3a.1/c8a/gpr137ba/asap1b/si:dkey-52l18.4/zbtb38/mhc2dgb/csf1ra/lgals9l3/tlr9/spi1b/si:ch211-188c16.1/phf6/lgr4/c1qa/ythdf2/ezh2/shpk/ggt1a/c9,87
MF,GO:0003735,structural constituent of ribosome,36/3228,154/18430,0.233766234,1.334669048,1.92177535,0.038274756,0.289547352,0.255115242,rps27.1/mrpl49/rpl5a/mrpl43/mrps7/dap3/mrpl27/mrpl30/rps19/mrpl10/mrps17/mrps16/mrps11/mrpl33/mrpl20/mrps35/mrpl22/rpl7l1/rpl37/mrpl18/mrps14/mrps30/mrps31/rps26/rplp1/mrps24/mrps6/mrps22/rps6/mrpl51/mrps9/mrpl52/mrps15/mrpl34/rpl34/rps3,36
MF,GO:0035091,phosphatidylinositol binding,38/3228,164/18430,0.231707317,1.322913833,1.914053759,0.038520712,0.289547352,0.255115242,si:ch211-195b13.1/si:rp71-46j2.7/pik3c2g/phlda2/arhgap32a/ttpa/pard3ab/pcf11/dennd1a/si:ch211-200p22.4/pitpnbl/plekhf2/rubcn/amer1/stam/snx14/snx10a/plekhn1/scinlb/hip1rb/pxdc1b/snx19a/pitpnab/plekha5/adap2/sh3pxd2aa/zcchc14/snx11/tpcn2/gga3b/zfyve26/snx12/snx18a/esyt2a/myo10/hgs/pik3c2b/stam2,38
BP,GO:0048592,eye morphogenesis,56/3314,253/18773,0.221343874,1.253858943,1.882231613,0.038788647,0.265184191,0.232542601,hsp70.3/fzd8a/egr1/abhd12/hs6st2/cdk1/rdh5/pim1/rerea/mfap5/pard3ab/tbx2b/odc1/znf503/toporsa/vangl2/socs1a/dhdds/hsf4/ntn1a/cpsf4/znf644a/rnf2/bcor/axin1/hdac1/pomgnt1/ubr3/pbx4/ift88/cacna2d4b/crk/kif22/ehmt2/nsfa/cdc42/cdk5/cdh2/mcrs1/exoc5/nek2/lum/cct4/ttll11/synj1/bmp7b/ift57/itga5/mib1/fgfrl1a/cdh6/crkl/tubgcp4/sox4a/bco1/dctn2,56
BP,GO:0055082,intracellular chemical homeostasis,56/3314,253/18773,0.221343874,1.253858943,1.882231613,0.038788647,0.265184191,0.232542601,hamp/atp13a2/ormdl3/atp1b1b/tmem175/plce1/tfr1a/slc9a1b/hk1/selenon/foxo4/pck1/atp6v1ba/ccdc115/slc4a2b/slc35g1/hpxa/atp1b1a/edn1/kdsr/cln3/atp6ap1a/fth1a/bcl2l10/atp2b1a/atp1b3b/zgc:56095/plcg1/ryr1a/smdt1b/cyp7a1/clic2/glrx3/hkdc1/hk2/slc40a1/atp1a3a/asph/herpud1/slc39a14/atp7b/slc39a9/slc4a1a/dmxl2/anxa6/bdh2/wnt5b/scgn/fthl27/itpr1b/abcb7/micu1/ormdl1/slc30a7/si:ch73-390b10.2/mcur1,56
BP,GO:0048546,digestive tract morphogenesis,12/3314,40/18773,0.3,1.699426675,2.050261926,0.038911683,0.265439385,0.232766383,rbm19/vangl2/dhrs9/myo5b/hnf1ba/smo/utp25/cldn15a/slc12a3/mib1/wnt3/wtip,12
BP,GO:1901292,nucleoside phosphate catabolic process,24/3314,95/18773,0.252631579,1.431096147,1.950345644,0.039084733,0.266033887,0.233287707,enpp1/pde4ca/prkag2b/pde4bb/fitm2/hk1/entpd1/slc38a9/pkma/eno1a/hkdc1/hk2/nudt15/nudt3b/mlycd/gpia/pfkpa/entpd6/pgk1/si:dkey-219c10.4/aldoaa/dhtkd1/nudt4a/itpa,24
MF,GO:0044325,transmembrane transporter binding,11/3228,36/18430,0.305555556,1.744544265,2.060492159,0.03934567,0.290866427,0.256277457,pde4bb/pacs2/pacs1a/stac/zgc:162193/si:ch211-210b2.4/herpud1/fhl1a/si:ch211-225p5.8/fhl1b/si:ch211-126j24.1,11
MF,GO:1901618,organic hydroxy compound transmembrane transporter activity,11/3228,36/18430,0.305555556,1.744544265,2.060492159,0.03934567,0.290866427,0.256277457,aqp7/rbp4/slc10a4/aqp1a.1/slc16a1a/slc6a4a/flvcr2a/slc16a1b/slc6a2/slc2a13b/slco1d1,11
BP,GO:0120032,regulation of plasma membrane bounded cell projection assembly,18/3314,67/18773,0.268656716,1.521874634,1.981316932,0.039374788,0.267420438,0.234503587,cdc42ep5/man1a2/mcm2/ezrb/ift74/mcm7/atp6v1f/arhgap24/appa/abcc4/cdc42ep3/inpp5e/cdc42/entr1/appb/odf2a/crb3a/myo10,18
BP,GO:0000280,nuclear division,40/3314,173/18773,0.231213873,1.309770077,1.89516431,0.039669652,0.268833509,0.235742724,zw10/mki67/ndel1b/smc2/pdcd2/top2a/ccnb1/kif11/ube2s/ncapd2/mad2l1/espl1/kifc1/ncaph/ncapd3/nusap1/cdca8/aurka/aurkb/ttk/kif23/prc1b/ncapg/bub1bb/bub3/prdm9/mlh1/ndc80/clasp1a/nuf2/spire1a/zwilch/gcna/apoa2/ankle2/gnl3/cenpi/cenpk/gnl2/ska1,40
BP,GO:0008202,steroid metabolic process,30/3314,124/18773,0.241935484,1.370505383,1.916542332,0.039942988,0.269879889,0.236660304,zgc:162608/sult1st3/scap/cyp27b1/rdh5/soat2/cyp46a1.5/fgfr4/fgf1a/dhrs9/zgc:113142/lbr/hsd17b10/hsd17b14/soat1/sc5d/cyp27a3/nfe2l1b/cetp/nsdhl/cyp46a1.1/cyp7a1/cyp2r1/hsd17b12a/apoeb/sdr42e1/tm7sf2/zgc:92275/hmgcra/npc2.1,30
BP,GO:0007093,mitotic cell cycle checkpoint signaling,16/3314,58/18773,0.275862069,1.562691195,1.987147143,0.040163968,0.269879889,0.236660304,zw10/plk3/cdk1/chek2/mad2l1/aurkb/ttk/bub1bb/bub3/waca/ndc80/tipin/zwilch/e2f7/topbp1/rad9a,16
BP,GO:0006576,biogenic amine metabolic process,14/3314,49/18773,0.285714286,1.618501595,2.007152515,0.040172628,0.269879889,0.236660304,sult1st3/kmo/oaz1b/smox/odc1/th2/tdo2a/dbh/azin1b/ido1/agmat/kynu/dhps/amd1,14
BP,GO:0030100,regulation of endocytosis,14/3314,49/18773,0.285714286,1.618501595,2.007152515,0.040172628,0.269879889,0.236660304,pacsin1b/unc119a2/pheta1/rubcn/flot1b/hspa8/pick1/dmxl2/csf1ra/flot1a/sgip1b/vtg2/smap2/mib1,14
BP,GO:0034101,erythrocyte homeostasis,31/3314,129/18773,0.240310078,1.361297853,1.906476758,0.040498133,0.271477747,0.238061481,klf6a/tet2/rps27.1/pdcd2/tfr1a/alas1/sfxn1/adnp2b/p2ry12/stat5a/tp53/melk/rps19/prdm15/slc40a1/hif1al/slc4a1a/trim33/ufl1/bdh2/rplp1/gfi1b/cdin1/cicb/alas2/spi1b/hemgn/gfi1aa/klf9/tert/rps3,31
MF,GO:0015175,neutral L-amino acid transmembrane transporter activity,13/3228,45/18430,0.288888889,1.649387306,2.009766109,0.040892109,0.290866427,0.256277457,slc3a2a/slc1a6/slc1a5/slc38a3b/slc38a5b/slc38a9/slc38a7/mfsd12a/slc38a2/slc43a2b/slc6a9/slc32a1/slc1a4,13
MF,GO:0140938,histone H3 methyltransferase activity,13/3228,45/18430,0.288888889,1.649387306,2.009766109,0.040892109,0.290866427,0.256277457,carm1l/nsd1a/setd1a/prdm9/smyd3/ehmt2/kmt2ca/setdb1a/setd7/prmt6/kmt2bb/setbp1/ezh2,13
MF,GO:0004521,RNA endonuclease activity,15/3228,54/18430,0.277777778,1.585949332,1.987003977,0.040907314,0.290866427,0.256277457,endog/gng2/rnaset2l/zc3h12ab/mrpl44/zc3h12b/drosha/dbr1/rnasekb/pop5/rcl1/cpsf3/rpp38/rpp14/elac2,15
BP,GO:0051298,centrosome duplication,11/3314,36/18773,0.305555556,1.730897539,2.032350215,0.041394851,0.276387836,0.242367187,zgc:92429/c2cd3/wdr62/cp110/fbxw5/ccnf/ckap5/sac3d1/cenpj/plk4/npm1a,11
BP,GO:0032006,regulation of TOR signaling,19/3314,72/18773,0.263888889,1.494866056,1.947880569,0.041409091,0.276387836,0.242367187,ddit4/deptor/fbxw7/pim1/slc38a9/sesn1/otud5b/lamtor3/waca/lamtor1/tbc1d7/kics2/ift172/gpr137ba/sh3bp4a/castor2/ift57/tnfaip8l1/lamtor5,19
MF,GO:0016628,"oxidoreductase activity, acting on the CH-CH group of donors, NAD or NADP as acceptor",10/3228,32/18430,0.3125,1.784192999,2.045878915,0.041782682,0.290866427,0.256277457,ptgr2/lbr/srd5a3/dus1l/decr2/blvra/bdh2/tm7sf2/fasn/blvrb,10
MF,GO:0016702,"oxidoreductase activity, acting on single donors with incorporation of molecular oxygen, incorporation of two atoms of oxygen",10/3228,32/18430,0.3125,1.784192999,2.045878915,0.041782682,0.290866427,0.256277457,ptgs2b/hpda/tdo2a/ido1/rpe65a/hgd/bco2l/adob/bco1l/bco1,10
MF,GO:0016814,"hydrolase activity, acting on carbon-nitrogen (but not peptide) bonds, in cyclic amidines",10/3228,32/18430,0.3125,1.784192999,2.045878915,0.041782682,0.290866427,0.256277457,ampd2b/mthfd1b/mthfd1a/zgc:103586/apobec2a/adat1/cdab/dctd/adar/ampd3a,10
MF,GO:0050839,cell adhesion molecule binding,41/3228,180/18430,0.227777778,1.300478452,1.866746888,0.041825776,0.290866427,0.256277457,adam8a/vcam1b/pkp3a/itga6a/ptprb/tjp3/ezrb/itga6b/myot/icam3/fgf1a/cdh30/itga3b/pkp4/zmp:0000001082/cd226/itgb8/pkp2/ccn4a/tjp1b/jam3b/tjp2b/cdh1/cdh2/ctnnb1/kirrel1a/cdh12a/nexn/ctnnal1/ctnnd1/cdh13/itga5/nfasca/dchs1b/itgb1a/cdh6/itgam.1/ctnna1/ccn2a/clstn3/cdh5,41
MF,GO:0042626,ATPase-coupled transmembrane transporter activity,26/3228,106/18430,0.245283019,1.400423184,1.905150502,0.041985568,0.290866427,0.256277457,abcc6a/wu:fb13g09/atp13a2/abcc12/atp6v0b/atp6v1f/atp6v1e1b/atp6v1ba/abcb9/tap2a/atp6v1ab/abcg5/atp6v0cb/atp2b1a/abca3b/abcc4/abcg2a/atp1a3a/atp6v1c1a/abca4b/atp7b/atp6v1g1/abcb8/abcd1/abcb7/atp7a,26
BP,GO:0007266,Rho protein signal transduction,23/3314,91/18773,0.252747253,1.431751411,1.911540941,0.042515672,0.283163519,0.248308848,cdc42ep5/arhgap35b/arhgef28a/f2rl1.2/tnfaip1/arhgef3l/arhgap35a/cdc42ep3/stard13a/akap12b/cdc42/arhgdia/rhoab/arhgap20/stard13b/ctnnal1/rhov/tax1bp3/rhoua/arhgef18b/cdc42se2/cdc42l/dock10,23
BP,GO:0031344,regulation of cell projection organization,47/3314,209/18773,0.224880383,1.273892404,1.843563821,0.042930293,0.285311412,0.250192357,ulk2/kctd12.1/cdc42ep5/man1a2/ndel1b/arhgap35b/mcm2/ezrb/pard3ab/ift74/tiam2a/mcm7/m17/pacsin1b/cntf/atp6v1f/mapk14a/cntfr/arhgap24/arhgap35a/appa/abcc4/cdc42ep3/inpp5e/hecw2a/cdc42/serpini1/entr1/ephb3a/ddr2l/srcin1a/pak2b/appb/l1cama/nedd4a/slit3/odf2a/bicdl1/pik3ca/crb3a/camk2g2/il6st/myo10/plxna4/caprin2/ogg1/si:ch211-66i15.4,47
BP,GO:0009636,response to toxic substance,13/3314,45/18773,0.288888889,1.636484946,1.979199256,0.043241592,0.286145358,0.250923653,akr1a1a/prdx6/txndc12/ptgs2b/slc47a1/slc47a2.1/abcc4/slc22a18/slc47a4/nr1i2/esd/arnt/abcb7,13
BP,GO:0006986,response to unfolded protein,15/3314,54/18773,0.277777778,1.573543217,1.954170857,0.04347287,0.286145358,0.250923653,tegt/derl1/tmem129/nck2a/herpud1/dnajc3a/herpud2/vapb/edem2/chac1/derl2/ufl1/serp2/tbl2/tmbim4,15
MF,GO:0019904,protein domain specific binding,16/3228,59/18430,0.271186441,1.548316636,1.94383015,0.043572013,0.290866427,0.256277457,pycard/sh3bp5a/ical1/qkia/cradd/m6pr/abi2a/nfkbiz/ldb2a/dlc/pick1/abi1a/caspa/foxa3/cenpj/ripk2,16
BP,GO:0032446,protein modification by small protein conjugation,98/3314,472/18773,0.207627119,1.176156879,1.79462628,0.043574574,0.286145358,0.250923653,si:ch73-335l21.4/rnf144aa/cdc20/socs3b/marchf2/cand2/fbxw7/znrf2b/spsb3a/ube2s/rnf5/toporsa/uhrf1/socs1a/n4bp1/mkrn4/asb5b/tiparp/spsb1/dtx3lb.2/tnfaip1/parp2/tmem129/klhl13/zgc:101783/ubxn1/ltn1/rnf19b/ube2ia/rnf19a/dcaf13/zbtb16a/fem1c/spsb4a/socs7/rnf2/zmiz2/bard1/ubr1/dcaf17/ddb2/socs1b/sae1/cul2/ube2e2/si:ch211-59o9.10/fbxw5/mkrn1/prkn/ube2h/ubr3/ube2b/fzr1a/sh3rf1/herc56.1/trim2a/hecw2a/cbx4/herc3/ccnf/obi1/birc5a/socs2/fbxl15/trim33/keap1b/rnf115a/asb2a.1/smurf1/cblc/ufl1/asb6/dtx3/rnf7/asb14a/rnf144b/cul1a/rnf41/arih2/ube2d3/ubox5/pias2/si:ch1073-205c8.3/znrf3/enc2/fbxo48/nedd4a/fbxl7/marchf5/mib1/dtx3lb.3/kcmf1/ube4b/syvn1/med8/pex12/fbxl14b/dtx2,98
BP,GO:1901342,regulation of vasculature development,24/3314,96/18773,0.25,1.416188896,1.892837676,0.043680884,0.286145358,0.250923653,bmper/fgf1a/arhgap18/ntn1a/vegfaa/tp53/lrp1aa/bcar1/plcg1/thbs1b/cemip2/serpinf1/birc5a/serpine1/lrp1ab/utp15/ptger3/sirt1/hif1ab/itgb1a/tars1/tie1/etsrp/cdh5,24
BP,GO:1901990,regulation of mitotic cell cycle phase transition,24/3314,96/18773,0.25,1.416188896,1.892837676,0.043680884,0.286145358,0.250923653,zw10/plk3/cdk1/cdkn1a/ccne1/mad2l1/cdc25b/aurkb/ttk/dlg1b/bub1bb/bub3/waca/ndc80/zwilch/e2f7/gnl3/topbp1/ccnd2a/gnl2/psme3/ccne2/psme2/rb1,24
BP,GO:0001763,morphogenesis of a branching structure,10/3314,32/18773,0.3125,1.770236119,2.019032527,0.04381516,0.286145358,0.250923653,hs6st2/sema3aa/spns2/fgf1a/ntn1a/vegfaa/plekhh1/btbd7/tars1/plxna4,10
BP,GO:0019674,NAD metabolic process,10/3314,32/18773,0.3125,1.770236119,2.019032527,0.04381516,0.286145358,0.250923653,kmo/gpd1b/nadk2/aspdh/ido1/nadkb/kynu/mdh1aa/pfkpa/gpd1c,10
BP,GO:0040036,regulation of fibroblast growth factor receptor signaling pathway,10/3314,32/18773,0.3125,1.770236119,2.019032527,0.04381516,0.286145358,0.250923653,sp8b/sall1a/rerea/dusp4/il17rd/spry4/sulf2b/supt5h/hspa8/sulf1,10
BP,GO:2000026,regulation of multicellular organismal development,93/3314,446/18773,0.208520179,1.18121585,1.793323941,0.043902738,0.286145358,0.250923653,abcc6a/ulk2/enpp1/csf3a/csf3b/fbxw7/lgals2a/bhlhe40/asxl1/bmper/cdkn2aip/maff/tiam2a/spns2/mturn/fgf1a/p2ry12/tgfb3/hsf4/arhgap18/ntn1a/stat5a/itga3b/vegfaa/fgf19/tp53/amigo3/sox5/ncanb/lrp1aa/qkia/irf7/zbtb16a/bcar1/smyd5/rnf2/disc1/nlk1/rps19/hdac1/irf2bp2b/mafbb/nipblb/sh3rf1/plcg1/thbs1b/acanb/cemip2/sox9a/serpinf1/birc5a/her6/serpine1/srpx2/lrp1ab/her15.1/ephb3a/utp15/ptger3/tfpi2/si:ch211-243a20.4/lrp5/l1cama/znf16l/sumf1/tfam/lgmn/gpr137ba/slit3/fxr2/abcd1/med23/sirt1/csf1ra/hif1ab/zrsr2/itgb1a/tars1/spi1b/tie1/phf6/ythdf2/plxna4/sox6/esrra/igf2bp3/ezh2/etsrp/caprin2/hey1/clstn2a/clstn3/cdh5,93
MF,GO:0003995,acyl-CoA dehydrogenase activity,5/3228,12/18430,0.416666667,2.378923998,2.201795616,0.04401506,0.290866427,0.256277457,acadl/acad11/acadvl/zgc:85777/gcdha,5
MF,GO:0034056,estrogen response element binding,5/3228,12/18430,0.416666667,2.378923998,2.201795616,0.04401506,0.290866427,0.256277457,esr2b/nr6a1a/ar/esrra/esrrga,5
MF,GO:0052890,"oxidoreductase activity, acting on the CH-CH group of donors, with a flavin as acceptor",5/3228,12/18430,0.416666667,2.378923998,2.201795616,0.04401506,0.290866427,0.256277457,acadl/acad11/acadvl/zgc:85777/gcdha,5
BP,GO:0022603,regulation of anatomical structure morphogenesis,65/3314,301/18773,0.215946844,1.223286089,1.808126375,0.04422812,0.286145358,0.250923653,ulk2/kctd12.1/cdc42ep5/arhgap35b/fitm2/bmper/ezrb/pard3ab/tiam2a/fgf1a/atp6v1f/arhgap18/ntn1a/hdac4/zranb1b/vegfaa/lurap1/tp53/mapk14a/gdf3/bcar1/fmnl2a/rhogd/rnf2/disc1/arhgap35a/cdc42ep3/mffa/plcg1/rhogb/thbs1b/cemip2/hecw2a/serpinf1/birc5a/serpine1/stab2/ephb3a/utp15/ptprz1b/wnt5b/srcin1a/palm3/ptger3/pak2b/l1cama/nedd4a/mia3/slit3/marchf5/sirt1/csf1ra/pik3ca/hif1ab/tnika/itgb1a/tars1/tie1/myo10/plxna4/cdc42se2/caprin2/myh9a/wtip/cdh5,65
CC,GO:0000177,cytoplasmic exosome (RNase complex),5/3396,12/19331,0.416666667,2.371785434,2.194361741,0.044529671,0.269100958,0.232365136,supv3l1/exosc2/dis3/exosc8/exosc7,5
MF,GO:0019900,kinase binding,44/3228,196/18430,0.224489796,1.281705991,1.827049978,0.04477161,0.290866427,0.256277457,prkag2b/cd4-1/cks1b/bcl10/ppm1db/prkar2aa/ywhag2/firrm/mapk8ip2/rnd3a/rhogd/dlg1b/mst1/nck2a/cks2/axin1/smo/sqstm1/rhogb/cpne3/crk/pick1/cdc42/atg101/cblc/ptpn2b/rhoab/prkrip1/wdcp/shc1/camk2n1a/cavin2b/sh2b1/dnaja3a/si:dkey-112a7.4/dicp3.3/sla2b/rhov/itgb1a/crkl/rhoua/dicp1.3-4/inka1b/cdc42l,44
CC,GO:0033176,proton-transporting V-type ATPase complex,9/3396,28/19331,0.321428571,1.829663049,2.028112736,0.044807728,0.269100958,0.232365136,atp6v0b/atp6v1f/atp6v1ba/ccdc115/atp6v1ab/atp6ap1a/atp6v0cb/atp6v1c1a/atp6v1g1,9
BP,GO:0060491,regulation of cell projection assembly,18/3314,68/18773,0.264705882,1.499494125,1.910498982,0.045013189,0.286145358,0.250923653,cdc42ep5/man1a2/mcm2/ezrb/ift74/mcm7/atp6v1f/arhgap24/appa/abcc4/cdc42ep3/inpp5e/cdc42/entr1/appb/odf2a/crb3a/myo10,18
BP,GO:0000054,ribosomal subunit export from nucleus,5/3314,12/18773,0.416666667,2.360314826,2.182442895,0.045365635,0.286145358,0.250923653,nmd3/sdad1/lsg1/eif6/npm1a,5
BP,GO:0000479,"endonucleolytic cleavage of tricistronic rRNA transcript (SSU-rRNA, 5.8S rRNA, LSU-rRNA)",5/3314,12/18773,0.416666667,2.360314826,2.182442895,0.045365635,0.286145358,0.250923653,tsr1/tbl3/rcl1/rrs1/gnl2,5
BP,GO:0006206,pyrimidine nucleobase metabolic process,5/3314,12/18773,0.416666667,2.360314826,2.182442895,0.045365635,0.286145358,0.250923653,aldh6a1/umps/dpys/dhodh/ctps1a,5
BP,GO:0006356,regulation of transcription by RNA polymerase I,5/3314,12/18773,0.416666667,2.360314826,2.182442895,0.045365635,0.286145358,0.250923653,ubtfl/ubtf/utp15/wdr75/rasl11a,5
BP,GO:0010002,cardioblast differentiation,5/3314,12/18773,0.416666667,2.360314826,2.182442895,0.045365635,0.286145358,0.250923653,atf3/fosl2/smo/cdh2/hand2,5
BP,GO:0033564,anterior/posterior axon guidance,5/3314,12/18773,0.416666667,2.360314826,2.182442895,0.045365635,0.286145358,0.250923653,lhx9/vangl2/ntn1a/dcc/fzd3a,5
BP,GO:0033750,ribosome localization,5/3314,12/18773,0.416666667,2.360314826,2.182442895,0.045365635,0.286145358,0.250923653,nmd3/sdad1/lsg1/eif6/npm1a,5
BP,GO:0043650,dicarboxylic acid biosynthetic process,5/3314,12/18773,0.416666667,2.360314826,2.182442895,0.045365635,0.286145358,0.250923653,kmo/mthfd1l/kynu/gls2a/got1,5
BP,GO:0051642,centrosome localization,5/3314,12/18773,0.416666667,2.360314826,2.182442895,0.045365635,0.286145358,0.250923653,ndel1b/pard3ab/spout1/nin/dlgap5,5
BP,GO:0071027,nuclear RNA surveillance,5/3314,12/18773,0.416666667,2.360314826,2.182442895,0.045365635,0.286145358,0.250923653,exosc2/dis3/exosc8/exosc7/wdr82,5
BP,GO:0071679,commissural neuron axon guidance,5/3314,12/18773,0.416666667,2.360314826,2.182442895,0.045365635,0.286145358,0.250923653,vangl2/smo/cdh2/dcc/fzd3a,5
BP,GO:0106380,purine ribonucleotide salvage,5/3314,12/18773,0.416666667,2.360314826,2.182442895,0.045365635,0.286145358,0.250923653,ampd2b/adka/aprt/hprt1/ampd3a,5
BP,GO:1902807,negative regulation of cell cycle G1/S phase transition,5/3314,12/18773,0.416666667,2.360314826,2.182442895,0.045365635,0.286145358,0.250923653,plk3/dlg1b/waca/e2f7/rb1,5
BP,GO:2000134,negative regulation of G1/S transition of mitotic cell cycle,5/3314,12/18773,0.416666667,2.360314826,2.182442895,0.045365635,0.286145358,0.250923653,plk3/dlg1b/waca/e2f7/rb1,5
MF,GO:0016410,N-acyltransferase activity,20/3228,78/18430,0.256410256,1.46395323,1.892113077,0.045482255,0.290866427,0.256277457,si:ch73-106k19.2/alas1/kat6a/esco2/nat8l2/ep300b/crebbpa/aanat1/aldh7a1/hdac1/tlcd3bb/cers2b/nmt1a/gnpnat1/nat10/cers1/cers5/alas2/naa40/si:dkey-76k16.6,20
CC,GO:0019867,outer membrane,30/3396,126/19331,0.238095238,1.355305962,1.847159279,0.045726139,0.269100958,0.232365136,kmo/samm50/pgrmc1/tomm22/hk1/tomm40/zgc:73226/bcl2l10/mffa/myoc/hk2/fundc1/boka/cpt1b/mfn1b/slc44a2/mtx3/zgc:172295/tomm6/baxb/qtrt2/marc1/slc25a46/rps6kb1b/marchf5/sh3glb1a/mtfr1l/bida/tomm70a/tomm20b,30
CC,GO:0031968,organelle outer membrane,30/3396,126/19331,0.238095238,1.355305962,1.847159279,0.045726139,0.269100958,0.232365136,kmo/samm50/pgrmc1/tomm22/hk1/tomm40/zgc:73226/bcl2l10/mffa/myoc/hk2/fundc1/boka/cpt1b/mfn1b/slc44a2/mtx3/zgc:172295/tomm6/baxb/qtrt2/marc1/slc25a46/rps6kb1b/marchf5/sh3glb1a/mtfr1l/bida/tomm70a/tomm20b,30
BP,GO:0060972,left/right pattern formation,68/3314,317/18773,0.214511041,1.215152617,1.788744451,0.04574044,0.287923052,0.252482529,ier2a/man1a2/fabp3/ppp2r3a/mbd3b/tbx2b/dnah5l/vangl2/cacna1c/dhfr/mical2b/odad4/mbd3a/dhrs9/atp6v1f/ntn1a/slc22a2/llgl1/ep300b/ube2ia/sesn1/gdf3/pkp2/megf8/axin1/ttc17/apobec2a/smo/smad5/nipblb/ift88/snx10a/cemip2/dnah10/furina/vdrb/flna/apex1/mgaa/lft1/rnf115a/cep104/wnt11/acvr1l/adap2/hand2/ugdh/rfx3/ikzf5/skia/exoc5/gpr161b/carmil3/enc3/dnaaf11/itpr1b/dub/mia3/nudc/ttc4/bmpr1aa/ift57/sox17/mib1/jazf1b/cep162/chrd/wtip,68
MF,GO:0043130,ubiquitin binding,17/3228,64/18430,0.265625,1.516564049,1.907542217,0.045902196,0.290866427,0.256277457,pcf11/cks1b/n4bp1/stam/cks2/bub3/aup1/ascc2/ilrun/nsfl1c/tollip/dnaaf10/gga3b/tab2/hgs/stam2/rae1,17
MF,GO:0016799,"hydrolase activity, hydrolyzing N-glycosyl compounds",8/3228,24/18430,0.333333333,1.903139199,2.040083241,0.045936928,0.290866427,0.256277457,macrod1/qng1/oard1/adprh/adprs/si:dkey-4e7.3/tdg.2/ogg1,8
MF,GO:0042162,telomeric DNA binding,8/3228,24/18430,0.333333333,1.903139199,2.040083241,0.045936928,0.290866427,0.256277457,rad50/hmbox1b/smg6/rpa1/telo2/zgc:113263/terfa/tert,8
BP,GO:0032474,otolith morphogenesis,9/3314,28/18773,0.321428571,1.820814294,2.012435781,0.046040226,0.288636801,0.253108423,epcam/odad4/hnf1ba/jag1b/smo/npc1/lrp5/ttc4/npc2.1,9
BP,GO:0044331,cell-cell adhesion mediated by cadherin,9/3314,28/18773,0.321428571,1.820814294,2.012435781,0.046040226,0.288636801,0.253108423,cdh30/flot1b/cdh1/cdh2/cdh12a/cdh13/flot1a/cdh6/cdh5,9
BP,GO:0045814,"negative regulation of gene expression, epigenetic",22/3314,87/18773,0.252873563,1.432466929,1.871954043,0.046272572,0.288923698,0.253360006,mbd3b/uhrf1/hells/spty2d1/mbd3a/ppm1db/smyd5/bend3/prdm14/rrp8/cbx1a/hdac1/znfx1/nsd1a/si:ch211-13c6.2/setdb1a/sirt1/h2az2a/phf1/si:ch1073-153i20.5/ezh2/pphln1,22
BP,GO:0048881,mechanosensory lateral line system development,22/3314,87/18773,0.252873563,1.432466929,1.871954043,0.046272572,0.288923698,0.253360006,abhd12/epcam/egr2b/gpr156/anos1a/rtn4a/llgl1/edn1/smad5/atp2b1a/nsfa/f11r.1/hdac3/gnb1a/sh3pxd2aa/kremen1/lrp5/kif15/ctnnd1/erbb3b/mib1/wnk1b,22
BP,GO:0141188,nucleic acid catabolic process,43/3314,190/18773,0.226315789,1.282023632,1.809027689,0.046526186,0.28992273,0.254236066,zgc:162730/ybx1/zfp36l1a/tent5c/pum2/supv3l1/fastk/endog/csdc2a/qkia/fastkd3/cnot9/exosc2/rnaset2l/ythdf1/tent2/fastkd1/zc3h12ab/etf1b/tbrg4/smg6/tent5ab/dis3/tent4a/plekhn1/polr2g/mrto4/exosc8/exosc7/upf2/syncripl/pnrc2/dffb/fxr2/upf3b/lsm7/rbm8a/ythdf2/igf2bp3/mettl14/dffa/tent5ba/wdr82,43
MF,GO:0008094,"ATP-dependent activity, acting on DNA",26/3228,107/18430,0.242990654,1.387335117,1.851602485,0.046533134,0.290866427,0.256277457,mcm5/mcm2/top2a/mcm7/hells/mcm6/supv3l1/twnk/ercc6l/ercc6/msh2/rfc2/mcm3/rfc4/mlh1/ercc6l2/helz2a/atrx/chd2/atad5a/ino80/bptf/pms2/pif1/recql5/mcm8,26
CC,GO:0033116,endoplasmic reticulum-Golgi intermediate compartment membrane,8/3396,24/19331,0.333333333,1.897428347,2.030821441,0.046665482,0.269957236,0.233104521,tm6sf2b/zdhhc20a/vmp1/sec22bb/tmed1b/vma21/yif1b/tmed7,8
MF,GO:0015923,mannosidase activity,6/3228,16/18430,0.375,2.141031599,2.104024911,0.046838979,0.290866427,0.256277457,man1a2/edem3/edem2/man1a1/man2a2/man1b1a,6
MF,GO:0017017,MAP kinase tyrosine/serine/threonine phosphatase activity,6/3228,16/18430,0.375,2.141031599,2.104024911,0.046838979,0.290866427,0.256277457,dusp5/dusp2/dusp8a/dusp1/dusp4/dusp16,6
MF,GO:0033218,amide binding,21/3228,83/18430,0.253012048,1.44455144,1.870448784,0.046869882,0.290866427,0.256277457,soat2/ppifb/ppiab/acadvl/lancl1/cert1a/soat1/ftcd/itm2cb/cln8/slc40a1/avpr1ab/itm2ba/ghra/vipr1b/ftcdnl1/ppig/fasn/apbb2b/gcdha/gss,21
BP,GO:0042552,myelination,19/3314,73/18773,0.260273973,1.474388439,1.880249794,0.047033109,0.292493051,0.256490006,tuba8l3/abhd12/fbxw7/lgi1b/pard3ab/egr2b/marveld1/mal2/adcy6a/nsfa/exosc8/cmtm8b/znf16l/abcd1/erbb3b/csf1ra/npc2.1/gpm6ba/actr10,19
MF,GO:0004407,histone deacetylase activity,7/3228,20/18430,0.35,1.998296159,2.058328974,0.047080375,0.290866427,0.256277457,hdac4/hdac1/sirt5/sirt3/hdac3/sirt1/si:dkey-103i16.6,7
MF,GO:0004675,transmembrane receptor protein serine/threonine kinase activity,7/3228,20/18430,0.35,1.998296159,2.058328974,0.047080375,0.290866427,0.256277457,acvr1ba/bmpr1ba/acvr1l/tgfbr2b/tgfbr2l/bmpr1aa/acvrl1,7
MF,GO:0052745,inositol phosphate phosphatase activity,7/3228,20/18430,0.35,1.998296159,2.058328974,0.047080375,0.290866427,0.256277457,minpp1b/bpnt1/bpnt2/inpp5e/minpp1a/inpp5l/synj1,7
CC,GO:0000178,exosome (RNase complex),6/3396,16/19331,0.375,2.13460689,2.095954187,0.04745342,0.269957236,0.233104521,c1d/supv3l1/exosc2/dis3/exosc8/exosc7,6
CC,GO:0015030,Cajal body,6/3396,16/19331,0.375,2.13460689,2.095954187,0.04745342,0.269957236,0.233104521,zgc:86811/toe1/smn1/lsg1/zgc:103482/fbl,6
BP,GO:0071363,cellular response to growth factor stimulus,63/3314,292/18773,0.215753425,1.222190417,1.771718997,0.047711119,0.293451812,0.257330753,bcl9l/mcm5/sp8b/tsc22d3/b4galt5/sall1a/bmper/rerea/kidins220a/tbx2b/shcbp1/fgfr4/fgf1a/tgfb3/vegfab/dusp4/lzts2a/il17rd/vegfaa/fgf19/tp53/gdf3/spry4/sulf2b/skila/acvr1ba/lats1/bmpr1ba/smad5/scube2/supt5h/grem1b/hspa8/ldb2a/cemip2/rgmd/sulf1/kl/bmp6/tgif1/mgaa/fbxl15/smurf1/lats2/rnf111/acvr1l/ldlrad4a/skia/fcho1/bambia/tgfbr2b/gpr155b/tgfbr2l/bmpr1aa/ngly1/lpxn/rbm14a/bmp7b/cds2/acvrl1/chrd/ppm1bb/smad2,63
BP,GO:0009225,nucleotide-sugar metabolic process,8/3314,24/18773,0.333333333,1.888251861,2.016013883,0.047850554,0.293451812,0.257330753,ugp2b/gfpt1/gfpt2/uap1/gnpnat1/ugdh/gfus.1/pmm2,8
BP,GO:0042181,ketone biosynthetic process,8/3314,24/18773,0.333333333,1.888251861,2.016013883,0.047850554,0.293451812,0.257330753,pptc7b/pptc7a/coq3/pdss1/sirt5/coq8aa/ubiad1/ndufa9a,8
BP,GO:0043249,erythrocyte maturation,8/3314,24/18773,0.333333333,1.888251861,2.016013883,0.047850554,0.293451812,0.257330753,klf6a/sfxn1/adnp2b/tp53/slc40a1/bdh2/klf9/tert,8
BP,GO:0046425,regulation of receptor signaling pathway via JAK-STAT,8/3314,24/18773,0.333333333,1.888251861,2.016013883,0.047850554,0.293451812,0.257330753,socs3b/socs1a/mst1/socs1b/supt5h/socs2/ghra/ptpn2b,8
BP,GO:1904892,regulation of receptor signaling pathway via STAT,8/3314,24/18773,0.333333333,1.888251861,2.016013883,0.047850554,0.293451812,0.257330753,socs3b/socs1a/mst1/socs1b/supt5h/socs2/ghra/ptpn2b,8
BP,GO:1905897,regulation of response to endoplasmic reticulum stress,8/3314,24/18773,0.333333333,1.888251861,2.016013883,0.047850554,0.293451812,0.257330753,dgat2/tm6sf2b/dnajb6b/nck2a/mbtps2/herpud1/ufl1/mia3,8
MF,GO:0016790,thiolester hydrolase activity,13/3228,46/18430,0.282608696,1.61353106,1.919829884,0.048174778,0.295603058,0.260450822,acot22/ppt2b/ovca2/desi2/olah/esd/acot13/hagh/acot7/acot20/abhd13/abcd1/fasn,13
BP,GO:0048263,determination of dorsal identity,6/3314,16/18773,0.375,2.124283343,2.083027027,0.048451995,0.294377789,0.258142751,gid8b/map2k4a/hdac1/bmpr1ba/mapk8b/eomesa,6
BP,GO:0048668,collateral sprouting,6/3314,16/18773,0.375,2.124283343,2.083027027,0.048451995,0.294377789,0.258142751,ulk2/asah1b/pard3ab/mapk14a/nos1/pik3ca,6
BP,GO:0048885,neuromast deposition,6/3314,16/18773,0.375,2.124283343,2.083027027,0.048451995,0.294377789,0.258142751,prox1a/anos1a/rtn4a/smad5/sulf1/aldh1l1,6
BP,GO:0046165,alcohol biosynthetic process,20/3314,78/18773,0.256410256,1.452501431,1.854152069,0.048817873,0.294377789,0.258142751,itpkcb/sprb/scap/qdpra/cyp27b1/itpkb/pck1/fgf1a/dhdds/ip6k2a/lbr/dbh/srd5a3/bpnt2/pcbd1/sc5d/cyp27a3/sptlc2b/tm7sf2/itpkca,20
BP,GO:0006536,glutamate metabolic process,7/3314,20/18773,0.35,1.982664454,2.035755861,0.048873462,0.294377789,0.258142751,zgc:92040/glud1b/prodha/ftcd/dglucy/aldh4a1/gls2a,7
BP,GO:0019217,regulation of fatty acid metabolic process,7/3314,20/18773,0.35,1.982664454,2.035755861,0.048873462,0.294377789,0.258142751,cpt1ab/pdk2a/acaa2/pdk4/dcaf5/pdk1/tysnd1,7
BP,GO:0030518,nuclear receptor-mediated steroid hormone signaling pathway,7/3314,20/18773,0.35,1.982664454,2.035755861,0.048873462,0.294377789,0.258142751,esr2b/cnot9/ar/strn3/arnt/esrra/esrrga,7
BP,GO:0060350,endochondral bone morphogenesis,7/3314,20/18773,0.35,1.982664454,2.035755861,0.048873462,0.294377789,0.258142751,gpc4/edn1/disc1/jag1b/tsku/rap1b/wnt5b,7
BP,GO:1901654,response to ketone,7/3314,20/18773,0.35,1.982664454,2.035755861,0.048873462,0.294377789,0.258142751,hamp/pgrmc1/pck1/abhd2a/ptger4b/slc39a9/ptger4a,7
BP,GO:0019751,polyol metabolic process,17/3314,64/18773,0.265625,1.504700702,1.872575919,0.04895207,0.294377789,0.258142751,dgat2/itpkcb/sprb/qdpra/cyp27b1/itpkb/pck1/ip6k2a/bpnt2/pcbd1/cyp27a3/sptlc2b/tkfc/nudt3b/zgc:172295/itpkca/nudt4a,17
CC,GO:0005871,kinesin complex,13/3396,46/19331,0.282608696,1.608689251,1.90804433,0.049201557,0.274593494,0.237107869,ndel1b/kif20a/kifc1/kif2c/kif23/kif22/kif13bb/kif14/klc3/kif15/klc1a/kif3a/kif2a,13
CC,GO:0000785,chromatin,87/3396,419/19331,0.207637232,1.181930307,1.738069217,0.049341018,0.274593494,0.237107869,klf6a/h1-0/esr2b/kansl3/smc2/kansl1l/tbx2b/kat6a/nr6a1a/uhrf1/hells/smarcc1b/kansl1a/epc1b/esco2/ino80b/histh1l2/gatad2ab/dpf3/si:dkey-108k21.10/tp53/ep300b/zgc:110425/crebbpa/bicral/brd3b/gatad2b/zmiz2/bend3/rrp8/jarid2a/cbx1a/cfdp1/hdac1/phf10/smarce1/hnrnpabb/mau2/setd5/nsd1a/ar/hmga1a/mms22l/ube2b/hmgn3/tonsl/kdm5c/epc1a/cecr2/pbrm1/hmga2/mgaa/tbx2a/mcrs1/taf5l/trim33/zgc:113984/tipin/atrx/brd3a/smarcd1/hpf1/tbx3a/actr5/ino80c/chd2/pias2/actr8/smarcb1a/ppp1r10/ino80/rsf1b.1/bptf/eomesa/tada3l/anp32e/si:dkey-261m9.12/sirt1/h2az2a/phf20b/taf10/esrra/si:ch1073-153i20.5/smad2/esrrga/si:ch211-269e2.1/rb1,87
BP,GO:0120035,regulation of plasma membrane bounded cell projection organization,46/3314,206/18773,0.223300971,1.264945421,1.770353469,0.049699633,0.297845565,0.261183678,ulk2/kctd12.1/cdc42ep5/man1a2/ndel1b/arhgap35b/mcm2/ezrb/pard3ab/ift74/tiam2a/mcm7/m17/pacsin1b/cntf/atp6v1f/mapk14a/cntfr/arhgap24/arhgap35a/appa/abcc4/cdc42ep3/inpp5e/hecw2a/cdc42/serpini1/entr1/ephb3a/ddr2l/srcin1a/pak2b/appb/l1cama/nedd4a/slit3/odf2a/bicdl1/pik3ca/crb3a/camk2g2/il6st/myo10/plxna4/caprin2/ogg1,46
BP,GO:0002040,sprouting angiogenesis,34/3314,146/18773,0.232876712,1.319189656,1.792646286,0.049721071,0.297845565,0.261183678,slc2a1b/akr1a1a/lgals2a/wars2/hlx1/vegfab/arhgap18/igf2b/rtn4a/vegfaa/gng2/sdf4/bcar1/pkma/scube2/ldb2a/jcada/cemip2/cdc42/hmga2/srpx2/e2f7/f3a/ptger3/sirt1/itga5/mib1/itgb1a/tars1/etsrp/psme3/hspa12b/cdh5/sdc2,34
